2026-03-17 13:10:33 [INFO] ============================================================
2026-03-17 13:10:33 [INFO] 네이버 뉴스 크롤러
2026-03-17 13:10:33 [INFO]   검색어 : 삼성전자 | 기간: 2022-01-01 ~ 2025-12-31 | 목표: 7000건
2026-03-17 13:10:33 [INFO] ============================================================
2026-03-17 13:10:33 [INFO] 총 48개월 | 이미 수집: 0건
2026-03-17 13:10:33 [INFO] 
[Phase 1] URL 수집 시작
2026-03-17 13:10:35 [INFO]     카드 셀렉터 0건 → 링크 직접 수집 폴백
2026-03-17 13:10:35 [INFO]     2022.01 p1: 0건 (연속 빈 페이지 1회)
2026-03-17 13:10:36 [INFO]     카드 셀렉터 0건 → 링크 직접 수집 폴백
2026-03-17 13:10:36 [INFO]     2022.01 p2: 0건 (연속 빈 페이지 2회)
2026-03-17 13:10:37 [INFO]     카드 셀렉터 0건 → 링크 직접 수집 폴백
2026-03-17 13:10:37 [INFO]     2022.01 p3: 0건 (연속 빈 페이지 3회)
2026-03-17 13:10:37 [INFO]   2022.01 완료: +0건 (누적 0개)
2026-03-17 13:10:38 [INFO]     카드 셀렉터 0건 → 링크 직접 수집 폴백
2026-03-17 13:10:38 [INFO]     2022.02 p1: 0건 (연속 빈 페이지 1회)
2026-03-17 13:10:39 [INFO]     카드 셀렉터 0건 → 링크 직접 수집 폴백
2026-03-17 13:10:39 [INFO]     2022.02 p2: 0건 (연속 빈 페이지 2회)
2026-03-17 13:10:40 [INFO]     카드 셀렉터 0건 → 링크 직접 수집 폴백
2026-03-17 13:10:40 [INFO]     2022.02 p3: 0건 (연속 빈 페이지 3회)
2026-03-17 13:10:40 [INFO]   2022.02 완료: +0건 (누적 0개)
2026-03-17 13:10:40 [INFO]     카드 셀렉터 0건 → 링크 직접 수집 폴백
2026-03-17 13:10:40 [INFO]     2022.03 p1: 0건 (연속 빈 페이지 1회)
2026-03-17 13:10:42 [INFO]     카드 셀렉터 0건 → 링크 직접 수집 폴백
2026-03-17 13:10:42 [INFO]     2022.03 p2: 0건 (연속 빈 페이지 2회)
2026-03-17 13:10:43 [INFO]     카드 셀렉터 0건 → 링크 직접 수집 폴백
2026-03-17 13:10:43 [INFO]     2022.03 p3: 0건 (연속 빈 페이지 3회)
2026-03-17 13:10:43 [INFO]   2022.03 완료: +0건 (누적 0개)
2026-03-17 13:10:43 [INFO]     카드 셀렉터 0건 → 링크 직접 수집 폴백
2026-03-17 13:10:43 [INFO]     2022.04 p1: 0건 (연속 빈 페이지 1회)
2026-03-17 13:10:45 [INFO]     카드 셀렉터 0건 → 링크 직접 수집 폴백
2026-03-17 13:10:45 [INFO]     2022.04 p2: 0건 (연속 빈 페이지 2회)
2026-03-17 13:10:46 [INFO]     카드 셀렉터 0건 → 링크 직접 수집 폴백
2026-03-17 13:10:46 [INFO]     2022.04 p3: 0건 (연속 빈 페이지 3회)
2026-03-17 13:10:46 [INFO]   2022.04 완료: +0건 (누적 0개)
2026-03-17 13:10:46 [INFO]     카드 셀렉터 0건 → 링크 직접 수집 폴백
2026-03-17 13:10:46 [INFO]     2022.05 p1: 0건 (연속 빈 페이지 1회)
2026-03-17 13:10:47 [INFO]     카드 셀렉터 0건 → 링크 직접 수집 폴백
2026-03-17 13:10:47 [INFO]     2022.05 p2: 0건 (연속 빈 페이지 2회)
2026-03-17 13:10:49 [INFO]     카드 셀렉터 0건 → 링크 직접 수집 폴백
2026-03-17 13:10:49 [INFO]     2022.05 p3: 0건 (연속 빈 페이지 3회)
2026-03-17 13:10:49 [INFO]   2022.05 완료: +0건 (누적 0개)
2026-03-17 13:10:49 [INFO]     카드 셀렉터 0건 → 링크 직접 수집 폴백
2026-03-17 13:10:49 [INFO]     2022.06 p1: 0건 (연속 빈 페이지 1회)
2026-03-17 13:10:50 [INFO]     카드 셀렉터 0건 → 링크 직접 수집 폴백
2026-03-17 13:10:50 [INFO]     2022.06 p2: 0건 (연속 빈 페이지 2회)
2026-03-17 13:10:51 [INFO]     카드 셀렉터 0건 → 링크 직접 수집 폴백
2026-03-17 13:10:51 [INFO]     2022.06 p3: 0건 (연속 빈 페이지 3회)
2026-03-17 13:10:51 [INFO]   2022.06 완료: +0건 (누적 0개)
2026-03-17 13:10:52 [INFO]     카드 셀렉터 0건 → 링크 직접 수집 폴백
2026-03-17 13:10:52 [INFO]     2022.07 p1: 0건 (연속 빈 페이지 1회)
2026-03-17 13:10:53 [INFO]     카드 셀렉터 0건 → 링크 직접 수집 폴백
2026-03-17 13:10:53 [INFO]     2022.07 p2: 0건 (연속 빈 페이지 2회)
2026-03-17 13:10:55 [INFO]     카드 셀렉터 0건 → 링크 직접 수집 폴백
2026-03-17 13:10:55 [INFO]     2022.07 p3: 0건 (연속 빈 페이지 3회)
2026-03-17 13:10:55 [INFO]   2022.07 완료: +0건 (누적 0개)
2026-03-17 13:10:55 [INFO]     카드 셀렉터 0건 → 링크 직접 수집 폴백
2026-03-17 13:10:55 [INFO]     2022.08 p1: 0건 (연속 빈 페이지 1회)
2026-03-17 13:10:56 [INFO]     카드 셀렉터 0건 → 링크 직접 수집 폴백
2026-03-17 13:10:56 [INFO]     2022.08 p2: 0건 (연속 빈 페이지 2회)
2026-03-17 13:10:58 [INFO]     카드 셀렉터 0건 → 링크 직접 수집 폴백
2026-03-17 13:10:58 [INFO]     2022.08 p3: 0건 (연속 빈 페이지 3회)
2026-03-17 13:10:58 [INFO]   2022.08 완료: +0건 (누적 0개)
2026-03-17 13:10:58 [INFO]     카드 셀렉터 0건 → 링크 직접 수집 폴백
2026-03-17 13:10:58 [INFO]     2022.09 p1: 0건 (연속 빈 페이지 1회)
2026-03-17 13:10:58 [INFO] 중단 — 수집된 URL로 Phase 2 진행
2026-03-17 13:10:58 [INFO] [Phase 1] 완료 — 후보 URL: 0개
2026-03-17 13:10:58 [ERROR] URL 수집 0건!
  가능한 원인:
  1) 네이버 클래스명 변경 → CARD_SEL / TITLE_SEL 확인
  2) 봇 차단 → SLEEP_MIN/MAX 늘리기
  3) 네트워크 오류 → crawler.log 확인
2026-03-17 13:10:58 [WARNING] 수집 0건 — CSV 저장 생략
2026-03-17 13:10:58 [INFO] ============================================================
2026-03-17 13:10:58 [INFO] 완료 | 0건 | 0분 25초
2026-03-17 13:10:58 [INFO] ============================================================
2026-03-17 13:14:29 [INFO] ============================================================
2026-03-17 13:14:29 [INFO] 네이버 뉴스 크롤러
2026-03-17 13:14:29 [INFO]   검색어 : 삼성전자 | 기간: 2022-01-01 ~ 2025-12-31 | 목표: 7000건
2026-03-17 13:14:29 [INFO] ============================================================
2026-03-17 13:14:29 [INFO] 총 48개월 | 이미 수집: 0건
2026-03-17 13:14:29 [INFO] 
[Phase 1] URL 수집 시작
2026-03-17 13:14:30 [INFO]     카드 발견: 0개
2026-03-17 13:14:30 [INFO]     카드 파싱 0건 -> 링크 직접 수집 폴백
2026-03-17 13:14:30 [INFO]     CLS_NAVER_LINK 링크: 0개
2026-03-17 13:14:30 [INFO]     2022.01 p1: 0건 (연속 빈 1회)
2026-03-17 13:14:32 [INFO]     카드 발견: 0개
2026-03-17 13:14:32 [INFO]     카드 파싱 0건 -> 링크 직접 수집 폴백
2026-03-17 13:14:32 [INFO]     CLS_NAVER_LINK 링크: 0개
2026-03-17 13:14:32 [INFO]     2022.01 p2: 0건 (연속 빈 2회)
2026-03-17 13:14:33 [INFO]     카드 발견: 0개
2026-03-17 13:14:33 [INFO]     카드 파싱 0건 -> 링크 직접 수집 폴백
2026-03-17 13:14:33 [INFO]     CLS_NAVER_LINK 링크: 0개
2026-03-17 13:14:33 [INFO]     2022.01 p3: 0건 (연속 빈 3회)
2026-03-17 13:14:33 [INFO]   2022.01 완료: +0건 (누적 0개)
2026-03-17 13:14:33 [INFO]     카드 발견: 0개
2026-03-17 13:14:33 [INFO]     카드 파싱 0건 -> 링크 직접 수집 폴백
2026-03-17 13:14:33 [INFO]     CLS_NAVER_LINK 링크: 0개
2026-03-17 13:14:33 [INFO]     2022.02 p1: 0건 (연속 빈 1회)
2026-03-17 13:14:35 [INFO]     카드 발견: 0개
2026-03-17 13:14:35 [INFO]     카드 파싱 0건 -> 링크 직접 수집 폴백
2026-03-17 13:14:35 [INFO]     CLS_NAVER_LINK 링크: 0개
2026-03-17 13:14:35 [INFO]     2022.02 p2: 0건 (연속 빈 2회)
2026-03-17 13:14:36 [INFO]     카드 발견: 0개
2026-03-17 13:14:36 [INFO]     카드 파싱 0건 -> 링크 직접 수집 폴백
2026-03-17 13:14:36 [INFO]     CLS_NAVER_LINK 링크: 0개
2026-03-17 13:14:36 [INFO]     2022.02 p3: 0건 (연속 빈 3회)
2026-03-17 13:14:36 [INFO]   2022.02 완료: +0건 (누적 0개)
2026-03-17 13:14:36 [INFO]     카드 발견: 0개
2026-03-17 13:14:36 [INFO]     카드 파싱 0건 -> 링크 직접 수집 폴백
2026-03-17 13:14:36 [INFO]     CLS_NAVER_LINK 링크: 0개
2026-03-17 13:14:36 [INFO]     2022.03 p1: 0건 (연속 빈 1회)
2026-03-17 13:14:38 [INFO]     카드 발견: 0개
2026-03-17 13:14:38 [INFO]     카드 파싱 0건 -> 링크 직접 수집 폴백
2026-03-17 13:14:38 [INFO]     CLS_NAVER_LINK 링크: 0개
2026-03-17 13:14:38 [INFO]     2022.03 p2: 0건 (연속 빈 2회)
2026-03-17 13:14:39 [INFO]     카드 발견: 0개
2026-03-17 13:14:39 [INFO]     카드 파싱 0건 -> 링크 직접 수집 폴백
2026-03-17 13:14:39 [INFO]     CLS_NAVER_LINK 링크: 0개
2026-03-17 13:14:39 [INFO]     2022.03 p3: 0건 (연속 빈 3회)
2026-03-17 13:14:39 [INFO]   2022.03 완료: +0건 (누적 0개)
2026-03-17 13:14:39 [INFO]     카드 발견: 0개
2026-03-17 13:14:39 [INFO]     카드 파싱 0건 -> 링크 직접 수집 폴백
2026-03-17 13:14:39 [INFO]     CLS_NAVER_LINK 링크: 0개
2026-03-17 13:14:39 [INFO]     2022.04 p1: 0건 (연속 빈 1회)
2026-03-17 13:14:40 [INFO]     카드 발견: 0개
2026-03-17 13:14:40 [INFO]     카드 파싱 0건 -> 링크 직접 수집 폴백
2026-03-17 13:14:40 [INFO]     CLS_NAVER_LINK 링크: 0개
2026-03-17 13:14:40 [INFO]     2022.04 p2: 0건 (연속 빈 2회)
2026-03-17 13:14:42 [INFO]     카드 발견: 0개
2026-03-17 13:14:42 [INFO]     카드 파싱 0건 -> 링크 직접 수집 폴백
2026-03-17 13:14:42 [INFO]     CLS_NAVER_LINK 링크: 0개
2026-03-17 13:14:42 [INFO]     2022.04 p3: 0건 (연속 빈 3회)
2026-03-17 13:14:42 [INFO]   2022.04 완료: +0건 (누적 0개)
2026-03-17 13:14:42 [INFO]     카드 발견: 0개
2026-03-17 13:14:42 [INFO]     카드 파싱 0건 -> 링크 직접 수집 폴백
2026-03-17 13:14:42 [INFO]     CLS_NAVER_LINK 링크: 0개
2026-03-17 13:14:42 [INFO]     2022.05 p1: 0건 (연속 빈 1회)
2026-03-17 13:14:43 [INFO]     카드 발견: 0개
2026-03-17 13:14:43 [INFO]     카드 파싱 0건 -> 링크 직접 수집 폴백
2026-03-17 13:14:43 [INFO]     CLS_NAVER_LINK 링크: 0개
2026-03-17 13:14:43 [INFO]     2022.05 p2: 0건 (연속 빈 2회)
2026-03-17 13:14:45 [INFO]     카드 발견: 0개
2026-03-17 13:14:45 [INFO]     카드 파싱 0건 -> 링크 직접 수집 폴백
2026-03-17 13:14:45 [INFO]     CLS_NAVER_LINK 링크: 0개
2026-03-17 13:14:45 [INFO]     2022.05 p3: 0건 (연속 빈 3회)
2026-03-17 13:14:45 [INFO]   2022.05 완료: +0건 (누적 0개)
2026-03-17 13:14:45 [INFO]     카드 발견: 0개
2026-03-17 13:14:45 [INFO]     카드 파싱 0건 -> 링크 직접 수집 폴백
2026-03-17 13:14:45 [INFO]     CLS_NAVER_LINK 링크: 0개
2026-03-17 13:14:45 [INFO]     2022.06 p1: 0건 (연속 빈 1회)
2026-03-17 13:14:45 [INFO] 중단 - 수집된 URL로 Phase 2 진행
2026-03-17 13:14:45 [INFO] [Phase 1] 완료 - 후보 URL: 0개
2026-03-17 13:14:45 [ERROR] URL 수집 0건!
  가능한 원인:
  1) 네이버 클래스명 변경 -> CLS_CARD / CLS_TITLE 확인
  2) 봇 차단 -> SLEEP_MIN/MAX 늘리기
  3) 네트워크 오류 -> crawler.log 확인
2026-03-17 13:14:45 [WARNING] 수집 0건 - CSV 저장 생략
2026-03-17 13:14:45 [INFO] ============================================================
2026-03-17 13:14:45 [INFO] 완료 | 0건 | 0분 15초
2026-03-17 13:14:45 [INFO] ============================================================
2026-03-17 13:17:03 [INFO] ============================================================
2026-03-17 13:17:03 [INFO] 네이버 뉴스 크롤러
2026-03-17 13:17:03 [INFO]   검색어 : 삼성전자 | 기간: 2022-01-01 ~ 2025-12-31 | 목표: 7000건
2026-03-17 13:17:03 [INFO] ============================================================
2026-03-17 13:17:03 [INFO] 총 48개월 | 이미 수집: 0건
2026-03-17 13:17:03 [INFO] 
[Phase 1] URL 수집 시작
2026-03-17 13:17:03 [INFO]     카드 발견: 0개
2026-03-17 13:17:03 [INFO]     카드 파싱 0건 -> 링크 직접 수집 폴백
2026-03-17 13:17:03 [INFO]     CLS_NAVER_LINK 링크: 0개
2026-03-17 13:17:03 [INFO]     2022.01 p1: 0건 (연속 빈 1회)
2026-03-17 13:17:05 [INFO]     카드 발견: 0개
2026-03-17 13:17:05 [INFO]     카드 파싱 0건 -> 링크 직접 수집 폴백
2026-03-17 13:17:05 [INFO]     CLS_NAVER_LINK 링크: 0개
2026-03-17 13:17:05 [INFO]     2022.01 p2: 0건 (연속 빈 2회)
2026-03-17 13:17:06 [INFO]     카드 발견: 0개
2026-03-17 13:17:06 [INFO]     카드 파싱 0건 -> 링크 직접 수집 폴백
2026-03-17 13:17:06 [INFO]     CLS_NAVER_LINK 링크: 0개
2026-03-17 13:17:06 [INFO]     2022.01 p3: 0건 (연속 빈 3회)
2026-03-17 13:17:06 [INFO]   2022.01 완료: +0건 (누적 0개)
2026-03-17 13:17:06 [INFO]     카드 발견: 0개
2026-03-17 13:17:06 [INFO]     카드 파싱 0건 -> 링크 직접 수집 폴백
2026-03-17 13:17:06 [INFO]     CLS_NAVER_LINK 링크: 0개
2026-03-17 13:17:06 [INFO]     2022.02 p1: 0건 (연속 빈 1회)
2026-03-17 13:17:08 [INFO]     카드 발견: 0개
2026-03-17 13:17:08 [INFO]     카드 파싱 0건 -> 링크 직접 수집 폴백
2026-03-17 13:17:08 [INFO]     CLS_NAVER_LINK 링크: 0개
2026-03-17 13:17:08 [INFO]     2022.02 p2: 0건 (연속 빈 2회)
2026-03-17 13:17:09 [INFO]     카드 발견: 0개
2026-03-17 13:17:09 [INFO]     카드 파싱 0건 -> 링크 직접 수집 폴백
2026-03-17 13:17:09 [INFO]     CLS_NAVER_LINK 링크: 0개
2026-03-17 13:17:09 [INFO]     2022.02 p3: 0건 (연속 빈 3회)
2026-03-17 13:17:09 [INFO]   2022.02 완료: +0건 (누적 0개)
2026-03-17 13:17:09 [INFO]     카드 발견: 0개
2026-03-17 13:17:09 [INFO]     카드 파싱 0건 -> 링크 직접 수집 폴백
2026-03-17 13:17:09 [INFO]     CLS_NAVER_LINK 링크: 0개
2026-03-17 13:17:09 [INFO]     2022.03 p1: 0건 (연속 빈 1회)
2026-03-17 13:17:10 [INFO]     카드 발견: 0개
2026-03-17 13:17:10 [INFO]     카드 파싱 0건 -> 링크 직접 수집 폴백
2026-03-17 13:17:10 [INFO]     CLS_NAVER_LINK 링크: 0개
2026-03-17 13:17:10 [INFO]     2022.03 p2: 0건 (연속 빈 2회)
2026-03-17 13:17:11 [INFO] 중단 - 수집된 URL로 Phase 2 진행
2026-03-17 13:17:11 [INFO] [Phase 1] 완료 - 후보 URL: 0개
2026-03-17 13:17:11 [ERROR] URL 수집 0건!
  가능한 원인:
  1) 네이버 클래스명 변경 -> CLS_CARD / CLS_TITLE 확인
  2) 봇 차단 -> SLEEP_MIN/MAX 늘리기
  3) 네트워크 오류 -> crawler.log 확인
2026-03-17 13:17:11 [WARNING] 수집 0건 - CSV 저장 생략
2026-03-17 13:17:11 [INFO] ============================================================
2026-03-17 13:17:11 [INFO] 완료 | 0건 | 0분 7초
2026-03-17 13:17:11 [INFO] ============================================================
2026-03-17 13:23:09 [INFO] ============================================================
2026-03-17 13:23:09 [INFO] 네이버 뉴스 크롤러
2026-03-17 13:23:09 [INFO]   검색어 : 삼성전자 | 기간: 2022-01-01 ~ 2025-12-31 | 목표: 7000건
2026-03-17 13:23:09 [INFO] ============================================================
2026-03-17 13:23:09 [INFO] 총 48개월 | 이미 수집: 0건
2026-03-17 13:23:09 [INFO] 
[Phase 1] URL 수집 시작
2026-03-17 13:23:10 [INFO]     카드 발견: 0개
2026-03-17 13:23:10 [INFO]     카드 파싱 0건 -> 링크 직접 수집 폴백
2026-03-17 13:23:10 [INFO]     CLS_NAVER_LINK 링크: 0개
2026-03-17 13:23:10 [INFO]     2022.01 p1: 0건 (연속 빈 1회)
2026-03-17 13:23:11 [INFO]     카드 발견: 0개
2026-03-17 13:23:11 [INFO]     카드 파싱 0건 -> 링크 직접 수집 폴백
2026-03-17 13:23:11 [INFO]     CLS_NAVER_LINK 링크: 0개
2026-03-17 13:23:11 [INFO]     2022.01 p2: 0건 (연속 빈 2회)
2026-03-17 13:23:13 [INFO]     카드 발견: 0개
2026-03-17 13:23:13 [INFO]     카드 파싱 0건 -> 링크 직접 수집 폴백
2026-03-17 13:23:13 [INFO]     CLS_NAVER_LINK 링크: 0개
2026-03-17 13:23:13 [INFO]     2022.01 p3: 0건 (연속 빈 3회)
2026-03-17 13:23:13 [INFO]   2022.01 완료: +0건 (누적 0개)
2026-03-17 13:23:13 [INFO]     카드 발견: 0개
2026-03-17 13:23:13 [INFO]     카드 파싱 0건 -> 링크 직접 수집 폴백
2026-03-17 13:23:13 [INFO]     CLS_NAVER_LINK 링크: 0개
2026-03-17 13:23:13 [INFO]     2022.02 p1: 0건 (연속 빈 1회)
2026-03-17 13:23:14 [INFO]     카드 발견: 0개
2026-03-17 13:23:14 [INFO]     카드 파싱 0건 -> 링크 직접 수집 폴백
2026-03-17 13:23:14 [INFO]     CLS_NAVER_LINK 링크: 0개
2026-03-17 13:23:14 [INFO]     2022.02 p2: 0건 (연속 빈 2회)
2026-03-17 13:23:16 [INFO]     카드 발견: 0개
2026-03-17 13:23:16 [INFO]     카드 파싱 0건 -> 링크 직접 수집 폴백
2026-03-17 13:23:16 [INFO]     CLS_NAVER_LINK 링크: 0개
2026-03-17 13:23:16 [INFO]     2022.02 p3: 0건 (연속 빈 3회)
2026-03-17 13:23:16 [INFO]   2022.02 완료: +0건 (누적 0개)
2026-03-17 13:23:16 [INFO]     카드 발견: 0개
2026-03-17 13:23:16 [INFO]     카드 파싱 0건 -> 링크 직접 수집 폴백
2026-03-17 13:23:16 [INFO]     CLS_NAVER_LINK 링크: 0개
2026-03-17 13:23:16 [INFO]     2022.03 p1: 0건 (연속 빈 1회)
2026-03-17 13:23:17 [INFO]     카드 발견: 0개
2026-03-17 13:23:17 [INFO]     카드 파싱 0건 -> 링크 직접 수집 폴백
2026-03-17 13:23:17 [INFO]     CLS_NAVER_LINK 링크: 0개
2026-03-17 13:23:17 [INFO]     2022.03 p2: 0건 (연속 빈 2회)
2026-03-17 13:23:19 [INFO]     카드 발견: 0개
2026-03-17 13:23:19 [INFO]     카드 파싱 0건 -> 링크 직접 수집 폴백
2026-03-17 13:23:19 [INFO]     CLS_NAVER_LINK 링크: 0개
2026-03-17 13:23:19 [INFO]     2022.03 p3: 0건 (연속 빈 3회)
2026-03-17 13:23:19 [INFO]   2022.03 완료: +0건 (누적 0개)
2026-03-17 13:23:19 [INFO]     카드 발견: 0개
2026-03-17 13:23:19 [INFO]     카드 파싱 0건 -> 링크 직접 수집 폴백
2026-03-17 13:23:19 [INFO]     CLS_NAVER_LINK 링크: 0개
2026-03-17 13:23:19 [INFO]     2022.04 p1: 0건 (연속 빈 1회)
2026-03-17 13:23:20 [INFO]     카드 발견: 0개
2026-03-17 13:23:20 [INFO]     카드 파싱 0건 -> 링크 직접 수집 폴백
2026-03-17 13:23:20 [INFO]     CLS_NAVER_LINK 링크: 0개
2026-03-17 13:23:20 [INFO]     2022.04 p2: 0건 (연속 빈 2회)
2026-03-17 13:23:22 [INFO]     카드 발견: 0개
2026-03-17 13:23:22 [INFO]     카드 파싱 0건 -> 링크 직접 수집 폴백
2026-03-17 13:23:22 [INFO]     CLS_NAVER_LINK 링크: 0개
2026-03-17 13:23:22 [INFO]     2022.04 p3: 0건 (연속 빈 3회)
2026-03-17 13:23:22 [INFO]   2022.04 완료: +0건 (누적 0개)
2026-03-17 13:23:22 [INFO]     카드 발견: 0개
2026-03-17 13:23:22 [INFO]     카드 파싱 0건 -> 링크 직접 수집 폴백
2026-03-17 13:23:22 [INFO]     CLS_NAVER_LINK 링크: 0개
2026-03-17 13:23:22 [INFO]     2022.05 p1: 0건 (연속 빈 1회)
2026-03-17 13:23:23 [INFO]     카드 발견: 0개
2026-03-17 13:23:23 [INFO]     카드 파싱 0건 -> 링크 직접 수집 폴백
2026-03-17 13:23:23 [INFO]     CLS_NAVER_LINK 링크: 0개
2026-03-17 13:23:23 [INFO]     2022.05 p2: 0건 (연속 빈 2회)
2026-03-17 13:23:24 [INFO]     카드 발견: 0개
2026-03-17 13:23:24 [INFO]     카드 파싱 0건 -> 링크 직접 수집 폴백
2026-03-17 13:23:24 [INFO]     CLS_NAVER_LINK 링크: 0개
2026-03-17 13:23:24 [INFO]     2022.05 p3: 0건 (연속 빈 3회)
2026-03-17 13:23:24 [INFO]   2022.05 완료: +0건 (누적 0개)
2026-03-17 13:23:24 [INFO]     카드 발견: 0개
2026-03-17 13:23:24 [INFO]     카드 파싱 0건 -> 링크 직접 수집 폴백
2026-03-17 13:23:24 [INFO]     CLS_NAVER_LINK 링크: 0개
2026-03-17 13:23:24 [INFO]     2022.06 p1: 0건 (연속 빈 1회)
2026-03-17 13:23:26 [INFO]     카드 발견: 0개
2026-03-17 13:23:26 [INFO]     카드 파싱 0건 -> 링크 직접 수집 폴백
2026-03-17 13:23:26 [INFO]     CLS_NAVER_LINK 링크: 0개
2026-03-17 13:23:26 [INFO]     2022.06 p2: 0건 (연속 빈 2회)
2026-03-17 13:23:27 [INFO]     카드 발견: 0개
2026-03-17 13:23:27 [INFO]     카드 파싱 0건 -> 링크 직접 수집 폴백
2026-03-17 13:23:27 [INFO]     CLS_NAVER_LINK 링크: 0개
2026-03-17 13:23:27 [INFO]     2022.06 p3: 0건 (연속 빈 3회)
2026-03-17 13:23:27 [INFO]   2022.06 완료: +0건 (누적 0개)
2026-03-17 13:23:27 [INFO]     카드 발견: 0개
2026-03-17 13:23:27 [INFO]     카드 파싱 0건 -> 링크 직접 수집 폴백
2026-03-17 13:23:27 [INFO]     CLS_NAVER_LINK 링크: 0개
2026-03-17 13:23:27 [INFO]     2022.07 p1: 0건 (연속 빈 1회)
2026-03-17 13:23:28 [INFO]     카드 발견: 0개
2026-03-17 13:23:28 [INFO]     카드 파싱 0건 -> 링크 직접 수집 폴백
2026-03-17 13:23:28 [INFO]     CLS_NAVER_LINK 링크: 0개
2026-03-17 13:23:28 [INFO]     2022.07 p2: 0건 (연속 빈 2회)
2026-03-17 13:23:30 [INFO]     카드 발견: 0개
2026-03-17 13:23:30 [INFO]     카드 파싱 0건 -> 링크 직접 수집 폴백
2026-03-17 13:23:30 [INFO]     CLS_NAVER_LINK 링크: 0개
2026-03-17 13:23:30 [INFO]     2022.07 p3: 0건 (연속 빈 3회)
2026-03-17 13:23:30 [INFO]   2022.07 완료: +0건 (누적 0개)
2026-03-17 13:23:30 [INFO]     카드 발견: 0개
2026-03-17 13:23:30 [INFO]     카드 파싱 0건 -> 링크 직접 수집 폴백
2026-03-17 13:23:30 [INFO]     CLS_NAVER_LINK 링크: 0개
2026-03-17 13:23:30 [INFO]     2022.08 p1: 0건 (연속 빈 1회)
2026-03-17 13:23:31 [INFO]     카드 발견: 0개
2026-03-17 13:23:31 [INFO]     카드 파싱 0건 -> 링크 직접 수집 폴백
2026-03-17 13:23:31 [INFO]     CLS_NAVER_LINK 링크: 0개
2026-03-17 13:23:31 [INFO]     2022.08 p2: 0건 (연속 빈 2회)
2026-03-17 13:23:32 [INFO]     카드 발견: 0개
2026-03-17 13:23:32 [INFO]     카드 파싱 0건 -> 링크 직접 수집 폴백
2026-03-17 13:23:32 [INFO]     CLS_NAVER_LINK 링크: 0개
2026-03-17 13:23:32 [INFO]     2022.08 p3: 0건 (연속 빈 3회)
2026-03-17 13:23:32 [INFO]   2022.08 완료: +0건 (누적 0개)
2026-03-17 13:23:33 [INFO]     카드 발견: 0개
2026-03-17 13:23:33 [INFO]     카드 파싱 0건 -> 링크 직접 수집 폴백
2026-03-17 13:23:33 [INFO]     CLS_NAVER_LINK 링크: 0개
2026-03-17 13:23:33 [INFO]     2022.09 p1: 0건 (연속 빈 1회)
2026-03-17 13:23:34 [INFO]     카드 발견: 0개
2026-03-17 13:23:34 [INFO]     카드 파싱 0건 -> 링크 직접 수집 폴백
2026-03-17 13:23:34 [INFO]     CLS_NAVER_LINK 링크: 0개
2026-03-17 13:23:34 [INFO]     2022.09 p2: 0건 (연속 빈 2회)
2026-03-17 13:23:35 [INFO]     카드 발견: 0개
2026-03-17 13:23:35 [INFO]     카드 파싱 0건 -> 링크 직접 수집 폴백
2026-03-17 13:23:35 [INFO]     CLS_NAVER_LINK 링크: 0개
2026-03-17 13:23:35 [INFO]     2022.09 p3: 0건 (연속 빈 3회)
2026-03-17 13:23:35 [INFO]   2022.09 완료: +0건 (누적 0개)
2026-03-17 13:23:36 [INFO]     카드 발견: 0개
2026-03-17 13:23:36 [INFO]     카드 파싱 0건 -> 링크 직접 수집 폴백
2026-03-17 13:23:36 [INFO]     CLS_NAVER_LINK 링크: 0개
2026-03-17 13:23:36 [INFO]     2022.10 p1: 0건 (연속 빈 1회)
2026-03-17 13:23:37 [INFO]     카드 발견: 0개
2026-03-17 13:23:37 [INFO]     카드 파싱 0건 -> 링크 직접 수집 폴백
2026-03-17 13:23:37 [INFO]     CLS_NAVER_LINK 링크: 0개
2026-03-17 13:23:37 [INFO]     2022.10 p2: 0건 (연속 빈 2회)
2026-03-17 13:23:39 [INFO]     카드 발견: 0개
2026-03-17 13:23:39 [INFO]     카드 파싱 0건 -> 링크 직접 수집 폴백
2026-03-17 13:23:39 [INFO]     CLS_NAVER_LINK 링크: 0개
2026-03-17 13:23:39 [INFO]     2022.10 p3: 0건 (연속 빈 3회)
2026-03-17 13:23:39 [INFO]   2022.10 완료: +0건 (누적 0개)
2026-03-17 13:23:39 [INFO]     카드 발견: 0개
2026-03-17 13:23:39 [INFO]     카드 파싱 0건 -> 링크 직접 수집 폴백
2026-03-17 13:23:39 [INFO]     CLS_NAVER_LINK 링크: 0개
2026-03-17 13:23:39 [INFO]     2022.11 p1: 0건 (연속 빈 1회)
2026-03-17 13:23:40 [INFO]     카드 발견: 0개
2026-03-17 13:23:40 [INFO]     카드 파싱 0건 -> 링크 직접 수집 폴백
2026-03-17 13:23:40 [INFO]     CLS_NAVER_LINK 링크: 0개
2026-03-17 13:23:40 [INFO]     2022.11 p2: 0건 (연속 빈 2회)
2026-03-17 13:23:41 [INFO]     카드 발견: 0개
2026-03-17 13:23:41 [INFO]     카드 파싱 0건 -> 링크 직접 수집 폴백
2026-03-17 13:23:41 [INFO]     CLS_NAVER_LINK 링크: 0개
2026-03-17 13:23:41 [INFO]     2022.11 p3: 0건 (연속 빈 3회)
2026-03-17 13:23:41 [INFO]   2022.11 완료: +0건 (누적 0개)
2026-03-17 13:23:42 [INFO]     카드 발견: 0개
2026-03-17 13:23:42 [INFO]     카드 파싱 0건 -> 링크 직접 수집 폴백
2026-03-17 13:23:42 [INFO]     CLS_NAVER_LINK 링크: 0개
2026-03-17 13:23:42 [INFO]     2022.12 p1: 0건 (연속 빈 1회)
2026-03-17 13:23:43 [INFO]     카드 발견: 0개
2026-03-17 13:23:43 [INFO]     카드 파싱 0건 -> 링크 직접 수집 폴백
2026-03-17 13:23:43 [INFO]     CLS_NAVER_LINK 링크: 0개
2026-03-17 13:23:43 [INFO]     2022.12 p2: 0건 (연속 빈 2회)
2026-03-17 13:23:45 [INFO]     카드 발견: 0개
2026-03-17 13:23:45 [INFO]     카드 파싱 0건 -> 링크 직접 수집 폴백
2026-03-17 13:23:45 [INFO]     CLS_NAVER_LINK 링크: 0개
2026-03-17 13:23:45 [INFO]     2022.12 p3: 0건 (연속 빈 3회)
2026-03-17 13:23:45 [INFO]   2022.12 완료: +0건 (누적 0개)
2026-03-17 13:23:45 [INFO]     카드 발견: 0개
2026-03-17 13:23:45 [INFO]     카드 파싱 0건 -> 링크 직접 수집 폴백
2026-03-17 13:23:45 [INFO]     CLS_NAVER_LINK 링크: 0개
2026-03-17 13:23:45 [INFO]     2023.01 p1: 0건 (연속 빈 1회)
2026-03-17 13:23:46 [INFO]     카드 발견: 0개
2026-03-17 13:23:46 [INFO]     카드 파싱 0건 -> 링크 직접 수집 폴백
2026-03-17 13:23:46 [INFO]     CLS_NAVER_LINK 링크: 0개
2026-03-17 13:23:46 [INFO]     2023.01 p2: 0건 (연속 빈 2회)
2026-03-17 13:23:48 [INFO]     카드 발견: 0개
2026-03-17 13:23:48 [INFO]     카드 파싱 0건 -> 링크 직접 수집 폴백
2026-03-17 13:23:48 [INFO]     CLS_NAVER_LINK 링크: 0개
2026-03-17 13:23:48 [INFO]     2023.01 p3: 0건 (연속 빈 3회)
2026-03-17 13:23:48 [INFO]   2023.01 완료: +0건 (누적 0개)
2026-03-17 13:23:48 [INFO]     카드 발견: 0개
2026-03-17 13:23:48 [INFO]     카드 파싱 0건 -> 링크 직접 수집 폴백
2026-03-17 13:23:48 [INFO]     CLS_NAVER_LINK 링크: 0개
2026-03-17 13:23:48 [INFO]     2023.02 p1: 0건 (연속 빈 1회)
2026-03-17 13:23:49 [INFO]     카드 발견: 0개
2026-03-17 13:23:49 [INFO]     카드 파싱 0건 -> 링크 직접 수집 폴백
2026-03-17 13:23:49 [INFO]     CLS_NAVER_LINK 링크: 0개
2026-03-17 13:23:49 [INFO]     2023.02 p2: 0건 (연속 빈 2회)
2026-03-17 13:23:51 [INFO]     카드 발견: 0개
2026-03-17 13:23:51 [INFO]     카드 파싱 0건 -> 링크 직접 수집 폴백
2026-03-17 13:23:51 [INFO]     CLS_NAVER_LINK 링크: 0개
2026-03-17 13:23:51 [INFO]     2023.02 p3: 0건 (연속 빈 3회)
2026-03-17 13:23:51 [INFO]   2023.02 완료: +0건 (누적 0개)
2026-03-17 13:23:51 [INFO]     카드 발견: 0개
2026-03-17 13:23:51 [INFO]     카드 파싱 0건 -> 링크 직접 수집 폴백
2026-03-17 13:23:51 [INFO]     CLS_NAVER_LINK 링크: 0개
2026-03-17 13:23:51 [INFO]     2023.03 p1: 0건 (연속 빈 1회)
2026-03-17 13:23:53 [INFO]     카드 발견: 0개
2026-03-17 13:23:53 [INFO]     카드 파싱 0건 -> 링크 직접 수집 폴백
2026-03-17 13:23:53 [INFO]     CLS_NAVER_LINK 링크: 0개
2026-03-17 13:23:53 [INFO]     2023.03 p2: 0건 (연속 빈 2회)
2026-03-17 13:23:54 [INFO]     카드 발견: 0개
2026-03-17 13:23:54 [INFO]     카드 파싱 0건 -> 링크 직접 수집 폴백
2026-03-17 13:23:54 [INFO]     CLS_NAVER_LINK 링크: 0개
2026-03-17 13:23:54 [INFO]     2023.03 p3: 0건 (연속 빈 3회)
2026-03-17 13:23:54 [INFO]   2023.03 완료: +0건 (누적 0개)
2026-03-17 13:23:54 [INFO]     카드 발견: 0개
2026-03-17 13:23:54 [INFO]     카드 파싱 0건 -> 링크 직접 수집 폴백
2026-03-17 13:23:54 [INFO]     CLS_NAVER_LINK 링크: 0개
2026-03-17 13:23:54 [INFO]     2023.04 p1: 0건 (연속 빈 1회)
2026-03-17 13:23:56 [INFO]     카드 발견: 0개
2026-03-17 13:23:56 [INFO]     카드 파싱 0건 -> 링크 직접 수집 폴백
2026-03-17 13:23:56 [INFO]     CLS_NAVER_LINK 링크: 0개
2026-03-17 13:23:56 [INFO]     2023.04 p2: 0건 (연속 빈 2회)
2026-03-17 13:23:57 [INFO]     카드 발견: 0개
2026-03-17 13:23:57 [INFO]     카드 파싱 0건 -> 링크 직접 수집 폴백
2026-03-17 13:23:57 [INFO]     CLS_NAVER_LINK 링크: 0개
2026-03-17 13:23:57 [INFO]     2023.04 p3: 0건 (연속 빈 3회)
2026-03-17 13:23:57 [INFO]   2023.04 완료: +0건 (누적 0개)
2026-03-17 13:23:57 [INFO]     카드 발견: 0개
2026-03-17 13:23:57 [INFO]     카드 파싱 0건 -> 링크 직접 수집 폴백
2026-03-17 13:23:57 [INFO]     CLS_NAVER_LINK 링크: 0개
2026-03-17 13:23:57 [INFO]     2023.05 p1: 0건 (연속 빈 1회)
2026-03-17 13:23:59 [INFO]     카드 발견: 0개
2026-03-17 13:23:59 [INFO]     카드 파싱 0건 -> 링크 직접 수집 폴백
2026-03-17 13:23:59 [INFO]     CLS_NAVER_LINK 링크: 0개
2026-03-17 13:23:59 [INFO]     2023.05 p2: 0건 (연속 빈 2회)
2026-03-17 13:24:00 [INFO]     카드 발견: 0개
2026-03-17 13:24:00 [INFO]     카드 파싱 0건 -> 링크 직접 수집 폴백
2026-03-17 13:24:00 [INFO]     CLS_NAVER_LINK 링크: 0개
2026-03-17 13:24:00 [INFO]     2023.05 p3: 0건 (연속 빈 3회)
2026-03-17 13:24:00 [INFO]   2023.05 완료: +0건 (누적 0개)
2026-03-17 13:24:01 [INFO]     카드 발견: 0개
2026-03-17 13:24:01 [INFO]     카드 파싱 0건 -> 링크 직접 수집 폴백
2026-03-17 13:24:01 [INFO]     CLS_NAVER_LINK 링크: 0개
2026-03-17 13:24:01 [INFO]     2023.06 p1: 0건 (연속 빈 1회)
2026-03-17 13:24:01 [INFO] 중단 - 수집된 URL로 Phase 2 진행
2026-03-17 13:24:01 [INFO] [Phase 1] 완료 - 후보 URL: 0개
2026-03-17 13:24:01 [ERROR] URL 수집 0건!
  가능한 원인:
  1) 네이버 클래스명 변경 -> CLS_CARD / CLS_TITLE 확인
  2) 봇 차단 -> SLEEP_MIN/MAX 늘리기
  3) 네트워크 오류 -> crawler.log 확인
2026-03-17 13:24:01 [WARNING] 수집 0건 - CSV 저장 생략
2026-03-17 13:24:01 [INFO] ============================================================
2026-03-17 13:24:01 [INFO] 완료 | 0건 | 0분 51초
2026-03-17 13:24:01 [INFO] ============================================================
2026-03-17 13:39:23 [INFO] ============================================================
2026-03-17 13:39:23 [INFO] 네이버 뉴스 크롤러
2026-03-17 13:39:23 [INFO]   검색어 : 삼성전자 | 기간: 2022-01-01 ~ 2025-12-31 | 목표: 7000건
2026-03-17 13:39:23 [INFO] ============================================================
2026-03-17 13:39:23 [INFO] 총 48개월 | 이미 수집: 0건
2026-03-17 13:39:23 [INFO] 
[Phase 1] URL 수집 시작
2026-03-17 13:39:23 [INFO]     HTML 크기: 60326 bytes
2026-03-17 13:39:23 [INFO]     OaLkxeV3 포함: False
2026-03-17 13:39:23 [INFO]     GOWcekJV4 포함: False
2026-03-17 13:39:23 [INFO]     카드 발견: 0개
2026-03-17 13:39:23 [INFO]     카드 파싱 0건 -> 링크 직접 수집 폴백
2026-03-17 13:39:23 [INFO]     CLS_NAVER_LINK 링크: 0개
2026-03-17 13:39:23 [INFO]     2022.01 p1: 0건 (연속 빈 1회)
2026-03-17 13:39:24 [INFO]     HTML 크기: 60442 bytes
2026-03-17 13:39:24 [INFO]     OaLkxeV3 포함: False
2026-03-17 13:39:24 [INFO]     GOWcekJV4 포함: False
2026-03-17 13:39:24 [INFO]     카드 발견: 0개
2026-03-17 13:39:24 [INFO]     카드 파싱 0건 -> 링크 직접 수집 폴백
2026-03-17 13:39:24 [INFO]     CLS_NAVER_LINK 링크: 0개
2026-03-17 13:39:24 [INFO]     2022.01 p2: 0건 (연속 빈 2회)
2026-03-17 13:39:26 [INFO]     HTML 크기: 59823 bytes
2026-03-17 13:39:26 [INFO]     OaLkxeV3 포함: False
2026-03-17 13:39:26 [INFO]     GOWcekJV4 포함: False
2026-03-17 13:39:26 [INFO]     카드 발견: 0개
2026-03-17 13:39:26 [INFO]     카드 파싱 0건 -> 링크 직접 수집 폴백
2026-03-17 13:39:26 [INFO]     CLS_NAVER_LINK 링크: 0개
2026-03-17 13:39:26 [INFO]     2022.01 p3: 0건 (연속 빈 3회)
2026-03-17 13:39:26 [INFO]   2022.01 완료: +0건 (누적 0개)
2026-03-17 13:39:26 [INFO]     HTML 크기: 62215 bytes
2026-03-17 13:39:26 [INFO]     OaLkxeV3 포함: False
2026-03-17 13:39:26 [INFO]     GOWcekJV4 포함: False
2026-03-17 13:39:26 [INFO]     카드 발견: 0개
2026-03-17 13:39:26 [INFO]     카드 파싱 0건 -> 링크 직접 수집 폴백
2026-03-17 13:39:26 [INFO]     CLS_NAVER_LINK 링크: 0개
2026-03-17 13:39:26 [INFO]     2022.02 p1: 0건 (연속 빈 1회)
2026-03-17 13:39:28 [INFO]     HTML 크기: 61504 bytes
2026-03-17 13:39:28 [INFO]     OaLkxeV3 포함: False
2026-03-17 13:39:28 [INFO]     GOWcekJV4 포함: False
2026-03-17 13:39:28 [INFO]     카드 발견: 0개
2026-03-17 13:39:28 [INFO]     카드 파싱 0건 -> 링크 직접 수집 폴백
2026-03-17 13:39:28 [INFO]     CLS_NAVER_LINK 링크: 0개
2026-03-17 13:39:28 [INFO]     2022.02 p2: 0건 (연속 빈 2회)
2026-03-17 13:39:29 [INFO]     HTML 크기: 58141 bytes
2026-03-17 13:39:29 [INFO]     OaLkxeV3 포함: False
2026-03-17 13:39:29 [INFO]     GOWcekJV4 포함: False
2026-03-17 13:39:29 [INFO]     카드 발견: 0개
2026-03-17 13:39:29 [INFO]     카드 파싱 0건 -> 링크 직접 수집 폴백
2026-03-17 13:39:29 [INFO]     CLS_NAVER_LINK 링크: 0개
2026-03-17 13:39:29 [INFO]     2022.02 p3: 0건 (연속 빈 3회)
2026-03-17 13:39:29 [INFO]   2022.02 완료: +0건 (누적 0개)
2026-03-17 13:39:29 [INFO]     HTML 크기: 62427 bytes
2026-03-17 13:39:29 [INFO]     OaLkxeV3 포함: False
2026-03-17 13:39:29 [INFO]     GOWcekJV4 포함: False
2026-03-17 13:39:29 [INFO]     카드 발견: 0개
2026-03-17 13:39:29 [INFO]     카드 파싱 0건 -> 링크 직접 수집 폴백
2026-03-17 13:39:29 [INFO]     CLS_NAVER_LINK 링크: 0개
2026-03-17 13:39:29 [INFO]     2022.03 p1: 0건 (연속 빈 1회)
2026-03-17 13:39:31 [INFO]     HTML 크기: 60673 bytes
2026-03-17 13:39:31 [INFO]     OaLkxeV3 포함: False
2026-03-17 13:39:31 [INFO]     GOWcekJV4 포함: False
2026-03-17 13:39:31 [INFO]     카드 발견: 0개
2026-03-17 13:39:31 [INFO]     카드 파싱 0건 -> 링크 직접 수집 폴백
2026-03-17 13:39:31 [INFO]     CLS_NAVER_LINK 링크: 0개
2026-03-17 13:39:31 [INFO]     2022.03 p2: 0건 (연속 빈 2회)
2026-03-17 13:39:32 [INFO]     HTML 크기: 58696 bytes
2026-03-17 13:39:32 [INFO]     OaLkxeV3 포함: False
2026-03-17 13:39:32 [INFO]     GOWcekJV4 포함: False
2026-03-17 13:39:32 [INFO]     카드 발견: 0개
2026-03-17 13:39:32 [INFO]     카드 파싱 0건 -> 링크 직접 수집 폴백
2026-03-17 13:39:32 [INFO]     CLS_NAVER_LINK 링크: 0개
2026-03-17 13:39:32 [INFO]     2022.03 p3: 0건 (연속 빈 3회)
2026-03-17 13:39:32 [INFO]   2022.03 완료: +0건 (누적 0개)
2026-03-17 13:39:33 [INFO]     HTML 크기: 60577 bytes
2026-03-17 13:39:33 [INFO]     OaLkxeV3 포함: False
2026-03-17 13:39:33 [INFO]     GOWcekJV4 포함: False
2026-03-17 13:39:33 [INFO]     카드 발견: 0개
2026-03-17 13:39:33 [INFO]     카드 파싱 0건 -> 링크 직접 수집 폴백
2026-03-17 13:39:33 [INFO]     CLS_NAVER_LINK 링크: 0개
2026-03-17 13:39:33 [INFO]     2022.04 p1: 0건 (연속 빈 1회)
2026-03-17 13:39:34 [INFO]     HTML 크기: 60727 bytes
2026-03-17 13:39:34 [INFO]     OaLkxeV3 포함: False
2026-03-17 13:39:34 [INFO]     GOWcekJV4 포함: False
2026-03-17 13:39:34 [INFO]     카드 발견: 0개
2026-03-17 13:39:34 [INFO]     카드 파싱 0건 -> 링크 직접 수집 폴백
2026-03-17 13:39:34 [INFO]     CLS_NAVER_LINK 링크: 0개
2026-03-17 13:39:34 [INFO]     2022.04 p2: 0건 (연속 빈 2회)
2026-03-17 13:39:35 [INFO]     HTML 크기: 57808 bytes
2026-03-17 13:39:35 [INFO]     OaLkxeV3 포함: False
2026-03-17 13:39:35 [INFO]     GOWcekJV4 포함: False
2026-03-17 13:39:35 [INFO]     카드 발견: 0개
2026-03-17 13:39:35 [INFO]     카드 파싱 0건 -> 링크 직접 수집 폴백
2026-03-17 13:39:35 [INFO]     CLS_NAVER_LINK 링크: 0개
2026-03-17 13:39:35 [INFO]     2022.04 p3: 0건 (연속 빈 3회)
2026-03-17 13:39:35 [INFO]   2022.04 완료: +0건 (누적 0개)
2026-03-17 13:39:36 [INFO]     HTML 크기: 60580 bytes
2026-03-17 13:39:36 [INFO]     OaLkxeV3 포함: False
2026-03-17 13:39:36 [INFO]     GOWcekJV4 포함: False
2026-03-17 13:39:36 [INFO]     카드 발견: 0개
2026-03-17 13:39:36 [INFO]     카드 파싱 0건 -> 링크 직접 수집 폴백
2026-03-17 13:39:36 [INFO]     CLS_NAVER_LINK 링크: 0개
2026-03-17 13:39:36 [INFO]     2022.05 p1: 0건 (연속 빈 1회)
2026-03-17 13:39:37 [INFO]     HTML 크기: 58788 bytes
2026-03-17 13:39:37 [INFO]     OaLkxeV3 포함: False
2026-03-17 13:39:37 [INFO]     GOWcekJV4 포함: False
2026-03-17 13:39:37 [INFO]     카드 발견: 0개
2026-03-17 13:39:37 [INFO]     카드 파싱 0건 -> 링크 직접 수집 폴백
2026-03-17 13:39:37 [INFO]     CLS_NAVER_LINK 링크: 0개
2026-03-17 13:39:37 [INFO]     2022.05 p2: 0건 (연속 빈 2회)
2026-03-17 13:39:39 [INFO]     HTML 크기: 58534 bytes
2026-03-17 13:39:39 [INFO]     OaLkxeV3 포함: False
2026-03-17 13:39:39 [INFO]     GOWcekJV4 포함: False
2026-03-17 13:39:39 [INFO]     카드 발견: 0개
2026-03-17 13:39:39 [INFO]     카드 파싱 0건 -> 링크 직접 수집 폴백
2026-03-17 13:39:39 [INFO]     CLS_NAVER_LINK 링크: 0개
2026-03-17 13:39:39 [INFO]     2022.05 p3: 0건 (연속 빈 3회)
2026-03-17 13:39:39 [INFO]   2022.05 완료: +0건 (누적 0개)
2026-03-17 13:39:39 [INFO]     HTML 크기: 62608 bytes
2026-03-17 13:39:39 [INFO]     OaLkxeV3 포함: False
2026-03-17 13:39:39 [INFO]     GOWcekJV4 포함: False
2026-03-17 13:39:39 [INFO]     카드 발견: 0개
2026-03-17 13:39:39 [INFO]     카드 파싱 0건 -> 링크 직접 수집 폴백
2026-03-17 13:39:39 [INFO]     CLS_NAVER_LINK 링크: 0개
2026-03-17 13:39:39 [INFO]     2022.06 p1: 0건 (연속 빈 1회)
2026-03-17 13:39:40 [INFO]     HTML 크기: 59385 bytes
2026-03-17 13:39:40 [INFO]     OaLkxeV3 포함: False
2026-03-17 13:39:40 [INFO]     GOWcekJV4 포함: False
2026-03-17 13:39:40 [INFO]     카드 발견: 0개
2026-03-17 13:39:40 [INFO]     카드 파싱 0건 -> 링크 직접 수집 폴백
2026-03-17 13:39:40 [INFO]     CLS_NAVER_LINK 링크: 0개
2026-03-17 13:39:40 [INFO]     2022.06 p2: 0건 (연속 빈 2회)
2026-03-17 13:39:41 [INFO]     HTML 크기: 56807 bytes
2026-03-17 13:39:41 [INFO]     OaLkxeV3 포함: False
2026-03-17 13:39:41 [INFO]     GOWcekJV4 포함: False
2026-03-17 13:39:41 [INFO]     카드 발견: 0개
2026-03-17 13:39:41 [INFO]     카드 파싱 0건 -> 링크 직접 수집 폴백
2026-03-17 13:39:41 [INFO]     CLS_NAVER_LINK 링크: 0개
2026-03-17 13:39:41 [INFO]     2022.06 p3: 0건 (연속 빈 3회)
2026-03-17 13:39:41 [INFO]   2022.06 완료: +0건 (누적 0개)
2026-03-17 13:39:42 [INFO]     HTML 크기: 59890 bytes
2026-03-17 13:39:42 [INFO]     OaLkxeV3 포함: False
2026-03-17 13:39:42 [INFO]     GOWcekJV4 포함: False
2026-03-17 13:39:42 [INFO]     카드 발견: 0개
2026-03-17 13:39:42 [INFO]     카드 파싱 0건 -> 링크 직접 수집 폴백
2026-03-17 13:39:42 [INFO]     CLS_NAVER_LINK 링크: 0개
2026-03-17 13:39:42 [INFO]     2022.07 p1: 0건 (연속 빈 1회)
2026-03-17 13:39:43 [INFO]     HTML 크기: 59296 bytes
2026-03-17 13:39:43 [INFO]     OaLkxeV3 포함: False
2026-03-17 13:39:43 [INFO]     GOWcekJV4 포함: False
2026-03-17 13:39:43 [INFO]     카드 발견: 0개
2026-03-17 13:39:43 [INFO]     카드 파싱 0건 -> 링크 직접 수집 폴백
2026-03-17 13:39:43 [INFO]     CLS_NAVER_LINK 링크: 0개
2026-03-17 13:39:43 [INFO]     2022.07 p2: 0건 (연속 빈 2회)
2026-03-17 13:39:44 [INFO]     HTML 크기: 59551 bytes
2026-03-17 13:39:44 [INFO]     OaLkxeV3 포함: False
2026-03-17 13:39:44 [INFO]     GOWcekJV4 포함: False
2026-03-17 13:39:44 [INFO]     카드 발견: 0개
2026-03-17 13:39:44 [INFO]     카드 파싱 0건 -> 링크 직접 수집 폴백
2026-03-17 13:39:44 [INFO]     CLS_NAVER_LINK 링크: 0개
2026-03-17 13:39:44 [INFO]     2022.07 p3: 0건 (연속 빈 3회)
2026-03-17 13:39:44 [INFO]   2022.07 완료: +0건 (누적 0개)
2026-03-17 13:39:44 [INFO]     HTML 크기: 61784 bytes
2026-03-17 13:39:44 [INFO]     OaLkxeV3 포함: False
2026-03-17 13:39:44 [INFO]     GOWcekJV4 포함: False
2026-03-17 13:39:44 [INFO]     카드 발견: 0개
2026-03-17 13:39:44 [INFO]     카드 파싱 0건 -> 링크 직접 수집 폴백
2026-03-17 13:39:44 [INFO]     CLS_NAVER_LINK 링크: 0개
2026-03-17 13:39:44 [INFO]     2022.08 p1: 0건 (연속 빈 1회)
2026-03-17 13:39:46 [INFO]     HTML 크기: 59044 bytes
2026-03-17 13:39:46 [INFO]     OaLkxeV3 포함: False
2026-03-17 13:39:46 [INFO]     GOWcekJV4 포함: False
2026-03-17 13:39:46 [INFO]     카드 발견: 0개
2026-03-17 13:39:46 [INFO]     카드 파싱 0건 -> 링크 직접 수집 폴백
2026-03-17 13:39:46 [INFO]     CLS_NAVER_LINK 링크: 0개
2026-03-17 13:39:46 [INFO]     2022.08 p2: 0건 (연속 빈 2회)
2026-03-17 13:39:47 [INFO]     HTML 크기: 57789 bytes
2026-03-17 13:39:47 [INFO]     OaLkxeV3 포함: False
2026-03-17 13:39:47 [INFO]     GOWcekJV4 포함: False
2026-03-17 13:39:47 [INFO]     카드 발견: 0개
2026-03-17 13:39:47 [INFO]     카드 파싱 0건 -> 링크 직접 수집 폴백
2026-03-17 13:39:47 [INFO]     CLS_NAVER_LINK 링크: 0개
2026-03-17 13:39:47 [INFO]     2022.08 p3: 0건 (연속 빈 3회)
2026-03-17 13:39:47 [INFO]   2022.08 완료: +0건 (누적 0개)
2026-03-17 13:39:47 [INFO]     HTML 크기: 61745 bytes
2026-03-17 13:39:47 [INFO]     OaLkxeV3 포함: False
2026-03-17 13:39:47 [INFO]     GOWcekJV4 포함: False
2026-03-17 13:39:47 [INFO]     카드 발견: 0개
2026-03-17 13:39:47 [INFO]     카드 파싱 0건 -> 링크 직접 수집 폴백
2026-03-17 13:39:47 [INFO]     CLS_NAVER_LINK 링크: 0개
2026-03-17 13:39:47 [INFO]     2022.09 p1: 0건 (연속 빈 1회)
2026-03-17 13:39:49 [INFO]     HTML 크기: 59014 bytes
2026-03-17 13:39:49 [INFO]     OaLkxeV3 포함: False
2026-03-17 13:39:49 [INFO]     GOWcekJV4 포함: False
2026-03-17 13:39:49 [INFO]     카드 발견: 0개
2026-03-17 13:39:49 [INFO]     카드 파싱 0건 -> 링크 직접 수집 폴백
2026-03-17 13:39:49 [INFO]     CLS_NAVER_LINK 링크: 0개
2026-03-17 13:39:49 [INFO]     2022.09 p2: 0건 (연속 빈 2회)
2026-03-17 13:39:50 [INFO]     HTML 크기: 59110 bytes
2026-03-17 13:39:50 [INFO]     OaLkxeV3 포함: False
2026-03-17 13:39:50 [INFO]     GOWcekJV4 포함: False
2026-03-17 13:39:50 [INFO]     카드 발견: 0개
2026-03-17 13:39:50 [INFO]     카드 파싱 0건 -> 링크 직접 수집 폴백
2026-03-17 13:39:50 [INFO]     CLS_NAVER_LINK 링크: 0개
2026-03-17 13:39:50 [INFO]     2022.09 p3: 0건 (연속 빈 3회)
2026-03-17 13:39:50 [INFO]   2022.09 완료: +0건 (누적 0개)
2026-03-17 13:39:50 [INFO]     HTML 크기: 62296 bytes
2026-03-17 13:39:50 [INFO]     OaLkxeV3 포함: False
2026-03-17 13:39:50 [INFO]     GOWcekJV4 포함: False
2026-03-17 13:39:50 [INFO]     카드 발견: 0개
2026-03-17 13:39:50 [INFO]     카드 파싱 0건 -> 링크 직접 수집 폴백
2026-03-17 13:39:50 [INFO]     CLS_NAVER_LINK 링크: 0개
2026-03-17 13:39:50 [INFO]     2022.10 p1: 0건 (연속 빈 1회)
2026-03-17 13:39:52 [INFO]     HTML 크기: 58233 bytes
2026-03-17 13:39:52 [INFO]     OaLkxeV3 포함: False
2026-03-17 13:39:52 [INFO]     GOWcekJV4 포함: False
2026-03-17 13:39:52 [INFO]     카드 발견: 0개
2026-03-17 13:39:52 [INFO]     카드 파싱 0건 -> 링크 직접 수집 폴백
2026-03-17 13:39:52 [INFO]     CLS_NAVER_LINK 링크: 0개
2026-03-17 13:39:52 [INFO]     2022.10 p2: 0건 (연속 빈 2회)
2026-03-17 13:39:53 [INFO]     HTML 크기: 60746 bytes
2026-03-17 13:39:53 [INFO]     OaLkxeV3 포함: False
2026-03-17 13:39:53 [INFO]     GOWcekJV4 포함: False
2026-03-17 13:39:53 [INFO]     카드 발견: 0개
2026-03-17 13:39:53 [INFO]     카드 파싱 0건 -> 링크 직접 수집 폴백
2026-03-17 13:39:53 [INFO]     CLS_NAVER_LINK 링크: 0개
2026-03-17 13:39:53 [INFO]     2022.10 p3: 0건 (연속 빈 3회)
2026-03-17 13:39:53 [INFO]   2022.10 완료: +0건 (누적 0개)
2026-03-17 13:39:53 [INFO]     HTML 크기: 61148 bytes
2026-03-17 13:39:53 [INFO]     OaLkxeV3 포함: False
2026-03-17 13:39:53 [INFO]     GOWcekJV4 포함: False
2026-03-17 13:39:53 [INFO]     카드 발견: 0개
2026-03-17 13:39:53 [INFO]     카드 파싱 0건 -> 링크 직접 수집 폴백
2026-03-17 13:39:53 [INFO]     CLS_NAVER_LINK 링크: 0개
2026-03-17 13:39:53 [INFO]     2022.11 p1: 0건 (연속 빈 1회)
2026-03-17 13:39:54 [INFO]     HTML 크기: 59702 bytes
2026-03-17 13:39:54 [INFO]     OaLkxeV3 포함: False
2026-03-17 13:39:54 [INFO]     GOWcekJV4 포함: False
2026-03-17 13:39:54 [INFO]     카드 발견: 0개
2026-03-17 13:39:54 [INFO]     카드 파싱 0건 -> 링크 직접 수집 폴백
2026-03-17 13:39:54 [INFO]     CLS_NAVER_LINK 링크: 0개
2026-03-17 13:39:54 [INFO]     2022.11 p2: 0건 (연속 빈 2회)
2026-03-17 13:39:56 [INFO]     HTML 크기: 58336 bytes
2026-03-17 13:39:56 [INFO]     OaLkxeV3 포함: False
2026-03-17 13:39:56 [INFO]     GOWcekJV4 포함: False
2026-03-17 13:39:56 [INFO]     카드 발견: 0개
2026-03-17 13:39:56 [INFO]     카드 파싱 0건 -> 링크 직접 수집 폴백
2026-03-17 13:39:56 [INFO]     CLS_NAVER_LINK 링크: 0개
2026-03-17 13:39:56 [INFO]     2022.11 p3: 0건 (연속 빈 3회)
2026-03-17 13:39:56 [INFO]   2022.11 완료: +0건 (누적 0개)
2026-03-17 13:39:56 [INFO]     HTML 크기: 61926 bytes
2026-03-17 13:39:56 [INFO]     OaLkxeV3 포함: False
2026-03-17 13:39:56 [INFO]     GOWcekJV4 포함: False
2026-03-17 13:39:56 [INFO]     카드 발견: 0개
2026-03-17 13:39:56 [INFO]     카드 파싱 0건 -> 링크 직접 수집 폴백
2026-03-17 13:39:56 [INFO]     CLS_NAVER_LINK 링크: 0개
2026-03-17 13:39:56 [INFO]     2022.12 p1: 0건 (연속 빈 1회)
2026-03-17 13:39:58 [INFO]     HTML 크기: 59578 bytes
2026-03-17 13:39:58 [INFO]     OaLkxeV3 포함: False
2026-03-17 13:39:58 [INFO]     GOWcekJV4 포함: False
2026-03-17 13:39:58 [INFO]     카드 발견: 0개
2026-03-17 13:39:58 [INFO]     카드 파싱 0건 -> 링크 직접 수집 폴백
2026-03-17 13:39:58 [INFO]     CLS_NAVER_LINK 링크: 0개
2026-03-17 13:39:58 [INFO]     2022.12 p2: 0건 (연속 빈 2회)
2026-03-17 13:39:59 [INFO]     HTML 크기: 58587 bytes
2026-03-17 13:39:59 [INFO]     OaLkxeV3 포함: False
2026-03-17 13:39:59 [INFO]     GOWcekJV4 포함: False
2026-03-17 13:39:59 [INFO]     카드 발견: 0개
2026-03-17 13:39:59 [INFO]     카드 파싱 0건 -> 링크 직접 수집 폴백
2026-03-17 13:39:59 [INFO]     CLS_NAVER_LINK 링크: 0개
2026-03-17 13:39:59 [INFO]     2022.12 p3: 0건 (연속 빈 3회)
2026-03-17 13:39:59 [INFO]   2022.12 완료: +0건 (누적 0개)
2026-03-17 13:39:59 [INFO]     HTML 크기: 62111 bytes
2026-03-17 13:39:59 [INFO]     OaLkxeV3 포함: False
2026-03-17 13:39:59 [INFO]     GOWcekJV4 포함: False
2026-03-17 13:39:59 [INFO]     카드 발견: 0개
2026-03-17 13:39:59 [INFO]     카드 파싱 0건 -> 링크 직접 수집 폴백
2026-03-17 13:39:59 [INFO]     CLS_NAVER_LINK 링크: 0개
2026-03-17 13:39:59 [INFO]     2023.01 p1: 0건 (연속 빈 1회)
2026-03-17 13:40:00 [INFO]     HTML 크기: 61690 bytes
2026-03-17 13:40:00 [INFO]     OaLkxeV3 포함: False
2026-03-17 13:40:00 [INFO]     GOWcekJV4 포함: False
2026-03-17 13:40:00 [INFO]     카드 발견: 0개
2026-03-17 13:40:00 [INFO]     카드 파싱 0건 -> 링크 직접 수집 폴백
2026-03-17 13:40:00 [INFO]     CLS_NAVER_LINK 링크: 0개
2026-03-17 13:40:00 [INFO]     2023.01 p2: 0건 (연속 빈 2회)
2026-03-17 13:40:02 [INFO]     HTML 크기: 59283 bytes
2026-03-17 13:40:02 [INFO]     OaLkxeV3 포함: False
2026-03-17 13:40:02 [INFO]     GOWcekJV4 포함: False
2026-03-17 13:40:02 [INFO]     카드 발견: 0개
2026-03-17 13:40:02 [INFO]     카드 파싱 0건 -> 링크 직접 수집 폴백
2026-03-17 13:40:02 [INFO]     CLS_NAVER_LINK 링크: 0개
2026-03-17 13:40:02 [INFO]     2023.01 p3: 0건 (연속 빈 3회)
2026-03-17 13:40:02 [INFO]   2023.01 완료: +0건 (누적 0개)
2026-03-17 13:40:02 [INFO]     HTML 크기: 61882 bytes
2026-03-17 13:40:02 [INFO]     OaLkxeV3 포함: False
2026-03-17 13:40:02 [INFO]     GOWcekJV4 포함: False
2026-03-17 13:40:02 [INFO]     카드 발견: 0개
2026-03-17 13:40:02 [INFO]     카드 파싱 0건 -> 링크 직접 수집 폴백
2026-03-17 13:40:02 [INFO]     CLS_NAVER_LINK 링크: 0개
2026-03-17 13:40:02 [INFO]     2023.02 p1: 0건 (연속 빈 1회)
2026-03-17 13:40:03 [INFO]     HTML 크기: 59669 bytes
2026-03-17 13:40:03 [INFO]     OaLkxeV3 포함: False
2026-03-17 13:40:03 [INFO]     GOWcekJV4 포함: False
2026-03-17 13:40:03 [INFO]     카드 발견: 0개
2026-03-17 13:40:03 [INFO]     카드 파싱 0건 -> 링크 직접 수집 폴백
2026-03-17 13:40:03 [INFO]     CLS_NAVER_LINK 링크: 0개
2026-03-17 13:40:03 [INFO]     2023.02 p2: 0건 (연속 빈 2회)
2026-03-17 13:40:05 [INFO]     HTML 크기: 59327 bytes
2026-03-17 13:40:05 [INFO]     OaLkxeV3 포함: False
2026-03-17 13:40:05 [INFO]     GOWcekJV4 포함: False
2026-03-17 13:40:05 [INFO]     카드 발견: 0개
2026-03-17 13:40:05 [INFO]     카드 파싱 0건 -> 링크 직접 수집 폴백
2026-03-17 13:40:05 [INFO]     CLS_NAVER_LINK 링크: 0개
2026-03-17 13:40:05 [INFO]     2023.02 p3: 0건 (연속 빈 3회)
2026-03-17 13:40:05 [INFO]   2023.02 완료: +0건 (누적 0개)
2026-03-17 13:40:05 [INFO]     HTML 크기: 60973 bytes
2026-03-17 13:40:05 [INFO]     OaLkxeV3 포함: False
2026-03-17 13:40:05 [INFO]     GOWcekJV4 포함: False
2026-03-17 13:40:05 [INFO]     카드 발견: 0개
2026-03-17 13:40:05 [INFO]     카드 파싱 0건 -> 링크 직접 수집 폴백
2026-03-17 13:40:05 [INFO]     CLS_NAVER_LINK 링크: 0개
2026-03-17 13:40:05 [INFO]     2023.03 p1: 0건 (연속 빈 1회)
2026-03-17 13:40:06 [INFO]     HTML 크기: 60035 bytes
2026-03-17 13:40:06 [INFO]     OaLkxeV3 포함: False
2026-03-17 13:40:06 [INFO]     GOWcekJV4 포함: False
2026-03-17 13:40:06 [INFO]     카드 발견: 0개
2026-03-17 13:40:06 [INFO]     카드 파싱 0건 -> 링크 직접 수집 폴백
2026-03-17 13:40:06 [INFO]     CLS_NAVER_LINK 링크: 0개
2026-03-17 13:40:06 [INFO]     2023.03 p2: 0건 (연속 빈 2회)
2026-03-17 13:40:07 [INFO]     HTML 크기: 60126 bytes
2026-03-17 13:40:07 [INFO]     OaLkxeV3 포함: False
2026-03-17 13:40:07 [INFO]     GOWcekJV4 포함: False
2026-03-17 13:40:07 [INFO]     카드 발견: 0개
2026-03-17 13:40:07 [INFO]     카드 파싱 0건 -> 링크 직접 수집 폴백
2026-03-17 13:40:07 [INFO]     CLS_NAVER_LINK 링크: 0개
2026-03-17 13:40:07 [INFO]     2023.03 p3: 0건 (연속 빈 3회)
2026-03-17 13:40:07 [INFO]   2023.03 완료: +0건 (누적 0개)
2026-03-17 13:40:08 [INFO]     HTML 크기: 58835 bytes
2026-03-17 13:40:08 [INFO]     OaLkxeV3 포함: False
2026-03-17 13:40:08 [INFO]     GOWcekJV4 포함: False
2026-03-17 13:40:08 [INFO]     카드 발견: 0개
2026-03-17 13:40:08 [INFO]     카드 파싱 0건 -> 링크 직접 수집 폴백
2026-03-17 13:40:08 [INFO]     CLS_NAVER_LINK 링크: 0개
2026-03-17 13:40:08 [INFO]     2023.04 p1: 0건 (연속 빈 1회)
2026-03-17 13:40:09 [INFO]     HTML 크기: 60795 bytes
2026-03-17 13:40:09 [INFO]     OaLkxeV3 포함: False
2026-03-17 13:40:09 [INFO]     GOWcekJV4 포함: False
2026-03-17 13:40:09 [INFO]     카드 발견: 0개
2026-03-17 13:40:09 [INFO]     카드 파싱 0건 -> 링크 직접 수집 폴백
2026-03-17 13:40:09 [INFO]     CLS_NAVER_LINK 링크: 0개
2026-03-17 13:40:09 [INFO]     2023.04 p2: 0건 (연속 빈 2회)
2026-03-17 13:40:10 [INFO]     HTML 크기: 60971 bytes
2026-03-17 13:40:10 [INFO]     OaLkxeV3 포함: False
2026-03-17 13:40:10 [INFO]     GOWcekJV4 포함: False
2026-03-17 13:40:10 [INFO]     카드 발견: 0개
2026-03-17 13:40:10 [INFO]     카드 파싱 0건 -> 링크 직접 수집 폴백
2026-03-17 13:40:10 [INFO]     CLS_NAVER_LINK 링크: 0개
2026-03-17 13:40:10 [INFO]     2023.04 p3: 0건 (연속 빈 3회)
2026-03-17 13:40:10 [INFO]   2023.04 완료: +0건 (누적 0개)
2026-03-17 13:40:10 [INFO]     HTML 크기: 61683 bytes
2026-03-17 13:40:10 [INFO]     OaLkxeV3 포함: False
2026-03-17 13:40:10 [INFO]     GOWcekJV4 포함: False
2026-03-17 13:40:10 [INFO]     카드 발견: 0개
2026-03-17 13:40:10 [INFO]     카드 파싱 0건 -> 링크 직접 수집 폴백
2026-03-17 13:40:10 [INFO]     CLS_NAVER_LINK 링크: 0개
2026-03-17 13:40:10 [INFO]     2023.05 p1: 0건 (연속 빈 1회)
2026-03-17 13:40:12 [INFO]     HTML 크기: 59655 bytes
2026-03-17 13:40:12 [INFO]     OaLkxeV3 포함: False
2026-03-17 13:40:12 [INFO]     GOWcekJV4 포함: False
2026-03-17 13:40:12 [INFO]     카드 발견: 0개
2026-03-17 13:40:12 [INFO]     카드 파싱 0건 -> 링크 직접 수집 폴백
2026-03-17 13:40:12 [INFO]     CLS_NAVER_LINK 링크: 0개
2026-03-17 13:40:12 [INFO]     2023.05 p2: 0건 (연속 빈 2회)
2026-03-17 13:40:13 [INFO]     HTML 크기: 59458 bytes
2026-03-17 13:40:13 [INFO]     OaLkxeV3 포함: False
2026-03-17 13:40:13 [INFO]     GOWcekJV4 포함: False
2026-03-17 13:40:13 [INFO]     카드 발견: 0개
2026-03-17 13:40:13 [INFO]     카드 파싱 0건 -> 링크 직접 수집 폴백
2026-03-17 13:40:13 [INFO]     CLS_NAVER_LINK 링크: 0개
2026-03-17 13:40:13 [INFO]     2023.05 p3: 0건 (연속 빈 3회)
2026-03-17 13:40:13 [INFO]   2023.05 완료: +0건 (누적 0개)
2026-03-17 13:40:14 [INFO]     HTML 크기: 61825 bytes
2026-03-17 13:40:14 [INFO]     OaLkxeV3 포함: False
2026-03-17 13:40:14 [INFO]     GOWcekJV4 포함: False
2026-03-17 13:40:14 [INFO]     카드 발견: 0개
2026-03-17 13:40:14 [INFO]     카드 파싱 0건 -> 링크 직접 수집 폴백
2026-03-17 13:40:14 [INFO]     CLS_NAVER_LINK 링크: 0개
2026-03-17 13:40:14 [INFO]     2023.06 p1: 0건 (연속 빈 1회)
2026-03-17 13:40:15 [INFO]     HTML 크기: 58809 bytes
2026-03-17 13:40:15 [INFO]     OaLkxeV3 포함: False
2026-03-17 13:40:15 [INFO]     GOWcekJV4 포함: False
2026-03-17 13:40:15 [INFO]     카드 발견: 0개
2026-03-17 13:40:15 [INFO]     카드 파싱 0건 -> 링크 직접 수집 폴백
2026-03-17 13:40:15 [INFO]     CLS_NAVER_LINK 링크: 0개
2026-03-17 13:40:15 [INFO]     2023.06 p2: 0건 (연속 빈 2회)
2026-03-17 13:40:16 [INFO]     HTML 크기: 59017 bytes
2026-03-17 13:40:16 [INFO]     OaLkxeV3 포함: False
2026-03-17 13:40:16 [INFO]     GOWcekJV4 포함: False
2026-03-17 13:40:16 [INFO]     카드 발견: 0개
2026-03-17 13:40:16 [INFO]     카드 파싱 0건 -> 링크 직접 수집 폴백
2026-03-17 13:40:16 [INFO]     CLS_NAVER_LINK 링크: 0개
2026-03-17 13:40:16 [INFO]     2023.06 p3: 0건 (연속 빈 3회)
2026-03-17 13:40:16 [INFO]   2023.06 완료: +0건 (누적 0개)
2026-03-17 13:40:17 [INFO]     HTML 크기: 60472 bytes
2026-03-17 13:40:17 [INFO]     OaLkxeV3 포함: False
2026-03-17 13:40:17 [INFO]     GOWcekJV4 포함: False
2026-03-17 13:40:17 [INFO]     카드 발견: 0개
2026-03-17 13:40:17 [INFO]     카드 파싱 0건 -> 링크 직접 수집 폴백
2026-03-17 13:40:17 [INFO]     CLS_NAVER_LINK 링크: 0개
2026-03-17 13:40:17 [INFO]     2023.07 p1: 0건 (연속 빈 1회)
2026-03-17 13:40:18 [INFO]     HTML 크기: 59422 bytes
2026-03-17 13:40:18 [INFO]     OaLkxeV3 포함: False
2026-03-17 13:40:18 [INFO]     GOWcekJV4 포함: False
2026-03-17 13:40:18 [INFO]     카드 발견: 0개
2026-03-17 13:40:18 [INFO]     카드 파싱 0건 -> 링크 직접 수집 폴백
2026-03-17 13:40:18 [INFO]     CLS_NAVER_LINK 링크: 0개
2026-03-17 13:40:18 [INFO]     2023.07 p2: 0건 (연속 빈 2회)
2026-03-17 13:40:20 [INFO]     HTML 크기: 59578 bytes
2026-03-17 13:40:20 [INFO]     OaLkxeV3 포함: False
2026-03-17 13:40:20 [INFO]     GOWcekJV4 포함: False
2026-03-17 13:40:20 [INFO]     카드 발견: 0개
2026-03-17 13:40:20 [INFO]     카드 파싱 0건 -> 링크 직접 수집 폴백
2026-03-17 13:40:20 [INFO]     CLS_NAVER_LINK 링크: 0개
2026-03-17 13:40:20 [INFO]     2023.07 p3: 0건 (연속 빈 3회)
2026-03-17 13:40:20 [INFO]   2023.07 완료: +0건 (누적 0개)
2026-03-17 13:40:20 [INFO]     HTML 크기: 61113 bytes
2026-03-17 13:40:20 [INFO]     OaLkxeV3 포함: False
2026-03-17 13:40:20 [INFO]     GOWcekJV4 포함: False
2026-03-17 13:40:20 [INFO]     카드 발견: 0개
2026-03-17 13:40:20 [INFO]     카드 파싱 0건 -> 링크 직접 수집 폴백
2026-03-17 13:40:20 [INFO]     CLS_NAVER_LINK 링크: 0개
2026-03-17 13:40:20 [INFO]     2023.08 p1: 0건 (연속 빈 1회)
2026-03-17 13:40:21 [INFO]     HTML 크기: 60243 bytes
2026-03-17 13:40:21 [INFO]     OaLkxeV3 포함: False
2026-03-17 13:40:21 [INFO]     GOWcekJV4 포함: False
2026-03-17 13:40:21 [INFO]     카드 발견: 0개
2026-03-17 13:40:21 [INFO]     카드 파싱 0건 -> 링크 직접 수집 폴백
2026-03-17 13:40:21 [INFO]     CLS_NAVER_LINK 링크: 0개
2026-03-17 13:40:21 [INFO]     2023.08 p2: 0건 (연속 빈 2회)
2026-03-17 13:40:22 [INFO]     HTML 크기: 58212 bytes
2026-03-17 13:40:22 [INFO]     OaLkxeV3 포함: False
2026-03-17 13:40:22 [INFO]     GOWcekJV4 포함: False
2026-03-17 13:40:22 [INFO]     카드 발견: 0개
2026-03-17 13:40:22 [INFO]     카드 파싱 0건 -> 링크 직접 수집 폴백
2026-03-17 13:40:22 [INFO]     CLS_NAVER_LINK 링크: 0개
2026-03-17 13:40:22 [INFO]     2023.08 p3: 0건 (연속 빈 3회)
2026-03-17 13:40:22 [INFO]   2023.08 완료: +0건 (누적 0개)
2026-03-17 13:40:23 [INFO]     HTML 크기: 60572 bytes
2026-03-17 13:40:23 [INFO]     OaLkxeV3 포함: False
2026-03-17 13:40:23 [INFO]     GOWcekJV4 포함: False
2026-03-17 13:40:23 [INFO]     카드 발견: 0개
2026-03-17 13:40:23 [INFO]     카드 파싱 0건 -> 링크 직접 수집 폴백
2026-03-17 13:40:23 [INFO]     CLS_NAVER_LINK 링크: 0개
2026-03-17 13:40:23 [INFO]     2023.09 p1: 0건 (연속 빈 1회)
2026-03-17 13:40:24 [INFO]     HTML 크기: 60302 bytes
2026-03-17 13:40:24 [INFO]     OaLkxeV3 포함: False
2026-03-17 13:40:24 [INFO]     GOWcekJV4 포함: False
2026-03-17 13:40:24 [INFO]     카드 발견: 0개
2026-03-17 13:40:24 [INFO]     카드 파싱 0건 -> 링크 직접 수집 폴백
2026-03-17 13:40:24 [INFO]     CLS_NAVER_LINK 링크: 0개
2026-03-17 13:40:24 [INFO]     2023.09 p2: 0건 (연속 빈 2회)
2026-03-17 13:40:25 [INFO]     HTML 크기: 61104 bytes
2026-03-17 13:40:25 [INFO]     OaLkxeV3 포함: False
2026-03-17 13:40:25 [INFO]     GOWcekJV4 포함: False
2026-03-17 13:40:25 [INFO]     카드 발견: 0개
2026-03-17 13:40:25 [INFO]     카드 파싱 0건 -> 링크 직접 수집 폴백
2026-03-17 13:40:25 [INFO]     CLS_NAVER_LINK 링크: 0개
2026-03-17 13:40:25 [INFO]     2023.09 p3: 0건 (연속 빈 3회)
2026-03-17 13:40:25 [INFO]   2023.09 완료: +0건 (누적 0개)
2026-03-17 13:40:25 [INFO]     HTML 크기: 62087 bytes
2026-03-17 13:40:25 [INFO]     OaLkxeV3 포함: False
2026-03-17 13:40:25 [INFO]     GOWcekJV4 포함: False
2026-03-17 13:40:25 [INFO]     카드 발견: 0개
2026-03-17 13:40:25 [INFO]     카드 파싱 0건 -> 링크 직접 수집 폴백
2026-03-17 13:40:25 [INFO]     CLS_NAVER_LINK 링크: 0개
2026-03-17 13:40:25 [INFO]     2023.10 p1: 0건 (연속 빈 1회)
2026-03-17 13:40:27 [INFO]     HTML 크기: 60526 bytes
2026-03-17 13:40:27 [INFO]     OaLkxeV3 포함: False
2026-03-17 13:40:27 [INFO]     GOWcekJV4 포함: False
2026-03-17 13:40:27 [INFO]     카드 발견: 0개
2026-03-17 13:40:27 [INFO]     카드 파싱 0건 -> 링크 직접 수집 폴백
2026-03-17 13:40:27 [INFO]     CLS_NAVER_LINK 링크: 0개
2026-03-17 13:40:27 [INFO]     2023.10 p2: 0건 (연속 빈 2회)
2026-03-17 13:40:28 [INFO]     HTML 크기: 59386 bytes
2026-03-17 13:40:28 [INFO]     OaLkxeV3 포함: False
2026-03-17 13:40:28 [INFO]     GOWcekJV4 포함: False
2026-03-17 13:40:28 [INFO]     카드 발견: 0개
2026-03-17 13:40:28 [INFO]     카드 파싱 0건 -> 링크 직접 수집 폴백
2026-03-17 13:40:28 [INFO]     CLS_NAVER_LINK 링크: 0개
2026-03-17 13:40:28 [INFO]     2023.10 p3: 0건 (연속 빈 3회)
2026-03-17 13:40:28 [INFO]   2023.10 완료: +0건 (누적 0개)
2026-03-17 13:40:28 [INFO]     HTML 크기: 60810 bytes
2026-03-17 13:40:28 [INFO]     OaLkxeV3 포함: False
2026-03-17 13:40:28 [INFO]     GOWcekJV4 포함: False
2026-03-17 13:40:28 [INFO]     카드 발견: 0개
2026-03-17 13:40:28 [INFO]     카드 파싱 0건 -> 링크 직접 수집 폴백
2026-03-17 13:40:28 [INFO]     CLS_NAVER_LINK 링크: 0개
2026-03-17 13:40:28 [INFO]     2023.11 p1: 0건 (연속 빈 1회)
2026-03-17 13:40:29 [INFO]     HTML 크기: 61647 bytes
2026-03-17 13:40:29 [INFO]     OaLkxeV3 포함: False
2026-03-17 13:40:29 [INFO]     GOWcekJV4 포함: False
2026-03-17 13:40:29 [INFO]     카드 발견: 0개
2026-03-17 13:40:29 [INFO]     카드 파싱 0건 -> 링크 직접 수집 폴백
2026-03-17 13:40:29 [INFO]     CLS_NAVER_LINK 링크: 0개
2026-03-17 13:40:29 [INFO]     2023.11 p2: 0건 (연속 빈 2회)
2026-03-17 13:40:31 [INFO]     HTML 크기: 57842 bytes
2026-03-17 13:40:31 [INFO]     OaLkxeV3 포함: False
2026-03-17 13:40:31 [INFO]     GOWcekJV4 포함: False
2026-03-17 13:40:31 [INFO]     카드 발견: 0개
2026-03-17 13:40:31 [INFO]     카드 파싱 0건 -> 링크 직접 수집 폴백
2026-03-17 13:40:31 [INFO]     CLS_NAVER_LINK 링크: 0개
2026-03-17 13:40:31 [INFO]     2023.11 p3: 0건 (연속 빈 3회)
2026-03-17 13:40:31 [INFO]   2023.11 완료: +0건 (누적 0개)
2026-03-17 13:40:31 [INFO]     HTML 크기: 59803 bytes
2026-03-17 13:40:31 [INFO]     OaLkxeV3 포함: False
2026-03-17 13:40:31 [INFO]     GOWcekJV4 포함: False
2026-03-17 13:40:31 [INFO]     카드 발견: 0개
2026-03-17 13:40:31 [INFO]     카드 파싱 0건 -> 링크 직접 수집 폴백
2026-03-17 13:40:31 [INFO]     CLS_NAVER_LINK 링크: 0개
2026-03-17 13:40:31 [INFO]     2023.12 p1: 0건 (연속 빈 1회)
2026-03-17 13:40:32 [INFO]     HTML 크기: 61204 bytes
2026-03-17 13:40:32 [INFO]     OaLkxeV3 포함: False
2026-03-17 13:40:32 [INFO]     GOWcekJV4 포함: False
2026-03-17 13:40:32 [INFO]     카드 발견: 0개
2026-03-17 13:40:32 [INFO]     카드 파싱 0건 -> 링크 직접 수집 폴백
2026-03-17 13:40:32 [INFO]     CLS_NAVER_LINK 링크: 0개
2026-03-17 13:40:32 [INFO]     2023.12 p2: 0건 (연속 빈 2회)
2026-03-17 13:40:34 [INFO]     HTML 크기: 58922 bytes
2026-03-17 13:40:34 [INFO]     OaLkxeV3 포함: False
2026-03-17 13:40:34 [INFO]     GOWcekJV4 포함: False
2026-03-17 13:40:34 [INFO]     카드 발견: 0개
2026-03-17 13:40:34 [INFO]     카드 파싱 0건 -> 링크 직접 수집 폴백
2026-03-17 13:40:34 [INFO]     CLS_NAVER_LINK 링크: 0개
2026-03-17 13:40:34 [INFO]     2023.12 p3: 0건 (연속 빈 3회)
2026-03-17 13:40:34 [INFO]   2023.12 완료: +0건 (누적 0개)
2026-03-17 13:40:34 [INFO]     HTML 크기: 62676 bytes
2026-03-17 13:40:34 [INFO]     OaLkxeV3 포함: False
2026-03-17 13:40:34 [INFO]     GOWcekJV4 포함: False
2026-03-17 13:40:34 [INFO]     카드 발견: 0개
2026-03-17 13:40:34 [INFO]     카드 파싱 0건 -> 링크 직접 수집 폴백
2026-03-17 13:40:34 [INFO]     CLS_NAVER_LINK 링크: 0개
2026-03-17 13:40:34 [INFO]     2024.01 p1: 0건 (연속 빈 1회)
2026-03-17 13:40:35 [INFO]     HTML 크기: 59809 bytes
2026-03-17 13:40:35 [INFO]     OaLkxeV3 포함: False
2026-03-17 13:40:35 [INFO]     GOWcekJV4 포함: False
2026-03-17 13:40:35 [INFO]     카드 발견: 0개
2026-03-17 13:40:35 [INFO]     카드 파싱 0건 -> 링크 직접 수집 폴백
2026-03-17 13:40:35 [INFO]     CLS_NAVER_LINK 링크: 0개
2026-03-17 13:40:35 [INFO]     2024.01 p2: 0건 (연속 빈 2회)
2026-03-17 13:40:37 [INFO]     HTML 크기: 58425 bytes
2026-03-17 13:40:37 [INFO]     OaLkxeV3 포함: False
2026-03-17 13:40:37 [INFO]     GOWcekJV4 포함: False
2026-03-17 13:40:37 [INFO]     카드 발견: 0개
2026-03-17 13:40:37 [INFO]     카드 파싱 0건 -> 링크 직접 수집 폴백
2026-03-17 13:40:37 [INFO]     CLS_NAVER_LINK 링크: 0개
2026-03-17 13:40:37 [INFO]     2024.01 p3: 0건 (연속 빈 3회)
2026-03-17 13:40:37 [INFO]   2024.01 완료: +0건 (누적 0개)
2026-03-17 13:40:37 [INFO]     HTML 크기: 63776 bytes
2026-03-17 13:40:37 [INFO]     OaLkxeV3 포함: False
2026-03-17 13:40:37 [INFO]     GOWcekJV4 포함: False
2026-03-17 13:40:37 [INFO]     카드 발견: 0개
2026-03-17 13:40:37 [INFO]     카드 파싱 0건 -> 링크 직접 수집 폴백
2026-03-17 13:40:37 [INFO]     CLS_NAVER_LINK 링크: 0개
2026-03-17 13:40:37 [INFO]     2024.02 p1: 0건 (연속 빈 1회)
2026-03-17 13:40:38 [INFO]     HTML 크기: 59038 bytes
2026-03-17 13:40:38 [INFO]     OaLkxeV3 포함: False
2026-03-17 13:40:38 [INFO]     GOWcekJV4 포함: False
2026-03-17 13:40:38 [INFO]     카드 발견: 0개
2026-03-17 13:40:38 [INFO]     카드 파싱 0건 -> 링크 직접 수집 폴백
2026-03-17 13:40:38 [INFO]     CLS_NAVER_LINK 링크: 0개
2026-03-17 13:40:38 [INFO]     2024.02 p2: 0건 (연속 빈 2회)
2026-03-17 13:40:39 [INFO]     HTML 크기: 60152 bytes
2026-03-17 13:40:39 [INFO]     OaLkxeV3 포함: False
2026-03-17 13:40:39 [INFO]     GOWcekJV4 포함: False
2026-03-17 13:40:39 [INFO]     카드 발견: 0개
2026-03-17 13:40:39 [INFO]     카드 파싱 0건 -> 링크 직접 수집 폴백
2026-03-17 13:40:39 [INFO]     CLS_NAVER_LINK 링크: 0개
2026-03-17 13:40:39 [INFO]     2024.02 p3: 0건 (연속 빈 3회)
2026-03-17 13:40:39 [INFO]   2024.02 완료: +0건 (누적 0개)
2026-03-17 13:40:40 [INFO]     HTML 크기: 61782 bytes
2026-03-17 13:40:40 [INFO]     OaLkxeV3 포함: False
2026-03-17 13:40:40 [INFO]     GOWcekJV4 포함: False
2026-03-17 13:40:40 [INFO]     카드 발견: 0개
2026-03-17 13:40:40 [INFO]     카드 파싱 0건 -> 링크 직접 수집 폴백
2026-03-17 13:40:40 [INFO]     CLS_NAVER_LINK 링크: 0개
2026-03-17 13:40:40 [INFO]     2024.03 p1: 0건 (연속 빈 1회)
2026-03-17 13:40:41 [INFO]     HTML 크기: 59719 bytes
2026-03-17 13:40:41 [INFO]     OaLkxeV3 포함: False
2026-03-17 13:40:41 [INFO]     GOWcekJV4 포함: False
2026-03-17 13:40:41 [INFO]     카드 발견: 0개
2026-03-17 13:40:41 [INFO]     카드 파싱 0건 -> 링크 직접 수집 폴백
2026-03-17 13:40:41 [INFO]     CLS_NAVER_LINK 링크: 0개
2026-03-17 13:40:41 [INFO]     2024.03 p2: 0건 (연속 빈 2회)
2026-03-17 13:40:43 [INFO]     HTML 크기: 59068 bytes
2026-03-17 13:40:43 [INFO]     OaLkxeV3 포함: False
2026-03-17 13:40:43 [INFO]     GOWcekJV4 포함: False
2026-03-17 13:40:43 [INFO]     카드 발견: 0개
2026-03-17 13:40:43 [INFO]     카드 파싱 0건 -> 링크 직접 수집 폴백
2026-03-17 13:40:43 [INFO]     CLS_NAVER_LINK 링크: 0개
2026-03-17 13:40:43 [INFO]     2024.03 p3: 0건 (연속 빈 3회)
2026-03-17 13:40:43 [INFO]   2024.03 완료: +0건 (누적 0개)
2026-03-17 13:40:43 [INFO]     HTML 크기: 62761 bytes
2026-03-17 13:40:43 [INFO]     OaLkxeV3 포함: False
2026-03-17 13:40:43 [INFO]     GOWcekJV4 포함: False
2026-03-17 13:40:43 [INFO]     카드 발견: 0개
2026-03-17 13:40:43 [INFO]     카드 파싱 0건 -> 링크 직접 수집 폴백
2026-03-17 13:40:43 [INFO]     CLS_NAVER_LINK 링크: 0개
2026-03-17 13:40:43 [INFO]     2024.04 p1: 0건 (연속 빈 1회)
2026-03-17 13:40:44 [INFO]     HTML 크기: 61601 bytes
2026-03-17 13:40:44 [INFO]     OaLkxeV3 포함: False
2026-03-17 13:40:44 [INFO]     GOWcekJV4 포함: False
2026-03-17 13:40:44 [INFO]     카드 발견: 0개
2026-03-17 13:40:44 [INFO]     카드 파싱 0건 -> 링크 직접 수집 폴백
2026-03-17 13:40:44 [INFO]     CLS_NAVER_LINK 링크: 0개
2026-03-17 13:40:44 [INFO]     2024.04 p2: 0건 (연속 빈 2회)
2026-03-17 13:40:45 [INFO]     HTML 크기: 59560 bytes
2026-03-17 13:40:45 [INFO]     OaLkxeV3 포함: False
2026-03-17 13:40:45 [INFO]     GOWcekJV4 포함: False
2026-03-17 13:40:45 [INFO]     카드 발견: 0개
2026-03-17 13:40:45 [INFO]     카드 파싱 0건 -> 링크 직접 수집 폴백
2026-03-17 13:40:45 [INFO]     CLS_NAVER_LINK 링크: 0개
2026-03-17 13:40:45 [INFO]     2024.04 p3: 0건 (연속 빈 3회)
2026-03-17 13:40:45 [INFO]   2024.04 완료: +0건 (누적 0개)
2026-03-17 13:40:45 [INFO]     HTML 크기: 61083 bytes
2026-03-17 13:40:45 [INFO]     OaLkxeV3 포함: False
2026-03-17 13:40:45 [INFO]     GOWcekJV4 포함: False
2026-03-17 13:40:45 [INFO]     카드 발견: 0개
2026-03-17 13:40:45 [INFO]     카드 파싱 0건 -> 링크 직접 수집 폴백
2026-03-17 13:40:45 [INFO]     CLS_NAVER_LINK 링크: 0개
2026-03-17 13:40:45 [INFO]     2024.05 p1: 0건 (연속 빈 1회)
2026-03-17 13:40:47 [INFO]     HTML 크기: 59032 bytes
2026-03-17 13:40:47 [INFO]     OaLkxeV3 포함: False
2026-03-17 13:40:47 [INFO]     GOWcekJV4 포함: False
2026-03-17 13:40:47 [INFO]     카드 발견: 0개
2026-03-17 13:40:47 [INFO]     카드 파싱 0건 -> 링크 직접 수집 폴백
2026-03-17 13:40:47 [INFO]     CLS_NAVER_LINK 링크: 0개
2026-03-17 13:40:47 [INFO]     2024.05 p2: 0건 (연속 빈 2회)
2026-03-17 13:40:48 [INFO]     HTML 크기: 60453 bytes
2026-03-17 13:40:48 [INFO]     OaLkxeV3 포함: False
2026-03-17 13:40:48 [INFO]     GOWcekJV4 포함: False
2026-03-17 13:40:48 [INFO]     카드 발견: 0개
2026-03-17 13:40:48 [INFO]     카드 파싱 0건 -> 링크 직접 수집 폴백
2026-03-17 13:40:48 [INFO]     CLS_NAVER_LINK 링크: 0개
2026-03-17 13:40:48 [INFO]     2024.05 p3: 0건 (연속 빈 3회)
2026-03-17 13:40:48 [INFO]   2024.05 완료: +0건 (누적 0개)
2026-03-17 13:40:48 [INFO]     HTML 크기: 62289 bytes
2026-03-17 13:40:48 [INFO]     OaLkxeV3 포함: False
2026-03-17 13:40:48 [INFO]     GOWcekJV4 포함: False
2026-03-17 13:40:48 [INFO]     카드 발견: 0개
2026-03-17 13:40:48 [INFO]     카드 파싱 0건 -> 링크 직접 수집 폴백
2026-03-17 13:40:48 [INFO]     CLS_NAVER_LINK 링크: 0개
2026-03-17 13:40:48 [INFO]     2024.06 p1: 0건 (연속 빈 1회)
2026-03-17 13:40:49 [INFO]     HTML 크기: 58796 bytes
2026-03-17 13:40:49 [INFO]     OaLkxeV3 포함: False
2026-03-17 13:40:49 [INFO]     GOWcekJV4 포함: False
2026-03-17 13:40:49 [INFO]     카드 발견: 0개
2026-03-17 13:40:49 [INFO]     카드 파싱 0건 -> 링크 직접 수집 폴백
2026-03-17 13:40:49 [INFO]     CLS_NAVER_LINK 링크: 0개
2026-03-17 13:40:49 [INFO]     2024.06 p2: 0건 (연속 빈 2회)
2026-03-17 13:40:50 [INFO]     HTML 크기: 57577 bytes
2026-03-17 13:40:50 [INFO]     OaLkxeV3 포함: False
2026-03-17 13:40:50 [INFO]     GOWcekJV4 포함: False
2026-03-17 13:40:50 [INFO]     카드 발견: 0개
2026-03-17 13:40:50 [INFO]     카드 파싱 0건 -> 링크 직접 수집 폴백
2026-03-17 13:40:50 [INFO]     CLS_NAVER_LINK 링크: 0개
2026-03-17 13:40:50 [INFO]     2024.06 p3: 0건 (연속 빈 3회)
2026-03-17 13:40:50 [INFO]   2024.06 완료: +0건 (누적 0개)
2026-03-17 13:40:51 [INFO]     HTML 크기: 61739 bytes
2026-03-17 13:40:51 [INFO]     OaLkxeV3 포함: False
2026-03-17 13:40:51 [INFO]     GOWcekJV4 포함: False
2026-03-17 13:40:51 [INFO]     카드 발견: 0개
2026-03-17 13:40:51 [INFO]     카드 파싱 0건 -> 링크 직접 수집 폴백
2026-03-17 13:40:51 [INFO]     CLS_NAVER_LINK 링크: 0개
2026-03-17 13:40:51 [INFO]     2024.07 p1: 0건 (연속 빈 1회)
2026-03-17 13:40:52 [INFO]     HTML 크기: 60558 bytes
2026-03-17 13:40:52 [INFO]     OaLkxeV3 포함: False
2026-03-17 13:40:52 [INFO]     GOWcekJV4 포함: False
2026-03-17 13:40:52 [INFO]     카드 발견: 0개
2026-03-17 13:40:52 [INFO]     카드 파싱 0건 -> 링크 직접 수집 폴백
2026-03-17 13:40:52 [INFO]     CLS_NAVER_LINK 링크: 0개
2026-03-17 13:40:52 [INFO]     2024.07 p2: 0건 (연속 빈 2회)
2026-03-17 13:40:53 [INFO]     HTML 크기: 58907 bytes
2026-03-17 13:40:53 [INFO]     OaLkxeV3 포함: False
2026-03-17 13:40:53 [INFO]     GOWcekJV4 포함: False
2026-03-17 13:40:53 [INFO]     카드 발견: 0개
2026-03-17 13:40:53 [INFO]     카드 파싱 0건 -> 링크 직접 수집 폴백
2026-03-17 13:40:53 [INFO]     CLS_NAVER_LINK 링크: 0개
2026-03-17 13:40:53 [INFO]     2024.07 p3: 0건 (연속 빈 3회)
2026-03-17 13:40:53 [INFO]   2024.07 완료: +0건 (누적 0개)
2026-03-17 13:40:53 [INFO]     HTML 크기: 63265 bytes
2026-03-17 13:40:53 [INFO]     OaLkxeV3 포함: False
2026-03-17 13:40:53 [INFO]     GOWcekJV4 포함: False
2026-03-17 13:40:53 [INFO]     카드 발견: 0개
2026-03-17 13:40:53 [INFO]     카드 파싱 0건 -> 링크 직접 수집 폴백
2026-03-17 13:40:53 [INFO]     CLS_NAVER_LINK 링크: 0개
2026-03-17 13:40:53 [INFO]     2024.08 p1: 0건 (연속 빈 1회)
2026-03-17 13:40:54 [INFO]     HTML 크기: 59320 bytes
2026-03-17 13:40:54 [INFO]     OaLkxeV3 포함: False
2026-03-17 13:40:54 [INFO]     GOWcekJV4 포함: False
2026-03-17 13:40:54 [INFO]     카드 발견: 0개
2026-03-17 13:40:54 [INFO]     카드 파싱 0건 -> 링크 직접 수집 폴백
2026-03-17 13:40:54 [INFO]     CLS_NAVER_LINK 링크: 0개
2026-03-17 13:40:54 [INFO]     2024.08 p2: 0건 (연속 빈 2회)
2026-03-17 13:40:56 [INFO]     HTML 크기: 59504 bytes
2026-03-17 13:40:56 [INFO]     OaLkxeV3 포함: False
2026-03-17 13:40:56 [INFO]     GOWcekJV4 포함: False
2026-03-17 13:40:56 [INFO]     카드 발견: 0개
2026-03-17 13:40:56 [INFO]     카드 파싱 0건 -> 링크 직접 수집 폴백
2026-03-17 13:40:56 [INFO]     CLS_NAVER_LINK 링크: 0개
2026-03-17 13:40:56 [INFO]     2024.08 p3: 0건 (연속 빈 3회)
2026-03-17 13:40:56 [INFO]   2024.08 완료: +0건 (누적 0개)
2026-03-17 13:40:56 [INFO]     HTML 크기: 61495 bytes
2026-03-17 13:40:56 [INFO]     OaLkxeV3 포함: False
2026-03-17 13:40:56 [INFO]     GOWcekJV4 포함: False
2026-03-17 13:40:56 [INFO]     카드 발견: 0개
2026-03-17 13:40:56 [INFO]     카드 파싱 0건 -> 링크 직접 수집 폴백
2026-03-17 13:40:56 [INFO]     CLS_NAVER_LINK 링크: 0개
2026-03-17 13:40:56 [INFO]     2024.09 p1: 0건 (연속 빈 1회)
2026-03-17 13:40:57 [INFO]     HTML 크기: 58893 bytes
2026-03-17 13:40:57 [INFO]     OaLkxeV3 포함: False
2026-03-17 13:40:57 [INFO]     GOWcekJV4 포함: False
2026-03-17 13:40:57 [INFO]     카드 발견: 0개
2026-03-17 13:40:57 [INFO]     카드 파싱 0건 -> 링크 직접 수집 폴백
2026-03-17 13:40:57 [INFO]     CLS_NAVER_LINK 링크: 0개
2026-03-17 13:40:57 [INFO]     2024.09 p2: 0건 (연속 빈 2회)
2026-03-17 13:40:59 [INFO]     HTML 크기: 57876 bytes
2026-03-17 13:40:59 [INFO]     OaLkxeV3 포함: False
2026-03-17 13:40:59 [INFO]     GOWcekJV4 포함: False
2026-03-17 13:40:59 [INFO]     카드 발견: 0개
2026-03-17 13:40:59 [INFO]     카드 파싱 0건 -> 링크 직접 수집 폴백
2026-03-17 13:40:59 [INFO]     CLS_NAVER_LINK 링크: 0개
2026-03-17 13:40:59 [INFO]     2024.09 p3: 0건 (연속 빈 3회)
2026-03-17 13:40:59 [INFO]   2024.09 완료: +0건 (누적 0개)
2026-03-17 13:40:59 [INFO]     HTML 크기: 60913 bytes
2026-03-17 13:40:59 [INFO]     OaLkxeV3 포함: False
2026-03-17 13:40:59 [INFO]     GOWcekJV4 포함: False
2026-03-17 13:40:59 [INFO]     카드 발견: 0개
2026-03-17 13:40:59 [INFO]     카드 파싱 0건 -> 링크 직접 수집 폴백
2026-03-17 13:40:59 [INFO]     CLS_NAVER_LINK 링크: 0개
2026-03-17 13:40:59 [INFO]     2024.10 p1: 0건 (연속 빈 1회)
2026-03-17 13:41:06 [WARNING] [1/3] HTTP 오류: 403 Client Error: Forbidden for url: https://search.naver.com/search.naver?where=news&query=%EC%82%BC%EC%84%B1%EC%A0%84%EC%9E%90&pd=3&ds=2024.10.01&de=2024.10.31&start=10&sort=0
2026-03-17 13:41:10 [INFO]     HTML 크기: 61008 bytes
2026-03-17 13:41:10 [INFO]     OaLkxeV3 포함: False
2026-03-17 13:41:10 [INFO]     GOWcekJV4 포함: False
2026-03-17 13:41:10 [INFO]     카드 발견: 0개
2026-03-17 13:41:10 [INFO]     카드 파싱 0건 -> 링크 직접 수집 폴백
2026-03-17 13:41:10 [INFO]     CLS_NAVER_LINK 링크: 0개
2026-03-17 13:41:10 [INFO]     2024.10 p2: 0건 (연속 빈 2회)
2026-03-17 13:41:11 [INFO]     HTML 크기: 59715 bytes
2026-03-17 13:41:11 [INFO]     OaLkxeV3 포함: False
2026-03-17 13:41:11 [INFO]     GOWcekJV4 포함: False
2026-03-17 13:41:11 [INFO]     카드 발견: 0개
2026-03-17 13:41:11 [INFO]     카드 파싱 0건 -> 링크 직접 수집 폴백
2026-03-17 13:41:11 [INFO]     CLS_NAVER_LINK 링크: 0개
2026-03-17 13:41:11 [INFO]     2024.10 p3: 0건 (연속 빈 3회)
2026-03-17 13:41:11 [INFO]   2024.10 완료: +0건 (누적 0개)
2026-03-17 13:41:11 [INFO]     HTML 크기: 62650 bytes
2026-03-17 13:41:11 [INFO]     OaLkxeV3 포함: False
2026-03-17 13:41:11 [INFO]     GOWcekJV4 포함: False
2026-03-17 13:41:11 [INFO]     카드 발견: 0개
2026-03-17 13:41:11 [INFO]     카드 파싱 0건 -> 링크 직접 수집 폴백
2026-03-17 13:41:11 [INFO]     CLS_NAVER_LINK 링크: 0개
2026-03-17 13:41:11 [INFO]     2024.11 p1: 0건 (연속 빈 1회)
2026-03-17 13:41:12 [INFO]     HTML 크기: 58925 bytes
2026-03-17 13:41:12 [INFO]     OaLkxeV3 포함: False
2026-03-17 13:41:12 [INFO]     GOWcekJV4 포함: False
2026-03-17 13:41:12 [INFO]     카드 발견: 0개
2026-03-17 13:41:12 [INFO]     카드 파싱 0건 -> 링크 직접 수집 폴백
2026-03-17 13:41:12 [INFO]     CLS_NAVER_LINK 링크: 0개
2026-03-17 13:41:12 [INFO]     2024.11 p2: 0건 (연속 빈 2회)
2026-03-17 13:41:14 [INFO]     HTML 크기: 58907 bytes
2026-03-17 13:41:14 [INFO]     OaLkxeV3 포함: False
2026-03-17 13:41:14 [INFO]     GOWcekJV4 포함: False
2026-03-17 13:41:14 [INFO]     카드 발견: 0개
2026-03-17 13:41:14 [INFO]     카드 파싱 0건 -> 링크 직접 수집 폴백
2026-03-17 13:41:14 [INFO]     CLS_NAVER_LINK 링크: 0개
2026-03-17 13:41:14 [INFO]     2024.11 p3: 0건 (연속 빈 3회)
2026-03-17 13:41:14 [INFO]   2024.11 완료: +0건 (누적 0개)
2026-03-17 13:41:14 [INFO]     HTML 크기: 61718 bytes
2026-03-17 13:41:14 [INFO]     OaLkxeV3 포함: False
2026-03-17 13:41:14 [INFO]     GOWcekJV4 포함: False
2026-03-17 13:41:14 [INFO]     카드 발견: 0개
2026-03-17 13:41:14 [INFO]     카드 파싱 0건 -> 링크 직접 수집 폴백
2026-03-17 13:41:14 [INFO]     CLS_NAVER_LINK 링크: 0개
2026-03-17 13:41:14 [INFO]     2024.12 p1: 0건 (연속 빈 1회)
2026-03-17 13:41:21 [WARNING] [1/3] HTTP 오류: 403 Client Error: Forbidden for url: https://search.naver.com/search.naver?where=news&query=%EC%82%BC%EC%84%B1%EC%A0%84%EC%9E%90&pd=3&ds=2024.12.01&de=2024.12.31&start=10&sort=0
2026-03-17 13:41:24 [INFO]     HTML 크기: 60012 bytes
2026-03-17 13:41:24 [INFO]     OaLkxeV3 포함: False
2026-03-17 13:41:24 [INFO]     GOWcekJV4 포함: False
2026-03-17 13:41:24 [INFO]     카드 발견: 0개
2026-03-17 13:41:24 [INFO]     카드 파싱 0건 -> 링크 직접 수집 폴백
2026-03-17 13:41:24 [INFO]     CLS_NAVER_LINK 링크: 0개
2026-03-17 13:41:24 [INFO]     2024.12 p2: 0건 (연속 빈 2회)
2026-03-17 13:41:25 [INFO]     HTML 크기: 57219 bytes
2026-03-17 13:41:25 [INFO]     OaLkxeV3 포함: False
2026-03-17 13:41:25 [INFO]     GOWcekJV4 포함: False
2026-03-17 13:41:25 [INFO]     카드 발견: 0개
2026-03-17 13:41:25 [INFO]     카드 파싱 0건 -> 링크 직접 수집 폴백
2026-03-17 13:41:25 [INFO]     CLS_NAVER_LINK 링크: 0개
2026-03-17 13:41:25 [INFO]     2024.12 p3: 0건 (연속 빈 3회)
2026-03-17 13:41:25 [INFO]   2024.12 완료: +0건 (누적 0개)
2026-03-17 13:41:26 [INFO]     HTML 크기: 62481 bytes
2026-03-17 13:41:26 [INFO]     OaLkxeV3 포함: False
2026-03-17 13:41:26 [INFO]     GOWcekJV4 포함: False
2026-03-17 13:41:26 [INFO]     카드 발견: 0개
2026-03-17 13:41:26 [INFO]     카드 파싱 0건 -> 링크 직접 수집 폴백
2026-03-17 13:41:26 [INFO]     CLS_NAVER_LINK 링크: 0개
2026-03-17 13:41:26 [INFO]     2025.01 p1: 0건 (연속 빈 1회)
2026-03-17 13:41:27 [INFO]     HTML 크기: 61242 bytes
2026-03-17 13:41:27 [INFO]     OaLkxeV3 포함: False
2026-03-17 13:41:27 [INFO]     GOWcekJV4 포함: False
2026-03-17 13:41:27 [INFO]     카드 발견: 0개
2026-03-17 13:41:27 [INFO]     카드 파싱 0건 -> 링크 직접 수집 폴백
2026-03-17 13:41:27 [INFO]     CLS_NAVER_LINK 링크: 0개
2026-03-17 13:41:27 [INFO]     2025.01 p2: 0건 (연속 빈 2회)
2026-03-17 13:41:28 [INFO]     HTML 크기: 60317 bytes
2026-03-17 13:41:28 [INFO]     OaLkxeV3 포함: False
2026-03-17 13:41:28 [INFO]     GOWcekJV4 포함: False
2026-03-17 13:41:28 [INFO]     카드 발견: 0개
2026-03-17 13:41:28 [INFO]     카드 파싱 0건 -> 링크 직접 수집 폴백
2026-03-17 13:41:28 [INFO]     CLS_NAVER_LINK 링크: 0개
2026-03-17 13:41:28 [INFO]     2025.01 p3: 0건 (연속 빈 3회)
2026-03-17 13:41:28 [INFO]   2025.01 완료: +0건 (누적 0개)
2026-03-17 13:41:34 [WARNING] [1/3] HTTP 오류: 403 Client Error: Forbidden for url: https://search.naver.com/search.naver?where=news&query=%EC%82%BC%EC%84%B1%EC%A0%84%EC%9E%90&pd=3&ds=2025.02.01&de=2025.02.28&start=0&sort=0
2026-03-17 13:41:37 [INFO]     HTML 크기: 60483 bytes
2026-03-17 13:41:37 [INFO]     OaLkxeV3 포함: False
2026-03-17 13:41:37 [INFO]     GOWcekJV4 포함: False
2026-03-17 13:41:37 [INFO]     카드 발견: 0개
2026-03-17 13:41:37 [INFO]     카드 파싱 0건 -> 링크 직접 수집 폴백
2026-03-17 13:41:37 [INFO]     CLS_NAVER_LINK 링크: 0개
2026-03-17 13:41:37 [INFO]     2025.02 p1: 0건 (연속 빈 1회)
2026-03-17 13:41:39 [INFO]     HTML 크기: 59767 bytes
2026-03-17 13:41:39 [INFO]     OaLkxeV3 포함: False
2026-03-17 13:41:39 [INFO]     GOWcekJV4 포함: False
2026-03-17 13:41:39 [INFO]     카드 발견: 0개
2026-03-17 13:41:39 [INFO]     카드 파싱 0건 -> 링크 직접 수집 폴백
2026-03-17 13:41:39 [INFO]     CLS_NAVER_LINK 링크: 0개
2026-03-17 13:41:39 [INFO]     2025.02 p2: 0건 (연속 빈 2회)
2026-03-17 13:41:41 [INFO]     HTML 크기: 59952 bytes
2026-03-17 13:41:41 [INFO]     OaLkxeV3 포함: False
2026-03-17 13:41:41 [INFO]     GOWcekJV4 포함: False
2026-03-17 13:41:41 [INFO]     카드 발견: 0개
2026-03-17 13:41:41 [INFO]     카드 파싱 0건 -> 링크 직접 수집 폴백
2026-03-17 13:41:41 [INFO]     CLS_NAVER_LINK 링크: 0개
2026-03-17 13:41:41 [INFO]     2025.02 p3: 0건 (연속 빈 3회)
2026-03-17 13:41:41 [INFO]   2025.02 완료: +0건 (누적 0개)
2026-03-17 13:41:41 [INFO]     HTML 크기: 59858 bytes
2026-03-17 13:41:41 [INFO]     OaLkxeV3 포함: False
2026-03-17 13:41:41 [INFO]     GOWcekJV4 포함: False
2026-03-17 13:41:41 [INFO]     카드 발견: 0개
2026-03-17 13:41:41 [INFO]     카드 파싱 0건 -> 링크 직접 수집 폴백
2026-03-17 13:41:41 [INFO]     CLS_NAVER_LINK 링크: 0개
2026-03-17 13:41:41 [INFO]     2025.03 p1: 0건 (연속 빈 1회)
2026-03-17 13:41:42 [INFO]     HTML 크기: 59945 bytes
2026-03-17 13:41:42 [INFO]     OaLkxeV3 포함: False
2026-03-17 13:41:42 [INFO]     GOWcekJV4 포함: False
2026-03-17 13:41:42 [INFO]     카드 발견: 0개
2026-03-17 13:41:42 [INFO]     카드 파싱 0건 -> 링크 직접 수집 폴백
2026-03-17 13:41:42 [INFO]     CLS_NAVER_LINK 링크: 0개
2026-03-17 13:41:42 [INFO]     2025.03 p2: 0건 (연속 빈 2회)
2026-03-17 13:41:43 [INFO]     HTML 크기: 58645 bytes
2026-03-17 13:41:43 [INFO]     OaLkxeV3 포함: False
2026-03-17 13:41:43 [INFO]     GOWcekJV4 포함: False
2026-03-17 13:41:43 [INFO]     카드 발견: 0개
2026-03-17 13:41:43 [INFO]     카드 파싱 0건 -> 링크 직접 수집 폴백
2026-03-17 13:41:43 [INFO]     CLS_NAVER_LINK 링크: 0개
2026-03-17 13:41:43 [INFO]     2025.03 p3: 0건 (연속 빈 3회)
2026-03-17 13:41:43 [INFO]   2025.03 완료: +0건 (누적 0개)
2026-03-17 13:41:50 [WARNING] [1/3] HTTP 오류: 403 Client Error: Forbidden for url: https://search.naver.com/search.naver?where=news&query=%EC%82%BC%EC%84%B1%EC%A0%84%EC%9E%90&pd=3&ds=2025.04.01&de=2025.04.30&start=0&sort=0
2026-03-17 13:41:53 [INFO]     HTML 크기: 61257 bytes
2026-03-17 13:41:53 [INFO]     OaLkxeV3 포함: False
2026-03-17 13:41:53 [INFO]     GOWcekJV4 포함: False
2026-03-17 13:41:53 [INFO]     카드 발견: 0개
2026-03-17 13:41:53 [INFO]     카드 파싱 0건 -> 링크 직접 수집 폴백
2026-03-17 13:41:53 [INFO]     CLS_NAVER_LINK 링크: 0개
2026-03-17 13:41:53 [INFO]     2025.04 p1: 0건 (연속 빈 1회)
2026-03-17 13:41:54 [INFO]     HTML 크기: 60962 bytes
2026-03-17 13:41:54 [INFO]     OaLkxeV3 포함: False
2026-03-17 13:41:54 [INFO]     GOWcekJV4 포함: False
2026-03-17 13:41:54 [INFO]     카드 발견: 0개
2026-03-17 13:41:54 [INFO]     카드 파싱 0건 -> 링크 직접 수집 폴백
2026-03-17 13:41:54 [INFO]     CLS_NAVER_LINK 링크: 0개
2026-03-17 13:41:54 [INFO]     2025.04 p2: 0건 (연속 빈 2회)
2026-03-17 13:41:56 [INFO]     HTML 크기: 59606 bytes
2026-03-17 13:41:56 [INFO]     OaLkxeV3 포함: False
2026-03-17 13:41:56 [INFO]     GOWcekJV4 포함: False
2026-03-17 13:41:56 [INFO]     카드 발견: 0개
2026-03-17 13:41:56 [INFO]     카드 파싱 0건 -> 링크 직접 수집 폴백
2026-03-17 13:41:56 [INFO]     CLS_NAVER_LINK 링크: 0개
2026-03-17 13:41:56 [INFO]     2025.04 p3: 0건 (연속 빈 3회)
2026-03-17 13:41:56 [INFO]   2025.04 완료: +0건 (누적 0개)
2026-03-17 13:41:56 [INFO]     HTML 크기: 59320 bytes
2026-03-17 13:41:56 [INFO]     OaLkxeV3 포함: False
2026-03-17 13:41:56 [INFO]     GOWcekJV4 포함: False
2026-03-17 13:41:56 [INFO]     카드 발견: 0개
2026-03-17 13:41:56 [INFO]     카드 파싱 0건 -> 링크 직접 수집 폴백
2026-03-17 13:41:56 [INFO]     CLS_NAVER_LINK 링크: 0개
2026-03-17 13:41:56 [INFO]     2025.05 p1: 0건 (연속 빈 1회)
2026-03-17 13:41:57 [INFO]     HTML 크기: 59495 bytes
2026-03-17 13:41:57 [INFO]     OaLkxeV3 포함: False
2026-03-17 13:41:57 [INFO]     GOWcekJV4 포함: False
2026-03-17 13:41:57 [INFO]     카드 발견: 0개
2026-03-17 13:41:57 [INFO]     카드 파싱 0건 -> 링크 직접 수집 폴백
2026-03-17 13:41:57 [INFO]     CLS_NAVER_LINK 링크: 0개
2026-03-17 13:41:57 [INFO]     2025.05 p2: 0건 (연속 빈 2회)
2026-03-17 13:41:59 [INFO]     HTML 크기: 60933 bytes
2026-03-17 13:41:59 [INFO]     OaLkxeV3 포함: False
2026-03-17 13:41:59 [INFO]     GOWcekJV4 포함: False
2026-03-17 13:41:59 [INFO]     카드 발견: 0개
2026-03-17 13:41:59 [INFO]     카드 파싱 0건 -> 링크 직접 수집 폴백
2026-03-17 13:41:59 [INFO]     CLS_NAVER_LINK 링크: 0개
2026-03-17 13:41:59 [INFO]     2025.05 p3: 0건 (연속 빈 3회)
2026-03-17 13:41:59 [INFO]   2025.05 완료: +0건 (누적 0개)
2026-03-17 13:41:59 [INFO]     HTML 크기: 60025 bytes
2026-03-17 13:41:59 [INFO]     OaLkxeV3 포함: False
2026-03-17 13:41:59 [INFO]     GOWcekJV4 포함: False
2026-03-17 13:41:59 [INFO]     카드 발견: 0개
2026-03-17 13:41:59 [INFO]     카드 파싱 0건 -> 링크 직접 수집 폴백
2026-03-17 13:41:59 [INFO]     CLS_NAVER_LINK 링크: 0개
2026-03-17 13:41:59 [INFO]     2025.06 p1: 0건 (연속 빈 1회)
2026-03-17 13:42:06 [WARNING] [1/3] HTTP 오류: 403 Client Error: Forbidden for url: https://search.naver.com/search.naver?where=news&query=%EC%82%BC%EC%84%B1%EC%A0%84%EC%9E%90&pd=3&ds=2025.06.01&de=2025.06.30&start=10&sort=0
2026-03-17 13:42:09 [INFO]     HTML 크기: 59822 bytes
2026-03-17 13:42:09 [INFO]     OaLkxeV3 포함: False
2026-03-17 13:42:09 [INFO]     GOWcekJV4 포함: False
2026-03-17 13:42:09 [INFO]     카드 발견: 0개
2026-03-17 13:42:09 [INFO]     카드 파싱 0건 -> 링크 직접 수집 폴백
2026-03-17 13:42:09 [INFO]     CLS_NAVER_LINK 링크: 0개
2026-03-17 13:42:09 [INFO]     2025.06 p2: 0건 (연속 빈 2회)
2026-03-17 13:42:10 [INFO]     HTML 크기: 59689 bytes
2026-03-17 13:42:10 [INFO]     OaLkxeV3 포함: False
2026-03-17 13:42:10 [INFO]     GOWcekJV4 포함: False
2026-03-17 13:42:10 [INFO]     카드 발견: 0개
2026-03-17 13:42:10 [INFO]     카드 파싱 0건 -> 링크 직접 수집 폴백
2026-03-17 13:42:10 [INFO]     CLS_NAVER_LINK 링크: 0개
2026-03-17 13:42:10 [INFO]     2025.06 p3: 0건 (연속 빈 3회)
2026-03-17 13:42:10 [INFO]   2025.06 완료: +0건 (누적 0개)
2026-03-17 13:42:11 [INFO]     HTML 크기: 60065 bytes
2026-03-17 13:42:11 [INFO]     OaLkxeV3 포함: False
2026-03-17 13:42:11 [INFO]     GOWcekJV4 포함: False
2026-03-17 13:42:11 [INFO]     카드 발견: 0개
2026-03-17 13:42:11 [INFO]     카드 파싱 0건 -> 링크 직접 수집 폴백
2026-03-17 13:42:11 [INFO]     CLS_NAVER_LINK 링크: 0개
2026-03-17 13:42:11 [INFO]     2025.07 p1: 0건 (연속 빈 1회)
2026-03-17 13:42:12 [INFO]     HTML 크기: 62499 bytes
2026-03-17 13:42:12 [INFO]     OaLkxeV3 포함: False
2026-03-17 13:42:12 [INFO]     GOWcekJV4 포함: False
2026-03-17 13:42:12 [INFO]     카드 발견: 0개
2026-03-17 13:42:12 [INFO]     카드 파싱 0건 -> 링크 직접 수집 폴백
2026-03-17 13:42:12 [INFO]     CLS_NAVER_LINK 링크: 0개
2026-03-17 13:42:12 [INFO]     2025.07 p2: 0건 (연속 빈 2회)
2026-03-17 13:42:13 [INFO]     HTML 크기: 59743 bytes
2026-03-17 13:42:13 [INFO]     OaLkxeV3 포함: False
2026-03-17 13:42:13 [INFO]     GOWcekJV4 포함: False
2026-03-17 13:42:13 [INFO]     카드 발견: 0개
2026-03-17 13:42:13 [INFO]     카드 파싱 0건 -> 링크 직접 수집 폴백
2026-03-17 13:42:13 [INFO]     CLS_NAVER_LINK 링크: 0개
2026-03-17 13:42:13 [INFO]     2025.07 p3: 0건 (연속 빈 3회)
2026-03-17 13:42:13 [INFO]   2025.07 완료: +0건 (누적 0개)
2026-03-17 13:42:19 [WARNING] [1/3] HTTP 오류: 403 Client Error: Forbidden for url: https://search.naver.com/search.naver?where=news&query=%EC%82%BC%EC%84%B1%EC%A0%84%EC%9E%90&pd=3&ds=2025.08.01&de=2025.08.31&start=0&sort=0
2026-03-17 13:42:23 [INFO]     HTML 크기: 61625 bytes
2026-03-17 13:42:23 [INFO]     OaLkxeV3 포함: False
2026-03-17 13:42:23 [INFO]     GOWcekJV4 포함: False
2026-03-17 13:42:23 [INFO]     카드 발견: 0개
2026-03-17 13:42:23 [INFO]     카드 파싱 0건 -> 링크 직접 수집 폴백
2026-03-17 13:42:23 [INFO]     CLS_NAVER_LINK 링크: 0개
2026-03-17 13:42:23 [INFO]     2025.08 p1: 0건 (연속 빈 1회)
2026-03-17 13:42:24 [INFO]     HTML 크기: 60693 bytes
2026-03-17 13:42:24 [INFO]     OaLkxeV3 포함: False
2026-03-17 13:42:24 [INFO]     GOWcekJV4 포함: False
2026-03-17 13:42:24 [INFO]     카드 발견: 0개
2026-03-17 13:42:24 [INFO]     카드 파싱 0건 -> 링크 직접 수집 폴백
2026-03-17 13:42:24 [INFO]     CLS_NAVER_LINK 링크: 0개
2026-03-17 13:42:24 [INFO]     2025.08 p2: 0건 (연속 빈 2회)
2026-03-17 13:42:25 [INFO]     HTML 크기: 59431 bytes
2026-03-17 13:42:25 [INFO]     OaLkxeV3 포함: False
2026-03-17 13:42:25 [INFO]     GOWcekJV4 포함: False
2026-03-17 13:42:25 [INFO]     카드 발견: 0개
2026-03-17 13:42:25 [INFO]     카드 파싱 0건 -> 링크 직접 수집 폴백
2026-03-17 13:42:25 [INFO]     CLS_NAVER_LINK 링크: 0개
2026-03-17 13:42:25 [INFO]     2025.08 p3: 0건 (연속 빈 3회)
2026-03-17 13:42:25 [INFO]   2025.08 완료: +0건 (누적 0개)
2026-03-17 13:42:26 [INFO]     HTML 크기: 62709 bytes
2026-03-17 13:42:26 [INFO]     OaLkxeV3 포함: False
2026-03-17 13:42:26 [INFO]     GOWcekJV4 포함: False
2026-03-17 13:42:26 [INFO]     카드 발견: 0개
2026-03-17 13:42:26 [INFO]     카드 파싱 0건 -> 링크 직접 수집 폴백
2026-03-17 13:42:26 [INFO]     CLS_NAVER_LINK 링크: 0개
2026-03-17 13:42:26 [INFO]     2025.09 p1: 0건 (연속 빈 1회)
2026-03-17 13:42:27 [INFO]     HTML 크기: 59927 bytes
2026-03-17 13:42:27 [INFO]     OaLkxeV3 포함: False
2026-03-17 13:42:27 [INFO]     GOWcekJV4 포함: False
2026-03-17 13:42:27 [INFO]     카드 발견: 0개
2026-03-17 13:42:27 [INFO]     카드 파싱 0건 -> 링크 직접 수집 폴백
2026-03-17 13:42:27 [INFO]     CLS_NAVER_LINK 링크: 0개
2026-03-17 13:42:27 [INFO]     2025.09 p2: 0건 (연속 빈 2회)
2026-03-17 13:42:28 [INFO]     HTML 크기: 56934 bytes
2026-03-17 13:42:28 [INFO]     OaLkxeV3 포함: False
2026-03-17 13:42:28 [INFO]     GOWcekJV4 포함: False
2026-03-17 13:42:28 [INFO]     카드 발견: 0개
2026-03-17 13:42:28 [INFO]     카드 파싱 0건 -> 링크 직접 수집 폴백
2026-03-17 13:42:28 [INFO]     CLS_NAVER_LINK 링크: 0개
2026-03-17 13:42:28 [INFO]     2025.09 p3: 0건 (연속 빈 3회)
2026-03-17 13:42:28 [INFO]   2025.09 완료: +0건 (누적 0개)
2026-03-17 13:42:29 [INFO]     HTML 크기: 62101 bytes
2026-03-17 13:42:29 [INFO]     OaLkxeV3 포함: False
2026-03-17 13:42:29 [INFO]     GOWcekJV4 포함: False
2026-03-17 13:42:29 [INFO]     카드 발견: 0개
2026-03-17 13:42:29 [INFO]     카드 파싱 0건 -> 링크 직접 수집 폴백
2026-03-17 13:42:29 [INFO]     CLS_NAVER_LINK 링크: 0개
2026-03-17 13:42:29 [INFO]     2025.10 p1: 0건 (연속 빈 1회)
2026-03-17 13:42:30 [INFO]     HTML 크기: 60963 bytes
2026-03-17 13:42:30 [INFO]     OaLkxeV3 포함: False
2026-03-17 13:42:30 [INFO]     GOWcekJV4 포함: False
2026-03-17 13:42:30 [INFO]     카드 발견: 0개
2026-03-17 13:42:30 [INFO]     카드 파싱 0건 -> 링크 직접 수집 폴백
2026-03-17 13:42:30 [INFO]     CLS_NAVER_LINK 링크: 0개
2026-03-17 13:42:30 [INFO]     2025.10 p2: 0건 (연속 빈 2회)
2026-03-17 13:42:32 [INFO]     HTML 크기: 61093 bytes
2026-03-17 13:42:32 [INFO]     OaLkxeV3 포함: False
2026-03-17 13:42:32 [INFO]     GOWcekJV4 포함: False
2026-03-17 13:42:32 [INFO]     카드 발견: 0개
2026-03-17 13:42:32 [INFO]     카드 파싱 0건 -> 링크 직접 수집 폴백
2026-03-17 13:42:32 [INFO]     CLS_NAVER_LINK 링크: 0개
2026-03-17 13:42:32 [INFO]     2025.10 p3: 0건 (연속 빈 3회)
2026-03-17 13:42:32 [INFO]   2025.10 완료: +0건 (누적 0개)
2026-03-17 13:42:32 [INFO]     HTML 크기: 60619 bytes
2026-03-17 13:42:32 [INFO]     OaLkxeV3 포함: False
2026-03-17 13:42:32 [INFO]     GOWcekJV4 포함: False
2026-03-17 13:42:32 [INFO]     카드 발견: 0개
2026-03-17 13:42:32 [INFO]     카드 파싱 0건 -> 링크 직접 수집 폴백
2026-03-17 13:42:32 [INFO]     CLS_NAVER_LINK 링크: 0개
2026-03-17 13:42:32 [INFO]     2025.11 p1: 0건 (연속 빈 1회)
2026-03-17 13:42:33 [INFO]     HTML 크기: 60526 bytes
2026-03-17 13:42:33 [INFO]     OaLkxeV3 포함: False
2026-03-17 13:42:33 [INFO]     GOWcekJV4 포함: False
2026-03-17 13:42:33 [INFO]     카드 발견: 0개
2026-03-17 13:42:33 [INFO]     카드 파싱 0건 -> 링크 직접 수집 폴백
2026-03-17 13:42:33 [INFO]     CLS_NAVER_LINK 링크: 0개
2026-03-17 13:42:33 [INFO]     2025.11 p2: 0건 (연속 빈 2회)
2026-03-17 13:42:34 [INFO] 중단 - 수집된 URL로 Phase 2 진행
2026-03-17 13:42:34 [INFO] [Phase 1] 완료 - 후보 URL: 0개
2026-03-17 13:42:34 [ERROR] URL 수집 0건!
  가능한 원인:
  1) 네이버 클래스명 변경 -> CLS_CARD / CLS_TITLE 확인
  2) 봇 차단 -> SLEEP_MIN/MAX 늘리기
  3) 네트워크 오류 -> crawler.log 확인
2026-03-17 13:42:34 [WARNING] 수집 0건 - CSV 저장 생략
2026-03-17 13:42:34 [INFO] ============================================================
2026-03-17 13:42:34 [INFO] 완료 | 0건 | 3분 11초
2026-03-17 13:42:34 [INFO] ============================================================
2026-03-17 13:45:51 [INFO] ============================================================
2026-03-17 13:45:51 [INFO] 네이버 뉴스 크롤러
2026-03-17 13:45:51 [INFO]   검색어 : 삼성전자 | 기간: 2022-01-01 ~ 2025-12-31 | 목표: 7000건
2026-03-17 13:45:51 [INFO] ============================================================
2026-03-17 13:45:51 [INFO] 총 48개월 | 이미 수집: 0건
2026-03-17 13:45:51 [INFO] 
[Phase 1] URL 수집 시작
2026-03-17 13:45:51 [INFO]     HTML 크기: 59788 bytes
2026-03-17 13:45:51 [INFO]     OaLkxeV3 포함: False
2026-03-17 13:45:51 [INFO]     GOWcekJV4 포함: False
2026-03-17 13:45:51 [INFO]     카드 발견: 0개
2026-03-17 13:45:51 [INFO]     카드 파싱 0건 -> 링크 직접 수집 폴백
2026-03-17 13:45:51 [INFO]     CLS_NAVER_LINK 링크: 0개
2026-03-17 13:45:51 [INFO]     2022.01 p1: 0건 (연속 빈 1회)
2026-03-17 13:45:53 [INFO]     HTML 크기: 61566 bytes
2026-03-17 13:45:53 [INFO]     OaLkxeV3 포함: False
2026-03-17 13:45:53 [INFO]     GOWcekJV4 포함: False
2026-03-17 13:45:53 [INFO]     카드 발견: 0개
2026-03-17 13:45:53 [INFO]     카드 파싱 0건 -> 링크 직접 수집 폴백
2026-03-17 13:45:53 [INFO]     CLS_NAVER_LINK 링크: 0개
2026-03-17 13:45:53 [INFO]     2022.01 p2: 0건 (연속 빈 2회)
2026-03-17 13:45:54 [INFO]     HTML 크기: 60699 bytes
2026-03-17 13:45:54 [INFO]     OaLkxeV3 포함: False
2026-03-17 13:45:54 [INFO]     GOWcekJV4 포함: False
2026-03-17 13:45:54 [INFO]     카드 발견: 0개
2026-03-17 13:45:54 [INFO]     카드 파싱 0건 -> 링크 직접 수집 폴백
2026-03-17 13:45:54 [INFO]     CLS_NAVER_LINK 링크: 0개
2026-03-17 13:45:54 [INFO]     2022.01 p3: 0건 (연속 빈 3회)
2026-03-17 13:45:54 [INFO]   2022.01 완료: +0건 (누적 0개)
2026-03-17 13:45:54 [INFO] 중단 - 수집된 URL로 Phase 2 진행
2026-03-17 13:45:54 [INFO] [Phase 1] 완료 - 후보 URL: 0개
2026-03-17 13:45:54 [ERROR] URL 수집 0건!
  가능한 원인:
  1) 네이버 클래스명 변경 -> CLS_CARD / CLS_TITLE 확인
  2) 봇 차단 -> SLEEP_MIN/MAX 늘리기
  3) 네트워크 오류 -> crawler.log 확인
2026-03-17 13:45:54 [WARNING] 수집 0건 - CSV 저장 생략
2026-03-17 13:45:54 [INFO] ============================================================
2026-03-17 13:45:54 [INFO] 완료 | 0건 | 0분 3초
2026-03-17 13:45:54 [INFO] ============================================================
2026-03-17 13:48:06 [INFO] ============================================================
2026-03-17 13:48:06 [INFO] 네이버 뉴스 크롤러
2026-03-17 13:48:06 [INFO]   검색어 : 삼성전자 | 기간: 2022-01-01 ~ 2025-12-31 | 목표: 7000건
2026-03-17 13:48:06 [INFO] ============================================================
2026-03-17 13:48:06 [INFO] 총 48개월 | 이미 수집: 0건
2026-03-17 13:48:06 [INFO] 
[Phase 1] URL 수집 시작
2026-03-17 13:48:07 [INFO]     HTML 크기: 353576 bytes
2026-03-17 13:48:07 [INFO]     OaLkxeV3 포함: True
2026-03-17 13:48:07 [INFO]     GOWcekJV4 포함: True
2026-03-17 13:48:07 [INFO]     카드 발견: 10개
2026-03-17 13:48:07 [INFO]     카드 파싱 성공: 10건
2026-03-17 13:48:07 [INFO]     2022.01 p1: +10건 (페이지 10건)
2026-03-17 13:48:09 [INFO]     HTML 크기: 382439 bytes
2026-03-17 13:48:09 [INFO]     OaLkxeV3 포함: True
2026-03-17 13:48:09 [INFO]     GOWcekJV4 포함: True
2026-03-17 13:48:09 [INFO]     카드 발견: 16개
2026-03-17 13:48:09 [INFO]     카드 파싱 성공: 16건
2026-03-17 13:48:09 [INFO]     2022.01 p2: +16건 (페이지 16건)
2026-03-17 13:48:11 [INFO]     HTML 크기: 368832 bytes
2026-03-17 13:48:11 [INFO]     OaLkxeV3 포함: True
2026-03-17 13:48:11 [INFO]     GOWcekJV4 포함: True
2026-03-17 13:48:11 [INFO]     카드 발견: 13개
2026-03-17 13:48:11 [INFO]     카드 파싱 성공: 13건
2026-03-17 13:48:11 [INFO]     2022.01 p3: +13건 (페이지 13건)
2026-03-17 13:48:12 [INFO]     HTML 크기: 324950 bytes
2026-03-17 13:48:12 [INFO]     OaLkxeV3 포함: True
2026-03-17 13:48:12 [INFO]     GOWcekJV4 포함: True
2026-03-17 13:48:12 [INFO]     카드 발견: 3개
2026-03-17 13:48:12 [INFO]     카드 파싱 성공: 3건
2026-03-17 13:48:12 [INFO]     2022.01 p4: +3건 (페이지 3건)
2026-03-17 13:48:14 [INFO]     HTML 크기: 368297 bytes
2026-03-17 13:48:14 [INFO]     OaLkxeV3 포함: True
2026-03-17 13:48:14 [INFO]     GOWcekJV4 포함: True
2026-03-17 13:48:14 [INFO]     카드 발견: 13개
2026-03-17 13:48:14 [INFO]     카드 파싱 성공: 13건
2026-03-17 13:48:14 [INFO]     2022.01 p5: +13건 (페이지 13건)
2026-03-17 13:48:16 [INFO]     HTML 크기: 331357 bytes
2026-03-17 13:48:16 [INFO]     OaLkxeV3 포함: True
2026-03-17 13:48:16 [INFO]     GOWcekJV4 포함: True
2026-03-17 13:48:16 [INFO]     카드 발견: 5개
2026-03-17 13:48:16 [INFO]     카드 파싱 성공: 3건
2026-03-17 13:48:16 [INFO]     2022.01 p6: +3건 (페이지 3건)
2026-03-17 13:48:17 [INFO]     HTML 크기: 320492 bytes
2026-03-17 13:48:17 [INFO]     OaLkxeV3 포함: True
2026-03-17 13:48:17 [INFO]     GOWcekJV4 포함: True
2026-03-17 13:48:17 [INFO]     카드 발견: 2개
2026-03-17 13:48:17 [INFO]     카드 파싱 성공: 1건
2026-03-17 13:48:17 [INFO]     2022.01 p7: +1건 (페이지 1건)
2026-03-17 13:48:19 [INFO]     HTML 크기: 321767 bytes
2026-03-17 13:48:19 [INFO]     OaLkxeV3 포함: True
2026-03-17 13:48:19 [INFO]     GOWcekJV4 포함: True
2026-03-17 13:48:19 [INFO]     카드 발견: 3개
2026-03-17 13:48:19 [INFO]     카드 파싱 성공: 3건
2026-03-17 13:48:19 [INFO]     2022.01 p8: +3건 (페이지 3건)
2026-03-17 13:48:21 [INFO]     HTML 크기: 337672 bytes
2026-03-17 13:48:21 [INFO]     OaLkxeV3 포함: True
2026-03-17 13:48:21 [INFO]     GOWcekJV4 포함: True
2026-03-17 13:48:21 [INFO]     카드 발견: 6개
2026-03-17 13:48:21 [INFO]     카드 파싱 성공: 6건
2026-03-17 13:48:21 [INFO]     2022.01 p9: +6건 (페이지 6건)
2026-03-17 13:48:22 [INFO]     HTML 크기: 336726 bytes
2026-03-17 13:48:22 [INFO]     OaLkxeV3 포함: True
2026-03-17 13:48:22 [INFO]     GOWcekJV4 포함: True
2026-03-17 13:48:22 [INFO]     카드 발견: 6개
2026-03-17 13:48:22 [INFO]     카드 파싱 성공: 5건
2026-03-17 13:48:22 [INFO]     2022.01 p10: +5건 (페이지 5건)
2026-03-17 13:48:24 [INFO]     HTML 크기: 418906 bytes
2026-03-17 13:48:24 [INFO]     OaLkxeV3 포함: True
2026-03-17 13:48:24 [INFO]     GOWcekJV4 포함: True
2026-03-17 13:48:24 [INFO]     카드 발견: 25개
2026-03-17 13:48:24 [INFO]     카드 파싱 성공: 24건
2026-03-17 13:48:24 [INFO]     2022.01 p11: +18건 (페이지 24건)
2026-03-17 13:48:26 [INFO]     HTML 크기: 415160 bytes
2026-03-17 13:48:26 [INFO]     OaLkxeV3 포함: True
2026-03-17 13:48:26 [INFO]     GOWcekJV4 포함: True
2026-03-17 13:48:26 [INFO]     카드 발견: 25개
2026-03-17 13:48:26 [INFO]     카드 파싱 성공: 19건
2026-03-17 13:48:26 [INFO]     2022.01 p12: +4건 (페이지 19건)
2026-03-17 13:48:28 [INFO]     HTML 크기: 418192 bytes
2026-03-17 13:48:28 [INFO]     OaLkxeV3 포함: True
2026-03-17 13:48:28 [INFO]     GOWcekJV4 포함: True
2026-03-17 13:48:28 [INFO]     카드 발견: 27개
2026-03-17 13:48:28 [INFO]     카드 파싱 성공: 18건
2026-03-17 13:48:28 [INFO]     2022.01 p13: +8건 (페이지 18건)
2026-03-17 13:48:30 [INFO]     HTML 크기: 410289 bytes
2026-03-17 13:48:30 [INFO]     OaLkxeV3 포함: True
2026-03-17 13:48:30 [INFO]     GOWcekJV4 포함: True
2026-03-17 13:48:30 [INFO]     카드 발견: 23개
2026-03-17 13:48:30 [INFO]     카드 파싱 성공: 21건
2026-03-17 13:48:30 [INFO]     2022.01 p14: +5건 (페이지 21건)
2026-03-17 13:48:32 [INFO]     HTML 크기: 359764 bytes
2026-03-17 13:48:32 [INFO]     OaLkxeV3 포함: True
2026-03-17 13:48:32 [INFO]     GOWcekJV4 포함: True
2026-03-17 13:48:32 [INFO]     카드 발견: 13개
2026-03-17 13:48:32 [INFO]     카드 파싱 성공: 8건
2026-03-17 13:48:32 [INFO]     2022.01 p15: +1건 (페이지 8건)
2026-03-17 13:48:34 [INFO]     HTML 크기: 409218 bytes
2026-03-17 13:48:34 [INFO]     OaLkxeV3 포함: True
2026-03-17 13:48:34 [INFO]     GOWcekJV4 포함: True
2026-03-17 13:48:34 [INFO]     카드 발견: 24개
2026-03-17 13:48:34 [INFO]     카드 파싱 성공: 17건
2026-03-17 13:48:34 [INFO]     2022.01 p16: +10건 (페이지 17건)
2026-03-17 13:48:36 [INFO]     HTML 크기: 357276 bytes
2026-03-17 13:48:36 [INFO]     OaLkxeV3 포함: True
2026-03-17 13:48:36 [INFO]     GOWcekJV4 포함: True
2026-03-17 13:48:36 [INFO]     카드 발견: 11개
2026-03-17 13:48:36 [INFO]     카드 파싱 성공: 10건
2026-03-17 13:48:36 [INFO]     2022.01 p17: +1건 (페이지 10건)
2026-03-17 13:48:38 [INFO]     HTML 크기: 414239 bytes
2026-03-17 13:48:38 [INFO]     OaLkxeV3 포함: True
2026-03-17 13:48:38 [INFO]     GOWcekJV4 포함: True
2026-03-17 13:48:38 [INFO]     카드 발견: 25개
2026-03-17 13:48:38 [INFO]     카드 파싱 성공: 18건
2026-03-17 13:48:38 [INFO]     2022.01 p18: +6건 (페이지 18건)
2026-03-17 13:48:39 [INFO]     HTML 크기: 414560 bytes
2026-03-17 13:48:39 [INFO]     OaLkxeV3 포함: True
2026-03-17 13:48:39 [INFO]     GOWcekJV4 포함: True
2026-03-17 13:48:39 [INFO]     카드 발견: 26개
2026-03-17 13:48:39 [INFO]     카드 파싱 성공: 17건
2026-03-17 13:48:39 [INFO]     2022.01 p19: +2건 (페이지 17건)
2026-03-17 13:48:41 [INFO]     HTML 크기: 374491 bytes
2026-03-17 13:48:41 [INFO]     OaLkxeV3 포함: True
2026-03-17 13:48:41 [INFO]     GOWcekJV4 포함: True
2026-03-17 13:48:41 [INFO]     카드 발견: 16개
2026-03-17 13:48:41 [INFO]     카드 파싱 성공: 10건
2026-03-17 13:48:41 [INFO]     2022.01 p20: +1건 (페이지 10건)
2026-03-17 13:48:43 [INFO]     HTML 크기: 399653 bytes
2026-03-17 13:48:43 [INFO]     OaLkxeV3 포함: True
2026-03-17 13:48:43 [INFO]     GOWcekJV4 포함: True
2026-03-17 13:48:43 [INFO]     카드 발견: 22개
2026-03-17 13:48:43 [INFO]     카드 파싱 성공: 15건
2026-03-17 13:48:43 [INFO]     2022.01 p21: +3건 (페이지 15건)
2026-03-17 13:48:45 [INFO]     HTML 크기: 354670 bytes
2026-03-17 13:48:45 [INFO]     OaLkxeV3 포함: True
2026-03-17 13:48:45 [INFO]     GOWcekJV4 포함: True
2026-03-17 13:48:45 [INFO]     카드 발견: 11개
2026-03-17 13:48:45 [INFO]     카드 파싱 성공: 6건
2026-03-17 13:48:45 [INFO]     2022.01 p22: +3건 (페이지 6건)
2026-03-17 13:48:46 [INFO]     HTML 크기: 384117 bytes
2026-03-17 13:48:46 [INFO]     OaLkxeV3 포함: True
2026-03-17 13:48:46 [INFO]     GOWcekJV4 포함: True
2026-03-17 13:48:46 [INFO]     카드 발견: 18개
2026-03-17 13:48:46 [INFO]     카드 파싱 성공: 10건
2026-03-17 13:48:46 [INFO]     2022.01 p23: +2건 (페이지 10건)
2026-03-17 13:48:48 [INFO]     HTML 크기: 382459 bytes
2026-03-17 13:48:48 [INFO]     OaLkxeV3 포함: True
2026-03-17 13:48:48 [INFO]     GOWcekJV4 포함: True
2026-03-17 13:48:48 [INFO]     카드 발견: 19개
2026-03-17 13:48:48 [INFO]     카드 파싱 성공: 9건
2026-03-17 13:48:48 [INFO]     2022.01 p24: +3건 (페이지 9건)
2026-03-17 13:48:50 [INFO]     HTML 크기: 363951 bytes
2026-03-17 13:48:50 [INFO]     OaLkxeV3 포함: True
2026-03-17 13:48:50 [INFO]     GOWcekJV4 포함: True
2026-03-17 13:48:50 [INFO]     카드 발견: 14개
2026-03-17 13:48:50 [INFO]     카드 파싱 성공: 7건
2026-03-17 13:48:50 [INFO]     2022.01 p25: +2건 (페이지 7건)
2026-03-17 13:48:52 [INFO]     HTML 크기: 364445 bytes
2026-03-17 13:48:52 [INFO]     OaLkxeV3 포함: True
2026-03-17 13:48:52 [INFO]     GOWcekJV4 포함: True
2026-03-17 13:48:52 [INFO]     카드 발견: 14개
2026-03-17 13:48:52 [INFO]     카드 파싱 성공: 4건
2026-03-17 13:48:52 [INFO]     2022.01 p26: +2건 (페이지 4건)
2026-03-17 13:48:54 [INFO]     HTML 크기: 343049 bytes
2026-03-17 13:48:54 [INFO]     OaLkxeV3 포함: True
2026-03-17 13:48:54 [INFO]     GOWcekJV4 포함: True
2026-03-17 13:48:54 [INFO]     카드 발견: 7개
2026-03-17 13:48:54 [INFO]     카드 파싱 성공: 7건
2026-03-17 13:48:54 [INFO]     2022.01 p27: +2건 (페이지 7건)
2026-03-17 13:48:55 [INFO]     HTML 크기: 401926 bytes
2026-03-17 13:48:55 [INFO]     OaLkxeV3 포함: True
2026-03-17 13:48:55 [INFO]     GOWcekJV4 포함: True
2026-03-17 13:48:55 [INFO]     카드 발견: 24개
2026-03-17 13:48:55 [INFO]     카드 파싱 성공: 8건
2026-03-17 13:48:55 [INFO]     2022.01 p28: +5건 (페이지 8건)
2026-03-17 13:48:57 [INFO]     HTML 크기: 394185 bytes
2026-03-17 13:48:57 [INFO]     OaLkxeV3 포함: True
2026-03-17 13:48:57 [INFO]     GOWcekJV4 포함: True
2026-03-17 13:48:57 [INFO]     카드 발견: 22개
2026-03-17 13:48:57 [INFO]     카드 파싱 성공: 10건
2026-03-17 13:48:57 [INFO]     2022.01 p29: +6건 (페이지 10건)
2026-03-17 13:48:59 [INFO]     HTML 크기: 387535 bytes
2026-03-17 13:48:59 [INFO]     OaLkxeV3 포함: True
2026-03-17 13:48:59 [INFO]     GOWcekJV4 포함: True
2026-03-17 13:48:59 [INFO]     카드 발견: 21개
2026-03-17 13:48:59 [INFO]     카드 파싱 성공: 8건
2026-03-17 13:48:59 [INFO]     2022.01 p30: +2건 (페이지 8건)
2026-03-17 13:49:01 [INFO]     HTML 크기: 384232 bytes
2026-03-17 13:49:01 [INFO]     OaLkxeV3 포함: True
2026-03-17 13:49:01 [INFO]     GOWcekJV4 포함: True
2026-03-17 13:49:01 [INFO]     카드 발견: 18개
2026-03-17 13:49:01 [INFO]     카드 파싱 성공: 12건
2026-03-17 13:49:01 [INFO]     2022.01 p31: +6건 (페이지 12건)
2026-03-17 13:49:03 [INFO]     HTML 크기: 385080 bytes
2026-03-17 13:49:03 [INFO]     OaLkxeV3 포함: True
2026-03-17 13:49:03 [INFO]     GOWcekJV4 포함: True
2026-03-17 13:49:03 [INFO]     카드 발견: 21개
2026-03-17 13:49:03 [INFO]     카드 파싱 성공: 4건
2026-03-17 13:49:03 [INFO]     2022.01 p32: +0건 (페이지 4건)
2026-03-17 13:49:04 [INFO]   2022.01 완료: +165건 (누적 165개)
2026-03-17 13:49:05 [INFO]     HTML 크기: 411183 bytes
2026-03-17 13:49:05 [INFO]     OaLkxeV3 포함: True
2026-03-17 13:49:05 [INFO]     GOWcekJV4 포함: True
2026-03-17 13:49:05 [INFO]     카드 발견: 24개
2026-03-17 13:49:05 [INFO]     카드 파싱 성공: 18건
2026-03-17 13:49:05 [INFO]     2022.02 p1: +18건 (페이지 18건)
2026-03-17 13:49:06 [INFO]     HTML 크기: 403315 bytes
2026-03-17 13:49:06 [INFO]     OaLkxeV3 포함: True
2026-03-17 13:49:06 [INFO]     GOWcekJV4 포함: True
2026-03-17 13:49:06 [INFO]     카드 발견: 22개
2026-03-17 13:49:06 [INFO]     카드 파싱 성공: 19건
2026-03-17 13:49:06 [INFO]     2022.02 p2: +18건 (페이지 19건)
2026-03-17 13:49:08 [INFO]     HTML 크기: 326926 bytes
2026-03-17 13:49:08 [INFO]     OaLkxeV3 포함: True
2026-03-17 13:49:08 [INFO]     GOWcekJV4 포함: True
2026-03-17 13:49:08 [INFO]     카드 발견: 4개
2026-03-17 13:49:08 [INFO]     카드 파싱 성공: 4건
2026-03-17 13:49:08 [INFO]     2022.02 p3: +4건 (페이지 4건)
2026-03-17 13:49:10 [INFO]     HTML 크기: 304798 bytes
2026-03-17 13:49:10 [INFO]     OaLkxeV3 포함: False
2026-03-17 13:49:10 [INFO]     GOWcekJV4 포함: True
2026-03-17 13:49:10 [INFO]     카드 발견: 0개
2026-03-17 13:49:10 [INFO]     카드 파싱 0건 -> 링크 직접 수집 폴백
2026-03-17 13:49:10 [INFO]     CLS_NAVER_LINK 링크: 3개
2026-03-17 13:49:10 [INFO]     2022.02 p4: 0건 (연속 빈 1회)
2026-03-17 13:49:12 [INFO]     HTML 크기: 306200 bytes
2026-03-17 13:49:12 [INFO]     OaLkxeV3 포함: False
2026-03-17 13:49:12 [INFO]     GOWcekJV4 포함: True
2026-03-17 13:49:12 [INFO]     카드 발견: 0개
2026-03-17 13:49:12 [INFO]     카드 파싱 0건 -> 링크 직접 수집 폴백
2026-03-17 13:49:12 [INFO]     CLS_NAVER_LINK 링크: 5개
2026-03-17 13:49:12 [INFO]     2022.02 p5: 0건 (연속 빈 2회)
2026-03-17 13:49:14 [INFO]     HTML 크기: 309002 bytes
2026-03-17 13:49:14 [INFO]     OaLkxeV3 포함: False
2026-03-17 13:49:14 [INFO]     GOWcekJV4 포함: True
2026-03-17 13:49:14 [INFO]     카드 발견: 0개
2026-03-17 13:49:14 [INFO]     카드 파싱 0건 -> 링크 직접 수집 폴백
2026-03-17 13:49:14 [INFO]     CLS_NAVER_LINK 링크: 7개
2026-03-17 13:49:14 [INFO]     2022.02 p6: 0건 (연속 빈 3회)
2026-03-17 13:49:14 [INFO]   2022.02 완료: +40건 (누적 205개)
2026-03-17 13:49:14 [INFO]     HTML 크기: 416640 bytes
2026-03-17 13:49:14 [INFO]     OaLkxeV3 포함: True
2026-03-17 13:49:14 [INFO]     GOWcekJV4 포함: True
2026-03-17 13:49:14 [INFO]     카드 발견: 25개
2026-03-17 13:49:14 [INFO]     카드 파싱 성공: 21건
2026-03-17 13:49:14 [INFO]     2022.03 p1: +21건 (페이지 21건)
2026-03-17 13:49:17 [INFO]     HTML 크기: 372626 bytes
2026-03-17 13:49:17 [INFO]     OaLkxeV3 포함: True
2026-03-17 13:49:17 [INFO]     GOWcekJV4 포함: True
2026-03-17 13:49:17 [INFO]     카드 발견: 15개
2026-03-17 13:49:17 [INFO]     카드 파싱 성공: 13건
2026-03-17 13:49:17 [INFO]     2022.03 p2: +13건 (페이지 13건)
2026-03-17 13:49:18 [INFO]     HTML 크기: 325553 bytes
2026-03-17 13:49:18 [INFO]     OaLkxeV3 포함: True
2026-03-17 13:49:18 [INFO]     GOWcekJV4 포함: True
2026-03-17 13:49:18 [INFO]     카드 발견: 3개
2026-03-17 13:49:18 [INFO]     카드 파싱 성공: 2건
2026-03-17 13:49:18 [INFO]     2022.03 p3: +2건 (페이지 2건)
2026-03-17 13:49:20 [INFO]     HTML 크기: 315339 bytes
2026-03-17 13:49:20 [INFO]     OaLkxeV3 포함: True
2026-03-17 13:49:20 [INFO]     GOWcekJV4 포함: True
2026-03-17 13:49:20 [INFO]     카드 발견: 1개
2026-03-17 13:49:20 [INFO]     카드 파싱 성공: 1건
2026-03-17 13:49:20 [INFO]     2022.03 p4: +1건 (페이지 1건)
2026-03-17 13:49:22 [INFO]     HTML 크기: 307410 bytes
2026-03-17 13:49:22 [INFO]     OaLkxeV3 포함: False
2026-03-17 13:49:22 [INFO]     GOWcekJV4 포함: True
2026-03-17 13:49:22 [INFO]     카드 발견: 0개
2026-03-17 13:49:22 [INFO]     카드 파싱 0건 -> 링크 직접 수집 폴백
2026-03-17 13:49:22 [INFO]     CLS_NAVER_LINK 링크: 5개
2026-03-17 13:49:22 [INFO]     2022.03 p5: 0건 (연속 빈 1회)
2026-03-17 13:49:23 [INFO]     HTML 크기: 305810 bytes
2026-03-17 13:49:23 [INFO]     OaLkxeV3 포함: False
2026-03-17 13:49:23 [INFO]     GOWcekJV4 포함: True
2026-03-17 13:49:23 [INFO]     카드 발견: 0개
2026-03-17 13:49:23 [INFO]     카드 파싱 0건 -> 링크 직접 수집 폴백
2026-03-17 13:49:23 [INFO]     CLS_NAVER_LINK 링크: 2개
2026-03-17 13:49:23 [INFO]     2022.03 p6: 0건 (연속 빈 2회)
2026-03-17 13:49:26 [INFO]     HTML 크기: 306694 bytes
2026-03-17 13:49:26 [INFO]     OaLkxeV3 포함: False
2026-03-17 13:49:26 [INFO]     GOWcekJV4 포함: True
2026-03-17 13:49:26 [INFO]     카드 발견: 0개
2026-03-17 13:49:26 [INFO]     카드 파싱 0건 -> 링크 직접 수집 폴백
2026-03-17 13:49:26 [INFO]     CLS_NAVER_LINK 링크: 3개
2026-03-17 13:49:26 [INFO]     2022.03 p7: 0건 (연속 빈 3회)
2026-03-17 13:49:26 [INFO]   2022.03 완료: +37건 (누적 242개)
2026-03-17 13:49:26 [INFO]     HTML 크기: 384762 bytes
2026-03-17 13:49:26 [INFO]     OaLkxeV3 포함: True
2026-03-17 13:49:26 [INFO]     GOWcekJV4 포함: True
2026-03-17 13:49:26 [INFO]     카드 발견: 16개
2026-03-17 13:49:26 [INFO]     카드 파싱 성공: 16건
2026-03-17 13:49:26 [INFO]     2022.04 p1: +16건 (페이지 16건)
2026-03-17 13:49:28 [INFO]     HTML 크기: 358780 bytes
2026-03-17 13:49:28 [INFO]     OaLkxeV3 포함: True
2026-03-17 13:49:28 [INFO]     GOWcekJV4 포함: True
2026-03-17 13:49:28 [INFO]     카드 발견: 11개
2026-03-17 13:49:28 [INFO]     카드 파싱 성공: 9건
2026-03-17 13:49:28 [INFO]     2022.04 p2: +9건 (페이지 9건)
2026-03-17 13:49:30 [INFO]     HTML 크기: 330384 bytes
2026-03-17 13:49:30 [INFO]     OaLkxeV3 포함: True
2026-03-17 13:49:30 [INFO]     GOWcekJV4 포함: True
2026-03-17 13:49:30 [INFO]     카드 발견: 4개
2026-03-17 13:49:30 [INFO]     카드 파싱 성공: 4건
2026-03-17 13:49:30 [INFO]     2022.04 p3: +4건 (페이지 4건)
2026-03-17 13:49:32 [INFO]     HTML 크기: 346719 bytes
2026-03-17 13:49:32 [INFO]     OaLkxeV3 포함: True
2026-03-17 13:49:32 [INFO]     GOWcekJV4 포함: True
2026-03-17 13:49:32 [INFO]     카드 발견: 8개
2026-03-17 13:49:32 [INFO]     카드 파싱 성공: 7건
2026-03-17 13:49:32 [INFO]     2022.04 p4: +7건 (페이지 7건)
2026-03-17 13:49:34 [INFO]     HTML 크기: 322353 bytes
2026-03-17 13:49:34 [INFO]     OaLkxeV3 포함: True
2026-03-17 13:49:34 [INFO]     GOWcekJV4 포함: True
2026-03-17 13:49:34 [INFO]     카드 발견: 2개
2026-03-17 13:49:34 [INFO]     카드 파싱 성공: 2건
2026-03-17 13:49:34 [INFO]     2022.04 p5: +2건 (페이지 2건)
2026-03-17 13:49:36 [INFO]     HTML 크기: 320698 bytes
2026-03-17 13:49:36 [INFO]     OaLkxeV3 포함: True
2026-03-17 13:49:36 [INFO]     GOWcekJV4 포함: True
2026-03-17 13:49:36 [INFO]     카드 발견: 2개
2026-03-17 13:49:36 [INFO]     카드 파싱 성공: 2건
2026-03-17 13:49:36 [INFO]     2022.04 p6: +2건 (페이지 2건)
2026-03-17 13:49:37 [INFO]     HTML 크기: 319582 bytes
2026-03-17 13:49:37 [INFO]     OaLkxeV3 포함: True
2026-03-17 13:49:37 [INFO]     GOWcekJV4 포함: True
2026-03-17 13:49:37 [INFO]     카드 발견: 2개
2026-03-17 13:49:37 [INFO]     카드 파싱 성공: 2건
2026-03-17 13:49:37 [INFO]     2022.04 p7: +2건 (페이지 2건)
2026-03-17 13:49:39 [INFO]     HTML 크기: 325074 bytes
2026-03-17 13:49:39 [INFO]     OaLkxeV3 포함: True
2026-03-17 13:49:39 [INFO]     GOWcekJV4 포함: True
2026-03-17 13:49:39 [INFO]     카드 발견: 3개
2026-03-17 13:49:39 [INFO]     카드 파싱 성공: 3건
2026-03-17 13:49:39 [INFO]     2022.04 p8: +3건 (페이지 3건)
2026-03-17 13:49:41 [INFO]     HTML 크기: 311992 bytes
2026-03-17 13:49:41 [INFO]     OaLkxeV3 포함: False
2026-03-17 13:49:41 [INFO]     GOWcekJV4 포함: True
2026-03-17 13:49:41 [INFO]     카드 발견: 0개
2026-03-17 13:49:41 [INFO]     카드 파싱 0건 -> 링크 직접 수집 폴백
2026-03-17 13:49:41 [INFO]     CLS_NAVER_LINK 링크: 9개
2026-03-17 13:49:41 [INFO]     2022.04 p9: 0건 (연속 빈 1회)
2026-03-17 13:49:43 [INFO]     HTML 크기: 311900 bytes
2026-03-17 13:49:43 [INFO]     OaLkxeV3 포함: False
2026-03-17 13:49:43 [INFO]     GOWcekJV4 포함: True
2026-03-17 13:49:43 [INFO]     카드 발견: 0개
2026-03-17 13:49:43 [INFO]     카드 파싱 0건 -> 링크 직접 수집 폴백
2026-03-17 13:49:43 [INFO]     CLS_NAVER_LINK 링크: 9개
2026-03-17 13:49:43 [INFO]     2022.04 p10: 0건 (연속 빈 2회)
2026-03-17 13:49:45 [INFO]     HTML 크기: 378919 bytes
2026-03-17 13:49:45 [INFO]     OaLkxeV3 포함: True
2026-03-17 13:49:45 [INFO]     GOWcekJV4 포함: True
2026-03-17 13:49:45 [INFO]     카드 발견: 16개
2026-03-17 13:49:45 [INFO]     카드 파싱 성공: 9건
2026-03-17 13:49:45 [INFO]     2022.04 p11: +9건 (페이지 9건)
2026-03-17 13:49:46 [INFO]     HTML 크기: 394605 bytes
2026-03-17 13:49:46 [INFO]     OaLkxeV3 포함: True
2026-03-17 13:49:46 [INFO]     GOWcekJV4 포함: True
2026-03-17 13:49:46 [INFO]     카드 발견: 22개
2026-03-17 13:49:46 [INFO]     카드 파싱 성공: 7건
2026-03-17 13:49:46 [INFO]     2022.04 p12: +3건 (페이지 7건)
2026-03-17 13:49:48 [INFO]     HTML 크기: 402713 bytes
2026-03-17 13:49:48 [INFO]     OaLkxeV3 포함: True
2026-03-17 13:49:48 [INFO]     GOWcekJV4 포함: True
2026-03-17 13:49:48 [INFO]     카드 발견: 24개
2026-03-17 13:49:48 [INFO]     카드 파싱 성공: 10건
2026-03-17 13:49:48 [INFO]     2022.04 p13: +5건 (페이지 10건)
2026-03-17 13:49:50 [INFO]     HTML 크기: 412000 bytes
2026-03-17 13:49:50 [INFO]     OaLkxeV3 포함: True
2026-03-17 13:49:50 [INFO]     GOWcekJV4 포함: True
2026-03-17 13:49:50 [INFO]     카드 발견: 26개
2026-03-17 13:49:50 [INFO]     카드 파싱 성공: 14건
2026-03-17 13:49:50 [INFO]     2022.04 p14: +6건 (페이지 14건)
2026-03-17 13:49:52 [INFO]     HTML 크기: 386256 bytes
2026-03-17 13:49:52 [INFO]     OaLkxeV3 포함: True
2026-03-17 13:49:52 [INFO]     GOWcekJV4 포함: True
2026-03-17 13:49:52 [INFO]     카드 발견: 19개
2026-03-17 13:49:52 [INFO]     카드 파싱 성공: 10건
2026-03-17 13:49:52 [INFO]     2022.04 p15: +1건 (페이지 10건)
2026-03-17 13:49:54 [INFO]     HTML 크기: 367495 bytes
2026-03-17 13:49:54 [INFO]     OaLkxeV3 포함: True
2026-03-17 13:49:54 [INFO]     GOWcekJV4 포함: True
2026-03-17 13:49:54 [INFO]     카드 발견: 15개
2026-03-17 13:49:54 [INFO]     카드 파싱 성공: 5건
2026-03-17 13:49:54 [INFO]     2022.04 p16: +0건 (페이지 5건)
2026-03-17 13:49:55 [INFO]   2022.04 완료: +69건 (누적 311개)
2026-03-17 13:49:55 [INFO]     HTML 크기: 382420 bytes
2026-03-17 13:49:55 [INFO]     OaLkxeV3 포함: True
2026-03-17 13:49:55 [INFO]     GOWcekJV4 포함: True
2026-03-17 13:49:55 [INFO]     카드 발견: 16개
2026-03-17 13:49:55 [INFO]     카드 파싱 성공: 16건
2026-03-17 13:49:55 [INFO]     2022.05 p1: +16건 (페이지 16건)
2026-03-17 13:49:57 [INFO]     HTML 크기: 325302 bytes
2026-03-17 13:49:57 [INFO]     OaLkxeV3 포함: True
2026-03-17 13:49:57 [INFO]     GOWcekJV4 포함: True
2026-03-17 13:49:57 [INFO]     카드 발견: 3개
2026-03-17 13:49:57 [INFO]     카드 파싱 성공: 3건
2026-03-17 13:49:57 [INFO]     2022.05 p2: +3건 (페이지 3건)
2026-03-17 13:49:59 [INFO]     HTML 크기: 318057 bytes
2026-03-17 13:49:59 [INFO]     OaLkxeV3 포함: True
2026-03-17 13:49:59 [INFO]     GOWcekJV4 포함: True
2026-03-17 13:49:59 [INFO]     카드 발견: 2개
2026-03-17 13:49:59 [INFO]     카드 파싱 성공: 2건
2026-03-17 13:49:59 [INFO]     2022.05 p3: +2건 (페이지 2건)
2026-03-17 13:50:01 [INFO]     HTML 크기: 315816 bytes
2026-03-17 13:50:01 [INFO]     OaLkxeV3 포함: True
2026-03-17 13:50:01 [INFO]     GOWcekJV4 포함: True
2026-03-17 13:50:01 [INFO]     카드 발견: 2개
2026-03-17 13:50:01 [INFO]     카드 파싱 성공: 2건
2026-03-17 13:50:01 [INFO]     2022.05 p4: +2건 (페이지 2건)
2026-03-17 13:50:03 [INFO]     HTML 크기: 324081 bytes
2026-03-17 13:50:03 [INFO]     OaLkxeV3 포함: True
2026-03-17 13:50:03 [INFO]     GOWcekJV4 포함: True
2026-03-17 13:50:03 [INFO]     카드 발견: 3개
2026-03-17 13:50:03 [INFO]     카드 파싱 성공: 1건
2026-03-17 13:50:03 [INFO]     2022.05 p5: +1건 (페이지 1건)
2026-03-17 13:50:05 [INFO]     HTML 크기: 320409 bytes
2026-03-17 13:50:05 [INFO]     OaLkxeV3 포함: True
2026-03-17 13:50:05 [INFO]     GOWcekJV4 포함: True
2026-03-17 13:50:05 [INFO]     카드 발견: 3개
2026-03-17 13:50:05 [INFO]     카드 파싱 성공: 1건
2026-03-17 13:50:05 [INFO]     2022.05 p6: +1건 (페이지 1건)
2026-03-17 13:50:07 [INFO]     HTML 크기: 304879 bytes
2026-03-17 13:50:07 [INFO]     OaLkxeV3 포함: False
2026-03-17 13:50:07 [INFO]     GOWcekJV4 포함: True
2026-03-17 13:50:07 [INFO]     카드 발견: 0개
2026-03-17 13:50:07 [INFO]     카드 파싱 0건 -> 링크 직접 수집 폴백
2026-03-17 13:50:07 [INFO]     CLS_NAVER_LINK 링크: 2개
2026-03-17 13:50:07 [INFO]     2022.05 p7: 0건 (연속 빈 1회)
2026-03-17 13:50:09 [INFO]     HTML 크기: 307946 bytes
2026-03-17 13:50:09 [INFO]     OaLkxeV3 포함: False
2026-03-17 13:50:09 [INFO]     GOWcekJV4 포함: True
2026-03-17 13:50:09 [INFO]     카드 발견: 0개
2026-03-17 13:50:09 [INFO]     카드 파싱 0건 -> 링크 직접 수집 폴백
2026-03-17 13:50:09 [INFO]     CLS_NAVER_LINK 링크: 6개
2026-03-17 13:50:09 [INFO]     2022.05 p8: 0건 (연속 빈 2회)
2026-03-17 13:50:11 [INFO]     HTML 크기: 308214 bytes
2026-03-17 13:50:11 [INFO]     OaLkxeV3 포함: False
2026-03-17 13:50:11 [INFO]     GOWcekJV4 포함: True
2026-03-17 13:50:11 [INFO]     카드 발견: 0개
2026-03-17 13:50:11 [INFO]     카드 파싱 0건 -> 링크 직접 수집 폴백
2026-03-17 13:50:11 [INFO]     CLS_NAVER_LINK 링크: 7개
2026-03-17 13:50:11 [INFO]     2022.05 p9: 0건 (연속 빈 3회)
2026-03-17 13:50:11 [INFO]   2022.05 완료: +25건 (누적 336개)
2026-03-17 13:50:12 [INFO]     HTML 크기: 459150 bytes
2026-03-17 13:50:12 [INFO]     OaLkxeV3 포함: True
2026-03-17 13:50:12 [INFO]     GOWcekJV4 포함: True
2026-03-17 13:50:12 [INFO]     카드 발견: 34개
2026-03-17 13:50:12 [INFO]     카드 파싱 성공: 32건
2026-03-17 13:50:12 [INFO]     2022.06 p1: +32건 (페이지 32건)
2026-03-17 13:50:14 [INFO]     HTML 크기: 334827 bytes
2026-03-17 13:50:14 [INFO]     OaLkxeV3 포함: True
2026-03-17 13:50:14 [INFO]     GOWcekJV4 포함: True
2026-03-17 13:50:14 [INFO]     카드 발견: 6개
2026-03-17 13:50:14 [INFO]     카드 파싱 성공: 6건
2026-03-17 13:50:14 [INFO]     2022.06 p2: +6건 (페이지 6건)
2026-03-17 13:50:16 [INFO]     HTML 크기: 305932 bytes
2026-03-17 13:50:16 [INFO]     OaLkxeV3 포함: False
2026-03-17 13:50:16 [INFO]     GOWcekJV4 포함: True
2026-03-17 13:50:16 [INFO]     카드 발견: 0개
2026-03-17 13:50:16 [INFO]     카드 파싱 0건 -> 링크 직접 수집 폴백
2026-03-17 13:50:16 [INFO]     CLS_NAVER_LINK 링크: 2개
2026-03-17 13:50:16 [INFO]     2022.06 p3: 0건 (연속 빈 1회)
2026-03-17 13:50:18 [INFO]     HTML 크기: 305258 bytes
2026-03-17 13:50:18 [INFO]     OaLkxeV3 포함: False
2026-03-17 13:50:18 [INFO]     GOWcekJV4 포함: True
2026-03-17 13:50:18 [INFO]     카드 발견: 0개
2026-03-17 13:50:18 [INFO]     카드 파싱 0건 -> 링크 직접 수집 폴백
2026-03-17 13:50:18 [INFO]     CLS_NAVER_LINK 링크: 1개
2026-03-17 13:50:18 [INFO]     2022.06 p4: 0건 (연속 빈 2회)
2026-03-17 13:50:20 [INFO]     HTML 크기: 308333 bytes
2026-03-17 13:50:20 [INFO]     OaLkxeV3 포함: False
2026-03-17 13:50:20 [INFO]     GOWcekJV4 포함: True
2026-03-17 13:50:20 [INFO]     카드 발견: 0개
2026-03-17 13:50:20 [INFO]     카드 파싱 0건 -> 링크 직접 수집 폴백
2026-03-17 13:50:20 [INFO]     CLS_NAVER_LINK 링크: 4개
2026-03-17 13:50:20 [INFO]     2022.06 p5: 0건 (연속 빈 3회)
2026-03-17 13:50:20 [INFO]   2022.06 완료: +38건 (누적 374개)
2026-03-17 13:50:20 [INFO]     HTML 크기: 364951 bytes
2026-03-17 13:50:20 [INFO]     OaLkxeV3 포함: True
2026-03-17 13:50:20 [INFO]     GOWcekJV4 포함: True
2026-03-17 13:50:20 [INFO]     카드 발견: 12개
2026-03-17 13:50:20 [INFO]     카드 파싱 성공: 11건
2026-03-17 13:50:20 [INFO]     2022.07 p1: +11건 (페이지 11건)
2026-03-17 13:50:22 [INFO]     HTML 크기: 338708 bytes
2026-03-17 13:50:22 [INFO]     OaLkxeV3 포함: True
2026-03-17 13:50:22 [INFO]     GOWcekJV4 포함: True
2026-03-17 13:50:22 [INFO]     카드 발견: 6개
2026-03-17 13:50:22 [INFO]     카드 파싱 성공: 6건
2026-03-17 13:50:22 [INFO]     2022.07 p2: +6건 (페이지 6건)
2026-03-17 13:50:24 [INFO]     HTML 크기: 333950 bytes
2026-03-17 13:50:24 [INFO]     OaLkxeV3 포함: True
2026-03-17 13:50:24 [INFO]     GOWcekJV4 포함: True
2026-03-17 13:50:24 [INFO]     카드 발견: 5개
2026-03-17 13:50:24 [INFO]     카드 파싱 성공: 5건
2026-03-17 13:50:24 [INFO]     2022.07 p3: +5건 (페이지 5건)
2026-03-17 13:50:26 [INFO]     HTML 크기: 346296 bytes
2026-03-17 13:50:26 [INFO]     OaLkxeV3 포함: True
2026-03-17 13:50:26 [INFO]     GOWcekJV4 포함: True
2026-03-17 13:50:26 [INFO]     카드 발견: 8개
2026-03-17 13:50:26 [INFO]     카드 파싱 성공: 8건
2026-03-17 13:50:26 [INFO]     2022.07 p4: +8건 (페이지 8건)
2026-03-17 13:50:27 [INFO]     HTML 크기: 348951 bytes
2026-03-17 13:50:27 [INFO]     OaLkxeV3 포함: True
2026-03-17 13:50:27 [INFO]     GOWcekJV4 포함: True
2026-03-17 13:50:27 [INFO]     카드 발견: 10개
2026-03-17 13:50:27 [INFO]     카드 파싱 성공: 8건
2026-03-17 13:50:27 [INFO]     2022.07 p5: +8건 (페이지 8건)
2026-03-17 13:50:29 [INFO]     HTML 크기: 349397 bytes
2026-03-17 13:50:29 [INFO]     OaLkxeV3 포함: True
2026-03-17 13:50:29 [INFO]     GOWcekJV4 포함: True
2026-03-17 13:50:29 [INFO]     카드 발견: 9개
2026-03-17 13:50:29 [INFO]     카드 파싱 성공: 9건
2026-03-17 13:50:29 [INFO]     2022.07 p6: +9건 (페이지 9건)
2026-03-17 13:50:31 [INFO]     HTML 크기: 331700 bytes
2026-03-17 13:50:31 [INFO]     OaLkxeV3 포함: True
2026-03-17 13:50:31 [INFO]     GOWcekJV4 포함: True
2026-03-17 13:50:31 [INFO]     카드 발견: 5개
2026-03-17 13:50:31 [INFO]     카드 파싱 성공: 5건
2026-03-17 13:50:31 [INFO]     2022.07 p7: +5건 (페이지 5건)
2026-03-17 13:50:33 [INFO]     HTML 크기: 346934 bytes
2026-03-17 13:50:33 [INFO]     OaLkxeV3 포함: True
2026-03-17 13:50:33 [INFO]     GOWcekJV4 포함: True
2026-03-17 13:50:33 [INFO]     카드 발견: 8개
2026-03-17 13:50:33 [INFO]     카드 파싱 성공: 8건
2026-03-17 13:50:33 [INFO]     2022.07 p8: +8건 (페이지 8건)
2026-03-17 13:50:35 [INFO]     HTML 크기: 352983 bytes
2026-03-17 13:50:35 [INFO]     OaLkxeV3 포함: True
2026-03-17 13:50:35 [INFO]     GOWcekJV4 포함: True
2026-03-17 13:50:35 [INFO]     카드 발견: 9개
2026-03-17 13:50:35 [INFO]     카드 파싱 성공: 9건
2026-03-17 13:50:35 [INFO]     2022.07 p9: +9건 (페이지 9건)
2026-03-17 13:50:37 [INFO]     HTML 크기: 329166 bytes
2026-03-17 13:50:37 [INFO]     OaLkxeV3 포함: True
2026-03-17 13:50:37 [INFO]     GOWcekJV4 포함: True
2026-03-17 13:50:37 [INFO]     카드 발견: 4개
2026-03-17 13:50:37 [INFO]     카드 파싱 성공: 3건
2026-03-17 13:50:37 [INFO]     2022.07 p10: +3건 (페이지 3건)
2026-03-17 13:50:39 [INFO]     HTML 크기: 380892 bytes
2026-03-17 13:50:39 [INFO]     OaLkxeV3 포함: True
2026-03-17 13:50:39 [INFO]     GOWcekJV4 포함: True
2026-03-17 13:50:39 [INFO]     카드 발견: 16개
2026-03-17 13:50:39 [INFO]     카드 파싱 성공: 16건
2026-03-17 13:50:39 [INFO]     2022.07 p11: +11건 (페이지 16건)
2026-03-17 13:50:42 [INFO]     HTML 크기: 363860 bytes
2026-03-17 13:50:42 [INFO]     OaLkxeV3 포함: True
2026-03-17 13:50:42 [INFO]     GOWcekJV4 포함: True
2026-03-17 13:50:42 [INFO]     카드 발견: 12개
2026-03-17 13:50:42 [INFO]     카드 파싱 성공: 11건
2026-03-17 13:50:42 [INFO]     2022.07 p12: +2건 (페이지 11건)
2026-03-17 13:50:44 [INFO]     HTML 크기: 374178 bytes
2026-03-17 13:50:44 [INFO]     OaLkxeV3 포함: True
2026-03-17 13:50:44 [INFO]     GOWcekJV4 포함: True
2026-03-17 13:50:44 [INFO]     카드 발견: 14개
2026-03-17 13:50:44 [INFO]     카드 파싱 성공: 14건
2026-03-17 13:50:44 [INFO]     2022.07 p13: +4건 (페이지 14건)
2026-03-17 13:50:45 [INFO]     HTML 크기: 389711 bytes
2026-03-17 13:50:45 [INFO]     OaLkxeV3 포함: True
2026-03-17 13:50:45 [INFO]     GOWcekJV4 포함: True
2026-03-17 13:50:45 [INFO]     카드 발견: 19개
2026-03-17 13:50:45 [INFO]     카드 파싱 성공: 16건
2026-03-17 13:50:45 [INFO]     2022.07 p14: +4건 (페이지 16건)
2026-03-17 13:50:47 [INFO]     HTML 크기: 382988 bytes
2026-03-17 13:50:47 [INFO]     OaLkxeV3 포함: True
2026-03-17 13:50:47 [INFO]     GOWcekJV4 포함: True
2026-03-17 13:50:47 [INFO]     카드 발견: 17개
2026-03-17 13:50:47 [INFO]     카드 파싱 성공: 16건
2026-03-17 13:50:47 [INFO]     2022.07 p15: +2건 (페이지 16건)
2026-03-17 13:50:49 [INFO]     HTML 크기: 381930 bytes
2026-03-17 13:50:49 [INFO]     OaLkxeV3 포함: True
2026-03-17 13:50:49 [INFO]     GOWcekJV4 포함: True
2026-03-17 13:50:49 [INFO]     카드 발견: 16개
2026-03-17 13:50:49 [INFO]     카드 파싱 성공: 16건
2026-03-17 13:50:49 [INFO]     2022.07 p16: +8건 (페이지 16건)
2026-03-17 13:50:51 [INFO]     HTML 크기: 360446 bytes
2026-03-17 13:50:51 [INFO]     OaLkxeV3 포함: True
2026-03-17 13:50:51 [INFO]     GOWcekJV4 포함: True
2026-03-17 13:50:51 [INFO]     카드 발견: 12개
2026-03-17 13:50:51 [INFO]     카드 파싱 성공: 11건
2026-03-17 13:50:51 [INFO]     2022.07 p17: +3건 (페이지 11건)
2026-03-17 13:50:52 [INFO]     HTML 크기: 373951 bytes
2026-03-17 13:50:52 [INFO]     OaLkxeV3 포함: True
2026-03-17 13:50:52 [INFO]     GOWcekJV4 포함: True
2026-03-17 13:50:52 [INFO]     카드 발견: 15개
2026-03-17 13:50:52 [INFO]     카드 파싱 성공: 12건
2026-03-17 13:50:52 [INFO]     2022.07 p18: +2건 (페이지 12건)
2026-03-17 13:50:54 [INFO]     HTML 크기: 394541 bytes
2026-03-17 13:50:54 [INFO]     OaLkxeV3 포함: True
2026-03-17 13:50:54 [INFO]     GOWcekJV4 포함: True
2026-03-17 13:50:54 [INFO]     카드 발견: 20개
2026-03-17 13:50:54 [INFO]     카드 파싱 성공: 17건
2026-03-17 13:50:54 [INFO]     2022.07 p19: +4건 (페이지 17건)
2026-03-17 13:50:56 [INFO]     HTML 크기: 359739 bytes
2026-03-17 13:50:56 [INFO]     OaLkxeV3 포함: True
2026-03-17 13:50:56 [INFO]     GOWcekJV4 포함: True
2026-03-17 13:50:56 [INFO]     카드 발견: 12개
2026-03-17 13:50:56 [INFO]     카드 파싱 성공: 10건
2026-03-17 13:50:56 [INFO]     2022.07 p20: +4건 (페이지 10건)
2026-03-17 13:50:57 [INFO]     HTML 크기: 357797 bytes
2026-03-17 13:50:57 [INFO]     OaLkxeV3 포함: True
2026-03-17 13:50:57 [INFO]     GOWcekJV4 포함: True
2026-03-17 13:50:57 [INFO]     카드 발견: 11개
2026-03-17 13:50:57 [INFO]     카드 파싱 성공: 10건
2026-03-17 13:50:57 [INFO]     2022.07 p21: +3건 (페이지 10건)
2026-03-17 13:50:59 [INFO]     HTML 크기: 406846 bytes
2026-03-17 13:50:59 [INFO]     OaLkxeV3 포함: True
2026-03-17 13:50:59 [INFO]     GOWcekJV4 포함: True
2026-03-17 13:50:59 [INFO]     카드 발견: 22개
2026-03-17 13:50:59 [INFO]     카드 파싱 성공: 21건
2026-03-17 13:50:59 [INFO]     2022.07 p22: +4건 (페이지 21건)
2026-03-17 13:51:01 [INFO]     HTML 크기: 392485 bytes
2026-03-17 13:51:01 [INFO]     OaLkxeV3 포함: True
2026-03-17 13:51:01 [INFO]     GOWcekJV4 포함: True
2026-03-17 13:51:01 [INFO]     카드 발견: 19개
2026-03-17 13:51:01 [INFO]     카드 파싱 성공: 18건
2026-03-17 13:51:01 [INFO]     2022.07 p23: +6건 (페이지 18건)
2026-03-17 13:51:03 [INFO]     HTML 크기: 378959 bytes
2026-03-17 13:51:03 [INFO]     OaLkxeV3 포함: True
2026-03-17 13:51:03 [INFO]     GOWcekJV4 포함: True
2026-03-17 13:51:03 [INFO]     카드 발견: 16개
2026-03-17 13:51:03 [INFO]     카드 파싱 성공: 15건
2026-03-17 13:51:03 [INFO]     2022.07 p24: +4건 (페이지 15건)
2026-03-17 13:51:04 [INFO]     HTML 크기: 381653 bytes
2026-03-17 13:51:04 [INFO]     OaLkxeV3 포함: True
2026-03-17 13:51:04 [INFO]     GOWcekJV4 포함: True
2026-03-17 13:51:04 [INFO]     카드 발견: 17개
2026-03-17 13:51:04 [INFO]     카드 파싱 성공: 13건
2026-03-17 13:51:04 [INFO]     2022.07 p25: +3건 (페이지 13건)
2026-03-17 13:51:07 [INFO]     HTML 크기: 396233 bytes
2026-03-17 13:51:07 [INFO]     OaLkxeV3 포함: True
2026-03-17 13:51:07 [INFO]     GOWcekJV4 포함: True
2026-03-17 13:51:07 [INFO]     카드 발견: 20개
2026-03-17 13:51:07 [INFO]     카드 파싱 성공: 18건
2026-03-17 13:51:07 [INFO]     2022.07 p26: +2건 (페이지 18건)
2026-03-17 13:51:09 [INFO]     HTML 크기: 364153 bytes
2026-03-17 13:51:09 [INFO]     OaLkxeV3 포함: True
2026-03-17 13:51:09 [INFO]     GOWcekJV4 포함: True
2026-03-17 13:51:09 [INFO]     카드 발견: 13개
2026-03-17 13:51:09 [INFO]     카드 파싱 성공: 9건
2026-03-17 13:51:09 [INFO]     2022.07 p27: +5건 (페이지 9건)
2026-03-17 13:51:11 [INFO]     HTML 크기: 377351 bytes
2026-03-17 13:51:11 [INFO]     OaLkxeV3 포함: True
2026-03-17 13:51:11 [INFO]     GOWcekJV4 포함: True
2026-03-17 13:51:11 [INFO]     카드 발견: 16개
2026-03-17 13:51:11 [INFO]     카드 파싱 성공: 12건
2026-03-17 13:51:11 [INFO]     2022.07 p28: +6건 (페이지 12건)
2026-03-17 13:51:12 [INFO]     HTML 크기: 358268 bytes
2026-03-17 13:51:12 [INFO]     OaLkxeV3 포함: True
2026-03-17 13:51:12 [INFO]     GOWcekJV4 포함: True
2026-03-17 13:51:12 [INFO]     카드 발견: 11개
2026-03-17 13:51:12 [INFO]     카드 파싱 성공: 10건
2026-03-17 13:51:12 [INFO]     2022.07 p29: +1건 (페이지 10건)
2026-03-17 13:51:14 [INFO]     HTML 크기: 372093 bytes
2026-03-17 13:51:14 [INFO]     OaLkxeV3 포함: True
2026-03-17 13:51:14 [INFO]     GOWcekJV4 포함: True
2026-03-17 13:51:14 [INFO]     카드 발견: 15개
2026-03-17 13:51:14 [INFO]     카드 파싱 성공: 10건
2026-03-17 13:51:14 [INFO]     2022.07 p30: +3건 (페이지 10건)
2026-03-17 13:51:15 [INFO]     HTML 크기: 371571 bytes
2026-03-17 13:51:15 [INFO]     OaLkxeV3 포함: True
2026-03-17 13:51:15 [INFO]     GOWcekJV4 포함: True
2026-03-17 13:51:15 [INFO]     카드 발견: 15개
2026-03-17 13:51:16 [INFO]     카드 파싱 성공: 11건
2026-03-17 13:51:16 [INFO]     2022.07 p31: +3건 (페이지 11건)
2026-03-17 13:51:17 [INFO]     HTML 크기: 378138 bytes
2026-03-17 13:51:17 [INFO]     OaLkxeV3 포함: True
2026-03-17 13:51:17 [INFO]     GOWcekJV4 포함: True
2026-03-17 13:51:17 [INFO]     카드 발견: 16개
2026-03-17 13:51:17 [INFO]     카드 파싱 성공: 14건
2026-03-17 13:51:17 [INFO]     2022.07 p32: +7건 (페이지 14건)
2026-03-17 13:51:19 [INFO]     HTML 크기: 380148 bytes
2026-03-17 13:51:19 [INFO]     OaLkxeV3 포함: True
2026-03-17 13:51:19 [INFO]     GOWcekJV4 포함: True
2026-03-17 13:51:19 [INFO]     카드 발견: 18개
2026-03-17 13:51:19 [INFO]     카드 파싱 성공: 10건
2026-03-17 13:51:19 [INFO]     2022.07 p33: +3건 (페이지 10건)
2026-03-17 13:51:21 [INFO]     HTML 크기: 341235 bytes
2026-03-17 13:51:21 [INFO]     OaLkxeV3 포함: True
2026-03-17 13:51:21 [INFO]     GOWcekJV4 포함: True
2026-03-17 13:51:21 [INFO]     카드 발견: 8개
2026-03-17 13:51:21 [INFO]     카드 파싱 성공: 4건
2026-03-17 13:51:21 [INFO]     2022.07 p34: +2건 (페이지 4건)
2026-03-17 13:51:23 [INFO]     HTML 크기: 373295 bytes
2026-03-17 13:51:23 [INFO]     OaLkxeV3 포함: True
2026-03-17 13:51:23 [INFO]     GOWcekJV4 포함: True
2026-03-17 13:51:23 [INFO]     카드 발견: 16개
2026-03-17 13:51:23 [INFO]     카드 파싱 성공: 11건
2026-03-17 13:51:23 [INFO]     2022.07 p35: +8건 (페이지 11건)
2026-03-17 13:51:25 [INFO]     HTML 크기: 365185 bytes
2026-03-17 13:51:25 [INFO]     OaLkxeV3 포함: True
2026-03-17 13:51:25 [INFO]     GOWcekJV4 포함: True
2026-03-17 13:51:25 [INFO]     카드 발견: 14개
2026-03-17 13:51:25 [INFO]     카드 파싱 성공: 10건
2026-03-17 13:51:25 [INFO]     2022.07 p36: +4건 (페이지 10건)
2026-03-17 13:51:27 [INFO]     HTML 크기: 369079 bytes
2026-03-17 13:51:27 [INFO]     OaLkxeV3 포함: True
2026-03-17 13:51:27 [INFO]     GOWcekJV4 포함: True
2026-03-17 13:51:27 [INFO]     카드 발견: 15개
2026-03-17 13:51:27 [INFO]     카드 파싱 성공: 8건
2026-03-17 13:51:27 [INFO]     2022.07 p37: +5건 (페이지 8건)
2026-03-17 13:51:28 [INFO]     HTML 크기: 389289 bytes
2026-03-17 13:51:28 [INFO]     OaLkxeV3 포함: True
2026-03-17 13:51:28 [INFO]     GOWcekJV4 포함: True
2026-03-17 13:51:28 [INFO]     카드 발견: 20개
2026-03-17 13:51:28 [INFO]     카드 파싱 성공: 11건
2026-03-17 13:51:28 [INFO]     2022.07 p38: +4건 (페이지 11건)
2026-03-17 13:51:31 [INFO]     HTML 크기: 356036 bytes
2026-03-17 13:51:31 [INFO]     OaLkxeV3 포함: True
2026-03-17 13:51:31 [INFO]     GOWcekJV4 포함: True
2026-03-17 13:51:31 [INFO]     카드 발견: 12개
2026-03-17 13:51:31 [INFO]     카드 파싱 성공: 4건
2026-03-17 13:51:31 [INFO]     2022.07 p39: +0건 (페이지 4건)
2026-03-17 13:51:32 [INFO]   2022.07 완료: +189건 (누적 563개)
2026-03-17 13:51:33 [INFO]     HTML 크기: 411898 bytes
2026-03-17 13:51:33 [INFO]     OaLkxeV3 포함: True
2026-03-17 13:51:33 [INFO]     GOWcekJV4 포함: True
2026-03-17 13:51:33 [INFO]     카드 발견: 24개
2026-03-17 13:51:33 [INFO]     카드 파싱 성공: 19건
2026-03-17 13:51:33 [INFO]     2022.08 p1: +19건 (페이지 19건)
2026-03-17 13:51:35 [INFO]     HTML 크기: 333532 bytes
2026-03-17 13:51:35 [INFO]     OaLkxeV3 포함: True
2026-03-17 13:51:35 [INFO]     GOWcekJV4 포함: True
2026-03-17 13:51:35 [INFO]     카드 발견: 5개
2026-03-17 13:51:35 [INFO]     카드 파싱 성공: 5건
2026-03-17 13:51:35 [INFO]     2022.08 p2: +3건 (페이지 5건)
2026-03-17 13:51:37 [INFO]     HTML 크기: 307023 bytes
2026-03-17 13:51:37 [INFO]     OaLkxeV3 포함: False
2026-03-17 13:51:37 [INFO]     GOWcekJV4 포함: True
2026-03-17 13:51:37 [INFO]     카드 발견: 0개
2026-03-17 13:51:37 [INFO]     카드 파싱 0건 -> 링크 직접 수집 폴백
2026-03-17 13:51:37 [INFO]     CLS_NAVER_LINK 링크: 3개
2026-03-17 13:51:37 [INFO]     2022.08 p3: 0건 (연속 빈 1회)
2026-03-17 13:51:38 [INFO]     HTML 크기: 307153 bytes
2026-03-17 13:51:38 [INFO]     OaLkxeV3 포함: False
2026-03-17 13:51:38 [INFO]     GOWcekJV4 포함: True
2026-03-17 13:51:38 [INFO]     카드 발견: 0개
2026-03-17 13:51:38 [INFO]     카드 파싱 0건 -> 링크 직접 수집 폴백
2026-03-17 13:51:38 [INFO]     CLS_NAVER_LINK 링크: 3개
2026-03-17 13:51:38 [INFO]     2022.08 p4: 0건 (연속 빈 2회)
2026-03-17 13:51:40 [INFO]     HTML 크기: 306730 bytes
2026-03-17 13:51:40 [INFO]     OaLkxeV3 포함: False
2026-03-17 13:51:40 [INFO]     GOWcekJV4 포함: True
2026-03-17 13:51:40 [INFO]     카드 발견: 0개
2026-03-17 13:51:40 [INFO]     카드 파싱 0건 -> 링크 직접 수집 폴백
2026-03-17 13:51:40 [INFO]     CLS_NAVER_LINK 링크: 4개
2026-03-17 13:51:40 [INFO]     2022.08 p5: 0건 (연속 빈 3회)
2026-03-17 13:51:40 [INFO]   2022.08 완료: +22건 (누적 585개)
2026-03-17 13:51:41 [INFO]     HTML 크기: 403630 bytes
2026-03-17 13:51:41 [INFO]     OaLkxeV3 포함: True
2026-03-17 13:51:41 [INFO]     GOWcekJV4 포함: True
2026-03-17 13:51:41 [INFO]     카드 발견: 21개
2026-03-17 13:51:41 [INFO]     카드 파싱 성공: 20건
2026-03-17 13:51:41 [INFO]     2022.09 p1: +20건 (페이지 20건)
2026-03-17 13:51:43 [INFO]     HTML 크기: 337317 bytes
2026-03-17 13:51:43 [INFO]     OaLkxeV3 포함: True
2026-03-17 13:51:43 [INFO]     GOWcekJV4 포함: True
2026-03-17 13:51:43 [INFO]     카드 발견: 6개
2026-03-17 13:51:43 [INFO]     카드 파싱 성공: 6건
2026-03-17 13:51:43 [INFO]     2022.09 p2: +6건 (페이지 6건)
2026-03-17 13:51:45 [INFO]     HTML 크기: 330159 bytes
2026-03-17 13:51:45 [INFO]     OaLkxeV3 포함: True
2026-03-17 13:51:45 [INFO]     GOWcekJV4 포함: True
2026-03-17 13:51:45 [INFO]     카드 발견: 4개
2026-03-17 13:51:45 [INFO]     카드 파싱 성공: 4건
2026-03-17 13:51:45 [INFO]     2022.09 p3: +4건 (페이지 4건)
2026-03-17 13:51:46 [INFO]     HTML 크기: 339393 bytes
2026-03-17 13:51:46 [INFO]     OaLkxeV3 포함: True
2026-03-17 13:51:46 [INFO]     GOWcekJV4 포함: True
2026-03-17 13:51:46 [INFO]     카드 발견: 7개
2026-03-17 13:51:46 [INFO]     카드 파싱 성공: 7건
2026-03-17 13:51:46 [INFO]     2022.09 p4: +7건 (페이지 7건)
2026-03-17 13:51:48 [INFO]     HTML 크기: 326782 bytes
2026-03-17 13:51:48 [INFO]     OaLkxeV3 포함: True
2026-03-17 13:51:48 [INFO]     GOWcekJV4 포함: True
2026-03-17 13:51:48 [INFO]     카드 발견: 4개
2026-03-17 13:51:48 [INFO]     카드 파싱 성공: 2건
2026-03-17 13:51:48 [INFO]     2022.09 p5: +2건 (페이지 2건)
2026-03-17 13:51:50 [INFO]     HTML 크기: 322580 bytes
2026-03-17 13:51:50 [INFO]     OaLkxeV3 포함: True
2026-03-17 13:51:50 [INFO]     GOWcekJV4 포함: True
2026-03-17 13:51:50 [INFO]     카드 발견: 2개
2026-03-17 13:51:50 [INFO]     카드 파싱 성공: 2건
2026-03-17 13:51:50 [INFO]     2022.09 p6: +2건 (페이지 2건)
2026-03-17 13:51:52 [INFO]     HTML 크기: 310126 bytes
2026-03-17 13:51:52 [INFO]     OaLkxeV3 포함: False
2026-03-17 13:51:52 [INFO]     GOWcekJV4 포함: True
2026-03-17 13:51:52 [INFO]     카드 발견: 0개
2026-03-17 13:51:52 [INFO]     카드 파싱 0건 -> 링크 직접 수집 폴백
2026-03-17 13:51:52 [INFO]     CLS_NAVER_LINK 링크: 7개
2026-03-17 13:51:52 [INFO]     2022.09 p7: 0건 (연속 빈 1회)
2026-03-17 13:51:54 [INFO]     HTML 크기: 311676 bytes
2026-03-17 13:51:54 [INFO]     OaLkxeV3 포함: False
2026-03-17 13:51:54 [INFO]     GOWcekJV4 포함: True
2026-03-17 13:51:54 [INFO]     카드 발견: 0개
2026-03-17 13:51:54 [INFO]     카드 파싱 0건 -> 링크 직접 수집 폴백
2026-03-17 13:51:54 [INFO]     CLS_NAVER_LINK 링크: 8개
2026-03-17 13:51:54 [INFO]     2022.09 p8: 0건 (연속 빈 2회)
2026-03-17 13:51:56 [INFO]     HTML 크기: 307241 bytes
2026-03-17 13:51:56 [INFO]     OaLkxeV3 포함: False
2026-03-17 13:51:56 [INFO]     GOWcekJV4 포함: True
2026-03-17 13:51:56 [INFO]     카드 발견: 0개
2026-03-17 13:51:56 [INFO]     카드 파싱 0건 -> 링크 직접 수집 폴백
2026-03-17 13:51:56 [INFO]     CLS_NAVER_LINK 링크: 4개
2026-03-17 13:51:56 [INFO]     2022.09 p9: 0건 (연속 빈 3회)
2026-03-17 13:51:56 [INFO]   2022.09 완료: +41건 (누적 626개)
2026-03-17 13:51:57 [INFO]     HTML 크기: 395365 bytes
2026-03-17 13:51:57 [INFO]     OaLkxeV3 포함: True
2026-03-17 13:51:57 [INFO]     GOWcekJV4 포함: True
2026-03-17 13:51:57 [INFO]     카드 발견: 19개
2026-03-17 13:51:57 [INFO]     카드 파싱 성공: 18건
2026-03-17 13:51:57 [INFO]     2022.10 p1: +18건 (페이지 18건)
2026-03-17 13:51:59 [INFO]     HTML 크기: 324039 bytes
2026-03-17 13:51:59 [INFO]     OaLkxeV3 포함: True
2026-03-17 13:51:59 [INFO]     GOWcekJV4 포함: True
2026-03-17 13:51:59 [INFO]     카드 발견: 3개
2026-03-17 13:51:59 [INFO]     카드 파싱 성공: 2건
2026-03-17 13:51:59 [INFO]     2022.10 p2: +2건 (페이지 2건)
2026-03-17 13:52:00 [INFO]     HTML 크기: 363740 bytes
2026-03-17 13:52:00 [INFO]     OaLkxeV3 포함: True
2026-03-17 13:52:00 [INFO]     GOWcekJV4 포함: True
2026-03-17 13:52:00 [INFO]     카드 발견: 12개
2026-03-17 13:52:00 [INFO]     카드 파싱 성공: 12건
2026-03-17 13:52:00 [INFO]     2022.10 p3: +12건 (페이지 12건)
2026-03-17 13:52:03 [INFO]     HTML 크기: 321429 bytes
2026-03-17 13:52:03 [INFO]     OaLkxeV3 포함: True
2026-03-17 13:52:03 [INFO]     GOWcekJV4 포함: True
2026-03-17 13:52:03 [INFO]     카드 발견: 2개
2026-03-17 13:52:03 [INFO]     카드 파싱 성공: 2건
2026-03-17 13:52:03 [INFO]     2022.10 p4: +2건 (페이지 2건)
2026-03-17 13:52:04 [INFO]     HTML 크기: 339127 bytes
2026-03-17 13:52:04 [INFO]     OaLkxeV3 포함: True
2026-03-17 13:52:04 [INFO]     GOWcekJV4 포함: True
2026-03-17 13:52:04 [INFO]     카드 발견: 7개
2026-03-17 13:52:04 [INFO]     카드 파싱 성공: 6건
2026-03-17 13:52:04 [INFO]     2022.10 p5: +6건 (페이지 6건)
2026-03-17 13:52:07 [INFO]     HTML 크기: 384367 bytes
2026-03-17 13:52:07 [INFO]     OaLkxeV3 포함: True
2026-03-17 13:52:07 [INFO]     GOWcekJV4 포함: True
2026-03-17 13:52:07 [INFO]     카드 발견: 17개
2026-03-17 13:52:07 [INFO]     카드 파싱 성공: 15건
2026-03-17 13:52:07 [INFO]     2022.10 p6: +15건 (페이지 15건)
2026-03-17 13:52:08 [INFO]     HTML 크기: 337632 bytes
2026-03-17 13:52:08 [INFO]     OaLkxeV3 포함: True
2026-03-17 13:52:08 [INFO]     GOWcekJV4 포함: True
2026-03-17 13:52:08 [INFO]     카드 발견: 6개
2026-03-17 13:52:08 [INFO]     카드 파싱 성공: 6건
2026-03-17 13:52:08 [INFO]     2022.10 p7: +6건 (페이지 6건)
2026-03-17 13:52:10 [INFO]     HTML 크기: 332947 bytes
2026-03-17 13:52:10 [INFO]     OaLkxeV3 포함: True
2026-03-17 13:52:10 [INFO]     GOWcekJV4 포함: True
2026-03-17 13:52:10 [INFO]     카드 발견: 5개
2026-03-17 13:52:10 [INFO]     카드 파싱 성공: 5건
2026-03-17 13:52:10 [INFO]     2022.10 p8: +5건 (페이지 5건)
2026-03-17 13:52:12 [INFO]     HTML 크기: 314773 bytes
2026-03-17 13:52:12 [INFO]     OaLkxeV3 포함: True
2026-03-17 13:52:12 [INFO]     GOWcekJV4 포함: True
2026-03-17 13:52:12 [INFO]     카드 발견: 1개
2026-03-17 13:52:12 [INFO]     카드 파싱 성공: 1건
2026-03-17 13:52:12 [INFO]     2022.10 p9: +1건 (페이지 1건)
2026-03-17 13:52:13 [INFO]     HTML 크기: 309091 bytes
2026-03-17 13:52:13 [INFO]     OaLkxeV3 포함: False
2026-03-17 13:52:13 [INFO]     GOWcekJV4 포함: True
2026-03-17 13:52:13 [INFO]     카드 발견: 0개
2026-03-17 13:52:13 [INFO]     카드 파싱 0건 -> 링크 직접 수집 폴백
2026-03-17 13:52:13 [INFO]     CLS_NAVER_LINK 링크: 5개
2026-03-17 13:52:13 [INFO]     2022.10 p10: 0건 (연속 빈 1회)
2026-03-17 13:52:15 [INFO]     HTML 크기: 364248 bytes
2026-03-17 13:52:15 [INFO]     OaLkxeV3 포함: True
2026-03-17 13:52:15 [INFO]     GOWcekJV4 포함: True
2026-03-17 13:52:15 [INFO]     카드 발견: 13개
2026-03-17 13:52:15 [INFO]     카드 파싱 성공: 10건
2026-03-17 13:52:15 [INFO]     2022.10 p11: +5건 (페이지 10건)
2026-03-17 13:52:17 [INFO]     HTML 크기: 361210 bytes
2026-03-17 13:52:17 [INFO]     OaLkxeV3 포함: True
2026-03-17 13:52:17 [INFO]     GOWcekJV4 포함: True
2026-03-17 13:52:17 [INFO]     카드 발견: 12개
2026-03-17 13:52:17 [INFO]     카드 파싱 성공: 10건
2026-03-17 13:52:17 [INFO]     2022.10 p12: +2건 (페이지 10건)
2026-03-17 13:52:19 [INFO]     HTML 크기: 384435 bytes
2026-03-17 13:52:19 [INFO]     OaLkxeV3 포함: True
2026-03-17 13:52:19 [INFO]     GOWcekJV4 포함: True
2026-03-17 13:52:19 [INFO]     카드 발견: 17개
2026-03-17 13:52:19 [INFO]     카드 파싱 성공: 17건
2026-03-17 13:52:19 [INFO]     2022.10 p13: +6건 (페이지 17건)
2026-03-17 13:52:21 [INFO]     HTML 크기: 386764 bytes
2026-03-17 13:52:21 [INFO]     OaLkxeV3 포함: True
2026-03-17 13:52:21 [INFO]     GOWcekJV4 포함: True
2026-03-17 13:52:21 [INFO]     카드 발견: 17개
2026-03-17 13:52:21 [INFO]     카드 파싱 성공: 17건
2026-03-17 13:52:21 [INFO]     2022.10 p14: +3건 (페이지 17건)
2026-03-17 13:52:23 [INFO]     HTML 크기: 364445 bytes
2026-03-17 13:52:23 [INFO]     OaLkxeV3 포함: True
2026-03-17 13:52:23 [INFO]     GOWcekJV4 포함: True
2026-03-17 13:52:23 [INFO]     카드 발견: 12개
2026-03-17 13:52:23 [INFO]     카드 파싱 성공: 11건
2026-03-17 13:52:23 [INFO]     2022.10 p15: +2건 (페이지 11건)
2026-03-17 13:52:25 [INFO]     HTML 크기: 394836 bytes
2026-03-17 13:52:25 [INFO]     OaLkxeV3 포함: True
2026-03-17 13:52:25 [INFO]     GOWcekJV4 포함: True
2026-03-17 13:52:25 [INFO]     카드 발견: 20개
2026-03-17 13:52:25 [INFO]     카드 파싱 성공: 20건
2026-03-17 13:52:25 [INFO]     2022.10 p16: +4건 (페이지 20건)
2026-03-17 13:52:27 [INFO]     HTML 크기: 369581 bytes
2026-03-17 13:52:27 [INFO]     OaLkxeV3 포함: True
2026-03-17 13:52:27 [INFO]     GOWcekJV4 포함: True
2026-03-17 13:52:27 [INFO]     카드 발견: 14개
2026-03-17 13:52:27 [INFO]     카드 파싱 성공: 14건
2026-03-17 13:52:27 [INFO]     2022.10 p17: +5건 (페이지 14건)
2026-03-17 13:52:29 [INFO]     HTML 크기: 355064 bytes
2026-03-17 13:52:29 [INFO]     OaLkxeV3 포함: True
2026-03-17 13:52:29 [INFO]     GOWcekJV4 포함: True
2026-03-17 13:52:29 [INFO]     카드 발견: 10개
2026-03-17 13:52:29 [INFO]     카드 파싱 성공: 10건
2026-03-17 13:52:29 [INFO]     2022.10 p18: +2건 (페이지 10건)
2026-03-17 13:52:30 [INFO]     HTML 크기: 351189 bytes
2026-03-17 13:52:30 [INFO]     OaLkxeV3 포함: True
2026-03-17 13:52:30 [INFO]     GOWcekJV4 포함: True
2026-03-17 13:52:30 [INFO]     카드 발견: 10개
2026-03-17 13:52:30 [INFO]     카드 파싱 성공: 8건
2026-03-17 13:52:30 [INFO]     2022.10 p19: +1건 (페이지 8건)
2026-03-17 13:52:32 [INFO]     HTML 크기: 374315 bytes
2026-03-17 13:52:32 [INFO]     OaLkxeV3 포함: True
2026-03-17 13:52:32 [INFO]     GOWcekJV4 포함: True
2026-03-17 13:52:32 [INFO]     카드 발견: 15개
2026-03-17 13:52:32 [INFO]     카드 파싱 성공: 14건
2026-03-17 13:52:32 [INFO]     2022.10 p20: +4건 (페이지 14건)
2026-03-17 13:52:34 [INFO]     HTML 크기: 363420 bytes
2026-03-17 13:52:34 [INFO]     OaLkxeV3 포함: True
2026-03-17 13:52:34 [INFO]     GOWcekJV4 포함: True
2026-03-17 13:52:34 [INFO]     카드 발견: 12개
2026-03-17 13:52:34 [INFO]     카드 파싱 성공: 12건
2026-03-17 13:52:34 [INFO]     2022.10 p21: +3건 (페이지 12건)
2026-03-17 13:52:36 [INFO]     HTML 크기: 358552 bytes
2026-03-17 13:52:36 [INFO]     OaLkxeV3 포함: True
2026-03-17 13:52:36 [INFO]     GOWcekJV4 포함: True
2026-03-17 13:52:36 [INFO]     카드 발견: 11개
2026-03-17 13:52:36 [INFO]     카드 파싱 성공: 11건
2026-03-17 13:52:36 [INFO]     2022.10 p22: +4건 (페이지 11건)
2026-03-17 13:52:37 [INFO]     HTML 크기: 354014 bytes
2026-03-17 13:52:37 [INFO]     OaLkxeV3 포함: True
2026-03-17 13:52:37 [INFO]     GOWcekJV4 포함: True
2026-03-17 13:52:37 [INFO]     카드 발견: 11개
2026-03-17 13:52:37 [INFO]     카드 파싱 성공: 9건
2026-03-17 13:52:37 [INFO]     2022.10 p23: +3건 (페이지 9건)
2026-03-17 13:52:39 [INFO]     HTML 크기: 332888 bytes
2026-03-17 13:52:39 [INFO]     OaLkxeV3 포함: True
2026-03-17 13:52:39 [INFO]     GOWcekJV4 포함: True
2026-03-17 13:52:39 [INFO]     카드 발견: 5개
2026-03-17 13:52:39 [INFO]     카드 파싱 성공: 5건
2026-03-17 13:52:39 [INFO]     2022.10 p24: +2건 (페이지 5건)
2026-03-17 13:52:41 [INFO]     HTML 크기: 333129 bytes
2026-03-17 13:52:41 [INFO]     OaLkxeV3 포함: True
2026-03-17 13:52:41 [INFO]     GOWcekJV4 포함: True
2026-03-17 13:52:41 [INFO]     카드 발견: 6개
2026-03-17 13:52:41 [INFO]     카드 파싱 성공: 6건
2026-03-17 13:52:41 [INFO]     2022.10 p25: +4건 (페이지 6건)
2026-03-17 13:52:42 [INFO]     HTML 크기: 322440 bytes
2026-03-17 13:52:42 [INFO]     OaLkxeV3 포함: True
2026-03-17 13:52:43 [INFO]     GOWcekJV4 포함: True
2026-03-17 13:52:43 [INFO]     카드 발견: 3개
2026-03-17 13:52:43 [INFO]     카드 파싱 성공: 3건
2026-03-17 13:52:43 [INFO]     2022.10 p26: +2건 (페이지 3건)
2026-03-17 13:52:45 [INFO]     HTML 크기: 382013 bytes
2026-03-17 13:52:45 [INFO]     OaLkxeV3 포함: True
2026-03-17 13:52:45 [INFO]     GOWcekJV4 포함: True
2026-03-17 13:52:45 [INFO]     카드 발견: 17개
2026-03-17 13:52:45 [INFO]     카드 파싱 성공: 17건
2026-03-17 13:52:45 [INFO]     2022.10 p27: +15건 (페이지 17건)
2026-03-17 13:52:47 [INFO]     HTML 크기: 368408 bytes
2026-03-17 13:52:47 [INFO]     OaLkxeV3 포함: True
2026-03-17 13:52:47 [INFO]     GOWcekJV4 포함: True
2026-03-17 13:52:47 [INFO]     카드 발견: 14개
2026-03-17 13:52:47 [INFO]     카드 파싱 성공: 13건
2026-03-17 13:52:47 [INFO]     2022.10 p28: +4건 (페이지 13건)
2026-03-17 13:52:48 [INFO]     HTML 크기: 320368 bytes
2026-03-17 13:52:48 [INFO]     OaLkxeV3 포함: True
2026-03-17 13:52:48 [INFO]     GOWcekJV4 포함: True
2026-03-17 13:52:48 [INFO]     카드 발견: 3개
2026-03-17 13:52:48 [INFO]     카드 파싱 성공: 3건
2026-03-17 13:52:48 [INFO]     2022.10 p29: +3건 (페이지 3건)
2026-03-17 13:52:50 [INFO]     HTML 크기: 366008 bytes
2026-03-17 13:52:50 [INFO]     OaLkxeV3 포함: True
2026-03-17 13:52:50 [INFO]     GOWcekJV4 포함: True
2026-03-17 13:52:50 [INFO]     카드 발견: 14개
2026-03-17 13:52:50 [INFO]     카드 파싱 성공: 11건
2026-03-17 13:52:50 [INFO]     2022.10 p30: +5건 (페이지 11건)
2026-03-17 13:52:52 [INFO]     HTML 크기: 332736 bytes
2026-03-17 13:52:52 [INFO]     OaLkxeV3 포함: True
2026-03-17 13:52:52 [INFO]     GOWcekJV4 포함: True
2026-03-17 13:52:52 [INFO]     카드 발견: 5개
2026-03-17 13:52:52 [INFO]     카드 파싱 성공: 4건
2026-03-17 13:52:52 [INFO]     2022.10 p31: +2건 (페이지 4건)
2026-03-17 13:52:54 [INFO]     HTML 크기: 370244 bytes
2026-03-17 13:52:54 [INFO]     OaLkxeV3 포함: True
2026-03-17 13:52:54 [INFO]     GOWcekJV4 포함: True
2026-03-17 13:52:54 [INFO]     카드 발견: 14개
2026-03-17 13:52:54 [INFO]     카드 파싱 성공: 13건
2026-03-17 13:52:54 [INFO]     2022.10 p32: +6건 (페이지 13건)
2026-03-17 13:52:56 [INFO]     HTML 크기: 364867 bytes
2026-03-17 13:52:56 [INFO]     OaLkxeV3 포함: True
2026-03-17 13:52:56 [INFO]     GOWcekJV4 포함: True
2026-03-17 13:52:56 [INFO]     카드 발견: 13개
2026-03-17 13:52:56 [INFO]     카드 파싱 성공: 11건
2026-03-17 13:52:56 [INFO]     2022.10 p33: +3건 (페이지 11건)
2026-03-17 13:52:58 [INFO]     HTML 크기: 388364 bytes
2026-03-17 13:52:58 [INFO]     OaLkxeV3 포함: True
2026-03-17 13:52:58 [INFO]     GOWcekJV4 포함: True
2026-03-17 13:52:58 [INFO]     카드 발견: 19개
2026-03-17 13:52:58 [INFO]     카드 파싱 성공: 16건
2026-03-17 13:52:58 [INFO]     2022.10 p34: +8건 (페이지 16건)
2026-03-17 13:53:00 [INFO]     HTML 크기: 361630 bytes
2026-03-17 13:53:00 [INFO]     OaLkxeV3 포함: True
2026-03-17 13:53:00 [INFO]     GOWcekJV4 포함: True
2026-03-17 13:53:00 [INFO]     카드 발견: 13개
2026-03-17 13:53:00 [INFO]     카드 파싱 성공: 10건
2026-03-17 13:53:00 [INFO]     2022.10 p35: +5건 (페이지 10건)
2026-03-17 13:53:02 [INFO]     HTML 크기: 368897 bytes
2026-03-17 13:53:02 [INFO]     OaLkxeV3 포함: True
2026-03-17 13:53:02 [INFO]     GOWcekJV4 포함: True
2026-03-17 13:53:02 [INFO]     카드 발견: 14개
2026-03-17 13:53:02 [INFO]     카드 파싱 성공: 12건
2026-03-17 13:53:02 [INFO]     2022.10 p36: +4건 (페이지 12건)
2026-03-17 13:53:04 [INFO]     HTML 크기: 336110 bytes
2026-03-17 13:53:04 [INFO]     OaLkxeV3 포함: True
2026-03-17 13:53:04 [INFO]     GOWcekJV4 포함: True
2026-03-17 13:53:04 [INFO]     카드 발견: 6개
2026-03-17 13:53:04 [INFO]     카드 파싱 성공: 6건
2026-03-17 13:53:04 [INFO]     2022.10 p37: +2건 (페이지 6건)
2026-03-17 13:53:05 [INFO]     HTML 크기: 380825 bytes
2026-03-17 13:53:05 [INFO]     OaLkxeV3 포함: True
2026-03-17 13:53:05 [INFO]     GOWcekJV4 포함: True
2026-03-17 13:53:05 [INFO]     카드 발견: 18개
2026-03-17 13:53:05 [INFO]     카드 파싱 성공: 11건
2026-03-17 13:53:05 [INFO]     2022.10 p38: +5건 (페이지 11건)
2026-03-17 13:53:07 [INFO]     HTML 크기: 356151 bytes
2026-03-17 13:53:07 [INFO]     OaLkxeV3 포함: True
2026-03-17 13:53:07 [INFO]     GOWcekJV4 포함: True
2026-03-17 13:53:07 [INFO]     카드 발견: 11개
2026-03-17 13:53:07 [INFO]     카드 파싱 성공: 11건
2026-03-17 13:53:07 [INFO]     2022.10 p39: +2건 (페이지 11건)
2026-03-17 13:53:09 [INFO]     HTML 크기: 360905 bytes
2026-03-17 13:53:09 [INFO]     OaLkxeV3 포함: True
2026-03-17 13:53:09 [INFO]     GOWcekJV4 포함: True
2026-03-17 13:53:09 [INFO]     카드 발견: 12개
2026-03-17 13:53:09 [INFO]     카드 파싱 성공: 8건
2026-03-17 13:53:09 [INFO]     2022.10 p40: +1건 (페이지 8건)
2026-03-17 13:53:10 [INFO]   2022.10 완료: +184건 (누적 810개)
2026-03-17 13:53:11 [INFO]     HTML 크기: 382756 bytes
2026-03-17 13:53:11 [INFO]     OaLkxeV3 포함: True
2026-03-17 13:53:11 [INFO]     GOWcekJV4 포함: True
2026-03-17 13:53:11 [INFO]     카드 발견: 17개
2026-03-17 13:53:11 [INFO]     카드 파싱 성공: 11건
2026-03-17 13:53:11 [INFO]     2022.11 p1: +11건 (페이지 11건)
2026-03-17 13:53:13 [INFO]     HTML 크기: 371405 bytes
2026-03-17 13:53:13 [INFO]     OaLkxeV3 포함: True
2026-03-17 13:53:13 [INFO]     GOWcekJV4 포함: True
2026-03-17 13:53:13 [INFO]     카드 발견: 14개
2026-03-17 13:53:13 [INFO]     카드 파싱 성공: 12건
2026-03-17 13:53:13 [INFO]     2022.11 p2: +12건 (페이지 12건)
2026-03-17 13:53:15 [INFO]     HTML 크기: 331166 bytes
2026-03-17 13:53:15 [INFO]     OaLkxeV3 포함: True
2026-03-17 13:53:15 [INFO]     GOWcekJV4 포함: True
2026-03-17 13:53:15 [INFO]     카드 발견: 5개
2026-03-17 13:53:15 [INFO]     카드 파싱 성공: 5건
2026-03-17 13:53:15 [INFO]     2022.11 p3: +5건 (페이지 5건)
2026-03-17 13:53:17 [INFO]     HTML 크기: 306848 bytes
2026-03-17 13:53:17 [INFO]     OaLkxeV3 포함: False
2026-03-17 13:53:17 [INFO]     GOWcekJV4 포함: True
2026-03-17 13:53:17 [INFO]     카드 발견: 0개
2026-03-17 13:53:17 [INFO]     카드 파싱 0건 -> 링크 직접 수집 폴백
2026-03-17 13:53:17 [INFO]     CLS_NAVER_LINK 링크: 4개
2026-03-17 13:53:17 [INFO]     2022.11 p4: 0건 (연속 빈 1회)
2026-03-17 13:53:19 [INFO]     HTML 크기: 306945 bytes
2026-03-17 13:53:19 [INFO]     OaLkxeV3 포함: False
2026-03-17 13:53:19 [INFO]     GOWcekJV4 포함: True
2026-03-17 13:53:19 [INFO]     카드 발견: 0개
2026-03-17 13:53:19 [INFO]     카드 파싱 0건 -> 링크 직접 수집 폴백
2026-03-17 13:53:19 [INFO]     CLS_NAVER_LINK 링크: 4개
2026-03-17 13:53:19 [INFO]     2022.11 p5: 0건 (연속 빈 2회)
2026-03-17 13:53:20 [INFO]     HTML 크기: 308157 bytes
2026-03-17 13:53:20 [INFO]     OaLkxeV3 포함: False
2026-03-17 13:53:20 [INFO]     GOWcekJV4 포함: True
2026-03-17 13:53:20 [INFO]     카드 발견: 0개
2026-03-17 13:53:20 [INFO]     카드 파싱 0건 -> 링크 직접 수집 폴백
2026-03-17 13:53:20 [INFO]     CLS_NAVER_LINK 링크: 4개
2026-03-17 13:53:20 [INFO]     2022.11 p6: 0건 (연속 빈 3회)
2026-03-17 13:53:20 [INFO]   2022.11 완료: +28건 (누적 838개)
2026-03-17 13:53:21 [INFO]     HTML 크기: 403862 bytes
2026-03-17 13:53:21 [INFO]     OaLkxeV3 포함: True
2026-03-17 13:53:21 [INFO]     GOWcekJV4 포함: True
2026-03-17 13:53:21 [INFO]     카드 발견: 23개
2026-03-17 13:53:21 [INFO]     카드 파싱 성공: 14건
2026-03-17 13:53:21 [INFO]     2022.12 p1: +14건 (페이지 14건)
2026-03-17 13:53:23 [INFO]     HTML 크기: 340852 bytes
2026-03-17 13:53:23 [INFO]     OaLkxeV3 포함: True
2026-03-17 13:53:23 [INFO]     GOWcekJV4 포함: True
2026-03-17 13:53:23 [INFO]     카드 발견: 8개
2026-03-17 13:53:23 [INFO]     카드 파싱 성공: 5건
2026-03-17 13:53:23 [INFO]     2022.12 p2: +5건 (페이지 5건)
2026-03-17 13:53:25 [INFO]     HTML 크기: 332521 bytes
2026-03-17 13:53:25 [INFO]     OaLkxeV3 포함: True
2026-03-17 13:53:25 [INFO]     GOWcekJV4 포함: True
2026-03-17 13:53:25 [INFO]     카드 발견: 5개
2026-03-17 13:53:25 [INFO]     카드 파싱 성공: 5건
2026-03-17 13:53:25 [INFO]     2022.12 p3: +5건 (페이지 5건)
2026-03-17 13:53:27 [INFO]     HTML 크기: 367881 bytes
2026-03-17 13:53:27 [INFO]     OaLkxeV3 포함: True
2026-03-17 13:53:27 [INFO]     GOWcekJV4 포함: True
2026-03-17 13:53:27 [INFO]     카드 발견: 14개
2026-03-17 13:53:27 [INFO]     카드 파싱 성공: 10건
2026-03-17 13:53:27 [INFO]     2022.12 p4: +10건 (페이지 10건)
2026-03-17 13:53:28 [INFO]     HTML 크기: 347402 bytes
2026-03-17 13:53:28 [INFO]     OaLkxeV3 포함: True
2026-03-17 13:53:28 [INFO]     GOWcekJV4 포함: True
2026-03-17 13:53:28 [INFO]     카드 발견: 9개
2026-03-17 13:53:28 [INFO]     카드 파싱 성공: 7건
2026-03-17 13:53:28 [INFO]     2022.12 p5: +7건 (페이지 7건)
2026-03-17 13:53:30 [INFO]     HTML 크기: 328382 bytes
2026-03-17 13:53:30 [INFO]     OaLkxeV3 포함: True
2026-03-17 13:53:30 [INFO]     GOWcekJV4 포함: True
2026-03-17 13:53:30 [INFO]     카드 발견: 6개
2026-03-17 13:53:30 [INFO]     카드 파싱 성공: 1건
2026-03-17 13:53:30 [INFO]     2022.12 p6: +1건 (페이지 1건)
2026-03-17 13:53:32 [INFO]     HTML 크기: 325629 bytes
2026-03-17 13:53:32 [INFO]     OaLkxeV3 포함: True
2026-03-17 13:53:32 [INFO]     GOWcekJV4 포함: True
2026-03-17 13:53:32 [INFO]     카드 발견: 4개
2026-03-17 13:53:32 [INFO]     카드 파싱 성공: 4건
2026-03-17 13:53:32 [INFO]     2022.12 p7: +4건 (페이지 4건)
2026-03-17 13:53:33 [INFO]     HTML 크기: 310409 bytes
2026-03-17 13:53:33 [INFO]     OaLkxeV3 포함: False
2026-03-17 13:53:33 [INFO]     GOWcekJV4 포함: True
2026-03-17 13:53:33 [INFO]     카드 발견: 0개
2026-03-17 13:53:33 [INFO]     카드 파싱 0건 -> 링크 직접 수집 폴백
2026-03-17 13:53:33 [INFO]     CLS_NAVER_LINK 링크: 8개
2026-03-17 13:53:33 [INFO]     2022.12 p8: 0건 (연속 빈 1회)
2026-03-17 13:53:35 [INFO]     HTML 크기: 316798 bytes
2026-03-17 13:53:35 [INFO]     OaLkxeV3 포함: True
2026-03-17 13:53:35 [INFO]     GOWcekJV4 포함: True
2026-03-17 13:53:35 [INFO]     카드 발견: 2개
2026-03-17 13:53:35 [INFO]     카드 파싱 성공: 2건
2026-03-17 13:53:35 [INFO]     2022.12 p9: +2건 (페이지 2건)
2026-03-17 13:53:37 [INFO]     HTML 크기: 306464 bytes
2026-03-17 13:53:37 [INFO]     OaLkxeV3 포함: False
2026-03-17 13:53:37 [INFO]     GOWcekJV4 포함: True
2026-03-17 13:53:37 [INFO]     카드 발견: 0개
2026-03-17 13:53:37 [INFO]     카드 파싱 0건 -> 링크 직접 수집 폴백
2026-03-17 13:53:37 [INFO]     CLS_NAVER_LINK 링크: 4개
2026-03-17 13:53:37 [INFO]     2022.12 p10: 0건 (연속 빈 1회)
2026-03-17 13:53:39 [INFO]     HTML 크기: 413270 bytes
2026-03-17 13:53:39 [INFO]     OaLkxeV3 포함: True
2026-03-17 13:53:39 [INFO]     GOWcekJV4 포함: True
2026-03-17 13:53:39 [INFO]     카드 발견: 26개
2026-03-17 13:53:39 [INFO]     카드 파싱 성공: 15건
2026-03-17 13:53:39 [INFO]     2022.12 p11: +7건 (페이지 15건)
2026-03-17 13:53:41 [INFO]     HTML 크기: 405951 bytes
2026-03-17 13:53:41 [INFO]     OaLkxeV3 포함: True
2026-03-17 13:53:41 [INFO]     GOWcekJV4 포함: True
2026-03-17 13:53:41 [INFO]     카드 발견: 25개
2026-03-17 13:53:41 [INFO]     카드 파싱 성공: 9건
2026-03-17 13:53:41 [INFO]     2022.12 p12: +3건 (페이지 9건)
2026-03-17 13:53:44 [INFO]     HTML 크기: 384645 bytes
2026-03-17 13:53:44 [INFO]     OaLkxeV3 포함: True
2026-03-17 13:53:44 [INFO]     GOWcekJV4 포함: True
2026-03-17 13:53:44 [INFO]     카드 발견: 19개
2026-03-17 13:53:44 [INFO]     카드 파싱 성공: 8건
2026-03-17 13:53:44 [INFO]     2022.12 p13: +1건 (페이지 8건)
2026-03-17 13:53:45 [INFO]     HTML 크기: 394345 bytes
2026-03-17 13:53:45 [INFO]     OaLkxeV3 포함: True
2026-03-17 13:53:45 [INFO]     GOWcekJV4 포함: True
2026-03-17 13:53:45 [INFO]     카드 발견: 22개
2026-03-17 13:53:45 [INFO]     카드 파싱 성공: 9건
2026-03-17 13:53:45 [INFO]     2022.12 p14: +2건 (페이지 9건)
2026-03-17 13:53:48 [INFO]     HTML 크기: 401471 bytes
2026-03-17 13:53:48 [INFO]     OaLkxeV3 포함: True
2026-03-17 13:53:48 [INFO]     GOWcekJV4 포함: True
2026-03-17 13:53:48 [INFO]     카드 발견: 23개
2026-03-17 13:53:48 [INFO]     카드 파싱 성공: 11건
2026-03-17 13:53:48 [INFO]     2022.12 p15: +2건 (페이지 11건)
2026-03-17 13:53:50 [INFO]     HTML 크기: 388417 bytes
2026-03-17 13:53:50 [INFO]     OaLkxeV3 포함: True
2026-03-17 13:53:50 [INFO]     GOWcekJV4 포함: True
2026-03-17 13:53:50 [INFO]     카드 발견: 20개
2026-03-17 13:53:50 [INFO]     카드 파싱 성공: 9건
2026-03-17 13:53:50 [INFO]     2022.12 p16: +2건 (페이지 9건)
2026-03-17 13:53:51 [INFO]     HTML 크기: 350037 bytes
2026-03-17 13:53:51 [INFO]     OaLkxeV3 포함: True
2026-03-17 13:53:51 [INFO]     GOWcekJV4 포함: True
2026-03-17 13:53:51 [INFO]     카드 발견: 13개
2026-03-17 13:53:51 [INFO]     카드 파싱 성공: 1건
2026-03-17 13:53:51 [INFO]     2022.12 p17: +0건 (페이지 1건)
2026-03-17 13:53:52 [INFO]   2022.12 완료: +65건 (누적 903개)
2026-03-17 13:53:53 [INFO]     HTML 크기: 384948 bytes
2026-03-17 13:53:53 [INFO]     OaLkxeV3 포함: True
2026-03-17 13:53:53 [INFO]     GOWcekJV4 포함: True
2026-03-17 13:53:53 [INFO]     카드 발견: 17개
2026-03-17 13:53:53 [INFO]     카드 파싱 성공: 17건
2026-03-17 13:53:53 [INFO]     2023.01 p1: +17건 (페이지 17건)
2026-03-17 13:53:54 [INFO]     HTML 크기: 406313 bytes
2026-03-17 13:53:54 [INFO]     OaLkxeV3 포함: True
2026-03-17 13:53:54 [INFO]     GOWcekJV4 포함: True
2026-03-17 13:53:54 [INFO]     카드 발견: 22개
2026-03-17 13:53:54 [INFO]     카드 파싱 성공: 22건
2026-03-17 13:53:54 [INFO]     2023.01 p2: +22건 (페이지 22건)
2026-03-17 13:53:57 [INFO]     HTML 크기: 364238 bytes
2026-03-17 13:53:57 [INFO]     OaLkxeV3 포함: True
2026-03-17 13:53:57 [INFO]     GOWcekJV4 포함: True
2026-03-17 13:53:57 [INFO]     카드 발견: 12개
2026-03-17 13:53:57 [INFO]     카드 파싱 성공: 12건
2026-03-17 13:53:57 [INFO]     2023.01 p3: +12건 (페이지 12건)
2026-03-17 13:53:59 [INFO]     HTML 크기: 346779 bytes
2026-03-17 13:53:59 [INFO]     OaLkxeV3 포함: True
2026-03-17 13:53:59 [INFO]     GOWcekJV4 포함: True
2026-03-17 13:53:59 [INFO]     카드 발견: 8개
2026-03-17 13:53:59 [INFO]     카드 파싱 성공: 8건
2026-03-17 13:53:59 [INFO]     2023.01 p4: +8건 (페이지 8건)
2026-03-17 13:54:01 [INFO]     HTML 크기: 319938 bytes
2026-03-17 13:54:01 [INFO]     OaLkxeV3 포함: True
2026-03-17 13:54:01 [INFO]     GOWcekJV4 포함: True
2026-03-17 13:54:01 [INFO]     카드 발견: 2개
2026-03-17 13:54:01 [INFO]     카드 파싱 성공: 2건
2026-03-17 13:54:01 [INFO]     2023.01 p5: +2건 (페이지 2건)
2026-03-17 13:54:03 [INFO]     HTML 크기: 310260 bytes
2026-03-17 13:54:03 [INFO]     OaLkxeV3 포함: False
2026-03-17 13:54:03 [INFO]     GOWcekJV4 포함: True
2026-03-17 13:54:03 [INFO]     카드 발견: 0개
2026-03-17 13:54:03 [INFO]     카드 파싱 0건 -> 링크 직접 수집 폴백
2026-03-17 13:54:03 [INFO]     CLS_NAVER_LINK 링크: 8개
2026-03-17 13:54:03 [INFO]     2023.01 p6: 0건 (연속 빈 1회)
2026-03-17 13:54:05 [INFO]     HTML 크기: 308926 bytes
2026-03-17 13:54:05 [INFO]     OaLkxeV3 포함: False
2026-03-17 13:54:05 [INFO]     GOWcekJV4 포함: True
2026-03-17 13:54:05 [INFO]     카드 발견: 0개
2026-03-17 13:54:05 [INFO]     카드 파싱 0건 -> 링크 직접 수집 폴백
2026-03-17 13:54:05 [INFO]     CLS_NAVER_LINK 링크: 5개
2026-03-17 13:54:05 [INFO]     2023.01 p7: 0건 (연속 빈 2회)
2026-03-17 13:54:07 [INFO]     HTML 크기: 307524 bytes
2026-03-17 13:54:07 [INFO]     OaLkxeV3 포함: False
2026-03-17 13:54:07 [INFO]     GOWcekJV4 포함: True
2026-03-17 13:54:07 [INFO]     카드 발견: 0개
2026-03-17 13:54:07 [INFO]     카드 파싱 0건 -> 링크 직접 수집 폴백
2026-03-17 13:54:07 [INFO]     CLS_NAVER_LINK 링크: 5개
2026-03-17 13:54:07 [INFO]     2023.01 p8: 0건 (연속 빈 3회)
2026-03-17 13:54:07 [INFO]   2023.01 완료: +61건 (누적 964개)
2026-03-17 13:54:08 [INFO]     HTML 크기: 418902 bytes
2026-03-17 13:54:08 [INFO]     OaLkxeV3 포함: True
2026-03-17 13:54:08 [INFO]     GOWcekJV4 포함: True
2026-03-17 13:54:08 [INFO]     카드 발견: 25개
2026-03-17 13:54:08 [INFO]     카드 파싱 성공: 23건
2026-03-17 13:54:08 [INFO]     2023.02 p1: +23건 (페이지 23건)
2026-03-17 13:54:10 [INFO]     HTML 크기: 367615 bytes
2026-03-17 13:54:10 [INFO]     OaLkxeV3 포함: True
2026-03-17 13:54:10 [INFO]     GOWcekJV4 포함: True
2026-03-17 13:54:10 [INFO]     카드 발견: 13개
2026-03-17 13:54:10 [INFO]     카드 파싱 성공: 12건
2026-03-17 13:54:10 [INFO]     2023.02 p2: +12건 (페이지 12건)
2026-03-17 13:54:12 [INFO]     HTML 크기: 331012 bytes
2026-03-17 13:54:12 [INFO]     OaLkxeV3 포함: True
2026-03-17 13:54:12 [INFO]     GOWcekJV4 포함: True
2026-03-17 13:54:12 [INFO]     카드 발견: 4개
2026-03-17 13:54:12 [INFO]     카드 파싱 성공: 4건
2026-03-17 13:54:12 [INFO]     2023.02 p3: +4건 (페이지 4건)
2026-03-17 13:54:14 [INFO]     HTML 크기: 312702 bytes
2026-03-17 13:54:14 [INFO]     OaLkxeV3 포함: True
2026-03-17 13:54:14 [INFO]     GOWcekJV4 포함: True
2026-03-17 13:54:14 [INFO]     카드 발견: 1개
2026-03-17 13:54:14 [INFO]     카드 파싱 0건 -> 링크 직접 수집 폴백
2026-03-17 13:54:14 [INFO]     CLS_NAVER_LINK 링크: 7개
2026-03-17 13:54:14 [INFO]     2023.02 p4: +7건 (페이지 7건)
2026-03-17 13:54:16 [INFO]     HTML 크기: 307090 bytes
2026-03-17 13:54:16 [INFO]     OaLkxeV3 포함: False
2026-03-17 13:54:16 [INFO]     GOWcekJV4 포함: True
2026-03-17 13:54:16 [INFO]     카드 발견: 0개
2026-03-17 13:54:16 [INFO]     카드 파싱 0건 -> 링크 직접 수집 폴백
2026-03-17 13:54:16 [INFO]     CLS_NAVER_LINK 링크: 4개
2026-03-17 13:54:16 [INFO]     2023.02 p5: 0건 (연속 빈 1회)
2026-03-17 13:54:18 [INFO]     HTML 크기: 308143 bytes
2026-03-17 13:54:18 [INFO]     OaLkxeV3 포함: False
2026-03-17 13:54:18 [INFO]     GOWcekJV4 포함: True
2026-03-17 13:54:18 [INFO]     카드 발견: 0개
2026-03-17 13:54:18 [INFO]     카드 파싱 0건 -> 링크 직접 수집 폴백
2026-03-17 13:54:18 [INFO]     CLS_NAVER_LINK 링크: 4개
2026-03-17 13:54:18 [INFO]     2023.02 p6: 0건 (연속 빈 2회)
2026-03-17 13:54:20 [INFO]     HTML 크기: 303889 bytes
2026-03-17 13:54:20 [INFO]     OaLkxeV3 포함: False
2026-03-17 13:54:20 [INFO]     GOWcekJV4 포함: True
2026-03-17 13:54:20 [INFO]     카드 발견: 0개
2026-03-17 13:54:20 [INFO]     카드 파싱 0건 -> 링크 직접 수집 폴백
2026-03-17 13:54:20 [INFO]     CLS_NAVER_LINK 링크: 2개
2026-03-17 13:54:20 [INFO]     2023.02 p7: 0건 (연속 빈 3회)
2026-03-17 13:54:20 [INFO]   2023.02 완료: +46건 (누적 1010개)
2026-03-17 13:54:21 [INFO]     HTML 크기: 378195 bytes
2026-03-17 13:54:21 [INFO]     OaLkxeV3 포함: True
2026-03-17 13:54:21 [INFO]     GOWcekJV4 포함: True
2026-03-17 13:54:21 [INFO]     카드 발견: 15개
2026-03-17 13:54:21 [INFO]     카드 파싱 성공: 14건
2026-03-17 13:54:21 [INFO]     2023.03 p1: +14건 (페이지 14건)
2026-03-17 13:54:23 [INFO]     HTML 크기: 362480 bytes
2026-03-17 13:54:23 [INFO]     OaLkxeV3 포함: True
2026-03-17 13:54:23 [INFO]     GOWcekJV4 포함: True
2026-03-17 13:54:23 [INFO]     카드 발견: 12개
2026-03-17 13:54:23 [INFO]     카드 파싱 성공: 11건
2026-03-17 13:54:23 [INFO]     2023.03 p2: +9건 (페이지 11건)
2026-03-17 13:54:25 [INFO]     HTML 크기: 380398 bytes
2026-03-17 13:54:25 [INFO]     OaLkxeV3 포함: True
2026-03-17 13:54:25 [INFO]     GOWcekJV4 포함: True
2026-03-17 13:54:25 [INFO]     카드 발견: 16개
2026-03-17 13:54:25 [INFO]     카드 파싱 성공: 14건
2026-03-17 13:54:25 [INFO]     2023.03 p3: +14건 (페이지 14건)
2026-03-17 13:54:27 [INFO]     HTML 크기: 312218 bytes
2026-03-17 13:54:27 [INFO]     OaLkxeV3 포함: False
2026-03-17 13:54:27 [INFO]     GOWcekJV4 포함: True
2026-03-17 13:54:27 [INFO]     카드 발견: 0개
2026-03-17 13:54:27 [INFO]     카드 파싱 0건 -> 링크 직접 수집 폴백
2026-03-17 13:54:27 [INFO]     CLS_NAVER_LINK 링크: 9개
2026-03-17 13:54:27 [INFO]     2023.03 p4: 0건 (연속 빈 1회)
2026-03-17 13:54:29 [INFO]     HTML 크기: 319037 bytes
2026-03-17 13:54:29 [INFO]     OaLkxeV3 포함: True
2026-03-17 13:54:29 [INFO]     GOWcekJV4 포함: True
2026-03-17 13:54:29 [INFO]     카드 발견: 2개
2026-03-17 13:54:29 [INFO]     카드 파싱 성공: 2건
2026-03-17 13:54:29 [INFO]     2023.03 p5: +2건 (페이지 2건)
2026-03-17 13:54:31 [INFO]     HTML 크기: 312874 bytes
2026-03-17 13:54:31 [INFO]     OaLkxeV3 포함: True
2026-03-17 13:54:31 [INFO]     GOWcekJV4 포함: True
2026-03-17 13:54:31 [INFO]     카드 발견: 1개
2026-03-17 13:54:31 [INFO]     카드 파싱 성공: 1건
2026-03-17 13:54:31 [INFO]     2023.03 p6: +1건 (페이지 1건)
2026-03-17 13:54:32 [INFO]     HTML 크기: 307307 bytes
2026-03-17 13:54:32 [INFO]     OaLkxeV3 포함: False
2026-03-17 13:54:32 [INFO]     GOWcekJV4 포함: True
2026-03-17 13:54:32 [INFO]     카드 발견: 0개
2026-03-17 13:54:32 [INFO]     카드 파싱 0건 -> 링크 직접 수집 폴백
2026-03-17 13:54:32 [INFO]     CLS_NAVER_LINK 링크: 4개
2026-03-17 13:54:32 [INFO]     2023.03 p7: 0건 (연속 빈 1회)
2026-03-17 13:54:35 [INFO]     HTML 크기: 306388 bytes
2026-03-17 13:54:35 [INFO]     OaLkxeV3 포함: False
2026-03-17 13:54:35 [INFO]     GOWcekJV4 포함: True
2026-03-17 13:54:35 [INFO]     카드 발견: 0개
2026-03-17 13:54:35 [INFO]     카드 파싱 0건 -> 링크 직접 수집 폴백
2026-03-17 13:54:35 [INFO]     CLS_NAVER_LINK 링크: 3개
2026-03-17 13:54:35 [INFO]     2023.03 p8: 0건 (연속 빈 2회)
2026-03-17 13:54:37 [INFO]     HTML 크기: 307189 bytes
2026-03-17 13:54:37 [INFO]     OaLkxeV3 포함: False
2026-03-17 13:54:37 [INFO]     GOWcekJV4 포함: True
2026-03-17 13:54:37 [INFO]     카드 발견: 0개
2026-03-17 13:54:37 [INFO]     카드 파싱 0건 -> 링크 직접 수집 폴백
2026-03-17 13:54:37 [INFO]     CLS_NAVER_LINK 링크: 4개
2026-03-17 13:54:37 [INFO]     2023.03 p9: 0건 (연속 빈 3회)
2026-03-17 13:54:37 [INFO]   2023.03 완료: +40건 (누적 1050개)
2026-03-17 13:54:37 [INFO]     HTML 크기: 330295 bytes
2026-03-17 13:54:37 [INFO]     OaLkxeV3 포함: True
2026-03-17 13:54:37 [INFO]     GOWcekJV4 포함: True
2026-03-17 13:54:37 [INFO]     카드 발견: 4개
2026-03-17 13:54:37 [INFO]     카드 파싱 성공: 4건
2026-03-17 13:54:37 [INFO]     2023.04 p1: +4건 (페이지 4건)
2026-03-17 13:54:40 [INFO]     HTML 크기: 388459 bytes
2026-03-17 13:54:40 [INFO]     OaLkxeV3 포함: True
2026-03-17 13:54:40 [INFO]     GOWcekJV4 포함: True
2026-03-17 13:54:40 [INFO]     카드 발견: 18개
2026-03-17 13:54:40 [INFO]     카드 파싱 성공: 18건
2026-03-17 13:54:40 [INFO]     2023.04 p2: +18건 (페이지 18건)
2026-03-17 13:54:41 [INFO]     HTML 크기: 390256 bytes
2026-03-17 13:54:41 [INFO]     OaLkxeV3 포함: True
2026-03-17 13:54:41 [INFO]     GOWcekJV4 포함: True
2026-03-17 13:54:41 [INFO]     카드 발견: 18개
2026-03-17 13:54:41 [INFO]     카드 파싱 성공: 18건
2026-03-17 13:54:41 [INFO]     2023.04 p3: +18건 (페이지 18건)
2026-03-17 13:54:43 [INFO]     HTML 크기: 345519 bytes
2026-03-17 13:54:43 [INFO]     OaLkxeV3 포함: True
2026-03-17 13:54:43 [INFO]     GOWcekJV4 포함: True
2026-03-17 13:54:43 [INFO]     카드 발견: 8개
2026-03-17 13:54:43 [INFO]     카드 파싱 성공: 8건
2026-03-17 13:54:43 [INFO]     2023.04 p4: +8건 (페이지 8건)
2026-03-17 13:54:45 [INFO]     HTML 크기: 345282 bytes
2026-03-17 13:54:45 [INFO]     OaLkxeV3 포함: True
2026-03-17 13:54:45 [INFO]     GOWcekJV4 포함: True
2026-03-17 13:54:45 [INFO]     카드 발견: 8개
2026-03-17 13:54:45 [INFO]     카드 파싱 성공: 7건
2026-03-17 13:54:45 [INFO]     2023.04 p5: +7건 (페이지 7건)
2026-03-17 13:54:47 [INFO]     HTML 크기: 365694 bytes
2026-03-17 13:54:47 [INFO]     OaLkxeV3 포함: True
2026-03-17 13:54:47 [INFO]     GOWcekJV4 포함: True
2026-03-17 13:54:47 [INFO]     카드 발견: 12개
2026-03-17 13:54:47 [INFO]     카드 파싱 성공: 12건
2026-03-17 13:54:47 [INFO]     2023.04 p6: +12건 (페이지 12건)
2026-03-17 13:54:49 [INFO]     HTML 크기: 382423 bytes
2026-03-17 13:54:49 [INFO]     OaLkxeV3 포함: True
2026-03-17 13:54:49 [INFO]     GOWcekJV4 포함: True
2026-03-17 13:54:49 [INFO]     카드 발견: 16개
2026-03-17 13:54:49 [INFO]     카드 파싱 성공: 16건
2026-03-17 13:54:49 [INFO]     2023.04 p7: +16건 (페이지 16건)
2026-03-17 13:54:50 [INFO]     HTML 크기: 332673 bytes
2026-03-17 13:54:50 [INFO]     OaLkxeV3 포함: True
2026-03-17 13:54:50 [INFO]     GOWcekJV4 포함: True
2026-03-17 13:54:50 [INFO]     카드 발견: 5개
2026-03-17 13:54:50 [INFO]     카드 파싱 성공: 5건
2026-03-17 13:54:50 [INFO]     2023.04 p8: +5건 (페이지 5건)
2026-03-17 13:54:52 [INFO]     HTML 크기: 367669 bytes
2026-03-17 13:54:52 [INFO]     OaLkxeV3 포함: True
2026-03-17 13:54:52 [INFO]     GOWcekJV4 포함: True
2026-03-17 13:54:52 [INFO]     카드 발견: 13개
2026-03-17 13:54:52 [INFO]     카드 파싱 성공: 13건
2026-03-17 13:54:52 [INFO]     2023.04 p9: +13건 (페이지 13건)
2026-03-17 13:54:54 [INFO]     HTML 크기: 348407 bytes
2026-03-17 13:54:54 [INFO]     OaLkxeV3 포함: True
2026-03-17 13:54:54 [INFO]     GOWcekJV4 포함: True
2026-03-17 13:54:54 [INFO]     카드 발견: 9개
2026-03-17 13:54:54 [INFO]     카드 파싱 성공: 8건
2026-03-17 13:54:54 [INFO]     2023.04 p10: +8건 (페이지 8건)
2026-03-17 13:54:56 [INFO]     HTML 크기: 336892 bytes
2026-03-17 13:54:56 [INFO]     OaLkxeV3 포함: True
2026-03-17 13:54:56 [INFO]     GOWcekJV4 포함: True
2026-03-17 13:54:56 [INFO]     카드 발견: 6개
2026-03-17 13:54:56 [INFO]     카드 파싱 성공: 5건
2026-03-17 13:54:56 [INFO]     2023.04 p11: +1건 (페이지 5건)
2026-03-17 13:54:58 [INFO]     HTML 크기: 367544 bytes
2026-03-17 13:54:58 [INFO]     OaLkxeV3 포함: True
2026-03-17 13:54:58 [INFO]     GOWcekJV4 포함: True
2026-03-17 13:54:58 [INFO]     카드 발견: 13개
2026-03-17 13:54:58 [INFO]     카드 파싱 성공: 10건
2026-03-17 13:54:58 [INFO]     2023.04 p12: +1건 (페이지 10건)
2026-03-17 13:55:00 [INFO]     HTML 크기: 365913 bytes
2026-03-17 13:55:00 [INFO]     OaLkxeV3 포함: True
2026-03-17 13:55:00 [INFO]     GOWcekJV4 포함: True
2026-03-17 13:55:00 [INFO]     카드 발견: 13개
2026-03-17 13:55:00 [INFO]     카드 파싱 성공: 10건
2026-03-17 13:55:00 [INFO]     2023.04 p13: +6건 (페이지 10건)
2026-03-17 13:55:02 [INFO]     HTML 크기: 382610 bytes
2026-03-17 13:55:02 [INFO]     OaLkxeV3 포함: True
2026-03-17 13:55:02 [INFO]     GOWcekJV4 포함: True
2026-03-17 13:55:02 [INFO]     카드 발견: 17개
2026-03-17 13:55:02 [INFO]     카드 파싱 성공: 14건
2026-03-17 13:55:02 [INFO]     2023.04 p14: +3건 (페이지 14건)
2026-03-17 13:55:04 [INFO]     HTML 크기: 397510 bytes
2026-03-17 13:55:04 [INFO]     OaLkxeV3 포함: True
2026-03-17 13:55:04 [INFO]     GOWcekJV4 포함: True
2026-03-17 13:55:04 [INFO]     카드 발견: 20개
2026-03-17 13:55:04 [INFO]     카드 파싱 성공: 17건
2026-03-17 13:55:04 [INFO]     2023.04 p15: +6건 (페이지 17건)
2026-03-17 13:55:06 [INFO]     HTML 크기: 409140 bytes
2026-03-17 13:55:06 [INFO]     OaLkxeV3 포함: True
2026-03-17 13:55:06 [INFO]     GOWcekJV4 포함: True
2026-03-17 13:55:06 [INFO]     카드 발견: 24개
2026-03-17 13:55:06 [INFO]     카드 파싱 성공: 16건
2026-03-17 13:55:06 [INFO]     2023.04 p16: +3건 (페이지 16건)
2026-03-17 13:55:08 [INFO]     HTML 크기: 374760 bytes
2026-03-17 13:55:08 [INFO]     OaLkxeV3 포함: True
2026-03-17 13:55:08 [INFO]     GOWcekJV4 포함: True
2026-03-17 13:55:08 [INFO]     카드 발견: 16개
2026-03-17 13:55:08 [INFO]     카드 파싱 성공: 8건
2026-03-17 13:55:08 [INFO]     2023.04 p17: +1건 (페이지 8건)
2026-03-17 13:55:10 [INFO]     HTML 크기: 337458 bytes
2026-03-17 13:55:10 [INFO]     OaLkxeV3 포함: True
2026-03-17 13:55:10 [INFO]     GOWcekJV4 포함: True
2026-03-17 13:55:10 [INFO]     카드 발견: 6개
2026-03-17 13:55:10 [INFO]     카드 파싱 성공: 5건
2026-03-17 13:55:10 [INFO]     2023.04 p18: +1건 (페이지 5건)
2026-03-17 13:55:11 [INFO]     HTML 크기: 345190 bytes
2026-03-17 13:55:11 [INFO]     OaLkxeV3 포함: True
2026-03-17 13:55:11 [INFO]     GOWcekJV4 포함: True
2026-03-17 13:55:11 [INFO]     카드 발견: 9개
2026-03-17 13:55:11 [INFO]     카드 파싱 성공: 5건
2026-03-17 13:55:11 [INFO]     2023.04 p19: +0건 (페이지 5건)
2026-03-17 13:55:12 [INFO]   2023.04 완료: +131건 (누적 1181개)
2026-03-17 13:55:13 [INFO]     HTML 크기: 403655 bytes
2026-03-17 13:55:13 [INFO]     OaLkxeV3 포함: True
2026-03-17 13:55:13 [INFO]     GOWcekJV4 포함: True
2026-03-17 13:55:13 [INFO]     카드 발견: 21개
2026-03-17 13:55:13 [INFO]     카드 파싱 성공: 19건
2026-03-17 13:55:13 [INFO]     2023.05 p1: +19건 (페이지 19건)
2026-03-17 13:55:15 [INFO]     HTML 크기: 346547 bytes
2026-03-17 13:55:15 [INFO]     OaLkxeV3 포함: True
2026-03-17 13:55:15 [INFO]     GOWcekJV4 포함: True
2026-03-17 13:55:15 [INFO]     카드 발견: 8개
2026-03-17 13:55:15 [INFO]     카드 파싱 성공: 7건
2026-03-17 13:55:15 [INFO]     2023.05 p2: +7건 (페이지 7건)
2026-03-17 13:55:17 [INFO]     HTML 크기: 333254 bytes
2026-03-17 13:55:17 [INFO]     OaLkxeV3 포함: True
2026-03-17 13:55:17 [INFO]     GOWcekJV4 포함: True
2026-03-17 13:55:17 [INFO]     카드 발견: 5개
2026-03-17 13:55:17 [INFO]     카드 파싱 성공: 5건
2026-03-17 13:55:17 [INFO]     2023.05 p3: +5건 (페이지 5건)
2026-03-17 13:55:19 [INFO]     HTML 크기: 313476 bytes
2026-03-17 13:55:19 [INFO]     OaLkxeV3 포함: True
2026-03-17 13:55:19 [INFO]     GOWcekJV4 포함: True
2026-03-17 13:55:19 [INFO]     카드 발견: 1개
2026-03-17 13:55:19 [INFO]     카드 파싱 0건 -> 링크 직접 수집 폴백
2026-03-17 13:55:19 [INFO]     CLS_NAVER_LINK 링크: 7개
2026-03-17 13:55:19 [INFO]     2023.05 p4: +7건 (페이지 7건)
2026-03-17 13:55:20 [INFO]     HTML 크기: 305666 bytes
2026-03-17 13:55:20 [INFO]     OaLkxeV3 포함: False
2026-03-17 13:55:20 [INFO]     GOWcekJV4 포함: True
2026-03-17 13:55:20 [INFO]     카드 발견: 0개
2026-03-17 13:55:20 [INFO]     카드 파싱 0건 -> 링크 직접 수집 폴백
2026-03-17 13:55:20 [INFO]     CLS_NAVER_LINK 링크: 2개
2026-03-17 13:55:20 [INFO]     2023.05 p5: 0건 (연속 빈 1회)
2026-03-17 13:55:23 [INFO]     HTML 크기: 304958 bytes
2026-03-17 13:55:23 [INFO]     OaLkxeV3 포함: False
2026-03-17 13:55:23 [INFO]     GOWcekJV4 포함: True
2026-03-17 13:55:23 [INFO]     카드 발견: 0개
2026-03-17 13:55:23 [INFO]     카드 파싱 0건 -> 링크 직접 수집 폴백
2026-03-17 13:55:23 [INFO]     CLS_NAVER_LINK 링크: 1개
2026-03-17 13:55:23 [INFO]     2023.05 p6: 0건 (연속 빈 2회)
2026-03-17 13:55:24 [INFO]     HTML 크기: 305201 bytes
2026-03-17 13:55:24 [INFO]     OaLkxeV3 포함: False
2026-03-17 13:55:24 [INFO]     GOWcekJV4 포함: True
2026-03-17 13:55:24 [INFO]     카드 발견: 0개
2026-03-17 13:55:24 [INFO]     카드 파싱 0건 -> 링크 직접 수집 폴백
2026-03-17 13:55:24 [INFO]     CLS_NAVER_LINK 링크: 2개
2026-03-17 13:55:24 [INFO]     2023.05 p7: 0건 (연속 빈 3회)
2026-03-17 13:55:24 [INFO]   2023.05 완료: +38건 (누적 1219개)
2026-03-17 13:55:25 [INFO]     HTML 크기: 420502 bytes
2026-03-17 13:55:25 [INFO]     OaLkxeV3 포함: True
2026-03-17 13:55:25 [INFO]     GOWcekJV4 포함: True
2026-03-17 13:55:25 [INFO]     카드 발견: 25개
2026-03-17 13:55:25 [INFO]     카드 파싱 성공: 25건
2026-03-17 13:55:25 [INFO]     2023.06 p1: +25건 (페이지 25건)
2026-03-17 13:55:27 [INFO]     HTML 크기: 352622 bytes
2026-03-17 13:55:27 [INFO]     OaLkxeV3 포함: True
2026-03-17 13:55:27 [INFO]     GOWcekJV4 포함: True
2026-03-17 13:55:27 [INFO]     카드 발견: 9개
2026-03-17 13:55:27 [INFO]     카드 파싱 성공: 9건
2026-03-17 13:55:27 [INFO]     2023.06 p2: +9건 (페이지 9건)
2026-03-17 13:55:29 [INFO]     HTML 크기: 341246 bytes
2026-03-17 13:55:29 [INFO]     OaLkxeV3 포함: True
2026-03-17 13:55:29 [INFO]     GOWcekJV4 포함: True
2026-03-17 13:55:29 [INFO]     카드 발견: 7개
2026-03-17 13:55:29 [INFO]     카드 파싱 성공: 7건
2026-03-17 13:55:29 [INFO]     2023.06 p3: +7건 (페이지 7건)
2026-03-17 13:55:31 [INFO]     HTML 크기: 332949 bytes
2026-03-17 13:55:31 [INFO]     OaLkxeV3 포함: True
2026-03-17 13:55:31 [INFO]     GOWcekJV4 포함: True
2026-03-17 13:55:31 [INFO]     카드 발견: 5개
2026-03-17 13:55:31 [INFO]     카드 파싱 성공: 5건
2026-03-17 13:55:31 [INFO]     2023.06 p4: +5건 (페이지 5건)
2026-03-17 13:55:33 [INFO]     HTML 크기: 312434 bytes
2026-03-17 13:55:33 [INFO]     OaLkxeV3 포함: False
2026-03-17 13:55:33 [INFO]     GOWcekJV4 포함: True
2026-03-17 13:55:33 [INFO]     카드 발견: 0개
2026-03-17 13:55:33 [INFO]     카드 파싱 0건 -> 링크 직접 수집 폴백
2026-03-17 13:55:33 [INFO]     CLS_NAVER_LINK 링크: 9개
2026-03-17 13:55:33 [INFO]     2023.06 p5: 0건 (연속 빈 1회)
2026-03-17 13:55:34 [INFO]     HTML 크기: 308508 bytes
2026-03-17 13:55:34 [INFO]     OaLkxeV3 포함: False
2026-03-17 13:55:34 [INFO]     GOWcekJV4 포함: True
2026-03-17 13:55:34 [INFO]     카드 발견: 0개
2026-03-17 13:55:34 [INFO]     카드 파싱 0건 -> 링크 직접 수집 폴백
2026-03-17 13:55:34 [INFO]     CLS_NAVER_LINK 링크: 5개
2026-03-17 13:55:34 [INFO]     2023.06 p6: 0건 (연속 빈 2회)
2026-03-17 13:55:36 [INFO]     HTML 크기: 308223 bytes
2026-03-17 13:55:36 [INFO]     OaLkxeV3 포함: False
2026-03-17 13:55:36 [INFO]     GOWcekJV4 포함: True
2026-03-17 13:55:36 [INFO]     카드 발견: 0개
2026-03-17 13:55:36 [INFO]     카드 파싱 0건 -> 링크 직접 수집 폴백
2026-03-17 13:55:36 [INFO]     CLS_NAVER_LINK 링크: 5개
2026-03-17 13:55:36 [INFO]     2023.06 p7: 0건 (연속 빈 3회)
2026-03-17 13:55:36 [INFO]   2023.06 완료: +46건 (누적 1265개)
2026-03-17 13:55:37 [INFO]     HTML 크기: 381353 bytes
2026-03-17 13:55:37 [INFO]     OaLkxeV3 포함: True
2026-03-17 13:55:37 [INFO]     GOWcekJV4 포함: True
2026-03-17 13:55:37 [INFO]     카드 발견: 18개
2026-03-17 13:55:37 [INFO]     카드 파싱 성공: 9건
2026-03-17 13:55:37 [INFO]     2023.07 p1: +9건 (페이지 9건)
2026-03-17 13:55:39 [INFO]     HTML 크기: 326252 bytes
2026-03-17 13:55:39 [INFO]     OaLkxeV3 포함: True
2026-03-17 13:55:39 [INFO]     GOWcekJV4 포함: True
2026-03-17 13:55:39 [INFO]     카드 발견: 5개
2026-03-17 13:55:39 [INFO]     카드 파싱 성공: 1건
2026-03-17 13:55:39 [INFO]     2023.07 p2: +1건 (페이지 1건)
2026-03-17 13:55:41 [INFO]     HTML 크기: 339584 bytes
2026-03-17 13:55:41 [INFO]     OaLkxeV3 포함: True
2026-03-17 13:55:41 [INFO]     GOWcekJV4 포함: True
2026-03-17 13:55:41 [INFO]     카드 발견: 7개
2026-03-17 13:55:41 [INFO]     카드 파싱 성공: 5건
2026-03-17 13:55:41 [INFO]     2023.07 p3: +5건 (페이지 5건)
2026-03-17 13:55:43 [INFO]     HTML 크기: 333279 bytes
2026-03-17 13:55:43 [INFO]     OaLkxeV3 포함: True
2026-03-17 13:55:43 [INFO]     GOWcekJV4 포함: True
2026-03-17 13:55:43 [INFO]     카드 발견: 5개
2026-03-17 13:55:43 [INFO]     카드 파싱 성공: 5건
2026-03-17 13:55:43 [INFO]     2023.07 p4: +5건 (페이지 5건)
2026-03-17 13:55:44 [INFO]     HTML 크기: 324840 bytes
2026-03-17 13:55:44 [INFO]     OaLkxeV3 포함: True
2026-03-17 13:55:44 [INFO]     GOWcekJV4 포함: True
2026-03-17 13:55:44 [INFO]     카드 발견: 4개
2026-03-17 13:55:44 [INFO]     카드 파싱 성공: 4건
2026-03-17 13:55:44 [INFO]     2023.07 p5: +4건 (페이지 4건)
2026-03-17 13:55:46 [INFO]     HTML 크기: 325845 bytes
2026-03-17 13:55:46 [INFO]     OaLkxeV3 포함: True
2026-03-17 13:55:46 [INFO]     GOWcekJV4 포함: True
2026-03-17 13:55:46 [INFO]     카드 발견: 4개
2026-03-17 13:55:46 [INFO]     카드 파싱 성공: 4건
2026-03-17 13:55:46 [INFO]     2023.07 p6: +4건 (페이지 4건)
2026-03-17 13:55:48 [INFO]     HTML 크기: 344592 bytes
2026-03-17 13:55:48 [INFO]     OaLkxeV3 포함: True
2026-03-17 13:55:48 [INFO]     GOWcekJV4 포함: True
2026-03-17 13:55:48 [INFO]     카드 발견: 8개
2026-03-17 13:55:48 [INFO]     카드 파싱 성공: 8건
2026-03-17 13:55:48 [INFO]     2023.07 p7: +8건 (페이지 8건)
2026-03-17 13:55:50 [INFO]     HTML 크기: 328658 bytes
2026-03-17 13:55:50 [INFO]     OaLkxeV3 포함: True
2026-03-17 13:55:50 [INFO]     GOWcekJV4 포함: True
2026-03-17 13:55:50 [INFO]     카드 발견: 4개
2026-03-17 13:55:50 [INFO]     카드 파싱 성공: 4건
2026-03-17 13:55:50 [INFO]     2023.07 p8: +4건 (페이지 4건)
2026-03-17 13:55:52 [INFO]     HTML 크기: 317218 bytes
2026-03-17 13:55:52 [INFO]     OaLkxeV3 포함: True
2026-03-17 13:55:52 [INFO]     GOWcekJV4 포함: True
2026-03-17 13:55:52 [INFO]     카드 발견: 1개
2026-03-17 13:55:52 [INFO]     카드 파싱 성공: 1건
2026-03-17 13:55:52 [INFO]     2023.07 p9: +1건 (페이지 1건)
2026-03-17 13:55:54 [INFO]     HTML 크기: 344125 bytes
2026-03-17 13:55:54 [INFO]     OaLkxeV3 포함: True
2026-03-17 13:55:54 [INFO]     GOWcekJV4 포함: True
2026-03-17 13:55:54 [INFO]     카드 발견: 8개
2026-03-17 13:55:54 [INFO]     카드 파싱 성공: 8건
2026-03-17 13:55:54 [INFO]     2023.07 p10: +8건 (페이지 8건)
2026-03-17 13:55:56 [INFO]     HTML 크기: 367732 bytes
2026-03-17 13:55:56 [INFO]     OaLkxeV3 포함: True
2026-03-17 13:55:56 [INFO]     GOWcekJV4 포함: True
2026-03-17 13:55:56 [INFO]     카드 발견: 16개
2026-03-17 13:55:56 [INFO]     카드 파싱 성공: 3건
2026-03-17 13:55:56 [INFO]     2023.07 p11: +3건 (페이지 3건)
2026-03-17 13:55:57 [INFO]     HTML 크기: 407674 bytes
2026-03-17 13:55:57 [INFO]     OaLkxeV3 포함: True
2026-03-17 13:55:57 [INFO]     GOWcekJV4 포함: True
2026-03-17 13:55:57 [INFO]     카드 발견: 26개
2026-03-17 13:55:57 [INFO]     카드 파싱 성공: 9건
2026-03-17 13:55:57 [INFO]     2023.07 p12: +3건 (페이지 9건)
2026-03-17 13:56:00 [INFO]     HTML 크기: 417049 bytes
2026-03-17 13:56:00 [INFO]     OaLkxeV3 포함: True
2026-03-17 13:56:00 [INFO]     GOWcekJV4 포함: True
2026-03-17 13:56:00 [INFO]     카드 발견: 28개
2026-03-17 13:56:00 [INFO]     카드 파싱 성공: 14건
2026-03-17 13:56:00 [INFO]     2023.07 p13: +5건 (페이지 14건)
2026-03-17 13:56:01 [INFO]     HTML 크기: 407341 bytes
2026-03-17 13:56:01 [INFO]     OaLkxeV3 포함: True
2026-03-17 13:56:01 [INFO]     GOWcekJV4 포함: True
2026-03-17 13:56:01 [INFO]     카드 발견: 25개
2026-03-17 13:56:01 [INFO]     카드 파싱 성공: 16건
2026-03-17 13:56:01 [INFO]     2023.07 p14: +4건 (페이지 16건)
2026-03-17 13:56:03 [INFO]     HTML 크기: 383651 bytes
2026-03-17 13:56:03 [INFO]     OaLkxeV3 포함: True
2026-03-17 13:56:03 [INFO]     GOWcekJV4 포함: True
2026-03-17 13:56:03 [INFO]     카드 발견: 18개
2026-03-17 13:56:03 [INFO]     카드 파싱 성공: 15건
2026-03-17 13:56:03 [INFO]     2023.07 p15: +4건 (페이지 15건)
2026-03-17 13:56:05 [INFO]     HTML 크기: 352481 bytes
2026-03-17 13:56:05 [INFO]     OaLkxeV3 포함: True
2026-03-17 13:56:05 [INFO]     GOWcekJV4 포함: True
2026-03-17 13:56:05 [INFO]     카드 발견: 10개
2026-03-17 13:56:05 [INFO]     카드 파싱 성공: 9건
2026-03-17 13:56:05 [INFO]     2023.07 p16: +4건 (페이지 9건)
2026-03-17 13:56:07 [INFO]     HTML 크기: 380598 bytes
2026-03-17 13:56:07 [INFO]     OaLkxeV3 포함: True
2026-03-17 13:56:07 [INFO]     GOWcekJV4 포함: True
2026-03-17 13:56:07 [INFO]     카드 발견: 18개
2026-03-17 13:56:07 [INFO]     카드 파싱 성공: 12건
2026-03-17 13:56:07 [INFO]     2023.07 p17: +2건 (페이지 12건)
2026-03-17 13:56:09 [INFO]     HTML 크기: 388968 bytes
2026-03-17 13:56:09 [INFO]     OaLkxeV3 포함: True
2026-03-17 13:56:09 [INFO]     GOWcekJV4 포함: True
2026-03-17 13:56:09 [INFO]     카드 발견: 19개
2026-03-17 13:56:09 [INFO]     카드 파싱 성공: 14건
2026-03-17 13:56:09 [INFO]     2023.07 p18: +2건 (페이지 14건)
2026-03-17 13:56:11 [INFO]     HTML 크기: 381233 bytes
2026-03-17 13:56:11 [INFO]     OaLkxeV3 포함: True
2026-03-17 13:56:11 [INFO]     GOWcekJV4 포함: True
2026-03-17 13:56:11 [INFO]     카드 발견: 18개
2026-03-17 13:56:11 [INFO]     카드 파싱 성공: 11건
2026-03-17 13:56:11 [INFO]     2023.07 p19: +4건 (페이지 11건)
2026-03-17 13:56:13 [INFO]     HTML 크기: 334260 bytes
2026-03-17 13:56:13 [INFO]     OaLkxeV3 포함: True
2026-03-17 13:56:13 [INFO]     GOWcekJV4 포함: True
2026-03-17 13:56:13 [INFO]     카드 발견: 6개
2026-03-17 13:56:13 [INFO]     카드 파싱 성공: 6건
2026-03-17 13:56:13 [INFO]     2023.07 p20: +4건 (페이지 6건)
2026-03-17 13:56:15 [INFO]     HTML 크기: 373276 bytes
2026-03-17 13:56:15 [INFO]     OaLkxeV3 포함: True
2026-03-17 13:56:15 [INFO]     GOWcekJV4 포함: True
2026-03-17 13:56:15 [INFO]     카드 발견: 16개
2026-03-17 13:56:15 [INFO]     카드 파싱 성공: 10건
2026-03-17 13:56:15 [INFO]     2023.07 p21: +5건 (페이지 10건)
2026-03-17 13:56:17 [INFO]     HTML 크기: 380033 bytes
2026-03-17 13:56:17 [INFO]     OaLkxeV3 포함: True
2026-03-17 13:56:17 [INFO]     GOWcekJV4 포함: True
2026-03-17 13:56:17 [INFO]     카드 발견: 17개
2026-03-17 13:56:17 [INFO]     카드 파싱 성공: 14건
2026-03-17 13:56:17 [INFO]     2023.07 p22: +6건 (페이지 14건)
2026-03-17 13:56:18 [INFO]     HTML 크기: 376260 bytes
2026-03-17 13:56:18 [INFO]     OaLkxeV3 포함: True
2026-03-17 13:56:18 [INFO]     GOWcekJV4 포함: True
2026-03-17 13:56:18 [INFO]     카드 발견: 16개
2026-03-17 13:56:18 [INFO]     카드 파싱 성공: 13건
2026-03-17 13:56:18 [INFO]     2023.07 p23: +1건 (페이지 13건)
2026-03-17 13:56:20 [INFO]     HTML 크기: 366821 bytes
2026-03-17 13:56:20 [INFO]     OaLkxeV3 포함: True
2026-03-17 13:56:20 [INFO]     GOWcekJV4 포함: True
2026-03-17 13:56:20 [INFO]     카드 발견: 14개
2026-03-17 13:56:20 [INFO]     카드 파싱 성공: 11건
2026-03-17 13:56:20 [INFO]     2023.07 p24: +3건 (페이지 11건)
2026-03-17 13:56:22 [INFO]     HTML 크기: 368786 bytes
2026-03-17 13:56:22 [INFO]     OaLkxeV3 포함: True
2026-03-17 13:56:22 [INFO]     GOWcekJV4 포함: True
2026-03-17 13:56:22 [INFO]     카드 발견: 14개
2026-03-17 13:56:22 [INFO]     카드 파싱 성공: 11건
2026-03-17 13:56:22 [INFO]     2023.07 p25: +3건 (페이지 11건)
2026-03-17 13:56:23 [INFO]     HTML 크기: 354023 bytes
2026-03-17 13:56:23 [INFO]     OaLkxeV3 포함: True
2026-03-17 13:56:23 [INFO]     GOWcekJV4 포함: True
2026-03-17 13:56:23 [INFO]     카드 발견: 10개
2026-03-17 13:56:23 [INFO]     카드 파싱 성공: 9건
2026-03-17 13:56:23 [INFO]     2023.07 p26: +4건 (페이지 9건)
2026-03-17 13:56:25 [INFO]     HTML 크기: 332554 bytes
2026-03-17 13:56:25 [INFO]     OaLkxeV3 포함: True
2026-03-17 13:56:25 [INFO]     GOWcekJV4 포함: True
2026-03-17 13:56:25 [INFO]     카드 발견: 5개
2026-03-17 13:56:25 [INFO]     카드 파싱 성공: 4건
2026-03-17 13:56:25 [INFO]     2023.07 p27: +0건 (페이지 4건)
2026-03-17 13:56:26 [INFO]   2023.07 완료: +106건 (누적 1371개)
2026-03-17 13:56:27 [INFO]     HTML 크기: 389019 bytes
2026-03-17 13:56:27 [INFO]     OaLkxeV3 포함: True
2026-03-17 13:56:27 [INFO]     GOWcekJV4 포함: True
2026-03-17 13:56:27 [INFO]     카드 발견: 18개
2026-03-17 13:56:27 [INFO]     카드 파싱 성공: 16건
2026-03-17 13:56:27 [INFO]     2023.08 p1: +16건 (페이지 16건)
2026-03-17 13:56:29 [INFO]     HTML 크기: 366910 bytes
2026-03-17 13:56:29 [INFO]     OaLkxeV3 포함: True
2026-03-17 13:56:29 [INFO]     GOWcekJV4 포함: True
2026-03-17 13:56:29 [INFO]     카드 발견: 13개
2026-03-17 13:56:29 [INFO]     카드 파싱 성공: 11건
2026-03-17 13:56:29 [INFO]     2023.08 p2: +11건 (페이지 11건)
2026-03-17 13:56:30 [INFO]     HTML 크기: 332050 bytes
2026-03-17 13:56:30 [INFO]     OaLkxeV3 포함: True
2026-03-17 13:56:30 [INFO]     GOWcekJV4 포함: True
2026-03-17 13:56:30 [INFO]     카드 발견: 5개
2026-03-17 13:56:30 [INFO]     카드 파싱 성공: 5건
2026-03-17 13:56:30 [INFO]     2023.08 p3: +5건 (페이지 5건)
2026-03-17 13:56:32 [INFO]     HTML 크기: 308212 bytes
2026-03-17 13:56:32 [INFO]     OaLkxeV3 포함: False
2026-03-17 13:56:32 [INFO]     GOWcekJV4 포함: True
2026-03-17 13:56:32 [INFO]     카드 발견: 0개
2026-03-17 13:56:32 [INFO]     카드 파싱 0건 -> 링크 직접 수집 폴백
2026-03-17 13:56:32 [INFO]     CLS_NAVER_LINK 링크: 4개
2026-03-17 13:56:32 [INFO]     2023.08 p4: 0건 (연속 빈 1회)
2026-03-17 13:56:34 [INFO]     HTML 크기: 307653 bytes
2026-03-17 13:56:34 [INFO]     OaLkxeV3 포함: False
2026-03-17 13:56:34 [INFO]     GOWcekJV4 포함: True
2026-03-17 13:56:34 [INFO]     카드 발견: 0개
2026-03-17 13:56:34 [INFO]     카드 파싱 0건 -> 링크 직접 수집 폴백
2026-03-17 13:56:34 [INFO]     CLS_NAVER_LINK 링크: 3개
2026-03-17 13:56:34 [INFO]     2023.08 p5: 0건 (연속 빈 2회)
2026-03-17 13:56:35 [INFO]     HTML 크기: 305977 bytes
2026-03-17 13:56:35 [INFO]     OaLkxeV3 포함: False
2026-03-17 13:56:35 [INFO]     GOWcekJV4 포함: True
2026-03-17 13:56:35 [INFO]     카드 발견: 0개
2026-03-17 13:56:35 [INFO]     카드 파싱 0건 -> 링크 직접 수집 폴백
2026-03-17 13:56:35 [INFO]     CLS_NAVER_LINK 링크: 2개
2026-03-17 13:56:35 [INFO]     2023.08 p6: 0건 (연속 빈 3회)
2026-03-17 13:56:35 [INFO]   2023.08 완료: +32건 (누적 1403개)
2026-03-17 13:56:36 [INFO]     HTML 크기: 375734 bytes
2026-03-17 13:56:36 [INFO]     OaLkxeV3 포함: True
2026-03-17 13:56:36 [INFO]     GOWcekJV4 포함: True
2026-03-17 13:56:36 [INFO]     카드 발견: 15개
2026-03-17 13:56:36 [INFO]     카드 파싱 성공: 14건
2026-03-17 13:56:36 [INFO]     2023.09 p1: +14건 (페이지 14건)
2026-03-17 13:56:38 [INFO]     HTML 크기: 361431 bytes
2026-03-17 13:56:38 [INFO]     OaLkxeV3 포함: True
2026-03-17 13:56:38 [INFO]     GOWcekJV4 포함: True
2026-03-17 13:56:38 [INFO]     카드 발견: 12개
2026-03-17 13:56:38 [INFO]     카드 파싱 성공: 12건
2026-03-17 13:56:38 [INFO]     2023.09 p2: +12건 (페이지 12건)
2026-03-17 13:56:40 [INFO]     HTML 크기: 373940 bytes
2026-03-17 13:56:40 [INFO]     OaLkxeV3 포함: True
2026-03-17 13:56:40 [INFO]     GOWcekJV4 포함: True
2026-03-17 13:56:40 [INFO]     카드 발견: 16개
2026-03-17 13:56:40 [INFO]     카드 파싱 성공: 11건
2026-03-17 13:56:40 [INFO]     2023.09 p3: +11건 (페이지 11건)
2026-03-17 13:56:42 [INFO]     HTML 크기: 320646 bytes
2026-03-17 13:56:42 [INFO]     OaLkxeV3 포함: True
2026-03-17 13:56:42 [INFO]     GOWcekJV4 포함: True
2026-03-17 13:56:42 [INFO]     카드 발견: 2개
2026-03-17 13:56:42 [INFO]     카드 파싱 성공: 2건
2026-03-17 13:56:42 [INFO]     2023.09 p4: +2건 (페이지 2건)
2026-03-17 13:56:43 [INFO]     HTML 크기: 315313 bytes
2026-03-17 13:56:43 [INFO]     OaLkxeV3 포함: True
2026-03-17 13:56:43 [INFO]     GOWcekJV4 포함: True
2026-03-17 13:56:43 [INFO]     카드 발견: 1개
2026-03-17 13:56:43 [INFO]     카드 파싱 성공: 1건
2026-03-17 13:56:43 [INFO]     2023.09 p5: +1건 (페이지 1건)
2026-03-17 13:56:45 [INFO]     HTML 크기: 308708 bytes
2026-03-17 13:56:45 [INFO]     OaLkxeV3 포함: False
2026-03-17 13:56:45 [INFO]     GOWcekJV4 포함: True
2026-03-17 13:56:45 [INFO]     카드 발견: 0개
2026-03-17 13:56:45 [INFO]     카드 파싱 0건 -> 링크 직접 수집 폴백
2026-03-17 13:56:45 [INFO]     CLS_NAVER_LINK 링크: 5개
2026-03-17 13:56:45 [INFO]     2023.09 p6: 0건 (연속 빈 1회)
2026-03-17 13:56:47 [INFO]     HTML 크기: 305490 bytes
2026-03-17 13:56:47 [INFO]     OaLkxeV3 포함: False
2026-03-17 13:56:47 [INFO]     GOWcekJV4 포함: True
2026-03-17 13:56:47 [INFO]     카드 발견: 0개
2026-03-17 13:56:47 [INFO]     카드 파싱 0건 -> 링크 직접 수집 폴백
2026-03-17 13:56:47 [INFO]     CLS_NAVER_LINK 링크: 2개
2026-03-17 13:56:47 [INFO]     2023.09 p7: 0건 (연속 빈 2회)
2026-03-17 13:56:49 [INFO]     HTML 크기: 305454 bytes
2026-03-17 13:56:49 [INFO]     OaLkxeV3 포함: False
2026-03-17 13:56:49 [INFO]     GOWcekJV4 포함: True
2026-03-17 13:56:49 [INFO]     카드 발견: 0개
2026-03-17 13:56:49 [INFO]     카드 파싱 0건 -> 링크 직접 수집 폴백
2026-03-17 13:56:49 [INFO]     CLS_NAVER_LINK 링크: 1개
2026-03-17 13:56:49 [INFO]     2023.09 p8: 0건 (연속 빈 3회)
2026-03-17 13:56:49 [INFO]   2023.09 완료: +40건 (누적 1443개)
2026-03-17 13:56:50 [INFO]     HTML 크기: 419559 bytes
2026-03-17 13:56:50 [INFO]     OaLkxeV3 포함: True
2026-03-17 13:56:50 [INFO]     GOWcekJV4 포함: True
2026-03-17 13:56:50 [INFO]     카드 발견: 25개
2026-03-17 13:56:50 [INFO]     카드 파싱 성공: 25건
2026-03-17 13:56:50 [INFO]     2023.10 p1: +25건 (페이지 25건)
2026-03-17 13:56:51 [INFO]     HTML 크기: 391612 bytes
2026-03-17 13:56:51 [INFO]     OaLkxeV3 포함: True
2026-03-17 13:56:51 [INFO]     GOWcekJV4 포함: True
2026-03-17 13:56:51 [INFO]     카드 발견: 18개
2026-03-17 13:56:51 [INFO]     카드 파싱 성공: 18건
2026-03-17 13:56:51 [INFO]     2023.10 p2: +18건 (페이지 18건)
2026-03-17 13:56:53 [INFO]     HTML 크기: 338359 bytes
2026-03-17 13:56:53 [INFO]     OaLkxeV3 포함: True
2026-03-17 13:56:53 [INFO]     GOWcekJV4 포함: True
2026-03-17 13:56:53 [INFO]     카드 발견: 6개
2026-03-17 13:56:53 [INFO]     카드 파싱 성공: 6건
2026-03-17 13:56:53 [INFO]     2023.10 p3: +6건 (페이지 6건)
2026-03-17 13:56:55 [INFO]     HTML 크기: 330737 bytes
2026-03-17 13:56:55 [INFO]     OaLkxeV3 포함: True
2026-03-17 13:56:55 [INFO]     GOWcekJV4 포함: True
2026-03-17 13:56:55 [INFO]     카드 발견: 4개
2026-03-17 13:56:55 [INFO]     카드 파싱 성공: 4건
2026-03-17 13:56:55 [INFO]     2023.10 p4: +4건 (페이지 4건)
2026-03-17 13:56:57 [INFO]     HTML 크기: 319549 bytes
2026-03-17 13:56:57 [INFO]     OaLkxeV3 포함: True
2026-03-17 13:56:57 [INFO]     GOWcekJV4 포함: True
2026-03-17 13:56:57 [INFO]     카드 발견: 3개
2026-03-17 13:56:57 [INFO]     카드 파싱 성공: 3건
2026-03-17 13:56:57 [INFO]     2023.10 p5: +3건 (페이지 3건)
2026-03-17 13:56:58 [INFO]     HTML 크기: 306655 bytes
2026-03-17 13:56:58 [INFO]     OaLkxeV3 포함: False
2026-03-17 13:56:58 [INFO]     GOWcekJV4 포함: True
2026-03-17 13:56:58 [INFO]     카드 발견: 0개
2026-03-17 13:56:58 [INFO]     카드 파싱 0건 -> 링크 직접 수집 폴백
2026-03-17 13:56:58 [INFO]     CLS_NAVER_LINK 링크: 4개
2026-03-17 13:56:58 [INFO]     2023.10 p6: 0건 (연속 빈 1회)
2026-03-17 13:57:00 [INFO]     HTML 크기: 304470 bytes
2026-03-17 13:57:00 [INFO]     OaLkxeV3 포함: False
2026-03-17 13:57:00 [INFO]     GOWcekJV4 포함: True
2026-03-17 13:57:00 [INFO]     카드 발견: 0개
2026-03-17 13:57:00 [INFO]     카드 파싱 0건 -> 링크 직접 수집 폴백
2026-03-17 13:57:00 [INFO]     CLS_NAVER_LINK 링크: 2개
2026-03-17 13:57:00 [INFO]     2023.10 p7: 0건 (연속 빈 2회)
2026-03-17 13:57:02 [INFO]     HTML 크기: 304202 bytes
2026-03-17 13:57:02 [INFO]     OaLkxeV3 포함: False
2026-03-17 13:57:02 [INFO]     GOWcekJV4 포함: True
2026-03-17 13:57:02 [INFO]     카드 발견: 0개
2026-03-17 13:57:02 [INFO]     카드 파싱 0건 -> 링크 직접 수집 폴백
2026-03-17 13:57:02 [INFO]     CLS_NAVER_LINK 링크: 2개
2026-03-17 13:57:02 [INFO]     2023.10 p8: 0건 (연속 빈 3회)
2026-03-17 13:57:02 [INFO]   2023.10 완료: +56건 (누적 1499개)
2026-03-17 13:57:03 [INFO]     HTML 크기: 405327 bytes
2026-03-17 13:57:03 [INFO]     OaLkxeV3 포함: True
2026-03-17 13:57:03 [INFO]     GOWcekJV4 포함: True
2026-03-17 13:57:03 [INFO]     카드 발견: 22개
2026-03-17 13:57:03 [INFO]     카드 파싱 성공: 19건
2026-03-17 13:57:03 [INFO]     2023.11 p1: +19건 (페이지 19건)
2026-03-17 13:57:05 [INFO]     HTML 크기: 401096 bytes
2026-03-17 13:57:05 [INFO]     OaLkxeV3 포함: True
2026-03-17 13:57:05 [INFO]     GOWcekJV4 포함: True
2026-03-17 13:57:05 [INFO]     카드 발견: 21개
2026-03-17 13:57:05 [INFO]     카드 파싱 성공: 19건
2026-03-17 13:57:05 [INFO]     2023.11 p2: +19건 (페이지 19건)
2026-03-17 13:57:06 [INFO]     HTML 크기: 310202 bytes
2026-03-17 13:57:06 [INFO]     OaLkxeV3 포함: False
2026-03-17 13:57:06 [INFO]     GOWcekJV4 포함: True
2026-03-17 13:57:06 [INFO]     카드 발견: 0개
2026-03-17 13:57:06 [INFO]     카드 파싱 0건 -> 링크 직접 수집 폴백
2026-03-17 13:57:06 [INFO]     CLS_NAVER_LINK 링크: 6개
2026-03-17 13:57:07 [INFO]     2023.11 p3: 0건 (연속 빈 1회)
2026-03-17 13:57:08 [INFO]     HTML 크기: 339570 bytes
2026-03-17 13:57:08 [INFO]     OaLkxeV3 포함: True
2026-03-17 13:57:08 [INFO]     GOWcekJV4 포함: True
2026-03-17 13:57:08 [INFO]     카드 발견: 7개
2026-03-17 13:57:08 [INFO]     카드 파싱 성공: 5건
2026-03-17 13:57:08 [INFO]     2023.11 p4: +5건 (페이지 5건)
2026-03-17 13:57:10 [INFO]     HTML 크기: 314675 bytes
2026-03-17 13:57:10 [INFO]     OaLkxeV3 포함: True
2026-03-17 13:57:10 [INFO]     GOWcekJV4 포함: True
2026-03-17 13:57:10 [INFO]     카드 발견: 1개
2026-03-17 13:57:10 [INFO]     카드 파싱 성공: 1건
2026-03-17 13:57:10 [INFO]     2023.11 p5: +1건 (페이지 1건)
2026-03-17 13:57:12 [INFO]     HTML 크기: 310091 bytes
2026-03-17 13:57:12 [INFO]     OaLkxeV3 포함: False
2026-03-17 13:57:12 [INFO]     GOWcekJV4 포함: True
2026-03-17 13:57:12 [INFO]     카드 발견: 0개
2026-03-17 13:57:12 [INFO]     카드 파싱 0건 -> 링크 직접 수집 폴백
2026-03-17 13:57:12 [INFO]     CLS_NAVER_LINK 링크: 7개
2026-03-17 13:57:12 [INFO]     2023.11 p6: 0건 (연속 빈 1회)
2026-03-17 13:57:14 [INFO]     HTML 크기: 304816 bytes
2026-03-17 13:57:14 [INFO]     OaLkxeV3 포함: False
2026-03-17 13:57:14 [INFO]     GOWcekJV4 포함: True
2026-03-17 13:57:14 [INFO]     카드 발견: 0개
2026-03-17 13:57:14 [INFO]     카드 파싱 0건 -> 링크 직접 수집 폴백
2026-03-17 13:57:14 [INFO]     CLS_NAVER_LINK 링크: 2개
2026-03-17 13:57:14 [INFO]     2023.11 p7: 0건 (연속 빈 2회)
2026-03-17 13:57:16 [INFO]     HTML 크기: 306389 bytes
2026-03-17 13:57:16 [INFO]     OaLkxeV3 포함: False
2026-03-17 13:57:16 [INFO]     GOWcekJV4 포함: True
2026-03-17 13:57:16 [INFO]     카드 발견: 0개
2026-03-17 13:57:16 [INFO]     카드 파싱 0건 -> 링크 직접 수집 폴백
2026-03-17 13:57:16 [INFO]     CLS_NAVER_LINK 링크: 4개
2026-03-17 13:57:16 [INFO]     2023.11 p8: 0건 (연속 빈 3회)
2026-03-17 13:57:16 [INFO]   2023.11 완료: +44건 (누적 1543개)
2026-03-17 13:57:17 [INFO]     HTML 크기: 358255 bytes
2026-03-17 13:57:17 [INFO]     OaLkxeV3 포함: True
2026-03-17 13:57:17 [INFO]     GOWcekJV4 포함: True
2026-03-17 13:57:17 [INFO]     카드 발견: 11개
2026-03-17 13:57:17 [INFO]     카드 파싱 성공: 10건
2026-03-17 13:57:17 [INFO]     2023.12 p1: +10건 (페이지 10건)
2026-03-17 13:57:19 [INFO]     HTML 크기: 397215 bytes
2026-03-17 13:57:19 [INFO]     OaLkxeV3 포함: True
2026-03-17 13:57:19 [INFO]     GOWcekJV4 포함: True
2026-03-17 13:57:19 [INFO]     카드 발견: 20개
2026-03-17 13:57:19 [INFO]     카드 파싱 성공: 18건
2026-03-17 13:57:19 [INFO]     2023.12 p2: +18건 (페이지 18건)
2026-03-17 13:57:21 [INFO]     HTML 크기: 332408 bytes
2026-03-17 13:57:21 [INFO]     OaLkxeV3 포함: True
2026-03-17 13:57:21 [INFO]     GOWcekJV4 포함: True
2026-03-17 13:57:21 [INFO]     카드 발견: 5개
2026-03-17 13:57:21 [INFO]     카드 파싱 성공: 5건
2026-03-17 13:57:21 [INFO]     2023.12 p3: +5건 (페이지 5건)
2026-03-17 13:57:22 [INFO]     HTML 크기: 356302 bytes
2026-03-17 13:57:22 [INFO]     OaLkxeV3 포함: True
2026-03-17 13:57:22 [INFO]     GOWcekJV4 포함: True
2026-03-17 13:57:22 [INFO]     카드 발견: 11개
2026-03-17 13:57:22 [INFO]     카드 파싱 성공: 8건
2026-03-17 13:57:22 [INFO]     2023.12 p4: +8건 (페이지 8건)
2026-03-17 13:57:24 [INFO]     HTML 크기: 376428 bytes
2026-03-17 13:57:24 [INFO]     OaLkxeV3 포함: True
2026-03-17 13:57:24 [INFO]     GOWcekJV4 포함: True
2026-03-17 13:57:24 [INFO]     카드 발견: 15개
2026-03-17 13:57:24 [INFO]     카드 파싱 성공: 13건
2026-03-17 13:57:24 [INFO]     2023.12 p5: +13건 (페이지 13건)
2026-03-17 13:57:26 [INFO]     HTML 크기: 350069 bytes
2026-03-17 13:57:26 [INFO]     OaLkxeV3 포함: True
2026-03-17 13:57:26 [INFO]     GOWcekJV4 포함: True
2026-03-17 13:57:26 [INFO]     카드 발견: 9개
2026-03-17 13:57:26 [INFO]     카드 파싱 성공: 9건
2026-03-17 13:57:26 [INFO]     2023.12 p6: +9건 (페이지 9건)
2026-03-17 13:57:28 [INFO]     HTML 크기: 318812 bytes
2026-03-17 13:57:28 [INFO]     OaLkxeV3 포함: True
2026-03-17 13:57:28 [INFO]     GOWcekJV4 포함: True
2026-03-17 13:57:28 [INFO]     카드 발견: 2개
2026-03-17 13:57:28 [INFO]     카드 파싱 성공: 2건
2026-03-17 13:57:28 [INFO]     2023.12 p7: +2건 (페이지 2건)
2026-03-17 13:57:30 [INFO]     HTML 크기: 312618 bytes
2026-03-17 13:57:30 [INFO]     OaLkxeV3 포함: False
2026-03-17 13:57:30 [INFO]     GOWcekJV4 포함: True
2026-03-17 13:57:30 [INFO]     카드 발견: 0개
2026-03-17 13:57:30 [INFO]     카드 파싱 0건 -> 링크 직접 수집 폴백
2026-03-17 13:57:30 [INFO]     CLS_NAVER_LINK 링크: 10개
2026-03-17 13:57:30 [INFO]     2023.12 p8: 0건 (연속 빈 1회)
2026-03-17 13:57:32 [INFO]     HTML 크기: 320936 bytes
2026-03-17 13:57:32 [INFO]     OaLkxeV3 포함: True
2026-03-17 13:57:32 [INFO]     GOWcekJV4 포함: True
2026-03-17 13:57:32 [INFO]     카드 발견: 2개
2026-03-17 13:57:32 [INFO]     카드 파싱 성공: 2건
2026-03-17 13:57:32 [INFO]     2023.12 p9: +2건 (페이지 2건)
2026-03-17 13:57:33 [INFO]     HTML 크기: 315865 bytes
2026-03-17 13:57:33 [INFO]     OaLkxeV3 포함: True
2026-03-17 13:57:33 [INFO]     GOWcekJV4 포함: True
2026-03-17 13:57:33 [INFO]     카드 발견: 1개
2026-03-17 13:57:33 [INFO]     카드 파싱 성공: 1건
2026-03-17 13:57:33 [INFO]     2023.12 p10: +1건 (페이지 1건)
2026-03-17 13:57:35 [INFO]     HTML 크기: 380991 bytes
2026-03-17 13:57:35 [INFO]     OaLkxeV3 포함: True
2026-03-17 13:57:35 [INFO]     GOWcekJV4 포함: True
2026-03-17 13:57:35 [INFO]     카드 발견: 17개
2026-03-17 13:57:35 [INFO]     카드 파싱 성공: 14건
2026-03-17 13:57:35 [INFO]     2023.12 p11: +6건 (페이지 14건)
2026-03-17 13:57:37 [INFO]     HTML 크기: 410890 bytes
2026-03-17 13:57:37 [INFO]     OaLkxeV3 포함: True
2026-03-17 13:57:37 [INFO]     GOWcekJV4 포함: True
2026-03-17 13:57:37 [INFO]     카드 발견: 24개
2026-03-17 13:57:37 [INFO]     카드 파싱 성공: 19건
2026-03-17 13:57:37 [INFO]     2023.12 p12: +8건 (페이지 19건)
2026-03-17 13:57:39 [INFO]     HTML 크기: 415249 bytes
2026-03-17 13:57:39 [INFO]     OaLkxeV3 포함: True
2026-03-17 13:57:39 [INFO]     GOWcekJV4 포함: True
2026-03-17 13:57:39 [INFO]     카드 발견: 26개
2026-03-17 13:57:39 [INFO]     카드 파싱 성공: 19건
2026-03-17 13:57:39 [INFO]     2023.12 p13: +5건 (페이지 19건)
2026-03-17 13:57:41 [INFO]     HTML 크기: 380083 bytes
2026-03-17 13:57:41 [INFO]     OaLkxeV3 포함: True
2026-03-17 13:57:41 [INFO]     GOWcekJV4 포함: True
2026-03-17 13:57:41 [INFO]     카드 발견: 18개
2026-03-17 13:57:41 [INFO]     카드 파싱 성공: 7건
2026-03-17 13:57:41 [INFO]     2023.12 p14: +2건 (페이지 7건)
2026-03-17 13:57:43 [INFO]     HTML 크기: 385019 bytes
2026-03-17 13:57:43 [INFO]     OaLkxeV3 포함: True
2026-03-17 13:57:43 [INFO]     GOWcekJV4 포함: True
2026-03-17 13:57:43 [INFO]     카드 발견: 20개
2026-03-17 13:57:43 [INFO]     카드 파싱 성공: 7건
2026-03-17 13:57:43 [INFO]     2023.12 p15: +2건 (페이지 7건)
2026-03-17 13:57:45 [INFO]     HTML 크기: 441784 bytes
2026-03-17 13:57:45 [INFO]     OaLkxeV3 포함: True
2026-03-17 13:57:45 [INFO]     GOWcekJV4 포함: True
2026-03-17 13:57:45 [INFO]     카드 발견: 36개
2026-03-17 13:57:45 [INFO]     카드 파싱 성공: 13건
2026-03-17 13:57:45 [INFO]     2023.12 p16: +4건 (페이지 13건)
2026-03-17 13:57:47 [INFO]     HTML 크기: 415875 bytes
2026-03-17 13:57:47 [INFO]     OaLkxeV3 포함: True
2026-03-17 13:57:47 [INFO]     GOWcekJV4 포함: True
2026-03-17 13:57:47 [INFO]     카드 발견: 28개
2026-03-17 13:57:47 [INFO]     카드 파싱 성공: 10건
2026-03-17 13:57:47 [INFO]     2023.12 p17: +2건 (페이지 10건)
2026-03-17 13:57:49 [INFO]     HTML 크기: 391158 bytes
2026-03-17 13:57:49 [INFO]     OaLkxeV3 포함: True
2026-03-17 13:57:49 [INFO]     GOWcekJV4 포함: True
2026-03-17 13:57:49 [INFO]     카드 발견: 21개
2026-03-17 13:57:49 [INFO]     카드 파싱 성공: 10건
2026-03-17 13:57:49 [INFO]     2023.12 p18: +0건 (페이지 10건)
2026-03-17 13:57:50 [INFO]   2023.12 완료: +97건 (누적 1640개)
2026-03-17 13:57:51 [INFO]     HTML 크기: 446662 bytes
2026-03-17 13:57:51 [INFO]     OaLkxeV3 포함: True
2026-03-17 13:57:51 [INFO]     GOWcekJV4 포함: True
2026-03-17 13:57:51 [INFO]     카드 발견: 31개
2026-03-17 13:57:51 [INFO]     카드 파싱 성공: 31건
2026-03-17 13:57:51 [INFO]     2024.01 p1: +31건 (페이지 31건)
2026-03-17 13:57:53 [INFO]     HTML 크기: 376822 bytes
2026-03-17 13:57:53 [INFO]     OaLkxeV3 포함: True
2026-03-17 13:57:53 [INFO]     GOWcekJV4 포함: True
2026-03-17 13:57:53 [INFO]     카드 발견: 15개
2026-03-17 13:57:53 [INFO]     카드 파싱 성공: 14건
2026-03-17 13:57:53 [INFO]     2024.01 p2: +14건 (페이지 14건)
2026-03-17 13:57:55 [INFO]     HTML 크기: 341543 bytes
2026-03-17 13:57:55 [INFO]     OaLkxeV3 포함: True
2026-03-17 13:57:55 [INFO]     GOWcekJV4 포함: True
2026-03-17 13:57:55 [INFO]     카드 발견: 7개
2026-03-17 13:57:55 [INFO]     카드 파싱 성공: 7건
2026-03-17 13:57:55 [INFO]     2024.01 p3: +7건 (페이지 7건)
2026-03-17 13:57:57 [INFO]     HTML 크기: 331480 bytes
2026-03-17 13:57:57 [INFO]     OaLkxeV3 포함: True
2026-03-17 13:57:57 [INFO]     GOWcekJV4 포함: True
2026-03-17 13:57:57 [INFO]     카드 발견: 5개
2026-03-17 13:57:57 [INFO]     카드 파싱 성공: 5건
2026-03-17 13:57:57 [INFO]     2024.01 p4: +5건 (페이지 5건)
2026-03-17 13:57:59 [INFO]     HTML 크기: 310373 bytes
2026-03-17 13:57:59 [INFO]     OaLkxeV3 포함: False
2026-03-17 13:57:59 [INFO]     GOWcekJV4 포함: True
2026-03-17 13:57:59 [INFO]     카드 발견: 0개
2026-03-17 13:57:59 [INFO]     카드 파싱 0건 -> 링크 직접 수집 폴백
2026-03-17 13:57:59 [INFO]     CLS_NAVER_LINK 링크: 8개
2026-03-17 13:57:59 [INFO]     2024.01 p5: 0건 (연속 빈 1회)
2026-03-17 13:58:01 [INFO]     HTML 크기: 309160 bytes
2026-03-17 13:58:01 [INFO]     OaLkxeV3 포함: False
2026-03-17 13:58:01 [INFO]     GOWcekJV4 포함: True
2026-03-17 13:58:01 [INFO]     카드 발견: 0개
2026-03-17 13:58:01 [INFO]     카드 파싱 0건 -> 링크 직접 수집 폴백
2026-03-17 13:58:01 [INFO]     CLS_NAVER_LINK 링크: 7개
2026-03-17 13:58:01 [INFO]     2024.01 p6: 0건 (연속 빈 2회)
2026-03-17 13:58:03 [INFO]     HTML 크기: 306844 bytes
2026-03-17 13:58:03 [INFO]     OaLkxeV3 포함: False
2026-03-17 13:58:03 [INFO]     GOWcekJV4 포함: True
2026-03-17 13:58:03 [INFO]     카드 발견: 0개
2026-03-17 13:58:03 [INFO]     카드 파싱 0건 -> 링크 직접 수집 폴백
2026-03-17 13:58:03 [INFO]     CLS_NAVER_LINK 링크: 4개
2026-03-17 13:58:03 [INFO]     2024.01 p7: 0건 (연속 빈 3회)
2026-03-17 13:58:03 [INFO]   2024.01 완료: +57건 (누적 1697개)
2026-03-17 13:58:04 [INFO]     HTML 크기: 427179 bytes
2026-03-17 13:58:04 [INFO]     OaLkxeV3 포함: True
2026-03-17 13:58:04 [INFO]     GOWcekJV4 포함: True
2026-03-17 13:58:04 [INFO]     카드 발견: 27개
2026-03-17 13:58:04 [INFO]     카드 파싱 성공: 25건
2026-03-17 13:58:04 [INFO]     2024.02 p1: +25건 (페이지 25건)
2026-03-17 13:58:06 [INFO]     HTML 크기: 344086 bytes
2026-03-17 13:58:06 [INFO]     OaLkxeV3 포함: True
2026-03-17 13:58:06 [INFO]     GOWcekJV4 포함: True
2026-03-17 13:58:06 [INFO]     카드 발견: 7개
2026-03-17 13:58:06 [INFO]     카드 파싱 성공: 7건
2026-03-17 13:58:06 [INFO]     2024.02 p2: +7건 (페이지 7건)
2026-03-17 13:58:08 [INFO]     HTML 크기: 364500 bytes
2026-03-17 13:58:08 [INFO]     OaLkxeV3 포함: True
2026-03-17 13:58:08 [INFO]     GOWcekJV4 포함: True
2026-03-17 13:58:08 [INFO]     카드 발견: 12개
2026-03-17 13:58:08 [INFO]     카드 파싱 성공: 12건
2026-03-17 13:58:08 [INFO]     2024.02 p3: +12건 (페이지 12건)
2026-03-17 13:58:10 [INFO]     HTML 크기: 339024 bytes
2026-03-17 13:58:10 [INFO]     OaLkxeV3 포함: True
2026-03-17 13:58:10 [INFO]     GOWcekJV4 포함: True
2026-03-17 13:58:10 [INFO]     카드 발견: 6개
2026-03-17 13:58:10 [INFO]     카드 파싱 성공: 6건
2026-03-17 13:58:10 [INFO]     2024.02 p4: +6건 (페이지 6건)
2026-03-17 13:58:12 [INFO]     HTML 크기: 315164 bytes
2026-03-17 13:58:12 [INFO]     OaLkxeV3 포함: True
2026-03-17 13:58:12 [INFO]     GOWcekJV4 포함: True
2026-03-17 13:58:12 [INFO]     카드 발견: 1개
2026-03-17 13:58:12 [INFO]     카드 파싱 성공: 1건
2026-03-17 13:58:12 [INFO]     2024.02 p5: +1건 (페이지 1건)
2026-03-17 13:58:14 [INFO]     HTML 크기: 310519 bytes
2026-03-17 13:58:14 [INFO]     OaLkxeV3 포함: False
2026-03-17 13:58:14 [INFO]     GOWcekJV4 포함: True
2026-03-17 13:58:14 [INFO]     카드 발견: 0개
2026-03-17 13:58:14 [INFO]     카드 파싱 0건 -> 링크 직접 수집 폴백
2026-03-17 13:58:14 [INFO]     CLS_NAVER_LINK 링크: 8개
2026-03-17 13:58:14 [INFO]     2024.02 p6: 0건 (연속 빈 1회)
2026-03-17 13:58:16 [INFO]     HTML 크기: 309459 bytes
2026-03-17 13:58:16 [INFO]     OaLkxeV3 포함: False
2026-03-17 13:58:16 [INFO]     GOWcekJV4 포함: True
2026-03-17 13:58:16 [INFO]     카드 발견: 0개
2026-03-17 13:58:16 [INFO]     카드 파싱 0건 -> 링크 직접 수집 폴백
2026-03-17 13:58:16 [INFO]     CLS_NAVER_LINK 링크: 5개
2026-03-17 13:58:16 [INFO]     2024.02 p7: 0건 (연속 빈 2회)
2026-03-17 13:58:17 [INFO]     HTML 크기: 309123 bytes
2026-03-17 13:58:17 [INFO]     OaLkxeV3 포함: False
2026-03-17 13:58:17 [INFO]     GOWcekJV4 포함: True
2026-03-17 13:58:17 [INFO]     카드 발견: 0개
2026-03-17 13:58:17 [INFO]     카드 파싱 0건 -> 링크 직접 수집 폴백
2026-03-17 13:58:17 [INFO]     CLS_NAVER_LINK 링크: 7개
2026-03-17 13:58:17 [INFO]     2024.02 p8: 0건 (연속 빈 3회)
2026-03-17 13:58:17 [INFO]   2024.02 완료: +51건 (누적 1748개)
2026-03-17 13:58:18 [INFO]     HTML 크기: 403682 bytes
2026-03-17 13:58:18 [INFO]     OaLkxeV3 포함: True
2026-03-17 13:58:18 [INFO]     GOWcekJV4 포함: True
2026-03-17 13:58:18 [INFO]     카드 발견: 21개
2026-03-17 13:58:18 [INFO]     카드 파싱 성공: 19건
2026-03-17 13:58:18 [INFO]     2024.03 p1: +19건 (페이지 19건)
2026-03-17 13:58:20 [INFO]     HTML 크기: 359374 bytes
2026-03-17 13:58:20 [INFO]     OaLkxeV3 포함: True
2026-03-17 13:58:20 [INFO]     GOWcekJV4 포함: True
2026-03-17 13:58:20 [INFO]     카드 발견: 11개
2026-03-17 13:58:20 [INFO]     카드 파싱 성공: 11건
2026-03-17 13:58:20 [INFO]     2024.03 p2: +11건 (페이지 11건)
2026-03-17 13:58:22 [INFO]     HTML 크기: 341521 bytes
2026-03-17 13:58:22 [INFO]     OaLkxeV3 포함: True
2026-03-17 13:58:22 [INFO]     GOWcekJV4 포함: True
2026-03-17 13:58:22 [INFO]     카드 발견: 7개
2026-03-17 13:58:22 [INFO]     카드 파싱 성공: 7건
2026-03-17 13:58:22 [INFO]     2024.03 p3: +7건 (페이지 7건)
2026-03-17 13:58:24 [INFO]     HTML 크기: 319103 bytes
2026-03-17 13:58:24 [INFO]     OaLkxeV3 포함: True
2026-03-17 13:58:24 [INFO]     GOWcekJV4 포함: True
2026-03-17 13:58:24 [INFO]     카드 발견: 2개
2026-03-17 13:58:24 [INFO]     카드 파싱 성공: 2건
2026-03-17 13:58:24 [INFO]     2024.03 p4: +2건 (페이지 2건)
2026-03-17 13:58:26 [INFO]     HTML 크기: 315410 bytes
2026-03-17 13:58:26 [INFO]     OaLkxeV3 포함: True
2026-03-17 13:58:26 [INFO]     GOWcekJV4 포함: True
2026-03-17 13:58:26 [INFO]     카드 발견: 1개
2026-03-17 13:58:26 [INFO]     카드 파싱 0건 -> 링크 직접 수집 폴백
2026-03-17 13:58:26 [INFO]     CLS_NAVER_LINK 링크: 7개
2026-03-17 13:58:26 [INFO]     2024.03 p5: +7건 (페이지 7건)
2026-03-17 13:58:28 [INFO]     HTML 크기: 310503 bytes
2026-03-17 13:58:28 [INFO]     OaLkxeV3 포함: False
2026-03-17 13:58:28 [INFO]     GOWcekJV4 포함: True
2026-03-17 13:58:28 [INFO]     카드 발견: 0개
2026-03-17 13:58:28 [INFO]     카드 파싱 0건 -> 링크 직접 수집 폴백
2026-03-17 13:58:28 [INFO]     CLS_NAVER_LINK 링크: 7개
2026-03-17 13:58:28 [INFO]     2024.03 p6: 0건 (연속 빈 1회)
2026-03-17 13:58:30 [INFO]     HTML 크기: 307140 bytes
2026-03-17 13:58:30 [INFO]     OaLkxeV3 포함: False
2026-03-17 13:58:30 [INFO]     GOWcekJV4 포함: True
2026-03-17 13:58:30 [INFO]     카드 발견: 0개
2026-03-17 13:58:30 [INFO]     카드 파싱 0건 -> 링크 직접 수집 폴백
2026-03-17 13:58:30 [INFO]     CLS_NAVER_LINK 링크: 5개
2026-03-17 13:58:30 [INFO]     2024.03 p7: 0건 (연속 빈 2회)
2026-03-17 13:58:32 [INFO]     HTML 크기: 307927 bytes
2026-03-17 13:58:32 [INFO]     OaLkxeV3 포함: False
2026-03-17 13:58:32 [INFO]     GOWcekJV4 포함: True
2026-03-17 13:58:32 [INFO]     카드 발견: 0개
2026-03-17 13:58:32 [INFO]     카드 파싱 0건 -> 링크 직접 수집 폴백
2026-03-17 13:58:32 [INFO]     CLS_NAVER_LINK 링크: 6개
2026-03-17 13:58:32 [INFO]     2024.03 p8: 0건 (연속 빈 3회)
2026-03-17 13:58:32 [INFO]   2024.03 완료: +46건 (누적 1794개)
2026-03-17 13:58:32 [INFO]     HTML 크기: 438063 bytes
2026-03-17 13:58:32 [INFO]     OaLkxeV3 포함: True
2026-03-17 13:58:32 [INFO]     GOWcekJV4 포함: True
2026-03-17 13:58:32 [INFO]     카드 발견: 29개
2026-03-17 13:58:32 [INFO]     카드 파싱 성공: 29건
2026-03-17 13:58:32 [INFO]     2024.04 p1: +29건 (페이지 29건)
2026-03-17 13:58:34 [INFO]     HTML 크기: 404860 bytes
2026-03-17 13:58:34 [INFO]     OaLkxeV3 포함: True
2026-03-17 13:58:34 [INFO]     GOWcekJV4 포함: True
2026-03-17 13:58:34 [INFO]     카드 발견: 21개
2026-03-17 13:58:34 [INFO]     카드 파싱 성공: 20건
2026-03-17 13:58:34 [INFO]     2024.04 p2: +17건 (페이지 20건)
2026-03-17 13:58:36 [INFO]     HTML 크기: 376854 bytes
2026-03-17 13:58:36 [INFO]     OaLkxeV3 포함: True
2026-03-17 13:58:36 [INFO]     GOWcekJV4 포함: True
2026-03-17 13:58:36 [INFO]     카드 발견: 15개
2026-03-17 13:58:36 [INFO]     카드 파싱 성공: 14건
2026-03-17 13:58:36 [INFO]     2024.04 p3: +14건 (페이지 14건)
2026-03-17 13:58:38 [INFO]     HTML 크기: 312115 bytes
2026-03-17 13:58:38 [INFO]     OaLkxeV3 포함: False
2026-03-17 13:58:38 [INFO]     GOWcekJV4 포함: True
2026-03-17 13:58:38 [INFO]     카드 발견: 0개
2026-03-17 13:58:38 [INFO]     카드 파싱 0건 -> 링크 직접 수집 폴백
2026-03-17 13:58:38 [INFO]     CLS_NAVER_LINK 링크: 10개
2026-03-17 13:58:38 [INFO]     2024.04 p4: 0건 (연속 빈 1회)
2026-03-17 13:58:40 [INFO]     HTML 크기: 316967 bytes
2026-03-17 13:58:40 [INFO]     OaLkxeV3 포함: True
2026-03-17 13:58:40 [INFO]     GOWcekJV4 포함: True
2026-03-17 13:58:40 [INFO]     카드 발견: 1개
2026-03-17 13:58:40 [INFO]     카드 파싱 성공: 1건
2026-03-17 13:58:40 [INFO]     2024.04 p5: +1건 (페이지 1건)
2026-03-17 13:58:42 [INFO]     HTML 크기: 316355 bytes
2026-03-17 13:58:42 [INFO]     OaLkxeV3 포함: True
2026-03-17 13:58:42 [INFO]     GOWcekJV4 포함: True
2026-03-17 13:58:42 [INFO]     카드 발견: 2개
2026-03-17 13:58:42 [INFO]     카드 파싱 성공: 2건
2026-03-17 13:58:42 [INFO]     2024.04 p6: +2건 (페이지 2건)
2026-03-17 13:58:43 [INFO]     HTML 크기: 304258 bytes
2026-03-17 13:58:43 [INFO]     OaLkxeV3 포함: False
2026-03-17 13:58:43 [INFO]     GOWcekJV4 포함: True
2026-03-17 13:58:43 [INFO]     카드 발견: 0개
2026-03-17 13:58:43 [INFO]     카드 파싱 0건 -> 링크 직접 수집 폴백
2026-03-17 13:58:43 [INFO]     CLS_NAVER_LINK 링크: 1개
2026-03-17 13:58:43 [INFO]     2024.04 p7: 0건 (연속 빈 1회)
2026-03-17 13:58:45 [INFO]     HTML 크기: 307605 bytes
2026-03-17 13:58:45 [INFO]     OaLkxeV3 포함: False
2026-03-17 13:58:45 [INFO]     GOWcekJV4 포함: True
2026-03-17 13:58:45 [INFO]     카드 발견: 0개
2026-03-17 13:58:45 [INFO]     카드 파싱 0건 -> 링크 직접 수집 폴백
2026-03-17 13:58:45 [INFO]     CLS_NAVER_LINK 링크: 5개
2026-03-17 13:58:45 [INFO]     2024.04 p8: 0건 (연속 빈 2회)
2026-03-17 13:58:47 [INFO]     HTML 크기: 307456 bytes
2026-03-17 13:58:47 [INFO]     OaLkxeV3 포함: False
2026-03-17 13:58:47 [INFO]     GOWcekJV4 포함: True
2026-03-17 13:58:47 [INFO]     카드 발견: 0개
2026-03-17 13:58:47 [INFO]     카드 파싱 0건 -> 링크 직접 수집 폴백
2026-03-17 13:58:47 [INFO]     CLS_NAVER_LINK 링크: 4개
2026-03-17 13:58:47 [INFO]     2024.04 p9: 0건 (연속 빈 3회)
2026-03-17 13:58:47 [INFO]   2024.04 완료: +63건 (누적 1857개)
2026-03-17 13:58:48 [INFO]     HTML 크기: 402873 bytes
2026-03-17 13:58:48 [INFO]     OaLkxeV3 포함: True
2026-03-17 13:58:48 [INFO]     GOWcekJV4 포함: True
2026-03-17 13:58:48 [INFO]     카드 발견: 22개
2026-03-17 13:58:48 [INFO]     카드 파싱 성공: 19건
2026-03-17 13:58:48 [INFO]     2024.05 p1: +19건 (페이지 19건)
2026-03-17 13:58:50 [INFO]     HTML 크기: 338169 bytes
2026-03-17 13:58:50 [INFO]     OaLkxeV3 포함: True
2026-03-17 13:58:50 [INFO]     GOWcekJV4 포함: True
2026-03-17 13:58:50 [INFO]     카드 발견: 6개
2026-03-17 13:58:50 [INFO]     카드 파싱 성공: 6건
2026-03-17 13:58:50 [INFO]     2024.05 p2: +6건 (페이지 6건)
2026-03-17 13:58:52 [INFO]     HTML 크기: 377749 bytes
2026-03-17 13:58:52 [INFO]     OaLkxeV3 포함: True
2026-03-17 13:58:52 [INFO]     GOWcekJV4 포함: True
2026-03-17 13:58:52 [INFO]     카드 발견: 15개
2026-03-17 13:58:52 [INFO]     카드 파싱 성공: 15건
2026-03-17 13:58:52 [INFO]     2024.05 p3: +15건 (페이지 15건)
2026-03-17 13:58:54 [INFO]     HTML 크기: 384105 bytes
2026-03-17 13:58:54 [INFO]     OaLkxeV3 포함: True
2026-03-17 13:58:54 [INFO]     GOWcekJV4 포함: True
2026-03-17 13:58:54 [INFO]     카드 발견: 17개
2026-03-17 13:58:54 [INFO]     카드 파싱 성공: 17건
2026-03-17 13:58:54 [INFO]     2024.05 p4: +17건 (페이지 17건)
2026-03-17 13:58:56 [INFO]     HTML 크기: 338203 bytes
2026-03-17 13:58:56 [INFO]     OaLkxeV3 포함: True
2026-03-17 13:58:56 [INFO]     GOWcekJV4 포함: True
2026-03-17 13:58:56 [INFO]     카드 발견: 6개
2026-03-17 13:58:56 [INFO]     카드 파싱 성공: 5건
2026-03-17 13:58:56 [INFO]     2024.05 p5: +5건 (페이지 5건)
2026-03-17 13:58:58 [INFO]     HTML 크기: 312666 bytes
2026-03-17 13:58:58 [INFO]     OaLkxeV3 포함: False
2026-03-17 13:58:58 [INFO]     GOWcekJV4 포함: True
2026-03-17 13:58:58 [INFO]     카드 발견: 0개
2026-03-17 13:58:58 [INFO]     카드 파싱 0건 -> 링크 직접 수집 폴백
2026-03-17 13:58:58 [INFO]     CLS_NAVER_LINK 링크: 8개
2026-03-17 13:58:58 [INFO]     2024.05 p6: 0건 (연속 빈 1회)
2026-03-17 13:59:00 [INFO]     HTML 크기: 311276 bytes
2026-03-17 13:59:00 [INFO]     OaLkxeV3 포함: False
2026-03-17 13:59:00 [INFO]     GOWcekJV4 포함: True
2026-03-17 13:59:00 [INFO]     카드 발견: 0개
2026-03-17 13:59:00 [INFO]     카드 파싱 0건 -> 링크 직접 수집 폴백
2026-03-17 13:59:00 [INFO]     CLS_NAVER_LINK 링크: 9개
2026-03-17 13:59:00 [INFO]     2024.05 p7: 0건 (연속 빈 2회)
2026-03-17 13:59:01 [INFO]     HTML 크기: 311910 bytes
2026-03-17 13:59:01 [INFO]     OaLkxeV3 포함: False
2026-03-17 13:59:01 [INFO]     GOWcekJV4 포함: True
2026-03-17 13:59:01 [INFO]     카드 발견: 0개
2026-03-17 13:59:01 [INFO]     카드 파싱 0건 -> 링크 직접 수집 폴백
2026-03-17 13:59:01 [INFO]     CLS_NAVER_LINK 링크: 10개
2026-03-17 13:59:01 [INFO]     2024.05 p8: 0건 (연속 빈 3회)
2026-03-17 13:59:01 [INFO]   2024.05 완료: +62건 (누적 1919개)
2026-03-17 13:59:02 [INFO]     HTML 크기: 431174 bytes
2026-03-17 13:59:02 [INFO]     OaLkxeV3 포함: True
2026-03-17 13:59:02 [INFO]     GOWcekJV4 포함: True
2026-03-17 13:59:02 [INFO]     카드 발견: 28개
2026-03-17 13:59:02 [INFO]     카드 파싱 성공: 25건
2026-03-17 13:59:02 [INFO]     2024.06 p1: +25건 (페이지 25건)
2026-03-17 13:59:04 [INFO]     HTML 크기: 329375 bytes
2026-03-17 13:59:04 [INFO]     OaLkxeV3 포함: True
2026-03-17 13:59:04 [INFO]     GOWcekJV4 포함: True
2026-03-17 13:59:04 [INFO]     카드 발견: 4개
2026-03-17 13:59:04 [INFO]     카드 파싱 성공: 4건
2026-03-17 13:59:04 [INFO]     2024.06 p2: +1건 (페이지 4건)
2026-03-17 13:59:06 [INFO]     HTML 크기: 306668 bytes
2026-03-17 13:59:06 [INFO]     OaLkxeV3 포함: False
2026-03-17 13:59:06 [INFO]     GOWcekJV4 포함: True
2026-03-17 13:59:06 [INFO]     카드 발견: 0개
2026-03-17 13:59:06 [INFO]     카드 파싱 0건 -> 링크 직접 수집 폴백
2026-03-17 13:59:06 [INFO]     CLS_NAVER_LINK 링크: 4개
2026-03-17 13:59:06 [INFO]     2024.06 p3: 0건 (연속 빈 1회)
2026-03-17 13:59:07 [INFO]     HTML 크기: 308657 bytes
2026-03-17 13:59:07 [INFO]     OaLkxeV3 포함: False
2026-03-17 13:59:07 [INFO]     GOWcekJV4 포함: True
2026-03-17 13:59:07 [INFO]     카드 발견: 0개
2026-03-17 13:59:07 [INFO]     카드 파싱 0건 -> 링크 직접 수집 폴백
2026-03-17 13:59:07 [INFO]     CLS_NAVER_LINK 링크: 7개
2026-03-17 13:59:07 [INFO]     2024.06 p4: 0건 (연속 빈 2회)
2026-03-17 13:59:09 [INFO]     HTML 크기: 309923 bytes
2026-03-17 13:59:09 [INFO]     OaLkxeV3 포함: False
2026-03-17 13:59:09 [INFO]     GOWcekJV4 포함: True
2026-03-17 13:59:09 [INFO]     카드 발견: 0개
2026-03-17 13:59:09 [INFO]     카드 파싱 0건 -> 링크 직접 수집 폴백
2026-03-17 13:59:09 [INFO]     CLS_NAVER_LINK 링크: 7개
2026-03-17 13:59:09 [INFO]     2024.06 p5: 0건 (연속 빈 3회)
2026-03-17 13:59:09 [INFO]   2024.06 완료: +26건 (누적 1945개)
2026-03-17 13:59:10 [INFO]     HTML 크기: 412554 bytes
2026-03-17 13:59:10 [INFO]     OaLkxeV3 포함: True
2026-03-17 13:59:10 [INFO]     GOWcekJV4 포함: True
2026-03-17 13:59:10 [INFO]     카드 발견: 23개
2026-03-17 13:59:10 [INFO]     카드 파싱 성공: 23건
2026-03-17 13:59:10 [INFO]     2024.07 p1: +23건 (페이지 23건)
2026-03-17 13:59:12 [INFO]     HTML 크기: 365752 bytes
2026-03-17 13:59:12 [INFO]     OaLkxeV3 포함: True
2026-03-17 13:59:12 [INFO]     GOWcekJV4 포함: True
2026-03-17 13:59:12 [INFO]     카드 발견: 12개
2026-03-17 13:59:12 [INFO]     카드 파싱 성공: 12건
2026-03-17 13:59:12 [INFO]     2024.07 p2: +12건 (페이지 12건)
2026-03-17 13:59:14 [INFO]     HTML 크기: 367720 bytes
2026-03-17 13:59:14 [INFO]     OaLkxeV3 포함: True
2026-03-17 13:59:14 [INFO]     GOWcekJV4 포함: True
2026-03-17 13:59:14 [INFO]     카드 발견: 13개
2026-03-17 13:59:14 [INFO]     카드 파싱 성공: 13건
2026-03-17 13:59:14 [INFO]     2024.07 p3: +13건 (페이지 13건)
2026-03-17 13:59:16 [INFO]     HTML 크기: 328035 bytes
2026-03-17 13:59:16 [INFO]     OaLkxeV3 포함: True
2026-03-17 13:59:16 [INFO]     GOWcekJV4 포함: True
2026-03-17 13:59:16 [INFO]     카드 발견: 4개
2026-03-17 13:59:16 [INFO]     카드 파싱 성공: 4건
2026-03-17 13:59:16 [INFO]     2024.07 p4: +4건 (페이지 4건)
2026-03-17 13:59:17 [INFO]     HTML 크기: 317013 bytes
2026-03-17 13:59:17 [INFO]     OaLkxeV3 포함: True
2026-03-17 13:59:17 [INFO]     GOWcekJV4 포함: True
2026-03-17 13:59:17 [INFO]     카드 발견: 1개
2026-03-17 13:59:17 [INFO]     카드 파싱 성공: 1건
2026-03-17 13:59:17 [INFO]     2024.07 p5: +1건 (페이지 1건)
2026-03-17 13:59:19 [INFO]     HTML 크기: 317410 bytes
2026-03-17 13:59:19 [INFO]     OaLkxeV3 포함: True
2026-03-17 13:59:19 [INFO]     GOWcekJV4 포함: True
2026-03-17 13:59:19 [INFO]     카드 발견: 2개
2026-03-17 13:59:19 [INFO]     카드 파싱 성공: 2건
2026-03-17 13:59:19 [INFO]     2024.07 p6: +2건 (페이지 2건)
2026-03-17 13:59:21 [INFO]     HTML 크기: 307234 bytes
2026-03-17 13:59:21 [INFO]     OaLkxeV3 포함: False
2026-03-17 13:59:21 [INFO]     GOWcekJV4 포함: True
2026-03-17 13:59:21 [INFO]     카드 발견: 0개
2026-03-17 13:59:21 [INFO]     카드 파싱 0건 -> 링크 직접 수집 폴백
2026-03-17 13:59:21 [INFO]     CLS_NAVER_LINK 링크: 4개
2026-03-17 13:59:21 [INFO]     2024.07 p7: 0건 (연속 빈 1회)
2026-03-17 13:59:24 [INFO]     HTML 크기: 308916 bytes
2026-03-17 13:59:24 [INFO]     OaLkxeV3 포함: False
2026-03-17 13:59:24 [INFO]     GOWcekJV4 포함: True
2026-03-17 13:59:24 [INFO]     카드 발견: 0개
2026-03-17 13:59:24 [INFO]     카드 파싱 0건 -> 링크 직접 수집 폴백
2026-03-17 13:59:24 [INFO]     CLS_NAVER_LINK 링크: 6개
2026-03-17 13:59:24 [INFO]     2024.07 p8: 0건 (연속 빈 2회)
2026-03-17 13:59:26 [INFO]     HTML 크기: 304636 bytes
2026-03-17 13:59:26 [INFO]     OaLkxeV3 포함: False
2026-03-17 13:59:26 [INFO]     GOWcekJV4 포함: True
2026-03-17 13:59:26 [INFO]     카드 발견: 0개
2026-03-17 13:59:26 [INFO]     카드 파싱 0건 -> 링크 직접 수집 폴백
2026-03-17 13:59:26 [INFO]     CLS_NAVER_LINK 링크: 2개
2026-03-17 13:59:26 [INFO]     2024.07 p9: 0건 (연속 빈 3회)
2026-03-17 13:59:26 [INFO]   2024.07 완료: +55건 (누적 2000개)
2026-03-17 13:59:26 [INFO]     HTML 크기: 422008 bytes
2026-03-17 13:59:26 [INFO]     OaLkxeV3 포함: True
2026-03-17 13:59:26 [INFO]     GOWcekJV4 포함: True
2026-03-17 13:59:26 [INFO]     카드 발견: 27개
2026-03-17 13:59:26 [INFO]     카드 파싱 성공: 19건
2026-03-17 13:59:26 [INFO]     2024.08 p1: +19건 (페이지 19건)
2026-03-17 13:59:28 [INFO]     HTML 크기: 345453 bytes
2026-03-17 13:59:28 [INFO]     OaLkxeV3 포함: True
2026-03-17 13:59:28 [INFO]     GOWcekJV4 포함: True
2026-03-17 13:59:28 [INFO]     카드 발견: 8개
2026-03-17 13:59:28 [INFO]     카드 파싱 성공: 7건
2026-03-17 13:59:28 [INFO]     2024.08 p2: +5건 (페이지 7건)
2026-03-17 13:59:30 [INFO]     HTML 크기: 347367 bytes
2026-03-17 13:59:30 [INFO]     OaLkxeV3 포함: True
2026-03-17 13:59:30 [INFO]     GOWcekJV4 포함: True
2026-03-17 13:59:30 [INFO]     카드 발견: 9개
2026-03-17 13:59:30 [INFO]     카드 파싱 성공: 7건
2026-03-17 13:59:30 [INFO]     2024.08 p3: +7건 (페이지 7건)
2026-03-17 13:59:32 [INFO]     HTML 크기: 316664 bytes
2026-03-17 13:59:32 [INFO]     OaLkxeV3 포함: True
2026-03-17 13:59:32 [INFO]     GOWcekJV4 포함: True
2026-03-17 13:59:32 [INFO]     카드 발견: 1개
2026-03-17 13:59:32 [INFO]     카드 파싱 성공: 1건
2026-03-17 13:59:32 [INFO]     2024.08 p4: +1건 (페이지 1건)
2026-03-17 13:59:33 [INFO]     HTML 크기: 318295 bytes
2026-03-17 13:59:33 [INFO]     OaLkxeV3 포함: True
2026-03-17 13:59:33 [INFO]     GOWcekJV4 포함: True
2026-03-17 13:59:33 [INFO]     카드 발견: 2개
2026-03-17 13:59:33 [INFO]     카드 파싱 성공: 2건
2026-03-17 13:59:33 [INFO]     2024.08 p5: +2건 (페이지 2건)
2026-03-17 13:59:35 [INFO]     HTML 크기: 307670 bytes
2026-03-17 13:59:35 [INFO]     OaLkxeV3 포함: False
2026-03-17 13:59:35 [INFO]     GOWcekJV4 포함: True
2026-03-17 13:59:35 [INFO]     카드 발견: 0개
2026-03-17 13:59:35 [INFO]     카드 파싱 0건 -> 링크 직접 수집 폴백
2026-03-17 13:59:35 [INFO]     CLS_NAVER_LINK 링크: 3개
2026-03-17 13:59:35 [INFO]     2024.08 p6: 0건 (연속 빈 1회)
2026-03-17 13:59:37 [INFO]     HTML 크기: 309552 bytes
2026-03-17 13:59:37 [INFO]     OaLkxeV3 포함: False
2026-03-17 13:59:37 [INFO]     GOWcekJV4 포함: True
2026-03-17 13:59:37 [INFO]     카드 발견: 0개
2026-03-17 13:59:37 [INFO]     카드 파싱 0건 -> 링크 직접 수집 폴백
2026-03-17 13:59:37 [INFO]     CLS_NAVER_LINK 링크: 6개
2026-03-17 13:59:37 [INFO]     2024.08 p7: 0건 (연속 빈 2회)
2026-03-17 13:59:39 [INFO]     HTML 크기: 308464 bytes
2026-03-17 13:59:39 [INFO]     OaLkxeV3 포함: False
2026-03-17 13:59:39 [INFO]     GOWcekJV4 포함: True
2026-03-17 13:59:39 [INFO]     카드 발견: 0개
2026-03-17 13:59:39 [INFO]     카드 파싱 0건 -> 링크 직접 수집 폴백
2026-03-17 13:59:39 [INFO]     CLS_NAVER_LINK 링크: 5개
2026-03-17 13:59:39 [INFO]     2024.08 p8: 0건 (연속 빈 3회)
2026-03-17 13:59:39 [INFO]   2024.08 완료: +34건 (누적 2034개)
2026-03-17 13:59:40 [INFO]     HTML 크기: 398474 bytes
2026-03-17 13:59:40 [INFO]     OaLkxeV3 포함: True
2026-03-17 13:59:40 [INFO]     GOWcekJV4 포함: True
2026-03-17 13:59:40 [INFO]     카드 발견: 21개
2026-03-17 13:59:40 [INFO]     카드 파싱 성공: 15건
2026-03-17 13:59:40 [INFO]     2024.09 p1: +15건 (페이지 15건)
2026-03-17 13:59:42 [INFO]     HTML 크기: 329491 bytes
2026-03-17 13:59:42 [INFO]     OaLkxeV3 포함: True
2026-03-17 13:59:42 [INFO]     GOWcekJV4 포함: True
2026-03-17 13:59:42 [INFO]     카드 발견: 5개
2026-03-17 13:59:42 [INFO]     카드 파싱 성공: 1건
2026-03-17 13:59:42 [INFO]     2024.09 p2: +0건 (페이지 1건)
2026-03-17 13:59:43 [INFO]   2024.09 완료: +15건 (누적 2049개)
2026-03-17 13:59:44 [INFO]     HTML 크기: 397214 bytes
2026-03-17 13:59:44 [INFO]     OaLkxeV3 포함: True
2026-03-17 13:59:44 [INFO]     GOWcekJV4 포함: True
2026-03-17 13:59:44 [INFO]     카드 발견: 20개
2026-03-17 13:59:44 [INFO]     카드 파싱 성공: 20건
2026-03-17 13:59:44 [INFO]     2024.10 p1: +20건 (페이지 20건)
2026-03-17 13:59:46 [INFO]     HTML 크기: 411547 bytes
2026-03-17 13:59:46 [INFO]     OaLkxeV3 포함: True
2026-03-17 13:59:46 [INFO]     GOWcekJV4 포함: True
2026-03-17 13:59:46 [INFO]     카드 발견: 23개
2026-03-17 13:59:46 [INFO]     카드 파싱 성공: 23건
2026-03-17 13:59:46 [INFO]     2024.10 p2: +20건 (페이지 23건)
2026-03-17 13:59:48 [INFO]     HTML 크기: 364474 bytes
2026-03-17 13:59:48 [INFO]     OaLkxeV3 포함: True
2026-03-17 13:59:48 [INFO]     GOWcekJV4 포함: True
2026-03-17 13:59:48 [INFO]     카드 발견: 12개
2026-03-17 13:59:48 [INFO]     카드 파싱 성공: 12건
2026-03-17 13:59:48 [INFO]     2024.10 p3: +12건 (페이지 12건)
2026-03-17 13:59:49 [INFO]     HTML 크기: 366352 bytes
2026-03-17 13:59:49 [INFO]     OaLkxeV3 포함: True
2026-03-17 13:59:49 [INFO]     GOWcekJV4 포함: True
2026-03-17 13:59:49 [INFO]     카드 발견: 13개
2026-03-17 13:59:49 [INFO]     카드 파싱 성공: 10건
2026-03-17 13:59:49 [INFO]     2024.10 p4: +10건 (페이지 10건)
2026-03-17 13:59:51 [INFO]     HTML 크기: 346650 bytes
2026-03-17 13:59:51 [INFO]     OaLkxeV3 포함: True
2026-03-17 13:59:51 [INFO]     GOWcekJV4 포함: True
2026-03-17 13:59:51 [INFO]     카드 발견: 8개
2026-03-17 13:59:51 [INFO]     카드 파싱 성공: 8건
2026-03-17 13:59:51 [INFO]     2024.10 p5: +8건 (페이지 8건)
2026-03-17 13:59:53 [INFO]     HTML 크기: 326213 bytes
2026-03-17 13:59:53 [INFO]     OaLkxeV3 포함: True
2026-03-17 13:59:53 [INFO]     GOWcekJV4 포함: True
2026-03-17 13:59:53 [INFO]     카드 발견: 4개
2026-03-17 13:59:53 [INFO]     카드 파싱 성공: 2건
2026-03-17 13:59:53 [INFO]     2024.10 p6: +2건 (페이지 2건)
2026-03-17 13:59:55 [INFO]     HTML 크기: 315094 bytes
2026-03-17 13:59:55 [INFO]     OaLkxeV3 포함: True
2026-03-17 13:59:55 [INFO]     GOWcekJV4 포함: True
2026-03-17 13:59:55 [INFO]     카드 발견: 1개
2026-03-17 13:59:55 [INFO]     카드 파싱 성공: 1건
2026-03-17 13:59:55 [INFO]     2024.10 p7: +1건 (페이지 1건)
2026-03-17 13:59:57 [INFO]     HTML 크기: 306572 bytes
2026-03-17 13:59:57 [INFO]     OaLkxeV3 포함: False
2026-03-17 13:59:57 [INFO]     GOWcekJV4 포함: True
2026-03-17 13:59:57 [INFO]     카드 발견: 0개
2026-03-17 13:59:57 [INFO]     카드 파싱 0건 -> 링크 직접 수집 폴백
2026-03-17 13:59:57 [INFO]     CLS_NAVER_LINK 링크: 3개
2026-03-17 13:59:57 [INFO]     2024.10 p8: 0건 (연속 빈 1회)
2026-03-17 13:59:59 [INFO]     HTML 크기: 304653 bytes
2026-03-17 13:59:59 [INFO]     OaLkxeV3 포함: False
2026-03-17 13:59:59 [INFO]     GOWcekJV4 포함: True
2026-03-17 13:59:59 [INFO]     카드 발견: 0개
2026-03-17 13:59:59 [INFO]     카드 파싱 0건 -> 링크 직접 수집 폴백
2026-03-17 13:59:59 [INFO]     CLS_NAVER_LINK 링크: 3개
2026-03-17 13:59:59 [INFO]     2024.10 p9: 0건 (연속 빈 2회)
2026-03-17 14:00:01 [INFO]     HTML 크기: 311557 bytes
2026-03-17 14:00:01 [INFO]     OaLkxeV3 포함: False
2026-03-17 14:00:01 [INFO]     GOWcekJV4 포함: True
2026-03-17 14:00:01 [INFO]     카드 발견: 0개
2026-03-17 14:00:01 [INFO]     카드 파싱 0건 -> 링크 직접 수집 폴백
2026-03-17 14:00:01 [INFO]     CLS_NAVER_LINK 링크: 7개
2026-03-17 14:00:01 [INFO]     2024.10 p10: 0건 (연속 빈 3회)
2026-03-17 14:00:01 [INFO]   2024.10 완료: +73건 (누적 2122개)
2026-03-17 14:00:01 [INFO]     HTML 크기: 436019 bytes
2026-03-17 14:00:01 [INFO]     OaLkxeV3 포함: True
2026-03-17 14:00:01 [INFO]     GOWcekJV4 포함: True
2026-03-17 14:00:01 [INFO]     카드 발견: 29개
2026-03-17 14:00:01 [INFO]     카드 파싱 성공: 27건
2026-03-17 14:00:01 [INFO]     2024.11 p1: +27건 (페이지 27건)
2026-03-17 14:00:03 [INFO]     HTML 크기: 343197 bytes
2026-03-17 14:00:03 [INFO]     OaLkxeV3 포함: True
2026-03-17 14:00:03 [INFO]     GOWcekJV4 포함: True
2026-03-17 14:00:03 [INFO]     카드 발견: 8개
2026-03-17 14:00:03 [INFO]     카드 파싱 성공: 6건
2026-03-17 14:00:03 [INFO]     2024.11 p2: +6건 (페이지 6건)
2026-03-17 14:00:05 [INFO]     HTML 크기: 329150 bytes
2026-03-17 14:00:05 [INFO]     OaLkxeV3 포함: True
2026-03-17 14:00:05 [INFO]     GOWcekJV4 포함: True
2026-03-17 14:00:05 [INFO]     카드 발견: 4개
2026-03-17 14:00:05 [INFO]     카드 파싱 성공: 4건
2026-03-17 14:00:05 [INFO]     2024.11 p3: +4건 (페이지 4건)
2026-03-17 14:00:07 [INFO]     HTML 크기: 327756 bytes
2026-03-17 14:00:07 [INFO]     OaLkxeV3 포함: True
2026-03-17 14:00:07 [INFO]     GOWcekJV4 포함: True
2026-03-17 14:00:07 [INFO]     카드 발견: 4개
2026-03-17 14:00:07 [INFO]     카드 파싱 성공: 4건
2026-03-17 14:00:07 [INFO]     2024.11 p4: +4건 (페이지 4건)
2026-03-17 14:00:09 [INFO]     HTML 크기: 338609 bytes
2026-03-17 14:00:09 [INFO]     OaLkxeV3 포함: True
2026-03-17 14:00:09 [INFO]     GOWcekJV4 포함: True
2026-03-17 14:00:09 [INFO]     카드 발견: 6개
2026-03-17 14:00:09 [INFO]     카드 파싱 성공: 6건
2026-03-17 14:00:09 [INFO]     2024.11 p5: +6건 (페이지 6건)
2026-03-17 14:00:11 [INFO]     HTML 크기: 308649 bytes
2026-03-17 14:00:11 [INFO]     OaLkxeV3 포함: False
2026-03-17 14:00:11 [INFO]     GOWcekJV4 포함: True
2026-03-17 14:00:11 [INFO]     카드 발견: 0개
2026-03-17 14:00:11 [INFO]     카드 파싱 0건 -> 링크 직접 수집 폴백
2026-03-17 14:00:11 [INFO]     CLS_NAVER_LINK 링크: 8개
2026-03-17 14:00:11 [INFO]     2024.11 p6: 0건 (연속 빈 1회)
2026-03-17 14:00:13 [INFO]     HTML 크기: 307639 bytes
2026-03-17 14:00:13 [INFO]     OaLkxeV3 포함: False
2026-03-17 14:00:13 [INFO]     GOWcekJV4 포함: True
2026-03-17 14:00:13 [INFO]     카드 발견: 0개
2026-03-17 14:00:13 [INFO]     카드 파싱 0건 -> 링크 직접 수집 폴백
2026-03-17 14:00:13 [INFO]     CLS_NAVER_LINK 링크: 5개
2026-03-17 14:00:13 [INFO]     2024.11 p7: 0건 (연속 빈 2회)
2026-03-17 14:00:15 [INFO]     HTML 크기: 308634 bytes
2026-03-17 14:00:15 [INFO]     OaLkxeV3 포함: False
2026-03-17 14:00:15 [INFO]     GOWcekJV4 포함: True
2026-03-17 14:00:15 [INFO]     카드 발견: 0개
2026-03-17 14:00:15 [INFO]     카드 파싱 0건 -> 링크 직접 수집 폴백
2026-03-17 14:00:15 [INFO]     CLS_NAVER_LINK 링크: 5개
2026-03-17 14:00:15 [INFO]     2024.11 p8: 0건 (연속 빈 3회)
2026-03-17 14:00:15 [INFO]   2024.11 완료: +47건 (누적 2169개)
2026-03-17 14:00:15 [INFO]     HTML 크기: 407655 bytes
2026-03-17 14:00:15 [INFO]     OaLkxeV3 포함: True
2026-03-17 14:00:15 [INFO]     GOWcekJV4 포함: True
2026-03-17 14:00:15 [INFO]     카드 발견: 22개
2026-03-17 14:00:15 [INFO]     카드 파싱 성공: 21건
2026-03-17 14:00:15 [INFO]     2024.12 p1: +21건 (페이지 21건)
2026-03-17 14:00:17 [INFO]     HTML 크기: 342333 bytes
2026-03-17 14:00:17 [INFO]     OaLkxeV3 포함: True
2026-03-17 14:00:17 [INFO]     GOWcekJV4 포함: True
2026-03-17 14:00:17 [INFO]     카드 발견: 8개
2026-03-17 14:00:17 [INFO]     카드 파싱 성공: 5건
2026-03-17 14:00:17 [INFO]     2024.12 p2: +5건 (페이지 5건)
2026-03-17 14:00:19 [INFO]     HTML 크기: 306025 bytes
2026-03-17 14:00:19 [INFO]     OaLkxeV3 포함: False
2026-03-17 14:00:19 [INFO]     GOWcekJV4 포함: True
2026-03-17 14:00:19 [INFO]     카드 발견: 0개
2026-03-17 14:00:19 [INFO]     카드 파싱 0건 -> 링크 직접 수집 폴백
2026-03-17 14:00:19 [INFO]     CLS_NAVER_LINK 링크: 2개
2026-03-17 14:00:19 [INFO]     2024.12 p3: 0건 (연속 빈 1회)
2026-03-17 14:00:20 [INFO]     HTML 크기: 307509 bytes
2026-03-17 14:00:20 [INFO]     OaLkxeV3 포함: False
2026-03-17 14:00:20 [INFO]     GOWcekJV4 포함: True
2026-03-17 14:00:20 [INFO]     카드 발견: 0개
2026-03-17 14:00:20 [INFO]     카드 파싱 0건 -> 링크 직접 수집 폴백
2026-03-17 14:00:20 [INFO]     CLS_NAVER_LINK 링크: 4개
2026-03-17 14:00:20 [INFO]     2024.12 p4: 0건 (연속 빈 2회)
2026-03-17 14:00:22 [INFO]     HTML 크기: 305683 bytes
2026-03-17 14:00:22 [INFO]     OaLkxeV3 포함: False
2026-03-17 14:00:22 [INFO]     GOWcekJV4 포함: True
2026-03-17 14:00:22 [INFO]     카드 발견: 0개
2026-03-17 14:00:22 [INFO]     카드 파싱 0건 -> 링크 직접 수집 폴백
2026-03-17 14:00:22 [INFO]     CLS_NAVER_LINK 링크: 2개
2026-03-17 14:00:22 [INFO]     2024.12 p5: 0건 (연속 빈 3회)
2026-03-17 14:00:22 [INFO]   2024.12 완료: +26건 (누적 2195개)
2026-03-17 14:00:23 [INFO]     HTML 크기: 439725 bytes
2026-03-17 14:00:23 [INFO]     OaLkxeV3 포함: True
2026-03-17 14:00:23 [INFO]     GOWcekJV4 포함: True
2026-03-17 14:00:23 [INFO]     카드 발견: 30개
2026-03-17 14:00:23 [INFO]     카드 파싱 성공: 30건
2026-03-17 14:00:23 [INFO]     2025.01 p1: +30건 (페이지 30건)
2026-03-17 14:00:25 [INFO]     HTML 크기: 397674 bytes
2026-03-17 14:00:25 [INFO]     OaLkxeV3 포함: True
2026-03-17 14:00:25 [INFO]     GOWcekJV4 포함: True
2026-03-17 14:00:25 [INFO]     카드 발견: 20개
2026-03-17 14:00:25 [INFO]     카드 파싱 성공: 20건
2026-03-17 14:00:25 [INFO]     2025.01 p2: +17건 (페이지 20건)
2026-03-17 14:00:27 [INFO]     HTML 크기: 359065 bytes
2026-03-17 14:00:27 [INFO]     OaLkxeV3 포함: True
2026-03-17 14:00:27 [INFO]     GOWcekJV4 포함: True
2026-03-17 14:00:27 [INFO]     카드 발견: 11개
2026-03-17 14:00:27 [INFO]     카드 파싱 성공: 11건
2026-03-17 14:00:27 [INFO]     2025.01 p3: +11건 (페이지 11건)
2026-03-17 14:00:29 [INFO]     HTML 크기: 335104 bytes
2026-03-17 14:00:29 [INFO]     OaLkxeV3 포함: True
2026-03-17 14:00:29 [INFO]     GOWcekJV4 포함: True
2026-03-17 14:00:29 [INFO]     카드 발견: 6개
2026-03-17 14:00:29 [INFO]     카드 파싱 성공: 5건
2026-03-17 14:00:29 [INFO]     2025.01 p4: +5건 (페이지 5건)
2026-03-17 14:00:30 [INFO]     HTML 크기: 309306 bytes
2026-03-17 14:00:30 [INFO]     OaLkxeV3 포함: False
2026-03-17 14:00:30 [INFO]     GOWcekJV4 포함: True
2026-03-17 14:00:30 [INFO]     카드 발견: 0개
2026-03-17 14:00:30 [INFO]     카드 파싱 0건 -> 링크 직접 수집 폴백
2026-03-17 14:00:30 [INFO]     CLS_NAVER_LINK 링크: 5개
2026-03-17 14:00:31 [INFO]     2025.01 p5: 0건 (연속 빈 1회)
2026-03-17 14:00:33 [INFO]     HTML 크기: 310601 bytes
2026-03-17 14:00:33 [INFO]     OaLkxeV3 포함: False
2026-03-17 14:00:33 [INFO]     GOWcekJV4 포함: True
2026-03-17 14:00:33 [INFO]     카드 발견: 0개
2026-03-17 14:00:33 [INFO]     카드 파싱 0건 -> 링크 직접 수집 폴백
2026-03-17 14:00:33 [INFO]     CLS_NAVER_LINK 링크: 7개
2026-03-17 14:00:33 [INFO]     2025.01 p6: 0건 (연속 빈 2회)
2026-03-17 14:00:34 [INFO]     HTML 크기: 307351 bytes
2026-03-17 14:00:34 [INFO]     OaLkxeV3 포함: False
2026-03-17 14:00:34 [INFO]     GOWcekJV4 포함: True
2026-03-17 14:00:34 [INFO]     카드 발견: 0개
2026-03-17 14:00:34 [INFO]     카드 파싱 0건 -> 링크 직접 수집 폴백
2026-03-17 14:00:34 [INFO]     CLS_NAVER_LINK 링크: 4개
2026-03-17 14:00:34 [INFO]     2025.01 p7: 0건 (연속 빈 3회)
2026-03-17 14:00:34 [INFO]   2025.01 완료: +63건 (누적 2258개)
2026-03-17 14:00:35 [INFO]     HTML 크기: 376533 bytes
2026-03-17 14:00:35 [INFO]     OaLkxeV3 포함: True
2026-03-17 14:00:35 [INFO]     GOWcekJV4 포함: True
2026-03-17 14:00:35 [INFO]     카드 발견: 15개
2026-03-17 14:00:35 [INFO]     카드 파싱 성공: 13건
2026-03-17 14:00:35 [INFO]     2025.02 p1: +13건 (페이지 13건)
2026-03-17 14:00:37 [INFO]     HTML 크기: 344555 bytes
2026-03-17 14:00:37 [INFO]     OaLkxeV3 포함: True
2026-03-17 14:00:37 [INFO]     GOWcekJV4 포함: True
2026-03-17 14:00:37 [INFO]     카드 발견: 8개
2026-03-17 14:00:37 [INFO]     카드 파싱 성공: 5건
2026-03-17 14:00:37 [INFO]     2025.02 p2: +5건 (페이지 5건)
2026-03-17 14:00:39 [INFO]     HTML 크기: 363459 bytes
2026-03-17 14:00:39 [INFO]     OaLkxeV3 포함: True
2026-03-17 14:00:39 [INFO]     GOWcekJV4 포함: True
2026-03-17 14:00:39 [INFO]     카드 발견: 13개
2026-03-17 14:00:39 [INFO]     카드 파싱 성공: 12건
2026-03-17 14:00:39 [INFO]     2025.02 p3: +12건 (페이지 12건)
2026-03-17 14:00:40 [INFO]     HTML 크기: 323937 bytes
2026-03-17 14:00:40 [INFO]     OaLkxeV3 포함: True
2026-03-17 14:00:40 [INFO]     GOWcekJV4 포함: True
2026-03-17 14:00:40 [INFO]     카드 발견: 3개
2026-03-17 14:00:40 [INFO]     카드 파싱 성공: 3건
2026-03-17 14:00:40 [INFO]     2025.02 p4: +3건 (페이지 3건)
2026-03-17 14:00:42 [INFO]     HTML 크기: 306439 bytes
2026-03-17 14:00:42 [INFO]     OaLkxeV3 포함: False
2026-03-17 14:00:42 [INFO]     GOWcekJV4 포함: True
2026-03-17 14:00:42 [INFO]     카드 발견: 0개
2026-03-17 14:00:42 [INFO]     카드 파싱 0건 -> 링크 직접 수집 폴백
2026-03-17 14:00:42 [INFO]     CLS_NAVER_LINK 링크: 2개
2026-03-17 14:00:42 [INFO]     2025.02 p5: 0건 (연속 빈 1회)
2026-03-17 14:00:44 [INFO]     HTML 크기: 308075 bytes
2026-03-17 14:00:44 [INFO]     OaLkxeV3 포함: False
2026-03-17 14:00:44 [INFO]     GOWcekJV4 포함: True
2026-03-17 14:00:44 [INFO]     카드 발견: 0개
2026-03-17 14:00:44 [INFO]     카드 파싱 0건 -> 링크 직접 수집 폴백
2026-03-17 14:00:44 [INFO]     CLS_NAVER_LINK 링크: 5개
2026-03-17 14:00:44 [INFO]     2025.02 p6: 0건 (연속 빈 2회)
2026-03-17 14:00:46 [INFO]     HTML 크기: 307601 bytes
2026-03-17 14:00:46 [INFO]     OaLkxeV3 포함: False
2026-03-17 14:00:46 [INFO]     GOWcekJV4 포함: True
2026-03-17 14:00:46 [INFO]     카드 발견: 0개
2026-03-17 14:00:46 [INFO]     카드 파싱 0건 -> 링크 직접 수집 폴백
2026-03-17 14:00:46 [INFO]     CLS_NAVER_LINK 링크: 3개
2026-03-17 14:00:46 [INFO]     2025.02 p7: 0건 (연속 빈 3회)
2026-03-17 14:00:46 [INFO]   2025.02 완료: +33건 (누적 2291개)
2026-03-17 14:00:47 [INFO]     HTML 크기: 364507 bytes
2026-03-17 14:00:47 [INFO]     OaLkxeV3 포함: True
2026-03-17 14:00:47 [INFO]     GOWcekJV4 포함: True
2026-03-17 14:00:47 [INFO]     카드 발견: 12개
2026-03-17 14:00:47 [INFO]     카드 파싱 성공: 12건
2026-03-17 14:00:47 [INFO]     2025.03 p1: +12건 (페이지 12건)
2026-03-17 14:00:49 [INFO]     HTML 크기: 352504 bytes
2026-03-17 14:00:49 [INFO]     OaLkxeV3 포함: True
2026-03-17 14:00:49 [INFO]     GOWcekJV4 포함: True
2026-03-17 14:00:49 [INFO]     카드 발견: 10개
2026-03-17 14:00:49 [INFO]     카드 파싱 성공: 8건
2026-03-17 14:00:49 [INFO]     2025.03 p2: +8건 (페이지 8건)
2026-03-17 14:00:51 [INFO]     HTML 크기: 318011 bytes
2026-03-17 14:00:51 [INFO]     OaLkxeV3 포함: True
2026-03-17 14:00:51 [INFO]     GOWcekJV4 포함: True
2026-03-17 14:00:51 [INFO]     카드 발견: 1개
2026-03-17 14:00:51 [INFO]     카드 파싱 성공: 1건
2026-03-17 14:00:51 [INFO]     2025.03 p3: +1건 (페이지 1건)
2026-03-17 14:00:53 [INFO]     HTML 크기: 307084 bytes
2026-03-17 14:00:53 [INFO]     OaLkxeV3 포함: False
2026-03-17 14:00:53 [INFO]     GOWcekJV4 포함: True
2026-03-17 14:00:53 [INFO]     카드 발견: 0개
2026-03-17 14:00:53 [INFO]     카드 파싱 0건 -> 링크 직접 수집 폴백
2026-03-17 14:00:53 [INFO]     CLS_NAVER_LINK 링크: 5개
2026-03-17 14:00:53 [INFO]     2025.03 p4: 0건 (연속 빈 1회)
2026-03-17 14:00:55 [INFO]     HTML 크기: 307047 bytes
2026-03-17 14:00:55 [INFO]     OaLkxeV3 포함: False
2026-03-17 14:00:55 [INFO]     GOWcekJV4 포함: True
2026-03-17 14:00:55 [INFO]     카드 발견: 0개
2026-03-17 14:00:55 [INFO]     카드 파싱 0건 -> 링크 직접 수집 폴백
2026-03-17 14:00:55 [INFO]     CLS_NAVER_LINK 링크: 7개
2026-03-17 14:00:55 [INFO]     2025.03 p5: 0건 (연속 빈 2회)
2026-03-17 14:00:57 [INFO]     HTML 크기: 304361 bytes
2026-03-17 14:00:57 [INFO]     OaLkxeV3 포함: False
2026-03-17 14:00:57 [INFO]     GOWcekJV4 포함: True
2026-03-17 14:00:57 [INFO]     카드 발견: 0개
2026-03-17 14:00:57 [INFO]     카드 파싱 0건 -> 링크 직접 수집 폴백
2026-03-17 14:00:57 [INFO]     CLS_NAVER_LINK 링크: 1개
2026-03-17 14:00:57 [INFO]     2025.03 p6: 0건 (연속 빈 3회)
2026-03-17 14:00:57 [INFO]   2025.03 완료: +21건 (누적 2312개)
2026-03-17 14:00:57 [INFO]     HTML 크기: 401132 bytes
2026-03-17 14:00:57 [INFO]     OaLkxeV3 포함: True
2026-03-17 14:00:57 [INFO]     GOWcekJV4 포함: True
2026-03-17 14:00:57 [INFO]     카드 발견: 21개
2026-03-17 14:00:57 [INFO]     카드 파싱 성공: 21건
2026-03-17 14:00:57 [INFO]     2025.04 p1: +21건 (페이지 21건)
2026-03-17 14:00:59 [INFO]     HTML 크기: 372788 bytes
2026-03-17 14:00:59 [INFO]     OaLkxeV3 포함: True
2026-03-17 14:00:59 [INFO]     GOWcekJV4 포함: True
2026-03-17 14:00:59 [INFO]     카드 발견: 14개
2026-03-17 14:00:59 [INFO]     카드 파싱 성공: 14건
2026-03-17 14:00:59 [INFO]     2025.04 p2: +14건 (페이지 14건)
2026-03-17 14:01:02 [INFO]     HTML 크기: 357462 bytes
2026-03-17 14:01:02 [INFO]     OaLkxeV3 포함: True
2026-03-17 14:01:02 [INFO]     GOWcekJV4 포함: True
2026-03-17 14:01:02 [INFO]     카드 발견: 11개
2026-03-17 14:01:02 [INFO]     카드 파싱 성공: 9건
2026-03-17 14:01:02 [INFO]     2025.04 p3: +9건 (페이지 9건)
2026-03-17 14:01:03 [INFO]     HTML 크기: 324801 bytes
2026-03-17 14:01:03 [INFO]     OaLkxeV3 포함: True
2026-03-17 14:01:03 [INFO]     GOWcekJV4 포함: True
2026-03-17 14:01:03 [INFO]     카드 발견: 3개
2026-03-17 14:01:03 [INFO]     카드 파싱 성공: 3건
2026-03-17 14:01:03 [INFO]     2025.04 p4: +3건 (페이지 3건)
2026-03-17 14:01:05 [INFO]     HTML 크기: 309840 bytes
2026-03-17 14:01:05 [INFO]     OaLkxeV3 포함: False
2026-03-17 14:01:05 [INFO]     GOWcekJV4 포함: True
2026-03-17 14:01:05 [INFO]     카드 발견: 0개
2026-03-17 14:01:05 [INFO]     카드 파싱 0건 -> 링크 직접 수집 폴백
2026-03-17 14:01:05 [INFO]     CLS_NAVER_LINK 링크: 8개
2026-03-17 14:01:05 [INFO]     2025.04 p5: 0건 (연속 빈 1회)
2026-03-17 14:01:07 [INFO]     HTML 크기: 306260 bytes
2026-03-17 14:01:07 [INFO]     OaLkxeV3 포함: False
2026-03-17 14:01:07 [INFO]     GOWcekJV4 포함: True
2026-03-17 14:01:07 [INFO]     카드 발견: 0개
2026-03-17 14:01:07 [INFO]     카드 파싱 0건 -> 링크 직접 수집 폴백
2026-03-17 14:01:07 [INFO]     CLS_NAVER_LINK 링크: 3개
2026-03-17 14:01:07 [INFO]     2025.04 p6: 0건 (연속 빈 2회)
2026-03-17 14:01:09 [INFO]     HTML 크기: 309255 bytes
2026-03-17 14:01:09 [INFO]     OaLkxeV3 포함: False
2026-03-17 14:01:09 [INFO]     GOWcekJV4 포함: True
2026-03-17 14:01:09 [INFO]     카드 발견: 0개
2026-03-17 14:01:09 [INFO]     카드 파싱 0건 -> 링크 직접 수집 폴백
2026-03-17 14:01:09 [INFO]     CLS_NAVER_LINK 링크: 6개
2026-03-17 14:01:09 [INFO]     2025.04 p7: 0건 (연속 빈 3회)
2026-03-17 14:01:09 [INFO]   2025.04 완료: +47건 (누적 2359개)
2026-03-17 14:01:09 [INFO]     HTML 크기: 337750 bytes
2026-03-17 14:01:09 [INFO]     OaLkxeV3 포함: True
2026-03-17 14:01:09 [INFO]     GOWcekJV4 포함: True
2026-03-17 14:01:09 [INFO]     카드 발견: 7개
2026-03-17 14:01:09 [INFO]     카드 파싱 성공: 3건
2026-03-17 14:01:09 [INFO]     2025.05 p1: +3건 (페이지 3건)
2026-03-17 14:01:11 [INFO]     HTML 크기: 356503 bytes
2026-03-17 14:01:11 [INFO]     OaLkxeV3 포함: True
2026-03-17 14:01:11 [INFO]     GOWcekJV4 포함: True
2026-03-17 14:01:11 [INFO]     카드 발견: 11개
2026-03-17 14:01:11 [INFO]     카드 파싱 성공: 10건
2026-03-17 14:01:11 [INFO]     2025.05 p2: +10건 (페이지 10건)
2026-03-17 14:01:13 [INFO]     HTML 크기: 374094 bytes
2026-03-17 14:01:13 [INFO]     OaLkxeV3 포함: True
2026-03-17 14:01:13 [INFO]     GOWcekJV4 포함: True
2026-03-17 14:01:13 [INFO]     카드 발견: 15개
2026-03-17 14:01:13 [INFO]     카드 파싱 성공: 12건
2026-03-17 14:01:13 [INFO]     2025.05 p3: +12건 (페이지 12건)
2026-03-17 14:01:15 [INFO]     HTML 크기: 355752 bytes
2026-03-17 14:01:15 [INFO]     OaLkxeV3 포함: True
2026-03-17 14:01:15 [INFO]     GOWcekJV4 포함: True
2026-03-17 14:01:15 [INFO]     카드 발견: 11개
2026-03-17 14:01:15 [INFO]     카드 파싱 성공: 7건
2026-03-17 14:01:15 [INFO]     2025.05 p4: +7건 (페이지 7건)
2026-03-17 14:01:17 [INFO]     HTML 크기: 376289 bytes
2026-03-17 14:01:17 [INFO]     OaLkxeV3 포함: True
2026-03-17 14:01:17 [INFO]     GOWcekJV4 포함: True
2026-03-17 14:01:17 [INFO]     카드 발견: 16개
2026-03-17 14:01:17 [INFO]     카드 파싱 성공: 15건
2026-03-17 14:01:17 [INFO]     2025.05 p5: +15건 (페이지 15건)
2026-03-17 14:01:19 [INFO]     HTML 크기: 330195 bytes
2026-03-17 14:01:19 [INFO]     OaLkxeV3 포함: True
2026-03-17 14:01:19 [INFO]     GOWcekJV4 포함: True
2026-03-17 14:01:19 [INFO]     카드 발견: 5개
2026-03-17 14:01:19 [INFO]     카드 파싱 성공: 4건
2026-03-17 14:01:19 [INFO]     2025.05 p6: +4건 (페이지 4건)
2026-03-17 14:01:21 [INFO]     HTML 크기: 342463 bytes
2026-03-17 14:01:21 [INFO]     OaLkxeV3 포함: True
2026-03-17 14:01:21 [INFO]     GOWcekJV4 포함: True
2026-03-17 14:01:21 [INFO]     카드 발견: 8개
2026-03-17 14:01:21 [INFO]     카드 파싱 성공: 6건
2026-03-17 14:01:21 [INFO]     2025.05 p7: +6건 (페이지 6건)
2026-03-17 14:01:23 [INFO]     HTML 크기: 315557 bytes
2026-03-17 14:01:23 [INFO]     OaLkxeV3 포함: True
2026-03-17 14:01:23 [INFO]     GOWcekJV4 포함: True
2026-03-17 14:01:23 [INFO]     카드 발견: 2개
2026-03-17 14:01:23 [INFO]     카드 파싱 성공: 2건
2026-03-17 14:01:23 [INFO]     2025.05 p8: +2건 (페이지 2건)
2026-03-17 14:01:25 [INFO]     HTML 크기: 325081 bytes
2026-03-17 14:01:25 [INFO]     OaLkxeV3 포함: True
2026-03-17 14:01:25 [INFO]     GOWcekJV4 포함: True
2026-03-17 14:01:25 [INFO]     카드 발견: 4개
2026-03-17 14:01:25 [INFO]     카드 파싱 성공: 3건
2026-03-17 14:01:25 [INFO]     2025.05 p9: +3건 (페이지 3건)
2026-03-17 14:01:27 [INFO]     HTML 크기: 309074 bytes
2026-03-17 14:01:27 [INFO]     OaLkxeV3 포함: False
2026-03-17 14:01:27 [INFO]     GOWcekJV4 포함: True
2026-03-17 14:01:27 [INFO]     카드 발견: 0개
2026-03-17 14:01:27 [INFO]     카드 파싱 0건 -> 링크 직접 수집 폴백
2026-03-17 14:01:27 [INFO]     CLS_NAVER_LINK 링크: 7개
2026-03-17 14:01:27 [INFO]     2025.05 p10: 0건 (연속 빈 1회)
2026-03-17 14:01:29 [INFO]     HTML 크기: 420215 bytes
2026-03-17 14:01:29 [INFO]     OaLkxeV3 포함: True
2026-03-17 14:01:29 [INFO]     GOWcekJV4 포함: True
2026-03-17 14:01:29 [INFO]     카드 발견: 27개
2026-03-17 14:01:29 [INFO]     카드 파싱 성공: 18건
2026-03-17 14:01:29 [INFO]     2025.05 p11: +10건 (페이지 18건)
2026-03-17 14:01:31 [INFO]     HTML 크기: 414565 bytes
2026-03-17 14:01:31 [INFO]     OaLkxeV3 포함: True
2026-03-17 14:01:31 [INFO]     GOWcekJV4 포함: True
2026-03-17 14:01:31 [INFO]     카드 발견: 26개
2026-03-17 14:01:31 [INFO]     카드 파싱 성공: 17건
2026-03-17 14:01:31 [INFO]     2025.05 p12: +2건 (페이지 17건)
2026-03-17 14:01:33 [INFO]     HTML 크기: 356535 bytes
2026-03-17 14:01:33 [INFO]     OaLkxeV3 포함: True
2026-03-17 14:01:33 [INFO]     GOWcekJV4 포함: True
2026-03-17 14:01:33 [INFO]     카드 발견: 11개
2026-03-17 14:01:33 [INFO]     카드 파싱 성공: 11건
2026-03-17 14:01:33 [INFO]     2025.05 p13: +0건 (페이지 11건)
2026-03-17 14:01:34 [INFO]   2025.05 완료: +74건 (누적 2433개)
2026-03-17 14:01:35 [INFO]     HTML 크기: 353876 bytes
2026-03-17 14:01:35 [INFO]     OaLkxeV3 포함: True
2026-03-17 14:01:35 [INFO]     GOWcekJV4 포함: True
2026-03-17 14:01:35 [INFO]     카드 발견: 10개
2026-03-17 14:01:35 [INFO]     카드 파싱 성공: 9건
2026-03-17 14:01:35 [INFO]     2025.06 p1: +9건 (페이지 9건)
2026-03-17 14:01:37 [INFO]     HTML 크기: 344940 bytes
2026-03-17 14:01:37 [INFO]     OaLkxeV3 포함: True
2026-03-17 14:01:37 [INFO]     GOWcekJV4 포함: True
2026-03-17 14:01:37 [INFO]     카드 발견: 8개
2026-03-17 14:01:37 [INFO]     카드 파싱 성공: 6건
2026-03-17 14:01:37 [INFO]     2025.06 p2: +6건 (페이지 6건)
2026-03-17 14:01:38 [INFO]     HTML 크기: 337000 bytes
2026-03-17 14:01:38 [INFO]     OaLkxeV3 포함: True
2026-03-17 14:01:38 [INFO]     GOWcekJV4 포함: True
2026-03-17 14:01:38 [INFO]     카드 발견: 7개
2026-03-17 14:01:38 [INFO]     카드 파싱 성공: 4건
2026-03-17 14:01:38 [INFO]     2025.06 p3: +4건 (페이지 4건)
2026-03-17 14:01:40 [INFO]     HTML 크기: 320638 bytes
2026-03-17 14:01:40 [INFO]     OaLkxeV3 포함: True
2026-03-17 14:01:40 [INFO]     GOWcekJV4 포함: True
2026-03-17 14:01:40 [INFO]     카드 발견: 3개
2026-03-17 14:01:40 [INFO]     카드 파싱 성공: 1건
2026-03-17 14:01:40 [INFO]     2025.06 p4: +1건 (페이지 1건)
2026-03-17 14:01:42 [INFO]     HTML 크기: 320192 bytes
2026-03-17 14:01:42 [INFO]     OaLkxeV3 포함: True
2026-03-17 14:01:42 [INFO]     GOWcekJV4 포함: True
2026-03-17 14:01:42 [INFO]     카드 발견: 2개
2026-03-17 14:01:42 [INFO]     카드 파싱 성공: 2건
2026-03-17 14:01:42 [INFO]     2025.06 p5: +2건 (페이지 2건)
2026-03-17 14:01:43 [INFO]     HTML 크기: 347174 bytes
2026-03-17 14:01:43 [INFO]     OaLkxeV3 포함: True
2026-03-17 14:01:43 [INFO]     GOWcekJV4 포함: True
2026-03-17 14:01:43 [INFO]     카드 발견: 9개
2026-03-17 14:01:43 [INFO]     카드 파싱 성공: 9건
2026-03-17 14:01:43 [INFO]     2025.06 p6: +9건 (페이지 9건)
2026-03-17 14:01:45 [INFO]     HTML 크기: 353038 bytes
2026-03-17 14:01:45 [INFO]     OaLkxeV3 포함: True
2026-03-17 14:01:45 [INFO]     GOWcekJV4 포함: True
2026-03-17 14:01:45 [INFO]     카드 발견: 10개
2026-03-17 14:01:45 [INFO]     카드 파싱 성공: 10건
2026-03-17 14:01:45 [INFO]     2025.06 p7: +10건 (페이지 10건)
2026-03-17 14:01:47 [INFO]     HTML 크기: 354777 bytes
2026-03-17 14:01:47 [INFO]     OaLkxeV3 포함: True
2026-03-17 14:01:47 [INFO]     GOWcekJV4 포함: True
2026-03-17 14:01:47 [INFO]     카드 발견: 11개
2026-03-17 14:01:47 [INFO]     카드 파싱 성공: 11건
2026-03-17 14:01:47 [INFO]     2025.06 p8: +11건 (페이지 11건)
2026-03-17 14:01:49 [INFO]     HTML 크기: 329719 bytes
2026-03-17 14:01:49 [INFO]     OaLkxeV3 포함: True
2026-03-17 14:01:49 [INFO]     GOWcekJV4 포함: True
2026-03-17 14:01:49 [INFO]     카드 발견: 5개
2026-03-17 14:01:49 [INFO]     카드 파싱 성공: 4건
2026-03-17 14:01:49 [INFO]     2025.06 p9: +4건 (페이지 4건)
2026-03-17 14:01:51 [INFO]     HTML 크기: 314742 bytes
2026-03-17 14:01:51 [INFO]     OaLkxeV3 포함: True
2026-03-17 14:01:51 [INFO]     GOWcekJV4 포함: True
2026-03-17 14:01:51 [INFO]     카드 발견: 2개
2026-03-17 14:01:51 [INFO]     카드 파싱 성공: 2건
2026-03-17 14:01:51 [INFO]     2025.06 p10: +2건 (페이지 2건)
2026-03-17 14:01:53 [INFO]     HTML 크기: 380316 bytes
2026-03-17 14:01:53 [INFO]     OaLkxeV3 포함: True
2026-03-17 14:01:53 [INFO]     GOWcekJV4 포함: True
2026-03-17 14:01:53 [INFO]     카드 발견: 19개
2026-03-17 14:01:53 [INFO]     카드 파싱 성공: 3건
2026-03-17 14:01:53 [INFO]     2025.06 p11: +2건 (페이지 3건)
2026-03-17 14:01:55 [INFO]     HTML 크기: 393231 bytes
2026-03-17 14:01:55 [INFO]     OaLkxeV3 포함: True
2026-03-17 14:01:55 [INFO]     GOWcekJV4 포함: True
2026-03-17 14:01:55 [INFO]     카드 발견: 22개
2026-03-17 14:01:55 [INFO]     카드 파싱 성공: 3건
2026-03-17 14:01:55 [INFO]     2025.06 p12: +0건 (페이지 3건)
2026-03-17 14:01:56 [INFO]   2025.06 완료: +60건 (누적 2493개)
2026-03-17 14:01:57 [INFO]     HTML 크기: 367013 bytes
2026-03-17 14:01:57 [INFO]     OaLkxeV3 포함: True
2026-03-17 14:01:57 [INFO]     GOWcekJV4 포함: True
2026-03-17 14:01:57 [INFO]     카드 발견: 13개
2026-03-17 14:01:57 [INFO]     카드 파싱 성공: 12건
2026-03-17 14:01:57 [INFO]     2025.07 p1: +12건 (페이지 12건)
2026-03-17 14:01:59 [INFO]     HTML 크기: 427653 bytes
2026-03-17 14:01:59 [INFO]     OaLkxeV3 포함: True
2026-03-17 14:01:59 [INFO]     GOWcekJV4 포함: True
2026-03-17 14:01:59 [INFO]     카드 발견: 27개
2026-03-17 14:01:59 [INFO]     카드 파싱 성공: 26건
2026-03-17 14:01:59 [INFO]     2025.07 p2: +26건 (페이지 26건)
2026-03-17 14:02:00 [INFO]     HTML 크기: 350448 bytes
2026-03-17 14:02:00 [INFO]     OaLkxeV3 포함: True
2026-03-17 14:02:00 [INFO]     GOWcekJV4 포함: True
2026-03-17 14:02:00 [INFO]     카드 발견: 9개
2026-03-17 14:02:00 [INFO]     카드 파싱 성공: 9건
2026-03-17 14:02:00 [INFO]     2025.07 p3: +9건 (페이지 9건)
2026-03-17 14:02:02 [INFO]     HTML 크기: 354688 bytes
2026-03-17 14:02:02 [INFO]     OaLkxeV3 포함: True
2026-03-17 14:02:02 [INFO]     GOWcekJV4 포함: True
2026-03-17 14:02:02 [INFO]     카드 발견: 10개
2026-03-17 14:02:02 [INFO]     카드 파싱 성공: 10건
2026-03-17 14:02:02 [INFO]     2025.07 p4: +10건 (페이지 10건)
2026-03-17 14:02:04 [INFO]     HTML 크기: 314763 bytes
2026-03-17 14:02:04 [INFO]     OaLkxeV3 포함: True
2026-03-17 14:02:04 [INFO]     GOWcekJV4 포함: True
2026-03-17 14:02:04 [INFO]     카드 발견: 1개
2026-03-17 14:02:04 [INFO]     카드 파싱 성공: 1건
2026-03-17 14:02:04 [INFO]     2025.07 p5: +1건 (페이지 1건)
2026-03-17 14:02:06 [INFO]     HTML 크기: 322288 bytes
2026-03-17 14:02:06 [INFO]     OaLkxeV3 포함: True
2026-03-17 14:02:06 [INFO]     GOWcekJV4 포함: True
2026-03-17 14:02:06 [INFO]     카드 발견: 3개
2026-03-17 14:02:06 [INFO]     카드 파싱 성공: 3건
2026-03-17 14:02:06 [INFO]     2025.07 p6: +3건 (페이지 3건)
2026-03-17 14:02:08 [INFO]     HTML 크기: 316996 bytes
2026-03-17 14:02:08 [INFO]     OaLkxeV3 포함: True
2026-03-17 14:02:08 [INFO]     GOWcekJV4 포함: True
2026-03-17 14:02:08 [INFO]     카드 발견: 1개
2026-03-17 14:02:08 [INFO]     카드 파싱 성공: 1건
2026-03-17 14:02:08 [INFO]     2025.07 p7: +1건 (페이지 1건)
2026-03-17 14:02:10 [INFO]     HTML 크기: 310628 bytes
2026-03-17 14:02:10 [INFO]     OaLkxeV3 포함: False
2026-03-17 14:02:10 [INFO]     GOWcekJV4 포함: True
2026-03-17 14:02:10 [INFO]     카드 발견: 0개
2026-03-17 14:02:10 [INFO]     카드 파싱 0건 -> 링크 직접 수집 폴백
2026-03-17 14:02:10 [INFO]     CLS_NAVER_LINK 링크: 9개
2026-03-17 14:02:10 [INFO]     2025.07 p8: 0건 (연속 빈 1회)
2026-03-17 14:02:12 [INFO]     HTML 크기: 327990 bytes
2026-03-17 14:02:12 [INFO]     OaLkxeV3 포함: True
2026-03-17 14:02:12 [INFO]     GOWcekJV4 포함: True
2026-03-17 14:02:12 [INFO]     카드 발견: 4개
2026-03-17 14:02:12 [INFO]     카드 파싱 성공: 4건
2026-03-17 14:02:12 [INFO]     2025.07 p9: +4건 (페이지 4건)
2026-03-17 14:02:14 [INFO]     HTML 크기: 312057 bytes
2026-03-17 14:02:14 [INFO]     OaLkxeV3 포함: False
2026-03-17 14:02:14 [INFO]     GOWcekJV4 포함: True
2026-03-17 14:02:14 [INFO]     카드 발견: 0개
2026-03-17 14:02:14 [INFO]     카드 파싱 0건 -> 링크 직접 수집 폴백
2026-03-17 14:02:14 [INFO]     CLS_NAVER_LINK 링크: 9개
2026-03-17 14:02:14 [INFO]     2025.07 p10: 0건 (연속 빈 1회)
2026-03-17 14:02:16 [INFO]     HTML 크기: 376685 bytes
2026-03-17 14:02:16 [INFO]     OaLkxeV3 포함: True
2026-03-17 14:02:16 [INFO]     GOWcekJV4 포함: True
2026-03-17 14:02:16 [INFO]     카드 발견: 16개
2026-03-17 14:02:16 [INFO]     카드 파싱 성공: 11건
2026-03-17 14:02:16 [INFO]     2025.07 p11: +9건 (페이지 11건)
2026-03-17 14:02:18 [INFO]     HTML 크기: 370720 bytes
2026-03-17 14:02:18 [INFO]     OaLkxeV3 포함: True
2026-03-17 14:02:18 [INFO]     GOWcekJV4 포함: True
2026-03-17 14:02:18 [INFO]     카드 발견: 16개
2026-03-17 14:02:18 [INFO]     카드 파싱 성공: 4건
2026-03-17 14:02:18 [INFO]     2025.07 p12: +1건 (페이지 4건)
2026-03-17 14:02:19 [INFO]     HTML 크기: 405474 bytes
2026-03-17 14:02:19 [INFO]     OaLkxeV3 포함: True
2026-03-17 14:02:19 [INFO]     GOWcekJV4 포함: True
2026-03-17 14:02:19 [INFO]     카드 발견: 25개
2026-03-17 14:02:19 [INFO]     카드 파싱 성공: 11건
2026-03-17 14:02:19 [INFO]     2025.07 p13: +6건 (페이지 11건)
2026-03-17 14:02:21 [INFO]     HTML 크기: 417342 bytes
2026-03-17 14:02:21 [INFO]     OaLkxeV3 포함: True
2026-03-17 14:02:21 [INFO]     GOWcekJV4 포함: True
2026-03-17 14:02:21 [INFO]     카드 발견: 29개
2026-03-17 14:02:21 [INFO]     카드 파싱 성공: 9건
2026-03-17 14:02:21 [INFO]     2025.07 p14: +3건 (페이지 9건)
2026-03-17 14:02:23 [INFO]     HTML 크기: 381500 bytes
2026-03-17 14:02:23 [INFO]     OaLkxeV3 포함: True
2026-03-17 14:02:23 [INFO]     GOWcekJV4 포함: True
2026-03-17 14:02:23 [INFO]     카드 발견: 19개
2026-03-17 14:02:23 [INFO]     카드 파싱 성공: 6건
2026-03-17 14:02:23 [INFO]     2025.07 p15: +3건 (페이지 6건)
2026-03-17 14:02:25 [INFO]     HTML 크기: 390400 bytes
2026-03-17 14:02:25 [INFO]     OaLkxeV3 포함: True
2026-03-17 14:02:25 [INFO]     GOWcekJV4 포함: True
2026-03-17 14:02:25 [INFO]     카드 발견: 22개
2026-03-17 14:02:25 [INFO]     카드 파싱 성공: 6건
2026-03-17 14:02:25 [INFO]     2025.07 p16: +3건 (페이지 6건)
2026-03-17 14:02:27 [INFO]     HTML 크기: 399578 bytes
2026-03-17 14:02:27 [INFO]     OaLkxeV3 포함: True
2026-03-17 14:02:27 [INFO]     GOWcekJV4 포함: True
2026-03-17 14:02:27 [INFO]     카드 발견: 24개
2026-03-17 14:02:27 [INFO]     카드 파싱 성공: 8건
2026-03-17 14:02:27 [INFO]     2025.07 p17: +2건 (페이지 8건)
2026-03-17 14:02:28 [INFO]     HTML 크기: 371986 bytes
2026-03-17 14:02:28 [INFO]     OaLkxeV3 포함: True
2026-03-17 14:02:28 [INFO]     GOWcekJV4 포함: True
2026-03-17 14:02:28 [INFO]     카드 발견: 16개
2026-03-17 14:02:28 [INFO]     카드 파싱 성공: 10건
2026-03-17 14:02:28 [INFO]     2025.07 p18: +2건 (페이지 10건)
2026-03-17 14:02:30 [INFO]     HTML 크기: 383971 bytes
2026-03-17 14:02:30 [INFO]     OaLkxeV3 포함: True
2026-03-17 14:02:30 [INFO]     GOWcekJV4 포함: True
2026-03-17 14:02:30 [INFO]     카드 발견: 20개
2026-03-17 14:02:30 [INFO]     카드 파싱 성공: 6건
2026-03-17 14:02:30 [INFO]     2025.07 p19: +3건 (페이지 6건)
2026-03-17 14:02:32 [INFO]     HTML 크기: 384227 bytes
2026-03-17 14:02:32 [INFO]     OaLkxeV3 포함: True
2026-03-17 14:02:32 [INFO]     GOWcekJV4 포함: True
2026-03-17 14:02:32 [INFO]     카드 발견: 20개
2026-03-17 14:02:32 [INFO]     카드 파싱 성공: 6건
2026-03-17 14:02:32 [INFO]     2025.07 p20: +0건 (페이지 6건)
2026-03-17 14:02:34 [INFO]   2025.07 완료: +98건 (누적 2591개)
2026-03-17 14:02:34 [INFO]     HTML 크기: 393662 bytes
2026-03-17 14:02:34 [INFO]     OaLkxeV3 포함: True
2026-03-17 14:02:34 [INFO]     GOWcekJV4 포함: True
2026-03-17 14:02:34 [INFO]     카드 발견: 21개
2026-03-17 14:02:34 [INFO]     카드 파싱 성공: 11건
2026-03-17 14:02:34 [INFO]     2025.08 p1: +11건 (페이지 11건)
2026-03-17 14:02:36 [INFO]     HTML 크기: 378553 bytes
2026-03-17 14:02:36 [INFO]     OaLkxeV3 포함: True
2026-03-17 14:02:36 [INFO]     GOWcekJV4 포함: True
2026-03-17 14:02:36 [INFO]     카드 발견: 16개
2026-03-17 14:02:36 [INFO]     카드 파싱 성공: 12건
2026-03-17 14:02:36 [INFO]     2025.08 p2: +11건 (페이지 12건)
2026-03-17 14:02:38 [INFO]     HTML 크기: 345981 bytes
2026-03-17 14:02:38 [INFO]     OaLkxeV3 포함: True
2026-03-17 14:02:38 [INFO]     GOWcekJV4 포함: True
2026-03-17 14:02:38 [INFO]     카드 발견: 9개
2026-03-17 14:02:38 [INFO]     카드 파싱 성공: 8건
2026-03-17 14:02:38 [INFO]     2025.08 p3: +8건 (페이지 8건)
2026-03-17 14:02:40 [INFO]     HTML 크기: 369135 bytes
2026-03-17 14:02:40 [INFO]     OaLkxeV3 포함: True
2026-03-17 14:02:40 [INFO]     GOWcekJV4 포함: True
2026-03-17 14:02:40 [INFO]     카드 발견: 14개
2026-03-17 14:02:40 [INFO]     카드 파싱 성공: 12건
2026-03-17 14:02:40 [INFO]     2025.08 p4: +12건 (페이지 12건)
2026-03-17 14:02:42 [INFO]     HTML 크기: 338182 bytes
2026-03-17 14:02:42 [INFO]     OaLkxeV3 포함: True
2026-03-17 14:02:42 [INFO]     GOWcekJV4 포함: True
2026-03-17 14:02:42 [INFO]     카드 발견: 6개
2026-03-17 14:02:42 [INFO]     카드 파싱 성공: 6건
2026-03-17 14:02:42 [INFO]     2025.08 p5: +6건 (페이지 6건)
2026-03-17 14:02:44 [INFO]     HTML 크기: 334266 bytes
2026-03-17 14:02:44 [INFO]     OaLkxeV3 포함: True
2026-03-17 14:02:44 [INFO]     GOWcekJV4 포함: True
2026-03-17 14:02:44 [INFO]     카드 발견: 6개
2026-03-17 14:02:44 [INFO]     카드 파싱 성공: 4건
2026-03-17 14:02:44 [INFO]     2025.08 p6: +4건 (페이지 4건)
2026-03-17 14:02:46 [INFO]     HTML 크기: 331831 bytes
2026-03-17 14:02:46 [INFO]     OaLkxeV3 포함: True
2026-03-17 14:02:46 [INFO]     GOWcekJV4 포함: True
2026-03-17 14:02:46 [INFO]     카드 발견: 5개
2026-03-17 14:02:46 [INFO]     카드 파싱 성공: 5건
2026-03-17 14:02:46 [INFO]     2025.08 p7: +5건 (페이지 5건)
2026-03-17 14:02:48 [INFO]     HTML 크기: 320012 bytes
2026-03-17 14:02:48 [INFO]     OaLkxeV3 포함: True
2026-03-17 14:02:48 [INFO]     GOWcekJV4 포함: True
2026-03-17 14:02:48 [INFO]     카드 발견: 3개
2026-03-17 14:02:48 [INFO]     카드 파싱 0건 -> 링크 직접 수집 폴백
2026-03-17 14:02:48 [INFO]     CLS_NAVER_LINK 링크: 6개
2026-03-17 14:02:48 [INFO]     2025.08 p8: +6건 (페이지 6건)
2026-03-17 14:02:50 [INFO]     HTML 크기: 310153 bytes
2026-03-17 14:02:50 [INFO]     OaLkxeV3 포함: False
2026-03-17 14:02:50 [INFO]     GOWcekJV4 포함: True
2026-03-17 14:02:50 [INFO]     카드 발견: 0개
2026-03-17 14:02:50 [INFO]     카드 파싱 0건 -> 링크 직접 수집 폴백
2026-03-17 14:02:50 [INFO]     CLS_NAVER_LINK 링크: 6개
2026-03-17 14:02:50 [INFO]     2025.08 p9: 0건 (연속 빈 1회)
2026-03-17 14:02:52 [INFO]     HTML 크기: 308244 bytes
2026-03-17 14:02:52 [INFO]     OaLkxeV3 포함: False
2026-03-17 14:02:52 [INFO]     GOWcekJV4 포함: True
2026-03-17 14:02:52 [INFO]     카드 발견: 0개
2026-03-17 14:02:52 [INFO]     카드 파싱 0건 -> 링크 직접 수집 폴백
2026-03-17 14:02:52 [INFO]     CLS_NAVER_LINK 링크: 5개
2026-03-17 14:02:52 [INFO]     2025.08 p10: 0건 (연속 빈 2회)
2026-03-17 14:02:54 [INFO]     HTML 크기: 417078 bytes
2026-03-17 14:02:54 [INFO]     OaLkxeV3 포함: True
2026-03-17 14:02:54 [INFO]     GOWcekJV4 포함: True
2026-03-17 14:02:54 [INFO]     카드 발견: 27개
2026-03-17 14:02:54 [INFO]     카드 파싱 성공: 16건
2026-03-17 14:02:54 [INFO]     2025.08 p11: +5건 (페이지 16건)
2026-03-17 14:02:56 [INFO]     HTML 크기: 381621 bytes
2026-03-17 14:02:56 [INFO]     OaLkxeV3 포함: True
2026-03-17 14:02:56 [INFO]     GOWcekJV4 포함: True
2026-03-17 14:02:56 [INFO]     카드 발견: 18개
2026-03-17 14:02:56 [INFO]     카드 파싱 성공: 8건
2026-03-17 14:02:56 [INFO]     2025.08 p12: +0건 (페이지 8건)
2026-03-17 14:02:57 [INFO]   2025.08 완료: +68건 (누적 2659개)
2026-03-17 14:02:58 [INFO]     HTML 크기: 431236 bytes
2026-03-17 14:02:58 [INFO]     OaLkxeV3 포함: True
2026-03-17 14:02:58 [INFO]     GOWcekJV4 포함: True
2026-03-17 14:02:58 [INFO]     카드 발견: 28개
2026-03-17 14:02:58 [INFO]     카드 파싱 성공: 26건
2026-03-17 14:02:58 [INFO]     2025.09 p1: +26건 (페이지 26건)
2026-03-17 14:02:59 [INFO]     HTML 크기: 352629 bytes
2026-03-17 14:02:59 [INFO]     OaLkxeV3 포함: True
2026-03-17 14:02:59 [INFO]     GOWcekJV4 포함: True
2026-03-17 14:02:59 [INFO]     카드 발견: 11개
2026-03-17 14:02:59 [INFO]     카드 파싱 성공: 7건
2026-03-17 14:02:59 [INFO]     2025.09 p2: +7건 (페이지 7건)
2026-03-17 14:03:01 [INFO]     HTML 크기: 308184 bytes
2026-03-17 14:03:01 [INFO]     OaLkxeV3 포함: False
2026-03-17 14:03:01 [INFO]     GOWcekJV4 포함: True
2026-03-17 14:03:01 [INFO]     카드 발견: 0개
2026-03-17 14:03:01 [INFO]     카드 파싱 0건 -> 링크 직접 수집 폴백
2026-03-17 14:03:01 [INFO]     CLS_NAVER_LINK 링크: 6개
2026-03-17 14:03:01 [INFO]     2025.09 p3: 0건 (연속 빈 1회)
2026-03-17 14:03:03 [INFO]     HTML 크기: 306060 bytes
2026-03-17 14:03:03 [INFO]     OaLkxeV3 포함: False
2026-03-17 14:03:03 [INFO]     GOWcekJV4 포함: True
2026-03-17 14:03:03 [INFO]     카드 발견: 0개
2026-03-17 14:03:03 [INFO]     카드 파싱 0건 -> 링크 직접 수집 폴백
2026-03-17 14:03:03 [INFO]     CLS_NAVER_LINK 링크: 2개
2026-03-17 14:03:03 [INFO]     2025.09 p4: 0건 (연속 빈 2회)
2026-03-17 14:03:05 [INFO]     HTML 크기: 307091 bytes
2026-03-17 14:03:05 [INFO]     OaLkxeV3 포함: False
2026-03-17 14:03:05 [INFO]     GOWcekJV4 포함: True
2026-03-17 14:03:05 [INFO]     카드 발견: 0개
2026-03-17 14:03:05 [INFO]     카드 파싱 0건 -> 링크 직접 수집 폴백
2026-03-17 14:03:05 [INFO]     CLS_NAVER_LINK 링크: 4개
2026-03-17 14:03:05 [INFO]     2025.09 p5: 0건 (연속 빈 3회)
2026-03-17 14:03:05 [INFO]   2025.09 완료: +33건 (누적 2692개)
2026-03-17 14:03:05 [INFO]     HTML 크기: 409313 bytes
2026-03-17 14:03:05 [INFO]     OaLkxeV3 포함: True
2026-03-17 14:03:05 [INFO]     GOWcekJV4 포함: True
2026-03-17 14:03:05 [INFO]     카드 발견: 23개
2026-03-17 14:03:05 [INFO]     카드 파싱 성공: 22건
2026-03-17 14:03:05 [INFO]     2025.10 p1: +22건 (페이지 22건)
2026-03-17 14:03:07 [INFO]     HTML 크기: 390910 bytes
2026-03-17 14:03:07 [INFO]     OaLkxeV3 포함: True
2026-03-17 14:03:07 [INFO]     GOWcekJV4 포함: True
2026-03-17 14:03:07 [INFO]     카드 발견: 19개
2026-03-17 14:03:07 [INFO]     카드 파싱 성공: 17건
2026-03-17 14:03:07 [INFO]     2025.10 p2: +15건 (페이지 17건)
2026-03-17 14:03:09 [INFO]     HTML 크기: 377448 bytes
2026-03-17 14:03:09 [INFO]     OaLkxeV3 포함: True
2026-03-17 14:03:09 [INFO]     GOWcekJV4 포함: True
2026-03-17 14:03:09 [INFO]     카드 발견: 15개
2026-03-17 14:03:09 [INFO]     카드 파싱 성공: 15건
2026-03-17 14:03:09 [INFO]     2025.10 p3: +15건 (페이지 15건)
2026-03-17 14:03:11 [INFO]     HTML 크기: 352587 bytes
2026-03-17 14:03:11 [INFO]     OaLkxeV3 포함: True
2026-03-17 14:03:11 [INFO]     GOWcekJV4 포함: True
2026-03-17 14:03:11 [INFO]     카드 발견: 9개
2026-03-17 14:03:11 [INFO]     카드 파싱 성공: 9건
2026-03-17 14:03:11 [INFO]     2025.10 p4: +9건 (페이지 9건)
2026-03-17 14:03:13 [INFO]     HTML 크기: 345009 bytes
2026-03-17 14:03:13 [INFO]     OaLkxeV3 포함: True
2026-03-17 14:03:13 [INFO]     GOWcekJV4 포함: True
2026-03-17 14:03:13 [INFO]     카드 발견: 8개
2026-03-17 14:03:13 [INFO]     카드 파싱 성공: 8건
2026-03-17 14:03:13 [INFO]     2025.10 p5: +8건 (페이지 8건)
2026-03-17 14:03:15 [INFO]     HTML 크기: 315852 bytes
2026-03-17 14:03:15 [INFO]     OaLkxeV3 포함: True
2026-03-17 14:03:15 [INFO]     GOWcekJV4 포함: True
2026-03-17 14:03:15 [INFO]     카드 발견: 1개
2026-03-17 14:03:15 [INFO]     카드 파싱 성공: 1건
2026-03-17 14:03:15 [INFO]     2025.10 p6: +1건 (페이지 1건)
2026-03-17 14:03:17 [INFO]     HTML 크기: 314073 bytes
2026-03-17 14:03:17 [INFO]     OaLkxeV3 포함: True
2026-03-17 14:03:17 [INFO]     GOWcekJV4 포함: True
2026-03-17 14:03:17 [INFO]     카드 발견: 1개
2026-03-17 14:03:17 [INFO]     카드 파싱 성공: 1건
2026-03-17 14:03:17 [INFO]     2025.10 p7: +1건 (페이지 1건)
2026-03-17 14:03:19 [INFO]     HTML 크기: 307877 bytes
2026-03-17 14:03:19 [INFO]     OaLkxeV3 포함: False
2026-03-17 14:03:19 [INFO]     GOWcekJV4 포함: True
2026-03-17 14:03:19 [INFO]     카드 발견: 0개
2026-03-17 14:03:19 [INFO]     카드 파싱 0건 -> 링크 직접 수집 폴백
2026-03-17 14:03:19 [INFO]     CLS_NAVER_LINK 링크: 6개
2026-03-17 14:03:19 [INFO]     2025.10 p8: 0건 (연속 빈 1회)
2026-03-17 14:03:21 [INFO]     HTML 크기: 307388 bytes
2026-03-17 14:03:21 [INFO]     OaLkxeV3 포함: False
2026-03-17 14:03:21 [INFO]     GOWcekJV4 포함: True
2026-03-17 14:03:21 [INFO]     카드 발견: 0개
2026-03-17 14:03:21 [INFO]     카드 파싱 0건 -> 링크 직접 수집 폴백
2026-03-17 14:03:21 [INFO]     CLS_NAVER_LINK 링크: 4개
2026-03-17 14:03:21 [INFO]     2025.10 p9: 0건 (연속 빈 2회)
2026-03-17 14:03:24 [INFO]     HTML 크기: 307746 bytes
2026-03-17 14:03:24 [INFO]     OaLkxeV3 포함: False
2026-03-17 14:03:24 [INFO]     GOWcekJV4 포함: True
2026-03-17 14:03:24 [INFO]     카드 발견: 0개
2026-03-17 14:03:24 [INFO]     카드 파싱 0건 -> 링크 직접 수집 폴백
2026-03-17 14:03:24 [INFO]     CLS_NAVER_LINK 링크: 4개
2026-03-17 14:03:24 [INFO]     2025.10 p10: 0건 (연속 빈 3회)
2026-03-17 14:03:24 [INFO]   2025.10 완료: +71건 (누적 2763개)
2026-03-17 14:03:24 [INFO]     HTML 크기: 372250 bytes
2026-03-17 14:03:24 [INFO]     OaLkxeV3 포함: True
2026-03-17 14:03:24 [INFO]     GOWcekJV4 포함: True
2026-03-17 14:03:24 [INFO]     카드 발견: 14개
2026-03-17 14:03:24 [INFO]     카드 파싱 성공: 11건
2026-03-17 14:03:24 [INFO]     2025.11 p1: +11건 (페이지 11건)
2026-03-17 14:03:26 [INFO]     HTML 크기: 393464 bytes
2026-03-17 14:03:26 [INFO]     OaLkxeV3 포함: True
2026-03-17 14:03:26 [INFO]     GOWcekJV4 포함: True
2026-03-17 14:03:26 [INFO]     카드 발견: 19개
2026-03-17 14:03:26 [INFO]     카드 파싱 성공: 19건
2026-03-17 14:03:26 [INFO]     2025.11 p2: +16건 (페이지 19건)
2026-03-17 14:03:28 [INFO]     HTML 크기: 362531 bytes
2026-03-17 14:03:28 [INFO]     OaLkxeV3 포함: True
2026-03-17 14:03:28 [INFO]     GOWcekJV4 포함: True
2026-03-17 14:03:28 [INFO]     카드 발견: 12개
2026-03-17 14:03:28 [INFO]     카드 파싱 성공: 12건
2026-03-17 14:03:28 [INFO]     2025.11 p3: +12건 (페이지 12건)
2026-03-17 14:03:30 [INFO]     HTML 크기: 396072 bytes
2026-03-17 14:03:30 [INFO]     OaLkxeV3 포함: True
2026-03-17 14:03:30 [INFO]     GOWcekJV4 포함: True
2026-03-17 14:03:30 [INFO]     카드 발견: 21개
2026-03-17 14:03:30 [INFO]     카드 파싱 성공: 17건
2026-03-17 14:03:30 [INFO]     2025.11 p4: +17건 (페이지 17건)
2026-03-17 14:03:32 [INFO]     HTML 크기: 313753 bytes
2026-03-17 14:03:32 [INFO]     OaLkxeV3 포함: True
2026-03-17 14:03:32 [INFO]     GOWcekJV4 포함: True
2026-03-17 14:03:32 [INFO]     카드 발견: 1개
2026-03-17 14:03:32 [INFO]     카드 파싱 성공: 1건
2026-03-17 14:03:32 [INFO]     2025.11 p5: +1건 (페이지 1건)
2026-03-17 14:03:33 [INFO]     HTML 크기: 340809 bytes
2026-03-17 14:03:33 [INFO]     OaLkxeV3 포함: True
2026-03-17 14:03:33 [INFO]     GOWcekJV4 포함: True
2026-03-17 14:03:33 [INFO]     카드 발견: 7개
2026-03-17 14:03:33 [INFO]     카드 파싱 성공: 6건
2026-03-17 14:03:33 [INFO]     2025.11 p6: +6건 (페이지 6건)
2026-03-17 14:03:35 [INFO]     HTML 크기: 337118 bytes
2026-03-17 14:03:35 [INFO]     OaLkxeV3 포함: True
2026-03-17 14:03:35 [INFO]     GOWcekJV4 포함: True
2026-03-17 14:03:35 [INFO]     카드 발견: 6개
2026-03-17 14:03:35 [INFO]     카드 파싱 성공: 6건
2026-03-17 14:03:35 [INFO]     2025.11 p7: +6건 (페이지 6건)
2026-03-17 14:03:37 [INFO]     HTML 크기: 330051 bytes
2026-03-17 14:03:37 [INFO]     OaLkxeV3 포함: True
2026-03-17 14:03:37 [INFO]     GOWcekJV4 포함: True
2026-03-17 14:03:37 [INFO]     카드 발견: 4개
2026-03-17 14:03:37 [INFO]     카드 파싱 성공: 4건
2026-03-17 14:03:37 [INFO]     2025.11 p8: +4건 (페이지 4건)
2026-03-17 14:03:39 [INFO]     HTML 크기: 309658 bytes
2026-03-17 14:03:39 [INFO]     OaLkxeV3 포함: False
2026-03-17 14:03:39 [INFO]     GOWcekJV4 포함: True
2026-03-17 14:03:39 [INFO]     카드 발견: 0개
2026-03-17 14:03:39 [INFO]     카드 파싱 0건 -> 링크 직접 수집 폴백
2026-03-17 14:03:39 [INFO]     CLS_NAVER_LINK 링크: 7개
2026-03-17 14:03:39 [INFO]     2025.11 p9: 0건 (연속 빈 1회)
2026-03-17 14:03:41 [INFO]     HTML 크기: 313201 bytes
2026-03-17 14:03:41 [INFO]     OaLkxeV3 포함: True
2026-03-17 14:03:41 [INFO]     GOWcekJV4 포함: True
2026-03-17 14:03:41 [INFO]     카드 발견: 1개
2026-03-17 14:03:41 [INFO]     카드 파싱 성공: 1건
2026-03-17 14:03:41 [INFO]     2025.11 p10: +1건 (페이지 1건)
2026-03-17 14:03:43 [INFO]     HTML 크기: 416840 bytes
2026-03-17 14:03:43 [INFO]     OaLkxeV3 포함: True
2026-03-17 14:03:43 [INFO]     GOWcekJV4 포함: True
2026-03-17 14:03:43 [INFO]     카드 발견: 26개
2026-03-17 14:03:43 [INFO]     카드 파싱 성공: 18건
2026-03-17 14:03:43 [INFO]     2025.11 p11: +13건 (페이지 18건)
2026-03-17 14:03:45 [INFO]     HTML 크기: 412397 bytes
2026-03-17 14:03:45 [INFO]     OaLkxeV3 포함: True
2026-03-17 14:03:45 [INFO]     GOWcekJV4 포함: True
2026-03-17 14:03:45 [INFO]     카드 발견: 25개
2026-03-17 14:03:45 [INFO]     카드 파싱 성공: 17건
2026-03-17 14:03:45 [INFO]     2025.11 p12: +10건 (페이지 17건)
2026-03-17 14:03:46 [INFO]     HTML 크기: 385042 bytes
2026-03-17 14:03:46 [INFO]     OaLkxeV3 포함: True
2026-03-17 14:03:46 [INFO]     GOWcekJV4 포함: True
2026-03-17 14:03:46 [INFO]     카드 발견: 17개
2026-03-17 14:03:46 [INFO]     카드 파싱 성공: 17건
2026-03-17 14:03:46 [INFO]     2025.11 p13: +4건 (페이지 17건)
2026-03-17 14:03:48 [INFO]     HTML 크기: 375933 bytes
2026-03-17 14:03:48 [INFO]     OaLkxeV3 포함: True
2026-03-17 14:03:48 [INFO]     GOWcekJV4 포함: True
2026-03-17 14:03:48 [INFO]     카드 발견: 17개
2026-03-17 14:03:48 [INFO]     카드 파싱 성공: 7건
2026-03-17 14:03:48 [INFO]     2025.11 p14: +2건 (페이지 7건)
2026-03-17 14:03:50 [INFO]     HTML 크기: 383024 bytes
2026-03-17 14:03:50 [INFO]     OaLkxeV3 포함: True
2026-03-17 14:03:50 [INFO]     GOWcekJV4 포함: True
2026-03-17 14:03:50 [INFO]     카드 발견: 18개
2026-03-17 14:03:50 [INFO]     카드 파싱 성공: 12건
2026-03-17 14:03:50 [INFO]     2025.11 p15: +3건 (페이지 12건)
2026-03-17 14:03:52 [INFO]     HTML 크기: 377045 bytes
2026-03-17 14:03:52 [INFO]     OaLkxeV3 포함: True
2026-03-17 14:03:52 [INFO]     GOWcekJV4 포함: True
2026-03-17 14:03:52 [INFO]     카드 발견: 16개
2026-03-17 14:03:52 [INFO]     카드 파싱 성공: 14건
2026-03-17 14:03:52 [INFO]     2025.11 p16: +4건 (페이지 14건)
2026-03-17 14:03:54 [INFO]     HTML 크기: 394554 bytes
2026-03-17 14:03:54 [INFO]     OaLkxeV3 포함: True
2026-03-17 14:03:54 [INFO]     GOWcekJV4 포함: True
2026-03-17 14:03:54 [INFO]     카드 발견: 21개
2026-03-17 14:03:54 [INFO]     카드 파싱 성공: 13건
2026-03-17 14:03:54 [INFO]     2025.11 p17: +7건 (페이지 13건)
2026-03-17 14:03:56 [INFO]     HTML 크기: 414169 bytes
2026-03-17 14:03:56 [INFO]     OaLkxeV3 포함: True
2026-03-17 14:03:56 [INFO]     GOWcekJV4 포함: True
2026-03-17 14:03:56 [INFO]     카드 발견: 25개
2026-03-17 14:03:56 [INFO]     카드 파싱 성공: 18건
2026-03-17 14:03:56 [INFO]     2025.11 p18: +5건 (페이지 18건)
2026-03-17 14:03:58 [INFO]     HTML 크기: 395333 bytes
2026-03-17 14:03:58 [INFO]     OaLkxeV3 포함: True
2026-03-17 14:03:58 [INFO]     GOWcekJV4 포함: True
2026-03-17 14:03:58 [INFO]     카드 발견: 20개
2026-03-17 14:03:58 [INFO]     카드 파싱 성공: 17건
2026-03-17 14:03:58 [INFO]     2025.11 p19: +3건 (페이지 17건)
2026-03-17 14:03:59 [INFO]     HTML 크기: 420997 bytes
2026-03-17 14:03:59 [INFO]     OaLkxeV3 포함: True
2026-03-17 14:03:59 [INFO]     GOWcekJV4 포함: True
2026-03-17 14:03:59 [INFO]     카드 발견: 26개
2026-03-17 14:03:59 [INFO]     카드 파싱 성공: 25건
2026-03-17 14:03:59 [INFO]     2025.11 p20: +9건 (페이지 25건)
2026-03-17 14:04:01 [INFO]     HTML 크기: 390984 bytes
2026-03-17 14:04:01 [INFO]     OaLkxeV3 포함: True
2026-03-17 14:04:01 [INFO]     GOWcekJV4 포함: True
2026-03-17 14:04:01 [INFO]     카드 발견: 20개
2026-03-17 14:04:01 [INFO]     카드 파싱 성공: 14건
2026-03-17 14:04:01 [INFO]     2025.11 p21: +1건 (페이지 14건)
2026-03-17 14:04:03 [INFO]     HTML 크기: 380233 bytes
2026-03-17 14:04:03 [INFO]     OaLkxeV3 포함: True
2026-03-17 14:04:03 [INFO]     GOWcekJV4 포함: True
2026-03-17 14:04:03 [INFO]     카드 발견: 18개
2026-03-17 14:04:03 [INFO]     카드 파싱 성공: 9건
2026-03-17 14:04:03 [INFO]     2025.11 p22: +3건 (페이지 9건)
2026-03-17 14:04:05 [INFO]     HTML 크기: 394541 bytes
2026-03-17 14:04:05 [INFO]     OaLkxeV3 포함: True
2026-03-17 14:04:05 [INFO]     GOWcekJV4 포함: True
2026-03-17 14:04:05 [INFO]     카드 발견: 21개
2026-03-17 14:04:05 [INFO]     카드 파싱 성공: 13건
2026-03-17 14:04:05 [INFO]     2025.11 p23: +3건 (페이지 13건)
2026-03-17 14:04:07 [INFO]     HTML 크기: 378556 bytes
2026-03-17 14:04:07 [INFO]     OaLkxeV3 포함: True
2026-03-17 14:04:07 [INFO]     GOWcekJV4 포함: True
2026-03-17 14:04:07 [INFO]     카드 발견: 18개
2026-03-17 14:04:07 [INFO]     카드 파싱 성공: 11건
2026-03-17 14:04:07 [INFO]     2025.11 p24: +4건 (페이지 11건)
2026-03-17 14:04:09 [INFO]     HTML 크기: 367407 bytes
2026-03-17 14:04:09 [INFO]     OaLkxeV3 포함: True
2026-03-17 14:04:09 [INFO]     GOWcekJV4 포함: True
2026-03-17 14:04:09 [INFO]     카드 발견: 14개
2026-03-17 14:04:09 [INFO]     카드 파싱 성공: 10건
2026-03-17 14:04:09 [INFO]     2025.11 p25: +4건 (페이지 10건)
2026-03-17 14:04:11 [INFO]     HTML 크기: 386229 bytes
2026-03-17 14:04:11 [INFO]     OaLkxeV3 포함: True
2026-03-17 14:04:11 [INFO]     GOWcekJV4 포함: True
2026-03-17 14:04:11 [INFO]     카드 발견: 18개
2026-03-17 14:04:11 [INFO]     카드 파싱 성공: 12건
2026-03-17 14:04:11 [INFO]     2025.11 p26: +3건 (페이지 12건)
2026-03-17 14:04:13 [INFO]     HTML 크기: 392618 bytes
2026-03-17 14:04:13 [INFO]     OaLkxeV3 포함: True
2026-03-17 14:04:13 [INFO]     GOWcekJV4 포함: True
2026-03-17 14:04:13 [INFO]     카드 발견: 21개
2026-03-17 14:04:13 [INFO]     카드 파싱 성공: 12건
2026-03-17 14:04:13 [INFO]     2025.11 p27: +7건 (페이지 12건)
2026-03-17 14:04:15 [INFO]     HTML 크기: 392669 bytes
2026-03-17 14:04:15 [INFO]     OaLkxeV3 포함: True
2026-03-17 14:04:15 [INFO]     GOWcekJV4 포함: True
2026-03-17 14:04:15 [INFO]     카드 발견: 21개
2026-03-17 14:04:15 [INFO]     카드 파싱 성공: 12건
2026-03-17 14:04:15 [INFO]     2025.11 p28: +6건 (페이지 12건)
2026-03-17 14:04:17 [INFO]     HTML 크기: 349106 bytes
2026-03-17 14:04:17 [INFO]     OaLkxeV3 포함: True
2026-03-17 14:04:17 [INFO]     GOWcekJV4 포함: True
2026-03-17 14:04:17 [INFO]     카드 발견: 11개
2026-03-17 14:04:17 [INFO]     카드 파싱 성공: 4건
2026-03-17 14:04:17 [INFO]     2025.11 p29: +0건 (페이지 4건)
2026-03-17 14:04:18 [INFO]   2025.11 완료: +165건 (누적 2928개)
2026-03-17 14:04:19 [INFO]     HTML 크기: 363553 bytes
2026-03-17 14:04:19 [INFO]     OaLkxeV3 포함: True
2026-03-17 14:04:19 [INFO]     GOWcekJV4 포함: True
2026-03-17 14:04:19 [INFO]     카드 발견: 12개
2026-03-17 14:04:19 [INFO]     카드 파싱 성공: 12건
2026-03-17 14:04:19 [INFO]     2025.12 p1: +12건 (페이지 12건)
2026-03-17 14:04:20 [INFO]     HTML 크기: 402220 bytes
2026-03-17 14:04:20 [INFO]     OaLkxeV3 포함: True
2026-03-17 14:04:20 [INFO]     GOWcekJV4 포함: True
2026-03-17 14:04:20 [INFO]     카드 발견: 21개
2026-03-17 14:04:20 [INFO]     카드 파싱 성공: 17건
2026-03-17 14:04:20 [INFO]     2025.12 p2: +16건 (페이지 17건)
2026-03-17 14:04:23 [INFO]     HTML 크기: 363552 bytes
2026-03-17 14:04:23 [INFO]     OaLkxeV3 포함: True
2026-03-17 14:04:23 [INFO]     GOWcekJV4 포함: True
2026-03-17 14:04:23 [INFO]     카드 발견: 12개
2026-03-17 14:04:23 [INFO]     카드 파싱 성공: 12건
2026-03-17 14:04:23 [INFO]     2025.12 p3: +12건 (페이지 12건)
2026-03-17 14:04:25 [INFO]     HTML 크기: 323620 bytes
2026-03-17 14:04:25 [INFO]     OaLkxeV3 포함: True
2026-03-17 14:04:25 [INFO]     GOWcekJV4 포함: True
2026-03-17 14:04:25 [INFO]     카드 발견: 3개
2026-03-17 14:04:25 [INFO]     카드 파싱 성공: 3건
2026-03-17 14:04:25 [INFO]     2025.12 p4: +3건 (페이지 3건)
2026-03-17 14:04:27 [INFO]     HTML 크기: 345573 bytes
2026-03-17 14:04:27 [INFO]     OaLkxeV3 포함: True
2026-03-17 14:04:27 [INFO]     GOWcekJV4 포함: True
2026-03-17 14:04:27 [INFO]     카드 발견: 8개
2026-03-17 14:04:27 [INFO]     카드 파싱 성공: 7건
2026-03-17 14:04:27 [INFO]     2025.12 p5: +7건 (페이지 7건)
2026-03-17 14:04:28 [INFO]     HTML 크기: 333429 bytes
2026-03-17 14:04:28 [INFO]     OaLkxeV3 포함: True
2026-03-17 14:04:28 [INFO]     GOWcekJV4 포함: True
2026-03-17 14:04:28 [INFO]     카드 발견: 5개
2026-03-17 14:04:28 [INFO]     카드 파싱 성공: 4건
2026-03-17 14:04:28 [INFO]     2025.12 p6: +4건 (페이지 4건)
2026-03-17 14:04:30 [INFO]     HTML 크기: 314505 bytes
2026-03-17 14:04:30 [INFO]     OaLkxeV3 포함: True
2026-03-17 14:04:30 [INFO]     GOWcekJV4 포함: True
2026-03-17 14:04:30 [INFO]     카드 발견: 1개
2026-03-17 14:04:30 [INFO]     카드 파싱 성공: 1건
2026-03-17 14:04:30 [INFO]     2025.12 p7: +1건 (페이지 1건)
2026-03-17 14:04:32 [INFO]     HTML 크기: 315253 bytes
2026-03-17 14:04:32 [INFO]     OaLkxeV3 포함: True
2026-03-17 14:04:32 [INFO]     GOWcekJV4 포함: True
2026-03-17 14:04:32 [INFO]     카드 발견: 1개
2026-03-17 14:04:32 [INFO]     카드 파싱 성공: 1건
2026-03-17 14:04:32 [INFO]     2025.12 p8: +1건 (페이지 1건)
2026-03-17 14:04:34 [INFO]     HTML 크기: 316956 bytes
2026-03-17 14:04:34 [INFO]     OaLkxeV3 포함: True
2026-03-17 14:04:34 [INFO]     GOWcekJV4 포함: True
2026-03-17 14:04:34 [INFO]     카드 발견: 2개
2026-03-17 14:04:34 [INFO]     카드 파싱 성공: 2건
2026-03-17 14:04:34 [INFO]     2025.12 p9: +2건 (페이지 2건)
2026-03-17 14:04:36 [INFO]     HTML 크기: 322277 bytes
2026-03-17 14:04:36 [INFO]     OaLkxeV3 포함: True
2026-03-17 14:04:36 [INFO]     GOWcekJV4 포함: True
2026-03-17 14:04:36 [INFO]     카드 발견: 3개
2026-03-17 14:04:36 [INFO]     카드 파싱 성공: 3건
2026-03-17 14:04:36 [INFO]     2025.12 p10: +3건 (페이지 3건)
2026-03-17 14:04:38 [INFO]     HTML 크기: 379173 bytes
2026-03-17 14:04:38 [INFO]     OaLkxeV3 포함: True
2026-03-17 14:04:38 [INFO]     GOWcekJV4 포함: True
2026-03-17 14:04:38 [INFO]     카드 발견: 19개
2026-03-17 14:04:38 [INFO]     카드 파싱 성공: 5건
2026-03-17 14:04:38 [INFO]     2025.12 p11: +4건 (페이지 5건)
2026-03-17 14:04:40 [INFO]     HTML 크기: 361475 bytes
2026-03-17 14:04:40 [INFO]     OaLkxeV3 포함: True
2026-03-17 14:04:40 [INFO]     GOWcekJV4 포함: True
2026-03-17 14:04:40 [INFO]     카드 발견: 13개
2026-03-17 14:04:40 [INFO]     카드 파싱 성공: 6건
2026-03-17 14:04:40 [INFO]     2025.12 p12: +2건 (페이지 6건)
2026-03-17 14:04:42 [INFO]     HTML 크기: 380864 bytes
2026-03-17 14:04:42 [INFO]     OaLkxeV3 포함: True
2026-03-17 14:04:42 [INFO]     GOWcekJV4 포함: True
2026-03-17 14:04:42 [INFO]     카드 발견: 18개
2026-03-17 14:04:42 [INFO]     카드 파싱 성공: 7건
2026-03-17 14:04:42 [INFO]     2025.12 p13: +1건 (페이지 7건)
2026-03-17 14:04:44 [INFO]     HTML 크기: 390540 bytes
2026-03-17 14:04:44 [INFO]     OaLkxeV3 포함: True
2026-03-17 14:04:44 [INFO]     GOWcekJV4 포함: True
2026-03-17 14:04:44 [INFO]     카드 발견: 21개
2026-03-17 14:04:44 [INFO]     카드 파싱 성공: 7건
2026-03-17 14:04:44 [INFO]     2025.12 p14: +2건 (페이지 7건)
2026-03-17 14:04:46 [INFO]     HTML 크기: 417602 bytes
2026-03-17 14:04:46 [INFO]     OaLkxeV3 포함: True
2026-03-17 14:04:46 [INFO]     GOWcekJV4 포함: True
2026-03-17 14:04:46 [INFO]     카드 발견: 28개
2026-03-17 14:04:46 [INFO]     카드 파싱 성공: 12건
2026-03-17 14:04:46 [INFO]     2025.12 p15: +4건 (페이지 12건)
2026-03-17 14:04:48 [INFO]     HTML 크기: 386321 bytes
2026-03-17 14:04:48 [INFO]     OaLkxeV3 포함: True
2026-03-17 14:04:48 [INFO]     GOWcekJV4 포함: True
2026-03-17 14:04:48 [INFO]     카드 발견: 21개
2026-03-17 14:04:48 [INFO]     카드 파싱 성공: 4건
2026-03-17 14:04:48 [INFO]     2025.12 p16: +2건 (페이지 4건)
2026-03-17 14:04:50 [INFO]     HTML 크기: 380885 bytes
2026-03-17 14:04:50 [INFO]     OaLkxeV3 포함: True
2026-03-17 14:04:50 [INFO]     GOWcekJV4 포함: True
2026-03-17 14:04:50 [INFO]     카드 발견: 19개
2026-03-17 14:04:50 [INFO]     카드 파싱 성공: 5건
2026-03-17 14:04:50 [INFO]     2025.12 p17: +1건 (페이지 5건)
2026-03-17 14:04:52 [INFO]     HTML 크기: 380845 bytes
2026-03-17 14:04:52 [INFO]     OaLkxeV3 포함: True
2026-03-17 14:04:52 [INFO]     GOWcekJV4 포함: True
2026-03-17 14:04:52 [INFO]     카드 발견: 19개
2026-03-17 14:04:52 [INFO]     카드 파싱 성공: 5건
2026-03-17 14:04:52 [INFO]     2025.12 p18: +1건 (페이지 5건)
2026-03-17 14:04:54 [INFO]     HTML 크기: 409946 bytes
2026-03-17 14:04:54 [INFO]     OaLkxeV3 포함: True
2026-03-17 14:04:54 [INFO]     GOWcekJV4 포함: True
2026-03-17 14:04:54 [INFO]     카드 발견: 28개
2026-03-17 14:04:54 [INFO]     카드 파싱 성공: 5건
2026-03-17 14:04:54 [INFO]     2025.12 p19: +0건 (페이지 5건)
2026-03-17 14:04:55 [INFO]   2025.12 완료: +78건 (누적 3006개)
2026-03-17 14:04:55 [INFO] [Phase 1] 완료 - 후보 URL: 3006개
2026-03-17 14:04:55 [INFO] 
[Phase 2] 본문 스크래핑 (후보 3006건, 목표 추가 7000건)
2026-03-17 14:11:13 [INFO] 체크포인트 저장: 200건
2026-03-17 14:17:47 [INFO] 체크포인트 저장: 400건
2026-03-17 14:24:32 [INFO] 체크포인트 저장: 600건
2026-03-17 14:30:59 [INFO] 체크포인트 저장: 800건
2026-03-17 14:37:36 [INFO] 체크포인트 저장: 1000건
2026-03-17 14:43:31 [INFO] 체크포인트 저장: 1200건
2026-03-17 14:48:58 [INFO] 체크포인트 저장: 1400건
2026-03-17 14:54:15 [INFO] 체크포인트 저장: 1600건
2026-03-17 14:59:53 [INFO] 체크포인트 저장: 1800건
2026-03-17 15:05:11 [INFO] 체크포인트 저장: 2000건
2026-03-17 15:10:27 [INFO] 체크포인트 저장: 2200건
2026-03-17 15:15:43 [INFO] 체크포인트 저장: 2400건
2026-03-17 15:21:06 [INFO] 체크포인트 저장: 2600건
2026-03-17 15:26:36 [INFO] 체크포인트 저장: 2800건
2026-03-17 15:29:40 [INFO] [Phase 2] 완료 - 최종: 2913건
2026-03-17 15:29:40 [INFO] 저장 완료: C:\Users\wf\Downloads\졸작\naver_samsung_news_raw.csv
2026-03-17 15:29:40 [INFO] ============================================================
2026-03-17 15:29:40 [INFO] 완료 | 2913건 | 101분 33초
2026-03-17 15:29:40 [INFO] ============================================================
