2026-04-20 10:13:07 [INFO] ============================================================
2026-04-20 10:13:07 [INFO] [START] 네이버 뉴스 크롤링 시작
2026-04-20 10:13:07 [INFO] [INFO] 검색어: 삼성전자
2026-04-20 10:13:07 [INFO] [INFO] 수집 기간: 2022-01-01 ~ 2025-12-31
2026-04-20 10:13:07 [INFO] [INFO] 목표 기사 수: 7000건
2026-04-20 10:13:07 [INFO] ============================================================
2026-04-20 10:13:07 [INFO] 총 48개월 | 이미 수집: 0건
2026-04-20 10:13:07 [INFO] 
[Phase 1] URL 수집 시작
2026-04-20 10:13:08 [INFO]     HTML 크기: 354005 bytes
2026-04-20 10:13:08 [INFO]     OaLkxeV3 포함: False
2026-04-20 10:13:08 [INFO]     GOWcekJV4 포함: False
2026-04-20 10:13:08 [INFO]     카드 발견: 0개
2026-04-20 10:13:08 [INFO]     카드 파싱 0건 -> 링크 직접 수집 폴백
2026-04-20 10:13:08 [INFO]     CLS_NAVER_LINK 링크: 0개
2026-04-20 10:13:08 [INFO]     2022.01 p1: 0건 (연속 빈 1회)
2026-04-20 10:13:10 [INFO]     HTML 크기: 382862 bytes
2026-04-20 10:13:10 [INFO]     OaLkxeV3 포함: False
2026-04-20 10:13:10 [INFO]     GOWcekJV4 포함: False
2026-04-20 10:13:10 [INFO]     카드 발견: 0개
2026-04-20 10:13:10 [INFO]     카드 파싱 0건 -> 링크 직접 수집 폴백
2026-04-20 10:13:10 [INFO]     CLS_NAVER_LINK 링크: 0개
2026-04-20 10:13:10 [INFO]     2022.01 p2: 0건 (연속 빈 2회)
2026-04-20 10:13:17 [WARNING] [1/3] HTTP 오류: 403 Client Error: Forbidden for url: https://search.naver.com/search.naver?where=news&query=%EC%82%BC%EC%84%B1%EC%A0%84%EC%9E%90&pd=3&ds=2022.01.01&de=2022.01.31&start=20&sort=0
2026-04-20 10:13:26 [WARNING] [2/3] HTTP 오류: 403 Client Error: Forbidden for url: https://search.naver.com/search.naver?where=news&query=%EC%82%BC%EC%84%B1%EC%A0%84%EC%9E%90&pd=3&ds=2022.01.01&de=2022.01.31&start=20&sort=0
2026-04-20 10:13:33 [INFO]     HTML 크기: 369353 bytes
2026-04-20 10:13:33 [INFO]     OaLkxeV3 포함: False
2026-04-20 10:13:33 [INFO]     GOWcekJV4 포함: False
2026-04-20 10:13:33 [INFO]     카드 발견: 0개
2026-04-20 10:13:33 [INFO]     카드 파싱 0건 -> 링크 직접 수집 폴백
2026-04-20 10:13:33 [INFO]     CLS_NAVER_LINK 링크: 0개
2026-04-20 10:13:33 [INFO]     2022.01 p3: 0건 (연속 빈 3회)
2026-04-20 10:13:33 [INFO]   2022.01 완료: +0건 (누적 0개)
2026-04-20 10:13:33 [INFO]     HTML 크기: 414849 bytes
2026-04-20 10:13:33 [INFO]     OaLkxeV3 포함: False
2026-04-20 10:13:33 [INFO]     GOWcekJV4 포함: False
2026-04-20 10:13:33 [INFO]     카드 발견: 0개
2026-04-20 10:13:33 [INFO]     카드 파싱 0건 -> 링크 직접 수집 폴백
2026-04-20 10:13:33 [INFO]     CLS_NAVER_LINK 링크: 0개
2026-04-20 10:13:33 [INFO]     2022.02 p1: 0건 (연속 빈 1회)
2026-04-20 10:13:41 [WARNING] [1/3] HTTP 오류: 403 Client Error: Forbidden for url: https://search.naver.com/search.naver?where=news&query=%EC%82%BC%EC%84%B1%EC%A0%84%EC%9E%90&pd=3&ds=2022.02.01&de=2022.02.28&start=10&sort=0
2026-04-20 10:13:44 [INFO]     HTML 크기: 407343 bytes
2026-04-20 10:13:44 [INFO]     OaLkxeV3 포함: False
2026-04-20 10:13:44 [INFO]     GOWcekJV4 포함: False
2026-04-20 10:13:44 [INFO]     카드 발견: 0개
2026-04-20 10:13:44 [INFO]     카드 파싱 0건 -> 링크 직접 수집 폴백
2026-04-20 10:13:44 [INFO]     CLS_NAVER_LINK 링크: 0개
2026-04-20 10:13:44 [INFO]     2022.02 p2: 0건 (연속 빈 2회)
2026-04-20 10:13:46 [INFO]     HTML 크기: 327365 bytes
2026-04-20 10:13:46 [INFO]     OaLkxeV3 포함: False
2026-04-20 10:13:46 [INFO]     GOWcekJV4 포함: False
2026-04-20 10:13:46 [INFO]     카드 발견: 0개
2026-04-20 10:13:46 [INFO]     카드 파싱 0건 -> 링크 직접 수집 폴백
2026-04-20 10:13:46 [INFO]     CLS_NAVER_LINK 링크: 0개
2026-04-20 10:13:46 [INFO]     2022.02 p3: 0건 (연속 빈 3회)
2026-04-20 10:13:46 [INFO]   2022.02 완료: +0건 (누적 0개)
2026-04-20 10:13:47 [INFO]     HTML 크기: 411612 bytes
2026-04-20 10:13:47 [INFO]     OaLkxeV3 포함: False
2026-04-20 10:13:47 [INFO]     GOWcekJV4 포함: False
2026-04-20 10:13:47 [INFO]     카드 발견: 0개
2026-04-20 10:13:47 [INFO]     카드 파싱 0건 -> 링크 직접 수집 폴백
2026-04-20 10:13:47 [INFO]     CLS_NAVER_LINK 링크: 0개
2026-04-20 10:13:47 [INFO]     2022.03 p1: 0건 (연속 빈 1회)
2026-04-20 10:13:48 [INFO]     HTML 크기: 373050 bytes
2026-04-20 10:13:48 [INFO]     OaLkxeV3 포함: False
2026-04-20 10:13:48 [INFO]     GOWcekJV4 포함: False
2026-04-20 10:13:48 [INFO]     카드 발견: 0개
2026-04-20 10:13:48 [INFO]     카드 파싱 0건 -> 링크 직접 수집 폴백
2026-04-20 10:13:48 [INFO]     CLS_NAVER_LINK 링크: 0개
2026-04-20 10:13:48 [INFO]     2022.03 p2: 0건 (연속 빈 2회)
2026-04-20 10:13:50 [INFO]     HTML 크기: 324669 bytes
2026-04-20 10:13:50 [INFO]     OaLkxeV3 포함: False
2026-04-20 10:13:50 [INFO]     GOWcekJV4 포함: False
2026-04-20 10:13:50 [INFO]     카드 발견: 0개
2026-04-20 10:13:50 [INFO]     카드 파싱 0건 -> 링크 직접 수집 폴백
2026-04-20 10:13:50 [INFO]     CLS_NAVER_LINK 링크: 0개
2026-04-20 10:13:50 [INFO]     2022.03 p3: 0건 (연속 빈 3회)
2026-04-20 10:13:50 [INFO]   2022.03 완료: +0건 (누적 0개)
2026-04-20 10:13:50 [INFO]     HTML 크기: 385146 bytes
2026-04-20 10:13:50 [INFO]     OaLkxeV3 포함: False
2026-04-20 10:13:50 [INFO]     GOWcekJV4 포함: False
2026-04-20 10:13:50 [INFO]     카드 발견: 0개
2026-04-20 10:13:50 [INFO]     카드 파싱 0건 -> 링크 직접 수집 폴백
2026-04-20 10:13:50 [INFO]     CLS_NAVER_LINK 링크: 0개
2026-04-20 10:13:50 [INFO]     2022.04 p1: 0건 (연속 빈 1회)
2026-04-20 10:13:52 [INFO]     HTML 크기: 359208 bytes
2026-04-20 10:13:52 [INFO]     OaLkxeV3 포함: False
2026-04-20 10:13:52 [INFO]     GOWcekJV4 포함: False
2026-04-20 10:13:52 [INFO]     카드 발견: 0개
2026-04-20 10:13:52 [INFO]     카드 파싱 0건 -> 링크 직접 수집 폴백
2026-04-20 10:13:52 [INFO]     CLS_NAVER_LINK 링크: 0개
2026-04-20 10:13:52 [INFO]     2022.04 p2: 0건 (연속 빈 2회)
2026-04-20 10:13:54 [INFO]     HTML 크기: 330819 bytes
2026-04-20 10:13:54 [INFO]     OaLkxeV3 포함: False
2026-04-20 10:13:54 [INFO]     GOWcekJV4 포함: False
2026-04-20 10:13:54 [INFO]     카드 발견: 0개
2026-04-20 10:13:54 [INFO]     카드 파싱 0건 -> 링크 직접 수집 폴백
2026-04-20 10:13:54 [INFO]     CLS_NAVER_LINK 링크: 0개
2026-04-20 10:13:54 [INFO]     2022.04 p3: 0건 (연속 빈 3회)
2026-04-20 10:13:54 [INFO]   2022.04 완료: +0건 (누적 0개)
2026-04-20 10:13:54 [INFO]     HTML 크기: 382844 bytes
2026-04-20 10:13:54 [INFO]     OaLkxeV3 포함: False
2026-04-20 10:13:54 [INFO]     GOWcekJV4 포함: False
2026-04-20 10:13:54 [INFO]     카드 발견: 0개
2026-04-20 10:13:54 [INFO]     카드 파싱 0건 -> 링크 직접 수집 폴백
2026-04-20 10:13:54 [INFO]     CLS_NAVER_LINK 링크: 0개
2026-04-20 10:13:54 [INFO]     2022.05 p1: 0건 (연속 빈 1회)
2026-04-20 10:14:02 [WARNING] [1/3] HTTP 오류: 403 Client Error: Forbidden for url: https://search.naver.com/search.naver?where=news&query=%EC%82%BC%EC%84%B1%EC%A0%84%EC%9E%90&pd=3&ds=2022.05.01&de=2022.05.31&start=10&sort=0
2026-04-20 10:14:05 [INFO]     HTML 크기: 324829 bytes
2026-04-20 10:14:05 [INFO]     OaLkxeV3 포함: False
2026-04-20 10:14:05 [INFO]     GOWcekJV4 포함: False
2026-04-20 10:14:05 [INFO]     카드 발견: 0개
2026-04-20 10:14:05 [INFO]     카드 파싱 0건 -> 링크 직접 수집 폴백
2026-04-20 10:14:05 [INFO]     CLS_NAVER_LINK 링크: 0개
2026-04-20 10:14:05 [INFO]     2022.05 p2: 0건 (연속 빈 2회)
2026-04-20 10:14:07 [INFO]     HTML 크기: 318459 bytes
2026-04-20 10:14:07 [INFO]     OaLkxeV3 포함: False
2026-04-20 10:14:07 [INFO]     GOWcekJV4 포함: False
2026-04-20 10:14:07 [INFO]     카드 발견: 0개
2026-04-20 10:14:07 [INFO]     카드 파싱 0건 -> 링크 직접 수집 폴백
2026-04-20 10:14:07 [INFO]     CLS_NAVER_LINK 링크: 0개
2026-04-20 10:14:07 [INFO]     2022.05 p3: 0건 (연속 빈 3회)
2026-04-20 10:14:07 [INFO]   2022.05 완료: +0건 (누적 0개)
2026-04-20 10:14:07 [INFO]     HTML 크기: 459554 bytes
2026-04-20 10:14:07 [INFO]     OaLkxeV3 포함: False
2026-04-20 10:14:07 [INFO]     GOWcekJV4 포함: False
2026-04-20 10:14:07 [INFO]     카드 발견: 0개
2026-04-20 10:14:07 [INFO]     카드 파싱 0건 -> 링크 직접 수집 폴백
2026-04-20 10:14:07 [INFO]     CLS_NAVER_LINK 링크: 0개
2026-04-20 10:14:07 [INFO]     2022.06 p1: 0건 (연속 빈 1회)
2026-04-20 10:14:09 [INFO]     HTML 크기: 334964 bytes
2026-04-20 10:14:09 [INFO]     OaLkxeV3 포함: False
2026-04-20 10:14:09 [INFO]     GOWcekJV4 포함: False
2026-04-20 10:14:09 [INFO]     카드 발견: 0개
2026-04-20 10:14:09 [INFO]     카드 파싱 0건 -> 링크 직접 수집 폴백
2026-04-20 10:14:09 [INFO]     CLS_NAVER_LINK 링크: 0개
2026-04-20 10:14:09 [INFO]     2022.06 p2: 0건 (연속 빈 2회)
2026-04-20 10:14:17 [WARNING] [1/3] HTTP 오류: 403 Client Error: Forbidden for url: https://search.naver.com/search.naver?where=news&query=%EC%82%BC%EC%84%B1%EC%A0%84%EC%9E%90&pd=3&ds=2022.06.01&de=2022.06.30&start=20&sort=0
2026-04-20 10:14:20 [INFO]     HTML 크기: 308053 bytes
2026-04-20 10:14:20 [INFO]     OaLkxeV3 포함: False
2026-04-20 10:14:20 [INFO]     GOWcekJV4 포함: False
2026-04-20 10:14:20 [INFO]     카드 발견: 0개
2026-04-20 10:14:20 [INFO]     카드 파싱 0건 -> 링크 직접 수집 폴백
2026-04-20 10:14:20 [INFO]     CLS_NAVER_LINK 링크: 0개
2026-04-20 10:14:20 [INFO]     2022.06 p3: 0건 (연속 빈 3회)
2026-04-20 10:14:20 [INFO]   2022.06 완료: +0건 (누적 0개)
2026-04-20 10:14:20 [INFO]     HTML 크기: 365378 bytes
2026-04-20 10:14:20 [INFO]     OaLkxeV3 포함: False
2026-04-20 10:14:20 [INFO]     GOWcekJV4 포함: False
2026-04-20 10:14:20 [INFO]     카드 발견: 0개
2026-04-20 10:14:20 [INFO]     카드 파싱 0건 -> 링크 직접 수집 폴백
2026-04-20 10:14:20 [INFO]     CLS_NAVER_LINK 링크: 0개
2026-04-20 10:14:20 [INFO]     2022.07 p1: 0건 (연속 빈 1회)
2026-04-20 10:14:22 [INFO]     HTML 크기: 352913 bytes
2026-04-20 10:14:22 [INFO]     OaLkxeV3 포함: False
2026-04-20 10:14:22 [INFO]     GOWcekJV4 포함: False
2026-04-20 10:14:22 [INFO]     카드 발견: 0개
2026-04-20 10:14:22 [INFO]     카드 파싱 0건 -> 링크 직접 수집 폴백
2026-04-20 10:14:22 [INFO]     CLS_NAVER_LINK 링크: 0개
2026-04-20 10:14:22 [INFO]     2022.07 p2: 0건 (연속 빈 2회)
2026-04-20 10:14:24 [INFO]     HTML 크기: 321101 bytes
2026-04-20 10:14:24 [INFO]     OaLkxeV3 포함: False
2026-04-20 10:14:24 [INFO]     GOWcekJV4 포함: False
2026-04-20 10:14:24 [INFO]     카드 발견: 0개
2026-04-20 10:14:24 [INFO]     카드 파싱 0건 -> 링크 직접 수집 폴백
2026-04-20 10:14:24 [INFO]     CLS_NAVER_LINK 링크: 0개
2026-04-20 10:14:24 [INFO]     2022.07 p3: 0건 (연속 빈 3회)
2026-04-20 10:14:24 [INFO]   2022.07 완료: +0건 (누적 0개)
2026-04-20 10:14:25 [INFO]     HTML 크기: 413123 bytes
2026-04-20 10:14:25 [INFO]     OaLkxeV3 포함: False
2026-04-20 10:14:25 [INFO]     GOWcekJV4 포함: False
2026-04-20 10:14:25 [INFO]     카드 발견: 0개
2026-04-20 10:14:25 [INFO]     카드 파싱 0건 -> 링크 직접 수집 폴백
2026-04-20 10:14:25 [INFO]     CLS_NAVER_LINK 링크: 0개
2026-04-20 10:14:25 [INFO]     2022.08 p1: 0건 (연속 빈 1회)
2026-04-20 10:14:26 [INFO]     HTML 크기: 331932 bytes
2026-04-20 10:14:26 [INFO]     OaLkxeV3 포함: False
2026-04-20 10:14:26 [INFO]     GOWcekJV4 포함: False
2026-04-20 10:14:26 [INFO]     카드 발견: 0개
2026-04-20 10:14:26 [INFO]     카드 파싱 0건 -> 링크 직접 수집 폴백
2026-04-20 10:14:26 [INFO]     CLS_NAVER_LINK 링크: 0개
2026-04-20 10:14:26 [INFO]     2022.08 p2: 0건 (연속 빈 2회)
2026-04-20 10:14:33 [WARNING] [1/3] HTTP 오류: 403 Client Error: Forbidden for url: https://search.naver.com/search.naver?where=news&query=%EC%82%BC%EC%84%B1%EC%A0%84%EC%9E%90&pd=3&ds=2022.08.01&de=2022.08.31&start=20&sort=0
2026-04-20 10:14:36 [INFO]     HTML 크기: 325873 bytes
2026-04-20 10:14:36 [INFO]     OaLkxeV3 포함: False
2026-04-20 10:14:36 [INFO]     GOWcekJV4 포함: False
2026-04-20 10:14:36 [INFO]     카드 발견: 0개
2026-04-20 10:14:36 [INFO]     카드 파싱 0건 -> 링크 직접 수집 폴백
2026-04-20 10:14:36 [INFO]     CLS_NAVER_LINK 링크: 0개
2026-04-20 10:14:36 [INFO]     2022.08 p3: 0건 (연속 빈 3회)
2026-04-20 10:14:36 [INFO]   2022.08 완료: +0건 (누적 0개)
2026-04-20 10:14:37 [INFO]     HTML 크기: 404048 bytes
2026-04-20 10:14:37 [INFO]     OaLkxeV3 포함: False
2026-04-20 10:14:37 [INFO]     GOWcekJV4 포함: False
2026-04-20 10:14:37 [INFO]     카드 발견: 0개
2026-04-20 10:14:37 [INFO]     카드 파싱 0건 -> 링크 직접 수집 폴백
2026-04-20 10:14:37 [INFO]     CLS_NAVER_LINK 링크: 0개
2026-04-20 10:14:37 [INFO]     2022.09 p1: 0건 (연속 빈 1회)
2026-04-20 10:14:39 [INFO]     HTML 크기: 337750 bytes
2026-04-20 10:14:39 [INFO]     OaLkxeV3 포함: False
2026-04-20 10:14:39 [INFO]     GOWcekJV4 포함: False
2026-04-20 10:14:39 [INFO]     카드 발견: 0개
2026-04-20 10:14:39 [INFO]     카드 파싱 0건 -> 링크 직접 수집 폴백
2026-04-20 10:14:39 [INFO]     CLS_NAVER_LINK 링크: 0개
2026-04-20 10:14:39 [INFO]     2022.09 p2: 0건 (연속 빈 2회)
2026-04-20 10:14:40 [INFO]     HTML 크기: 330594 bytes
2026-04-20 10:14:40 [INFO]     OaLkxeV3 포함: False
2026-04-20 10:14:40 [INFO]     GOWcekJV4 포함: False
2026-04-20 10:14:40 [INFO]     카드 발견: 0개
2026-04-20 10:14:40 [INFO]     카드 파싱 0건 -> 링크 직접 수집 폴백
2026-04-20 10:14:40 [INFO]     CLS_NAVER_LINK 링크: 0개
2026-04-20 10:14:40 [INFO]     2022.09 p3: 0건 (연속 빈 3회)
2026-04-20 10:14:40 [INFO]   2022.09 완료: +0건 (누적 0개)
2026-04-20 10:14:41 [INFO]     HTML 크기: 402621 bytes
2026-04-20 10:14:41 [INFO]     OaLkxeV3 포함: False
2026-04-20 10:14:41 [INFO]     GOWcekJV4 포함: False
2026-04-20 10:14:41 [INFO]     카드 발견: 0개
2026-04-20 10:14:41 [INFO]     카드 파싱 0건 -> 링크 직접 수집 폴백
2026-04-20 10:14:41 [INFO]     CLS_NAVER_LINK 링크: 0개
2026-04-20 10:14:41 [INFO]     2022.10 p1: 0건 (연속 빈 1회)
2026-04-20 10:14:43 [INFO]     HTML 크기: 328074 bytes
2026-04-20 10:14:43 [INFO]     OaLkxeV3 포함: False
2026-04-20 10:14:43 [INFO]     GOWcekJV4 포함: False
2026-04-20 10:14:43 [INFO]     카드 발견: 0개
2026-04-20 10:14:43 [INFO]     카드 파싱 0건 -> 링크 직접 수집 폴백
2026-04-20 10:14:43 [INFO]     CLS_NAVER_LINK 링크: 0개
2026-04-20 10:14:43 [INFO]     2022.10 p2: 0건 (연속 빈 2회)
2026-04-20 10:14:44 [INFO]     HTML 크기: 360140 bytes
2026-04-20 10:14:44 [INFO]     OaLkxeV3 포함: False
2026-04-20 10:14:44 [INFO]     GOWcekJV4 포함: False
2026-04-20 10:14:44 [INFO]     카드 발견: 0개
2026-04-20 10:14:44 [INFO]     카드 파싱 0건 -> 링크 직접 수집 폴백
2026-04-20 10:14:44 [INFO]     CLS_NAVER_LINK 링크: 0개
2026-04-20 10:14:44 [INFO]     2022.10 p3: 0건 (연속 빈 3회)
2026-04-20 10:14:44 [INFO]   2022.10 완료: +0건 (누적 0개)
2026-04-20 10:14:51 [WARNING] [1/3] HTTP 오류: 403 Client Error: Forbidden for url: https://search.naver.com/search.naver?where=news&query=%EC%82%BC%EC%84%B1%EC%A0%84%EC%9E%90&pd=3&ds=2022.11.01&de=2022.11.30&start=0&sort=0
2026-04-20 10:14:54 [INFO]     HTML 크기: 382004 bytes
2026-04-20 10:14:54 [INFO]     OaLkxeV3 포함: False
2026-04-20 10:14:54 [INFO]     GOWcekJV4 포함: False
2026-04-20 10:14:54 [INFO]     카드 발견: 0개
2026-04-20 10:14:54 [INFO]     카드 파싱 0건 -> 링크 직접 수집 폴백
2026-04-20 10:14:54 [INFO]     CLS_NAVER_LINK 링크: 0개
2026-04-20 10:14:54 [INFO]     2022.11 p1: 0건 (연속 빈 1회)
2026-04-20 10:14:55 [INFO]     HTML 크기: 371830 bytes
2026-04-20 10:14:55 [INFO]     OaLkxeV3 포함: False
2026-04-20 10:14:55 [INFO]     GOWcekJV4 포함: False
2026-04-20 10:14:55 [INFO]     카드 발견: 0개
2026-04-20 10:14:55 [INFO]     카드 파싱 0건 -> 링크 직접 수집 폴백
2026-04-20 10:14:55 [INFO]     CLS_NAVER_LINK 링크: 0개
2026-04-20 10:14:55 [INFO]     2022.11 p2: 0건 (연속 빈 2회)
2026-04-20 10:14:57 [INFO]     HTML 크기: 331600 bytes
2026-04-20 10:14:57 [INFO]     OaLkxeV3 포함: False
2026-04-20 10:14:57 [INFO]     GOWcekJV4 포함: False
2026-04-20 10:14:57 [INFO]     카드 발견: 0개
2026-04-20 10:14:57 [INFO]     카드 파싱 0건 -> 링크 직접 수집 폴백
2026-04-20 10:14:57 [INFO]     CLS_NAVER_LINK 링크: 0개
2026-04-20 10:14:57 [INFO]     2022.11 p3: 0건 (연속 빈 3회)
2026-04-20 10:14:57 [INFO]   2022.11 완료: +0건 (누적 0개)
2026-04-20 10:15:03 [WARNING] [1/3] HTTP 오류: 403 Client Error: Forbidden for url: https://search.naver.com/search.naver?where=news&query=%EC%82%BC%EC%84%B1%EC%A0%84%EC%9E%90&pd=3&ds=2022.12.01&de=2022.12.31&start=0&sort=0
2026-04-20 10:15:13 [WARNING] [2/3] HTTP 오류: 403 Client Error: Forbidden for url: https://search.naver.com/search.naver?where=news&query=%EC%82%BC%EC%84%B1%EC%A0%84%EC%9E%90&pd=3&ds=2022.12.01&de=2022.12.31&start=0&sort=0
2026-04-20 10:15:19 [INFO]     HTML 크기: 405038 bytes
2026-04-20 10:15:19 [INFO]     OaLkxeV3 포함: False
2026-04-20 10:15:19 [INFO]     GOWcekJV4 포함: False
2026-04-20 10:15:19 [INFO]     카드 발견: 0개
2026-04-20 10:15:19 [INFO]     카드 파싱 0건 -> 링크 직접 수집 폴백
2026-04-20 10:15:19 [INFO]     CLS_NAVER_LINK 링크: 0개
2026-04-20 10:15:19 [INFO]     2022.12 p1: 0건 (연속 빈 1회)
2026-04-20 10:15:27 [WARNING] [1/3] HTTP 오류: 403 Client Error: Forbidden for url: https://search.naver.com/search.naver?where=news&query=%EC%82%BC%EC%84%B1%EC%A0%84%EC%9E%90&pd=3&ds=2022.12.01&de=2022.12.31&start=10&sort=0
2026-04-20 10:15:36 [WARNING] [2/3] HTTP 오류: 403 Client Error: Forbidden for url: https://search.naver.com/search.naver?where=news&query=%EC%82%BC%EC%84%B1%EC%A0%84%EC%9E%90&pd=3&ds=2022.12.01&de=2022.12.31&start=10&sort=0
2026-04-20 10:15:42 [INFO]     HTML 크기: 341271 bytes
2026-04-20 10:15:42 [INFO]     OaLkxeV3 포함: False
2026-04-20 10:15:42 [INFO]     GOWcekJV4 포함: False
2026-04-20 10:15:42 [INFO]     카드 발견: 0개
2026-04-20 10:15:42 [INFO]     카드 파싱 0건 -> 링크 직접 수집 폴백
2026-04-20 10:15:42 [INFO]     CLS_NAVER_LINK 링크: 0개
2026-04-20 10:15:42 [INFO]     2022.12 p2: 0건 (연속 빈 2회)
2026-04-20 10:15:50 [WARNING] [1/3] HTTP 오류: 403 Client Error: Forbidden for url: https://search.naver.com/search.naver?where=news&query=%EC%82%BC%EC%84%B1%EC%A0%84%EC%9E%90&pd=3&ds=2022.12.01&de=2022.12.31&start=20&sort=0
2026-04-20 10:15:53 [INFO]     HTML 크기: 332955 bytes
2026-04-20 10:15:53 [INFO]     OaLkxeV3 포함: False
2026-04-20 10:15:53 [INFO]     GOWcekJV4 포함: False
2026-04-20 10:15:53 [INFO]     카드 발견: 0개
2026-04-20 10:15:53 [INFO]     카드 파싱 0건 -> 링크 직접 수집 폴백
2026-04-20 10:15:53 [INFO]     CLS_NAVER_LINK 링크: 0개
2026-04-20 10:15:53 [INFO]     2022.12 p3: 0건 (연속 빈 3회)
2026-04-20 10:15:53 [INFO]   2022.12 완료: +0건 (누적 0개)
2026-04-20 10:15:53 [INFO]     HTML 크기: 385370 bytes
2026-04-20 10:15:53 [INFO]     OaLkxeV3 포함: False
2026-04-20 10:15:53 [INFO]     GOWcekJV4 포함: False
2026-04-20 10:15:53 [INFO]     카드 발견: 0개
2026-04-20 10:15:53 [INFO]     카드 파싱 0건 -> 링크 직접 수집 폴백
2026-04-20 10:15:53 [INFO]     CLS_NAVER_LINK 링크: 0개
2026-04-20 10:15:53 [INFO]     2023.01 p1: 0건 (연속 빈 1회)
2026-04-20 10:15:55 [INFO]     HTML 크기: 406730 bytes
2026-04-20 10:15:55 [INFO]     OaLkxeV3 포함: False
2026-04-20 10:15:55 [INFO]     GOWcekJV4 포함: False
2026-04-20 10:15:55 [INFO]     카드 발견: 0개
2026-04-20 10:15:55 [INFO]     카드 파싱 0건 -> 링크 직접 수집 폴백
2026-04-20 10:15:55 [INFO]     CLS_NAVER_LINK 링크: 0개
2026-04-20 10:15:55 [INFO]     2023.01 p2: 0건 (연속 빈 2회)
2026-04-20 10:15:57 [INFO]     HTML 크기: 364667 bytes
2026-04-20 10:15:57 [INFO]     OaLkxeV3 포함: False
2026-04-20 10:15:57 [INFO]     GOWcekJV4 포함: False
2026-04-20 10:15:57 [INFO]     카드 발견: 0개
2026-04-20 10:15:57 [INFO]     카드 파싱 0건 -> 링크 직접 수집 폴백
2026-04-20 10:15:57 [INFO]     CLS_NAVER_LINK 링크: 0개
2026-04-20 10:15:57 [INFO]     2023.01 p3: 0건 (연속 빈 3회)
2026-04-20 10:15:57 [INFO]   2023.01 완료: +0건 (누적 0개)
2026-04-20 10:16:03 [WARNING] [1/3] HTTP 오류: 403 Client Error: Forbidden for url: https://search.naver.com/search.naver?where=news&query=%EC%82%BC%EC%84%B1%EC%A0%84%EC%9E%90&pd=3&ds=2023.02.01&de=2023.02.28&start=0&sort=0
2026-04-20 10:16:12 [WARNING] [2/3] HTTP 오류: 403 Client Error: Forbidden for url: https://search.naver.com/search.naver?where=news&query=%EC%82%BC%EC%84%B1%EC%A0%84%EC%9E%90&pd=3&ds=2023.02.01&de=2023.02.28&start=0&sort=0
2026-04-20 10:16:24 [WARNING] [3/3] HTTP 오류: 403 Client Error: Forbidden for url: https://search.naver.com/search.naver?where=news&query=%EC%82%BC%EC%84%B1%EC%A0%84%EC%9E%90&pd=3&ds=2023.02.01&de=2023.02.28&start=0&sort=0
2026-04-20 10:16:26 [INFO]     HTML 크기: 368041 bytes
2026-04-20 10:16:26 [INFO]     OaLkxeV3 포함: False
2026-04-20 10:16:26 [INFO]     GOWcekJV4 포함: False
2026-04-20 10:16:26 [INFO]     카드 발견: 0개
2026-04-20 10:16:26 [INFO]     카드 파싱 0건 -> 링크 직접 수집 폴백
2026-04-20 10:16:26 [INFO]     CLS_NAVER_LINK 링크: 0개
2026-04-20 10:16:26 [INFO]     2023.02 p2: 0건 (연속 빈 2회)
2026-04-20 10:16:28 [INFO]     HTML 크기: 331447 bytes
2026-04-20 10:16:28 [INFO]     OaLkxeV3 포함: False
2026-04-20 10:16:28 [INFO]     GOWcekJV4 포함: False
2026-04-20 10:16:28 [INFO]     카드 발견: 0개
2026-04-20 10:16:28 [INFO]     카드 파싱 0건 -> 링크 직접 수집 폴백
2026-04-20 10:16:28 [INFO]     CLS_NAVER_LINK 링크: 0개
2026-04-20 10:16:28 [INFO]     2023.02 p3: 0건 (연속 빈 3회)
2026-04-20 10:16:28 [INFO]   2023.02 완료: +0건 (누적 0개)
2026-04-20 10:16:28 [INFO]     HTML 크기: 378619 bytes
2026-04-20 10:16:28 [INFO]     OaLkxeV3 포함: False
2026-04-20 10:16:28 [INFO]     GOWcekJV4 포함: False
2026-04-20 10:16:28 [INFO]     카드 발견: 0개
2026-04-20 10:16:28 [INFO]     카드 파싱 0건 -> 링크 직접 수집 폴백
2026-04-20 10:16:28 [INFO]     CLS_NAVER_LINK 링크: 0개
2026-04-20 10:16:28 [INFO]     2023.03 p1: 0건 (연속 빈 1회)
2026-04-20 10:16:30 [INFO]     HTML 크기: 362907 bytes
2026-04-20 10:16:30 [INFO]     OaLkxeV3 포함: False
2026-04-20 10:16:30 [INFO]     GOWcekJV4 포함: False
2026-04-20 10:16:30 [INFO]     카드 발견: 0개
2026-04-20 10:16:30 [INFO]     카드 파싱 0건 -> 링크 직접 수집 폴백
2026-04-20 10:16:30 [INFO]     CLS_NAVER_LINK 링크: 0개
2026-04-20 10:16:30 [INFO]     2023.03 p2: 0건 (연속 빈 2회)
2026-04-20 10:16:32 [INFO]     HTML 크기: 384053 bytes
2026-04-20 10:16:32 [INFO]     OaLkxeV3 포함: False
2026-04-20 10:16:32 [INFO]     GOWcekJV4 포함: False
2026-04-20 10:16:32 [INFO]     카드 발견: 0개
2026-04-20 10:16:32 [INFO]     카드 파싱 0건 -> 링크 직접 수집 폴백
2026-04-20 10:16:32 [INFO]     CLS_NAVER_LINK 링크: 0개
2026-04-20 10:16:32 [INFO]     2023.03 p3: 0건 (연속 빈 3회)
2026-04-20 10:16:32 [INFO]   2023.03 완료: +0건 (누적 0개)
2026-04-20 10:16:38 [WARNING] [1/3] HTTP 오류: 403 Client Error: Forbidden for url: https://search.naver.com/search.naver?where=news&query=%EC%82%BC%EC%84%B1%EC%A0%84%EC%9E%90&pd=3&ds=2023.04.01&de=2023.04.30&start=0&sort=0
2026-04-20 10:16:47 [WARNING] [2/3] HTTP 오류: 403 Client Error: Forbidden for url: https://search.naver.com/search.naver?where=news&query=%EC%82%BC%EC%84%B1%EC%A0%84%EC%9E%90&pd=3&ds=2023.04.01&de=2023.04.30&start=0&sort=0
2026-04-20 10:16:54 [INFO]     HTML 크기: 330730 bytes
2026-04-20 10:16:54 [INFO]     OaLkxeV3 포함: False
2026-04-20 10:16:54 [INFO]     GOWcekJV4 포함: False
2026-04-20 10:16:54 [INFO]     카드 발견: 0개
2026-04-20 10:16:54 [INFO]     카드 파싱 0건 -> 링크 직접 수집 폴백
2026-04-20 10:16:54 [INFO]     CLS_NAVER_LINK 링크: 0개
2026-04-20 10:16:54 [INFO]     2023.04 p1: 0건 (연속 빈 1회)
2026-04-20 10:17:01 [WARNING] [1/3] HTTP 오류: 403 Client Error: Forbidden for url: https://search.naver.com/search.naver?where=news&query=%EC%82%BC%EC%84%B1%EC%A0%84%EC%9E%90&pd=3&ds=2023.04.01&de=2023.04.30&start=10&sort=0
2026-04-20 10:17:11 [WARNING] [2/3] HTTP 오류: 403 Client Error: Forbidden for url: https://search.naver.com/search.naver?where=news&query=%EC%82%BC%EC%84%B1%EC%A0%84%EC%9E%90&pd=3&ds=2023.04.01&de=2023.04.30&start=10&sort=0
2026-04-20 10:17:17 [INFO]     HTML 크기: 388880 bytes
2026-04-20 10:17:17 [INFO]     OaLkxeV3 포함: False
2026-04-20 10:17:17 [INFO]     GOWcekJV4 포함: False
2026-04-20 10:17:17 [INFO]     카드 발견: 0개
2026-04-20 10:17:17 [INFO]     카드 파싱 0건 -> 링크 직접 수집 폴백
2026-04-20 10:17:17 [INFO]     CLS_NAVER_LINK 링크: 0개
2026-04-20 10:17:17 [INFO]     2023.04 p2: 0건 (연속 빈 2회)
2026-04-20 10:17:25 [WARNING] [1/3] HTTP 오류: 403 Client Error: Forbidden for url: https://search.naver.com/search.naver?where=news&query=%EC%82%BC%EC%84%B1%EC%A0%84%EC%9E%90&pd=3&ds=2023.04.01&de=2023.04.30&start=20&sort=0
2026-04-20 10:17:34 [WARNING] [2/3] HTTP 오류: 403 Client Error: Forbidden for url: https://search.naver.com/search.naver?where=news&query=%EC%82%BC%EC%84%B1%EC%A0%84%EC%9E%90&pd=3&ds=2023.04.01&de=2023.04.30&start=20&sort=0
2026-04-20 10:17:46 [WARNING] [3/3] HTTP 오류: 403 Client Error: Forbidden for url: https://search.naver.com/search.naver?where=news&query=%EC%82%BC%EC%84%B1%EC%A0%84%EC%9E%90&pd=3&ds=2023.04.01&de=2023.04.30&start=20&sort=0
2026-04-20 10:17:46 [INFO]   2023.04 완료: +0건 (누적 0개)
2026-04-20 10:17:47 [INFO]     HTML 크기: 404073 bytes
2026-04-20 10:17:47 [INFO]     OaLkxeV3 포함: False
2026-04-20 10:17:47 [INFO]     GOWcekJV4 포함: False
2026-04-20 10:17:47 [INFO]     카드 발견: 0개
2026-04-20 10:17:47 [INFO]     카드 파싱 0건 -> 링크 직접 수집 폴백
2026-04-20 10:17:47 [INFO]     CLS_NAVER_LINK 링크: 0개
2026-04-20 10:17:47 [INFO]     2023.05 p1: 0건 (연속 빈 1회)
2026-04-20 10:17:48 [INFO]     HTML 크기: 346978 bytes
2026-04-20 10:17:48 [INFO]     OaLkxeV3 포함: False
2026-04-20 10:17:48 [INFO]     GOWcekJV4 포함: False
2026-04-20 10:17:48 [INFO]     카드 발견: 0개
2026-04-20 10:17:48 [INFO]     카드 파싱 0건 -> 링크 직접 수집 폴백
2026-04-20 10:17:48 [INFO]     CLS_NAVER_LINK 링크: 0개
2026-04-20 10:17:48 [INFO]     2023.05 p2: 0건 (연속 빈 2회)
2026-04-20 10:17:50 [INFO]     HTML 크기: 333688 bytes
2026-04-20 10:17:50 [INFO]     OaLkxeV3 포함: False
2026-04-20 10:17:50 [INFO]     GOWcekJV4 포함: False
2026-04-20 10:17:50 [INFO]     카드 발견: 0개
2026-04-20 10:17:50 [INFO]     카드 파싱 0건 -> 링크 직접 수집 폴백
2026-04-20 10:17:50 [INFO]     CLS_NAVER_LINK 링크: 0개
2026-04-20 10:17:50 [INFO]     2023.05 p3: 0건 (연속 빈 3회)
2026-04-20 10:17:50 [INFO]   2023.05 완료: +0건 (누적 0개)
2026-04-20 10:17:56 [WARNING] [1/3] HTTP 오류: 403 Client Error: Forbidden for url: https://search.naver.com/search.naver?where=news&query=%EC%82%BC%EC%84%B1%EC%A0%84%EC%9E%90&pd=3&ds=2023.06.01&de=2023.06.30&start=0&sort=0
2026-04-20 10:18:00 [INFO]     HTML 크기: 420117 bytes
2026-04-20 10:18:00 [INFO]     OaLkxeV3 포함: False
2026-04-20 10:18:00 [INFO]     GOWcekJV4 포함: False
2026-04-20 10:18:00 [INFO]     카드 발견: 0개
2026-04-20 10:18:00 [INFO]     카드 파싱 0건 -> 링크 직접 수집 폴백
2026-04-20 10:18:00 [INFO]     CLS_NAVER_LINK 링크: 0개
2026-04-20 10:18:00 [INFO]     2023.06 p1: 0건 (연속 빈 1회)
2026-04-20 10:18:02 [INFO]     HTML 크기: 353051 bytes
2026-04-20 10:18:02 [INFO]     OaLkxeV3 포함: False
2026-04-20 10:18:02 [INFO]     GOWcekJV4 포함: False
2026-04-20 10:18:02 [INFO]     카드 발견: 0개
2026-04-20 10:18:02 [INFO]     카드 파싱 0건 -> 링크 직접 수집 폴백
2026-04-20 10:18:02 [INFO]     CLS_NAVER_LINK 링크: 0개
2026-04-20 10:18:02 [INFO]     2023.06 p2: 0건 (연속 빈 2회)
2026-04-20 10:18:03 [INFO]     HTML 크기: 341677 bytes
2026-04-20 10:18:03 [INFO]     OaLkxeV3 포함: False
2026-04-20 10:18:03 [INFO]     GOWcekJV4 포함: False
2026-04-20 10:18:03 [INFO]     카드 발견: 0개
2026-04-20 10:18:03 [INFO]     카드 파싱 0건 -> 링크 직접 수집 폴백
2026-04-20 10:18:03 [INFO]     CLS_NAVER_LINK 링크: 0개
2026-04-20 10:18:03 [INFO]     2023.06 p3: 0건 (연속 빈 3회)
2026-04-20 10:18:03 [INFO]   2023.06 완료: +0건 (누적 0개)
2026-04-20 10:18:09 [WARNING] [1/3] HTTP 오류: 403 Client Error: Forbidden for url: https://search.naver.com/search.naver?where=news&query=%EC%82%BC%EC%84%B1%EC%A0%84%EC%9E%90&pd=3&ds=2023.07.01&de=2023.07.31&start=0&sort=0
2026-04-20 10:18:19 [WARNING] [2/3] HTTP 오류: 403 Client Error: Forbidden for url: https://search.naver.com/search.naver?where=news&query=%EC%82%BC%EC%84%B1%EC%A0%84%EC%9E%90&pd=3&ds=2023.07.01&de=2023.07.31&start=0&sort=0
2026-04-20 10:18:25 [INFO]     HTML 크기: 381774 bytes
2026-04-20 10:18:25 [INFO]     OaLkxeV3 포함: False
2026-04-20 10:18:25 [INFO]     GOWcekJV4 포함: False
2026-04-20 10:18:25 [INFO]     카드 발견: 0개
2026-04-20 10:18:25 [INFO]     카드 파싱 0건 -> 링크 직접 수집 폴백
2026-04-20 10:18:25 [INFO]     CLS_NAVER_LINK 링크: 0개
2026-04-20 10:18:25 [INFO]     2023.07 p1: 0건 (연속 빈 1회)
2026-04-20 10:18:33 [WARNING] [1/3] HTTP 오류: 403 Client Error: Forbidden for url: https://search.naver.com/search.naver?where=news&query=%EC%82%BC%EC%84%B1%EC%A0%84%EC%9E%90&pd=3&ds=2023.07.01&de=2023.07.31&start=10&sort=0
2026-04-20 10:18:36 [INFO]     HTML 크기: 326686 bytes
2026-04-20 10:18:36 [INFO]     OaLkxeV3 포함: False
2026-04-20 10:18:36 [INFO]     GOWcekJV4 포함: False
2026-04-20 10:18:36 [INFO]     카드 발견: 0개
2026-04-20 10:18:36 [INFO]     카드 파싱 0건 -> 링크 직접 수집 폴백
2026-04-20 10:18:36 [INFO]     CLS_NAVER_LINK 링크: 0개
2026-04-20 10:18:36 [INFO]     2023.07 p2: 0건 (연속 빈 2회)
2026-04-20 10:18:37 [INFO]     HTML 크기: 339943 bytes
2026-04-20 10:18:37 [INFO]     OaLkxeV3 포함: False
2026-04-20 10:18:37 [INFO]     GOWcekJV4 포함: False
2026-04-20 10:18:37 [INFO]     카드 발견: 0개
2026-04-20 10:18:37 [INFO]     카드 파싱 0건 -> 링크 직접 수집 폴백
2026-04-20 10:18:37 [INFO]     CLS_NAVER_LINK 링크: 0개
2026-04-20 10:18:37 [INFO]     2023.07 p3: 0건 (연속 빈 3회)
2026-04-20 10:18:37 [INFO]   2023.07 완료: +0건 (누적 0개)
2026-04-20 10:18:38 [INFO]     HTML 크기: 389440 bytes
2026-04-20 10:18:38 [INFO]     OaLkxeV3 포함: False
2026-04-20 10:18:38 [INFO]     GOWcekJV4 포함: False
2026-04-20 10:18:38 [INFO]     카드 발견: 0개
2026-04-20 10:18:38 [INFO]     카드 파싱 0건 -> 링크 직접 수집 폴백
2026-04-20 10:18:38 [INFO]     CLS_NAVER_LINK 링크: 0개
2026-04-20 10:18:38 [INFO]     2023.08 p1: 0건 (연속 빈 1회)
2026-04-20 10:18:40 [INFO]     HTML 크기: 367336 bytes
2026-04-20 10:18:40 [INFO]     OaLkxeV3 포함: False
2026-04-20 10:18:40 [INFO]     GOWcekJV4 포함: False
2026-04-20 10:18:40 [INFO]     카드 발견: 0개
2026-04-20 10:18:40 [INFO]     카드 파싱 0건 -> 링크 직접 수집 폴백
2026-04-20 10:18:40 [INFO]     CLS_NAVER_LINK 링크: 0개
2026-04-20 10:18:40 [INFO]     2023.08 p2: 0건 (연속 빈 2회)
2026-04-20 10:18:42 [INFO]     HTML 크기: 336015 bytes
2026-04-20 10:18:42 [INFO]     OaLkxeV3 포함: False
2026-04-20 10:18:42 [INFO]     GOWcekJV4 포함: False
2026-04-20 10:18:42 [INFO]     카드 발견: 0개
2026-04-20 10:18:42 [INFO]     카드 파싱 0건 -> 링크 직접 수집 폴백
2026-04-20 10:18:42 [INFO]     CLS_NAVER_LINK 링크: 0개
2026-04-20 10:18:42 [INFO]     2023.08 p3: 0건 (연속 빈 3회)
2026-04-20 10:18:42 [INFO]   2023.08 완료: +0건 (누적 0개)
2026-04-20 10:18:42 [INFO]     HTML 크기: 376140 bytes
2026-04-20 10:18:42 [INFO]     OaLkxeV3 포함: False
2026-04-20 10:18:42 [INFO]     GOWcekJV4 포함: False
2026-04-20 10:18:42 [INFO]     카드 발견: 0개
2026-04-20 10:18:42 [INFO]     카드 파싱 0건 -> 링크 직접 수집 폴백
2026-04-20 10:18:42 [INFO]     CLS_NAVER_LINK 링크: 0개
2026-04-20 10:18:42 [INFO]     2023.09 p1: 0건 (연속 빈 1회)
2026-04-20 10:18:50 [WARNING] [1/3] HTTP 오류: 403 Client Error: Forbidden for url: https://search.naver.com/search.naver?where=news&query=%EC%82%BC%EC%84%B1%EC%A0%84%EC%9E%90&pd=3&ds=2023.09.01&de=2023.09.30&start=10&sort=0
2026-04-20 10:19:00 [WARNING] [2/3] HTTP 오류: 403 Client Error: Forbidden for url: https://search.naver.com/search.naver?where=news&query=%EC%82%BC%EC%84%B1%EC%A0%84%EC%9E%90&pd=3&ds=2023.09.01&de=2023.09.30&start=10&sort=0
2026-04-20 10:19:12 [WARNING] [3/3] HTTP 오류: 403 Client Error: Forbidden for url: https://search.naver.com/search.naver?where=news&query=%EC%82%BC%EC%84%B1%EC%A0%84%EC%9E%90&pd=3&ds=2023.09.01&de=2023.09.30&start=10&sort=0
2026-04-20 10:19:19 [WARNING] [1/3] HTTP 오류: 403 Client Error: Forbidden for url: https://search.naver.com/search.naver?where=news&query=%EC%82%BC%EC%84%B1%EC%A0%84%EC%9E%90&pd=3&ds=2023.09.01&de=2023.09.30&start=20&sort=0
2026-04-20 10:19:22 [INFO]     HTML 크기: 371113 bytes
2026-04-20 10:19:22 [INFO]     OaLkxeV3 포함: False
2026-04-20 10:19:22 [INFO]     GOWcekJV4 포함: False
2026-04-20 10:19:22 [INFO]     카드 발견: 0개
2026-04-20 10:19:22 [INFO]     카드 파싱 0건 -> 링크 직접 수집 폴백
2026-04-20 10:19:22 [INFO]     CLS_NAVER_LINK 링크: 0개
2026-04-20 10:19:22 [INFO]     2023.09 p3: 0건 (연속 빈 3회)
2026-04-20 10:19:22 [INFO]   2023.09 완료: +0건 (누적 0개)
2026-04-20 10:19:29 [WARNING] [1/3] HTTP 오류: 403 Client Error: Forbidden for url: https://search.naver.com/search.naver?where=news&query=%EC%82%BC%EC%84%B1%EC%A0%84%EC%9E%90&pd=3&ds=2023.10.01&de=2023.10.31&start=0&sort=0
2026-04-20 10:19:32 [INFO]     HTML 크기: 419973 bytes
2026-04-20 10:19:32 [INFO]     OaLkxeV3 포함: False
2026-04-20 10:19:32 [INFO]     GOWcekJV4 포함: False
2026-04-20 10:19:32 [INFO]     카드 발견: 0개
2026-04-20 10:19:32 [INFO]     카드 파싱 0건 -> 링크 직접 수집 폴백
2026-04-20 10:19:32 [INFO]     CLS_NAVER_LINK 링크: 0개
2026-04-20 10:19:32 [INFO]     2023.10 p1: 0건 (연속 빈 1회)
2026-04-20 10:19:34 [INFO]     HTML 크기: 392067 bytes
2026-04-20 10:19:34 [INFO]     OaLkxeV3 포함: False
2026-04-20 10:19:34 [INFO]     GOWcekJV4 포함: False
2026-04-20 10:19:34 [INFO]     카드 발견: 0개
2026-04-20 10:19:34 [INFO]     카드 파싱 0건 -> 링크 직접 수집 폴백
2026-04-20 10:19:34 [INFO]     CLS_NAVER_LINK 링크: 0개
2026-04-20 10:19:34 [INFO]     2023.10 p2: 0건 (연속 빈 2회)
2026-04-20 10:19:41 [WARNING] [1/3] HTTP 오류: 403 Client Error: Forbidden for url: https://search.naver.com/search.naver?where=news&query=%EC%82%BC%EC%84%B1%EC%A0%84%EC%9E%90&pd=3&ds=2023.10.01&de=2023.10.31&start=20&sort=0
2026-04-20 10:19:45 [INFO]     HTML 크기: 338791 bytes
2026-04-20 10:19:45 [INFO]     OaLkxeV3 포함: False
2026-04-20 10:19:45 [INFO]     GOWcekJV4 포함: False
2026-04-20 10:19:45 [INFO]     카드 발견: 0개
2026-04-20 10:19:45 [INFO]     카드 파싱 0건 -> 링크 직접 수집 폴백
2026-04-20 10:19:45 [INFO]     CLS_NAVER_LINK 링크: 0개
2026-04-20 10:19:45 [INFO]     2023.10 p3: 0건 (연속 빈 3회)
2026-04-20 10:19:45 [INFO]   2023.10 완료: +0건 (누적 0개)
2026-04-20 10:19:51 [WARNING] [1/3] HTTP 오류: 403 Client Error: Forbidden for url: https://search.naver.com/search.naver?where=news&query=%EC%82%BC%EC%84%B1%EC%A0%84%EC%9E%90&pd=3&ds=2023.11.01&de=2023.11.30&start=0&sort=0
2026-04-20 10:19:54 [INFO]     HTML 크기: 405719 bytes
2026-04-20 10:19:54 [INFO]     OaLkxeV3 포함: False
2026-04-20 10:19:54 [INFO]     GOWcekJV4 포함: False
2026-04-20 10:19:54 [INFO]     카드 발견: 0개
2026-04-20 10:19:54 [INFO]     카드 파싱 0건 -> 링크 직접 수집 폴백
2026-04-20 10:19:54 [INFO]     CLS_NAVER_LINK 링크: 0개
2026-04-20 10:19:54 [INFO]     2023.11 p1: 0건 (연속 빈 1회)
2026-04-20 10:19:56 [INFO]     HTML 크기: 401515 bytes
2026-04-20 10:19:56 [INFO]     OaLkxeV3 포함: False
2026-04-20 10:19:56 [INFO]     GOWcekJV4 포함: False
2026-04-20 10:19:56 [INFO]     카드 발견: 0개
2026-04-20 10:19:56 [INFO]     카드 파싱 0건 -> 링크 직접 수집 폴백
2026-04-20 10:19:56 [INFO]     CLS_NAVER_LINK 링크: 0개
2026-04-20 10:19:56 [INFO]     2023.11 p2: 0건 (연속 빈 2회)
2026-04-20 10:19:58 [INFO]     HTML 크기: 310645 bytes
2026-04-20 10:19:58 [INFO]     OaLkxeV3 포함: False
2026-04-20 10:19:58 [INFO]     GOWcekJV4 포함: False
2026-04-20 10:19:58 [INFO]     카드 발견: 0개
2026-04-20 10:19:58 [INFO]     카드 파싱 0건 -> 링크 직접 수집 폴백
2026-04-20 10:19:58 [INFO]     CLS_NAVER_LINK 링크: 0개
2026-04-20 10:19:58 [INFO]     2023.11 p3: 0건 (연속 빈 3회)
2026-04-20 10:19:58 [INFO]   2023.11 완료: +0건 (누적 0개)
2026-04-20 10:19:58 [INFO]     HTML 크기: 358683 bytes
2026-04-20 10:19:58 [INFO]     OaLkxeV3 포함: False
2026-04-20 10:19:58 [INFO]     GOWcekJV4 포함: False
2026-04-20 10:19:58 [INFO]     카드 발견: 0개
2026-04-20 10:19:58 [INFO]     카드 파싱 0건 -> 링크 직접 수집 폴백
2026-04-20 10:19:58 [INFO]     CLS_NAVER_LINK 링크: 0개
2026-04-20 10:19:58 [INFO]     2023.12 p1: 0건 (연속 빈 1회)
2026-04-20 10:20:06 [WARNING] [1/3] HTTP 오류: 403 Client Error: Forbidden for url: https://search.naver.com/search.naver?where=news&query=%EC%82%BC%EC%84%B1%EC%A0%84%EC%9E%90&pd=3&ds=2023.12.01&de=2023.12.31&start=10&sort=0
2026-04-20 10:20:15 [WARNING] [2/3] HTTP 오류: 403 Client Error: Forbidden for url: https://search.naver.com/search.naver?where=news&query=%EC%82%BC%EC%84%B1%EC%A0%84%EC%9E%90&pd=3&ds=2023.12.01&de=2023.12.31&start=10&sort=0
2026-04-20 10:20:27 [WARNING] [3/3] HTTP 오류: 403 Client Error: Forbidden for url: https://search.naver.com/search.naver?where=news&query=%EC%82%BC%EC%84%B1%EC%A0%84%EC%9E%90&pd=3&ds=2023.12.01&de=2023.12.31&start=10&sort=0
2026-04-20 10:20:28 [INFO]     HTML 크기: 339258 bytes
2026-04-20 10:20:28 [INFO]     OaLkxeV3 포함: False
2026-04-20 10:20:28 [INFO]     GOWcekJV4 포함: False
2026-04-20 10:20:28 [INFO]     카드 발견: 0개
2026-04-20 10:20:28 [INFO]     카드 파싱 0건 -> 링크 직접 수집 폴백
2026-04-20 10:20:28 [INFO]     CLS_NAVER_LINK 링크: 0개
2026-04-20 10:20:28 [INFO]     2023.12 p3: 0건 (연속 빈 3회)
2026-04-20 10:20:28 [INFO]   2023.12 완료: +0건 (누적 0개)
2026-04-20 10:20:29 [INFO]     HTML 크기: 430935 bytes
2026-04-20 10:20:29 [INFO]     OaLkxeV3 포함: False
2026-04-20 10:20:29 [INFO]     GOWcekJV4 포함: False
2026-04-20 10:20:29 [INFO]     카드 발견: 0개
2026-04-20 10:20:29 [INFO]     카드 파싱 0건 -> 링크 직접 수집 폴백
2026-04-20 10:20:29 [INFO]     CLS_NAVER_LINK 링크: 0개
2026-04-20 10:20:29 [INFO]     2024.01 p1: 0건 (연속 빈 1회)
2026-04-20 10:20:30 [INFO]     HTML 크기: 401512 bytes
2026-04-20 10:20:30 [INFO]     OaLkxeV3 포함: False
2026-04-20 10:20:30 [INFO]     GOWcekJV4 포함: False
2026-04-20 10:20:30 [INFO]     카드 발견: 0개
2026-04-20 10:20:30 [INFO]     카드 파싱 0건 -> 링크 직접 수집 폴백
2026-04-20 10:20:30 [INFO]     CLS_NAVER_LINK 링크: 0개
2026-04-20 10:20:30 [INFO]     2024.01 p2: 0건 (연속 빈 2회)
2026-04-20 10:20:32 [INFO]     HTML 크기: 342799 bytes
2026-04-20 10:20:32 [INFO]     OaLkxeV3 포함: False
2026-04-20 10:20:32 [INFO]     GOWcekJV4 포함: False
2026-04-20 10:20:32 [INFO]     카드 발견: 0개
2026-04-20 10:20:32 [INFO]     카드 파싱 0건 -> 링크 직접 수집 폴백
2026-04-20 10:20:32 [INFO]     CLS_NAVER_LINK 링크: 0개
2026-04-20 10:20:32 [INFO]     2024.01 p3: 0건 (연속 빈 3회)
2026-04-20 10:20:32 [INFO]   2024.01 완료: +0건 (누적 0개)
2026-04-20 10:20:39 [WARNING] [1/3] HTTP 오류: 403 Client Error: Forbidden for url: https://search.naver.com/search.naver?where=news&query=%EC%82%BC%EC%84%B1%EC%A0%84%EC%9E%90&pd=3&ds=2024.02.01&de=2024.02.29&start=0&sort=0
2026-04-20 10:20:42 [INFO]     HTML 크기: 427592 bytes
2026-04-20 10:20:42 [INFO]     OaLkxeV3 포함: False
2026-04-20 10:20:42 [INFO]     GOWcekJV4 포함: False
2026-04-20 10:20:42 [INFO]     카드 발견: 0개
2026-04-20 10:20:42 [INFO]     카드 파싱 0건 -> 링크 직접 수집 폴백
2026-04-20 10:20:42 [INFO]     CLS_NAVER_LINK 링크: 0개
2026-04-20 10:20:42 [INFO]     2024.02 p1: 0건 (연속 빈 1회)
2026-04-20 10:20:44 [INFO]     HTML 크기: 344519 bytes
2026-04-20 10:20:44 [INFO]     OaLkxeV3 포함: False
2026-04-20 10:20:44 [INFO]     GOWcekJV4 포함: False
2026-04-20 10:20:44 [INFO]     카드 발견: 0개
2026-04-20 10:20:44 [INFO]     카드 파싱 0건 -> 링크 직접 수집 폴백
2026-04-20 10:20:44 [INFO]     CLS_NAVER_LINK 링크: 0개
2026-04-20 10:20:44 [INFO]     2024.02 p2: 0건 (연속 빈 2회)
2026-04-20 10:20:51 [WARNING] [1/3] HTTP 오류: 403 Client Error: Forbidden for url: https://search.naver.com/search.naver?where=news&query=%EC%82%BC%EC%84%B1%EC%A0%84%EC%9E%90&pd=3&ds=2024.02.01&de=2024.02.29&start=20&sort=0
2026-04-20 10:20:55 [INFO]     HTML 크기: 364928 bytes
2026-04-20 10:20:55 [INFO]     OaLkxeV3 포함: False
2026-04-20 10:20:55 [INFO]     GOWcekJV4 포함: False
2026-04-20 10:20:55 [INFO]     카드 발견: 0개
2026-04-20 10:20:55 [INFO]     카드 파싱 0건 -> 링크 직접 수집 폴백
2026-04-20 10:20:55 [INFO]     CLS_NAVER_LINK 링크: 0개
2026-04-20 10:20:55 [INFO]     2024.02 p3: 0건 (연속 빈 3회)
2026-04-20 10:20:55 [INFO]   2024.02 완료: +0건 (누적 0개)
2026-04-20 10:20:55 [INFO]     HTML 크기: 403326 bytes
2026-04-20 10:20:55 [INFO]     OaLkxeV3 포함: False
2026-04-20 10:20:55 [INFO]     GOWcekJV4 포함: False
2026-04-20 10:20:55 [INFO]     카드 발견: 0개
2026-04-20 10:20:55 [INFO]     카드 파싱 0건 -> 링크 직접 수집 폴백
2026-04-20 10:20:55 [INFO]     CLS_NAVER_LINK 링크: 0개
2026-04-20 10:20:55 [INFO]     2024.03 p1: 0건 (연속 빈 1회)
2026-04-20 10:20:57 [INFO]     HTML 크기: 355834 bytes
2026-04-20 10:20:57 [INFO]     OaLkxeV3 포함: False
2026-04-20 10:20:57 [INFO]     GOWcekJV4 포함: False
2026-04-20 10:20:57 [INFO]     카드 발견: 0개
2026-04-20 10:20:57 [INFO]     카드 파싱 0건 -> 링크 직접 수집 폴백
2026-04-20 10:20:57 [INFO]     CLS_NAVER_LINK 링크: 0개
2026-04-20 10:20:57 [INFO]     2024.03 p2: 0건 (연속 빈 2회)
2026-04-20 10:20:59 [INFO]     HTML 크기: 337785 bytes
2026-04-20 10:20:59 [INFO]     OaLkxeV3 포함: False
2026-04-20 10:20:59 [INFO]     GOWcekJV4 포함: False
2026-04-20 10:20:59 [INFO]     카드 발견: 0개
2026-04-20 10:20:59 [INFO]     카드 파싱 0건 -> 링크 직접 수집 폴백
2026-04-20 10:20:59 [INFO]     CLS_NAVER_LINK 링크: 0개
2026-04-20 10:20:59 [INFO]     2024.03 p3: 0건 (연속 빈 3회)
2026-04-20 10:20:59 [INFO]   2024.03 완료: +0건 (누적 0개)
2026-04-20 10:21:00 [INFO]     HTML 크기: 433173 bytes
2026-04-20 10:21:00 [INFO]     OaLkxeV3 포함: False
2026-04-20 10:21:00 [INFO]     GOWcekJV4 포함: False
2026-04-20 10:21:00 [INFO]     카드 발견: 0개
2026-04-20 10:21:00 [INFO]     카드 파싱 0건 -> 링크 직접 수집 폴백
2026-04-20 10:21:00 [INFO]     CLS_NAVER_LINK 링크: 0개
2026-04-20 10:21:00 [INFO]     2024.04 p1: 0건 (연속 빈 1회)
2026-04-20 10:21:01 [INFO]     HTML 크기: 404466 bytes
2026-04-20 10:21:01 [INFO]     OaLkxeV3 포함: False
2026-04-20 10:21:01 [INFO]     GOWcekJV4 포함: False
2026-04-20 10:21:01 [INFO]     카드 발견: 0개
2026-04-20 10:21:01 [INFO]     카드 파싱 0건 -> 링크 직접 수집 폴백
2026-04-20 10:21:01 [INFO]     CLS_NAVER_LINK 링크: 0개
2026-04-20 10:21:01 [INFO]     2024.04 p2: 0건 (연속 빈 2회)
2026-04-20 10:21:03 [INFO]     HTML 크기: 365527 bytes
2026-04-20 10:21:03 [INFO]     OaLkxeV3 포함: False
2026-04-20 10:21:03 [INFO]     GOWcekJV4 포함: False
2026-04-20 10:21:03 [INFO]     카드 발견: 0개
2026-04-20 10:21:03 [INFO]     카드 파싱 0건 -> 링크 직접 수집 폴백
2026-04-20 10:21:03 [INFO]     CLS_NAVER_LINK 링크: 0개
2026-04-20 10:21:03 [INFO]     2024.04 p3: 0건 (연속 빈 3회)
2026-04-20 10:21:03 [INFO]   2024.04 완료: +0건 (누적 0개)
2026-04-20 10:21:10 [WARNING] [1/3] HTTP 오류: 403 Client Error: Forbidden for url: https://search.naver.com/search.naver?where=news&query=%EC%82%BC%EC%84%B1%EC%A0%84%EC%9E%90&pd=3&ds=2024.05.01&de=2024.05.31&start=0&sort=0
2026-04-20 10:21:13 [INFO]     HTML 크기: 399171 bytes
2026-04-20 10:21:13 [INFO]     OaLkxeV3 포함: False
2026-04-20 10:21:13 [INFO]     GOWcekJV4 포함: False
2026-04-20 10:21:13 [INFO]     카드 발견: 0개
2026-04-20 10:21:13 [INFO]     카드 파싱 0건 -> 링크 직접 수집 폴백
2026-04-20 10:21:13 [INFO]     CLS_NAVER_LINK 링크: 0개
2026-04-20 10:21:13 [INFO]     2024.05 p1: 0건 (연속 빈 1회)
2026-04-20 10:21:15 [INFO]     HTML 크기: 338602 bytes
2026-04-20 10:21:15 [INFO]     OaLkxeV3 포함: False
2026-04-20 10:21:15 [INFO]     GOWcekJV4 포함: False
2026-04-20 10:21:15 [INFO]     카드 발견: 0개
2026-04-20 10:21:15 [INFO]     카드 파싱 0건 -> 링크 직접 수집 폴백
2026-04-20 10:21:15 [INFO]     CLS_NAVER_LINK 링크: 0개
2026-04-20 10:21:15 [INFO]     2024.05 p2: 0건 (연속 빈 2회)
2026-04-20 10:21:16 [INFO]     HTML 크기: 382407 bytes
2026-04-20 10:21:16 [INFO]     OaLkxeV3 포함: False
2026-04-20 10:21:16 [INFO]     GOWcekJV4 포함: False
2026-04-20 10:21:16 [INFO]     카드 발견: 0개
2026-04-20 10:21:16 [INFO]     카드 파싱 0건 -> 링크 직접 수집 폴백
2026-04-20 10:21:16 [INFO]     CLS_NAVER_LINK 링크: 0개
2026-04-20 10:21:16 [INFO]     2024.05 p3: 0건 (연속 빈 3회)
2026-04-20 10:21:16 [INFO]   2024.05 완료: +0건 (누적 0개)
2026-04-20 10:21:17 [INFO]     HTML 크기: 431586 bytes
2026-04-20 10:21:17 [INFO]     OaLkxeV3 포함: False
2026-04-20 10:21:17 [INFO]     GOWcekJV4 포함: False
2026-04-20 10:21:17 [INFO]     카드 발견: 0개
2026-04-20 10:21:17 [INFO]     카드 파싱 0건 -> 링크 직접 수집 폴백
2026-04-20 10:21:17 [INFO]     CLS_NAVER_LINK 링크: 0개
2026-04-20 10:21:17 [INFO]     2024.06 p1: 0건 (연속 빈 1회)
2026-04-20 10:21:24 [WARNING] [1/3] HTTP 오류: 403 Client Error: Forbidden for url: https://search.naver.com/search.naver?where=news&query=%EC%82%BC%EC%84%B1%EC%A0%84%EC%9E%90&pd=3&ds=2024.06.01&de=2024.06.30&start=10&sort=0
2026-04-20 10:21:34 [WARNING] [2/3] HTTP 오류: 403 Client Error: Forbidden for url: https://search.naver.com/search.naver?where=news&query=%EC%82%BC%EC%84%B1%EC%A0%84%EC%9E%90&pd=3&ds=2024.06.01&de=2024.06.30&start=10&sort=0
2026-04-20 10:21:46 [WARNING] [3/3] HTTP 오류: 403 Client Error: Forbidden for url: https://search.naver.com/search.naver?where=news&query=%EC%82%BC%EC%84%B1%EC%A0%84%EC%9E%90&pd=3&ds=2024.06.01&de=2024.06.30&start=10&sort=0
2026-04-20 10:21:48 [INFO]     HTML 크기: 306551 bytes
2026-04-20 10:21:48 [INFO]     OaLkxeV3 포함: False
2026-04-20 10:21:48 [INFO]     GOWcekJV4 포함: False
2026-04-20 10:21:48 [INFO]     카드 발견: 0개
2026-04-20 10:21:48 [INFO]     카드 파싱 0건 -> 링크 직접 수집 폴백
2026-04-20 10:21:48 [INFO]     CLS_NAVER_LINK 링크: 0개
2026-04-20 10:21:48 [INFO]     2024.06 p3: 0건 (연속 빈 3회)
2026-04-20 10:21:48 [INFO]   2024.06 완료: +0건 (누적 0개)
2026-04-20 10:21:54 [WARNING] [1/3] HTTP 오류: 403 Client Error: Forbidden for url: https://search.naver.com/search.naver?where=news&query=%EC%82%BC%EC%84%B1%EC%A0%84%EC%9E%90&pd=3&ds=2024.07.01&de=2024.07.31&start=0&sort=0
2026-04-20 10:21:57 [INFO]     HTML 크기: 412970 bytes
2026-04-20 10:21:57 [INFO]     OaLkxeV3 포함: False
2026-04-20 10:21:57 [INFO]     GOWcekJV4 포함: False
2026-04-20 10:21:57 [INFO]     카드 발견: 0개
2026-04-20 10:21:57 [INFO]     카드 파싱 0건 -> 링크 직접 수집 폴백
2026-04-20 10:21:57 [INFO]     CLS_NAVER_LINK 링크: 0개
2026-04-20 10:21:57 [INFO]     2024.07 p1: 0건 (연속 빈 1회)
2026-04-20 10:21:59 [INFO]     HTML 크기: 366179 bytes
2026-04-20 10:21:59 [INFO]     OaLkxeV3 포함: False
2026-04-20 10:21:59 [INFO]     GOWcekJV4 포함: False
2026-04-20 10:21:59 [INFO]     카드 발견: 0개
2026-04-20 10:21:59 [INFO]     카드 파싱 0건 -> 링크 직접 수집 폴백
2026-04-20 10:21:59 [INFO]     CLS_NAVER_LINK 링크: 0개
2026-04-20 10:21:59 [INFO]     2024.07 p2: 0건 (연속 빈 2회)
2026-04-20 10:22:07 [WARNING] [1/3] HTTP 오류: 403 Client Error: Forbidden for url: https://search.naver.com/search.naver?where=news&query=%EC%82%BC%EC%84%B1%EC%A0%84%EC%9E%90&pd=3&ds=2024.07.01&de=2024.07.31&start=20&sort=0
2026-04-20 10:22:10 [INFO]     HTML 크기: 363641 bytes
2026-04-20 10:22:10 [INFO]     OaLkxeV3 포함: False
2026-04-20 10:22:10 [INFO]     GOWcekJV4 포함: False
2026-04-20 10:22:10 [INFO]     카드 발견: 0개
2026-04-20 10:22:10 [INFO]     카드 파싱 0건 -> 링크 직접 수집 폴백
2026-04-20 10:22:10 [INFO]     CLS_NAVER_LINK 링크: 0개
2026-04-20 10:22:10 [INFO]     2024.07 p3: 0건 (연속 빈 3회)
2026-04-20 10:22:10 [INFO]   2024.07 완료: +0건 (누적 0개)
2026-04-20 10:22:16 [WARNING] [1/3] HTTP 오류: 403 Client Error: Forbidden for url: https://search.naver.com/search.naver?where=news&query=%EC%82%BC%EC%84%B1%EC%A0%84%EC%9E%90&pd=3&ds=2024.08.01&de=2024.08.31&start=0&sort=0
2026-04-20 10:22:20 [INFO]     HTML 크기: 422420 bytes
2026-04-20 10:22:20 [INFO]     OaLkxeV3 포함: False
2026-04-20 10:22:20 [INFO]     GOWcekJV4 포함: False
2026-04-20 10:22:20 [INFO]     카드 발견: 0개
2026-04-20 10:22:20 [INFO]     카드 파싱 0건 -> 링크 직접 수집 폴백
2026-04-20 10:22:20 [INFO]     CLS_NAVER_LINK 링크: 0개
2026-04-20 10:22:20 [INFO]     2024.08 p1: 0건 (연속 빈 1회)
2026-04-20 10:22:27 [WARNING] [1/3] HTTP 오류: 403 Client Error: Forbidden for url: https://search.naver.com/search.naver?where=news&query=%EC%82%BC%EC%84%B1%EC%A0%84%EC%9E%90&pd=3&ds=2024.08.01&de=2024.08.31&start=10&sort=0
2026-04-20 10:22:31 [INFO]     HTML 크기: 345884 bytes
2026-04-20 10:22:31 [INFO]     OaLkxeV3 포함: False
2026-04-20 10:22:31 [INFO]     GOWcekJV4 포함: False
2026-04-20 10:22:31 [INFO]     카드 발견: 0개
2026-04-20 10:22:31 [INFO]     카드 파싱 0건 -> 링크 직접 수집 폴백
2026-04-20 10:22:31 [INFO]     CLS_NAVER_LINK 링크: 0개
2026-04-20 10:22:31 [INFO]     2024.08 p2: 0건 (연속 빈 2회)
2026-04-20 10:22:32 [INFO]     HTML 크기: 348913 bytes
2026-04-20 10:22:32 [INFO]     OaLkxeV3 포함: False
2026-04-20 10:22:32 [INFO]     GOWcekJV4 포함: False
2026-04-20 10:22:32 [INFO]     카드 발견: 0개
2026-04-20 10:22:32 [INFO]     카드 파싱 0건 -> 링크 직접 수집 폴백
2026-04-20 10:22:32 [INFO]     CLS_NAVER_LINK 링크: 0개
2026-04-20 10:22:32 [INFO]     2024.08 p3: 0건 (연속 빈 3회)
2026-04-20 10:22:32 [INFO]   2024.08 완료: +0건 (누적 0개)
2026-04-20 10:22:33 [INFO]     HTML 크기: 398892 bytes
2026-04-20 10:22:33 [INFO]     OaLkxeV3 포함: False
2026-04-20 10:22:33 [INFO]     GOWcekJV4 포함: False
2026-04-20 10:22:33 [INFO]     카드 발견: 0개
2026-04-20 10:22:33 [INFO]     카드 파싱 0건 -> 링크 직접 수집 폴백
2026-04-20 10:22:33 [INFO]     CLS_NAVER_LINK 링크: 0개
2026-04-20 10:22:33 [INFO]     2024.09 p1: 0건 (연속 빈 1회)
2026-04-20 10:22:34 [INFO]     HTML 크기: 338986 bytes
2026-04-20 10:22:34 [INFO]     OaLkxeV3 포함: False
2026-04-20 10:22:34 [INFO]     GOWcekJV4 포함: False
2026-04-20 10:22:34 [INFO]     카드 발견: 0개
2026-04-20 10:22:34 [INFO]     카드 파싱 0건 -> 링크 직접 수집 폴백
2026-04-20 10:22:34 [INFO]     CLS_NAVER_LINK 링크: 0개
2026-04-20 10:22:34 [INFO]     2024.09 p2: 0건 (연속 빈 2회)
2026-04-20 10:22:36 [INFO]     HTML 크기: 319039 bytes
2026-04-20 10:22:36 [INFO]     OaLkxeV3 포함: False
2026-04-20 10:22:36 [INFO]     GOWcekJV4 포함: False
2026-04-20 10:22:36 [INFO]     카드 발견: 0개
2026-04-20 10:22:36 [INFO]     카드 파싱 0건 -> 링크 직접 수집 폴백
2026-04-20 10:22:36 [INFO]     CLS_NAVER_LINK 링크: 0개
2026-04-20 10:22:36 [INFO]     2024.09 p3: 0건 (연속 빈 3회)
2026-04-20 10:22:36 [INFO]   2024.09 완료: +0건 (누적 0개)
2026-04-20 10:22:36 [INFO]     HTML 크기: 397633 bytes
2026-04-20 10:22:36 [INFO]     OaLkxeV3 포함: False
2026-04-20 10:22:36 [INFO]     GOWcekJV4 포함: False
2026-04-20 10:22:36 [INFO]     카드 발견: 0개
2026-04-20 10:22:36 [INFO]     카드 파싱 0건 -> 링크 직접 수집 폴백
2026-04-20 10:22:36 [INFO]     CLS_NAVER_LINK 링크: 0개
2026-04-20 10:22:36 [INFO]     2024.10 p1: 0건 (연속 빈 1회)
2026-04-20 10:22:38 [INFO]     HTML 크기: 411963 bytes
2026-04-20 10:22:38 [INFO]     OaLkxeV3 포함: False
2026-04-20 10:22:38 [INFO]     GOWcekJV4 포함: False
2026-04-20 10:22:38 [INFO]     카드 발견: 0개
2026-04-20 10:22:38 [INFO]     카드 파싱 0건 -> 링크 직접 수집 폴백
2026-04-20 10:22:38 [INFO]     CLS_NAVER_LINK 링크: 0개
2026-04-20 10:22:38 [INFO]     2024.10 p2: 0건 (연속 빈 2회)
2026-04-20 10:22:39 [INFO]     HTML 크기: 364905 bytes
2026-04-20 10:22:39 [INFO]     OaLkxeV3 포함: False
2026-04-20 10:22:39 [INFO]     GOWcekJV4 포함: False
2026-04-20 10:22:39 [INFO]     카드 발견: 0개
2026-04-20 10:22:39 [INFO]     카드 파싱 0건 -> 링크 직접 수집 폴백
2026-04-20 10:22:39 [INFO]     CLS_NAVER_LINK 링크: 0개
2026-04-20 10:22:39 [INFO]     2024.10 p3: 0건 (연속 빈 3회)
2026-04-20 10:22:39 [INFO]   2024.10 완료: +0건 (누적 0개)
2026-04-20 10:22:40 [INFO]     HTML 크기: 436431 bytes
2026-04-20 10:22:40 [INFO]     OaLkxeV3 포함: False
2026-04-20 10:22:40 [INFO]     GOWcekJV4 포함: False
2026-04-20 10:22:40 [INFO]     카드 발견: 0개
2026-04-20 10:22:40 [INFO]     카드 파싱 0건 -> 링크 직접 수집 폴백
2026-04-20 10:22:40 [INFO]     CLS_NAVER_LINK 링크: 0개
2026-04-20 10:22:40 [INFO]     2024.11 p1: 0건 (연속 빈 1회)
2026-04-20 10:22:42 [INFO]     HTML 크기: 343645 bytes
2026-04-20 10:22:42 [INFO]     OaLkxeV3 포함: False
2026-04-20 10:22:42 [INFO]     GOWcekJV4 포함: False
2026-04-20 10:22:42 [INFO]     카드 발견: 0개
2026-04-20 10:22:42 [INFO]     카드 파싱 0건 -> 링크 직접 수집 폴백
2026-04-20 10:22:42 [INFO]     CLS_NAVER_LINK 링크: 0개
2026-04-20 10:22:42 [INFO]     2024.11 p2: 0건 (연속 빈 2회)
2026-04-20 10:22:43 [INFO]     HTML 크기: 325531 bytes
2026-04-20 10:22:43 [INFO]     OaLkxeV3 포함: False
2026-04-20 10:22:43 [INFO]     GOWcekJV4 포함: False
2026-04-20 10:22:43 [INFO]     카드 발견: 0개
2026-04-20 10:22:43 [INFO]     카드 파싱 0건 -> 링크 직접 수집 폴백
2026-04-20 10:22:43 [INFO]     CLS_NAVER_LINK 링크: 0개
2026-04-20 10:22:43 [INFO]     2024.11 p3: 0건 (연속 빈 3회)
2026-04-20 10:22:43 [INFO]   2024.11 완료: +0건 (누적 0개)
2026-04-20 10:22:44 [INFO]     HTML 크기: 408577 bytes
2026-04-20 10:22:44 [INFO]     OaLkxeV3 포함: False
2026-04-20 10:22:44 [INFO]     GOWcekJV4 포함: False
2026-04-20 10:22:44 [INFO]     카드 발견: 0개
2026-04-20 10:22:44 [INFO]     카드 파싱 0건 -> 링크 직접 수집 폴백
2026-04-20 10:22:44 [INFO]     CLS_NAVER_LINK 링크: 0개
2026-04-20 10:22:44 [INFO]     2024.12 p1: 0건 (연속 빈 1회)
2026-04-20 10:22:51 [WARNING] [1/3] HTTP 오류: 403 Client Error: Forbidden for url: https://search.naver.com/search.naver?where=news&query=%EC%82%BC%EC%84%B1%EC%A0%84%EC%9E%90&pd=3&ds=2024.12.01&de=2024.12.31&start=10&sort=0
2026-04-20 10:22:55 [INFO]     HTML 크기: 342630 bytes
2026-04-20 10:22:55 [INFO]     OaLkxeV3 포함: False
2026-04-20 10:22:55 [INFO]     GOWcekJV4 포함: False
2026-04-20 10:22:55 [INFO]     카드 발견: 0개
2026-04-20 10:22:55 [INFO]     카드 파싱 0건 -> 링크 직접 수집 폴백
2026-04-20 10:22:55 [INFO]     CLS_NAVER_LINK 링크: 0개
2026-04-20 10:22:55 [INFO]     2024.12 p2: 0건 (연속 빈 2회)
2026-04-20 10:22:57 [INFO]     HTML 크기: 305706 bytes
2026-04-20 10:22:57 [INFO]     OaLkxeV3 포함: False
2026-04-20 10:22:57 [INFO]     GOWcekJV4 포함: False
2026-04-20 10:22:57 [INFO]     카드 발견: 0개
2026-04-20 10:22:57 [INFO]     카드 파싱 0건 -> 링크 직접 수집 폴백
2026-04-20 10:22:57 [INFO]     CLS_NAVER_LINK 링크: 0개
2026-04-20 10:22:57 [INFO]     2024.12 p3: 0건 (연속 빈 3회)
2026-04-20 10:22:57 [INFO]   2024.12 완료: +0건 (누적 0개)
2026-04-20 10:23:03 [WARNING] [1/3] HTTP 오류: 403 Client Error: Forbidden for url: https://search.naver.com/search.naver?where=news&query=%EC%82%BC%EC%84%B1%EC%A0%84%EC%9E%90&pd=3&ds=2025.01.01&de=2025.01.31&start=0&sort=0
2026-04-20 10:23:06 [INFO]     HTML 크기: 440134 bytes
2026-04-20 10:23:06 [INFO]     OaLkxeV3 포함: False
2026-04-20 10:23:06 [INFO]     GOWcekJV4 포함: False
2026-04-20 10:23:06 [INFO]     카드 발견: 0개
2026-04-20 10:23:06 [INFO]     카드 파싱 0건 -> 링크 직접 수집 폴백
2026-04-20 10:23:06 [INFO]     CLS_NAVER_LINK 링크: 0개
2026-04-20 10:23:06 [INFO]     2025.01 p1: 0건 (연속 빈 1회)
2026-04-20 10:23:08 [INFO]     HTML 크기: 398093 bytes
2026-04-20 10:23:08 [INFO]     OaLkxeV3 포함: False
2026-04-20 10:23:08 [INFO]     GOWcekJV4 포함: False
2026-04-20 10:23:08 [INFO]     카드 발견: 0개
2026-04-20 10:23:08 [INFO]     카드 파싱 0건 -> 링크 직접 수집 폴백
2026-04-20 10:23:08 [INFO]     CLS_NAVER_LINK 링크: 0개
2026-04-20 10:23:08 [INFO]     2025.01 p2: 0건 (연속 빈 2회)
2026-04-20 10:23:09 [INFO]     HTML 크기: 359491 bytes
2026-04-20 10:23:09 [INFO]     OaLkxeV3 포함: False
2026-04-20 10:23:09 [INFO]     GOWcekJV4 포함: False
2026-04-20 10:23:09 [INFO]     카드 발견: 0개
2026-04-20 10:23:09 [INFO]     카드 파싱 0건 -> 링크 직접 수집 폴백
2026-04-20 10:23:09 [INFO]     CLS_NAVER_LINK 링크: 0개
2026-04-20 10:23:09 [INFO]     2025.01 p3: 0건 (연속 빈 3회)
2026-04-20 10:23:09 [INFO]   2025.01 완료: +0건 (누적 0개)
2026-04-20 10:23:10 [INFO]     HTML 크기: 376957 bytes
2026-04-20 10:23:10 [INFO]     OaLkxeV3 포함: False
2026-04-20 10:23:10 [INFO]     GOWcekJV4 포함: False
2026-04-20 10:23:10 [INFO]     카드 발견: 0개
2026-04-20 10:23:10 [INFO]     카드 파싱 0건 -> 링크 직접 수집 폴백
2026-04-20 10:23:10 [INFO]     CLS_NAVER_LINK 링크: 0개
2026-04-20 10:23:10 [INFO]     2025.02 p1: 0건 (연속 빈 1회)
2026-04-20 10:23:12 [INFO]     HTML 크기: 345691 bytes
2026-04-20 10:23:12 [INFO]     OaLkxeV3 포함: False
2026-04-20 10:23:12 [INFO]     GOWcekJV4 포함: False
2026-04-20 10:23:12 [INFO]     카드 발견: 0개
2026-04-20 10:23:12 [INFO]     카드 파싱 0건 -> 링크 직접 수집 폴백
2026-04-20 10:23:12 [INFO]     CLS_NAVER_LINK 링크: 0개
2026-04-20 10:23:12 [INFO]     2025.02 p2: 0건 (연속 빈 2회)
2026-04-20 10:23:19 [WARNING] [1/3] HTTP 오류: 403 Client Error: Forbidden for url: https://search.naver.com/search.naver?where=news&query=%EC%82%BC%EC%84%B1%EC%A0%84%EC%9E%90&pd=3&ds=2025.02.01&de=2025.02.28&start=20&sort=0
2026-04-20 10:23:28 [WARNING] [2/3] HTTP 오류: 403 Client Error: Forbidden for url: https://search.naver.com/search.naver?where=news&query=%EC%82%BC%EC%84%B1%EC%A0%84%EC%9E%90&pd=3&ds=2025.02.01&de=2025.02.28&start=20&sort=0
2026-04-20 10:23:34 [INFO]     HTML 크기: 367118 bytes
2026-04-20 10:23:34 [INFO]     OaLkxeV3 포함: False
2026-04-20 10:23:34 [INFO]     GOWcekJV4 포함: False
2026-04-20 10:23:34 [INFO]     카드 발견: 0개
2026-04-20 10:23:34 [INFO]     카드 파싱 0건 -> 링크 직접 수집 폴백
2026-04-20 10:23:34 [INFO]     CLS_NAVER_LINK 링크: 0개
2026-04-20 10:23:34 [INFO]     2025.02 p3: 0건 (연속 빈 3회)
2026-04-20 10:23:34 [INFO]   2025.02 완료: +0건 (누적 0개)
2026-04-20 10:23:41 [WARNING] [1/3] HTTP 오류: 403 Client Error: Forbidden for url: https://search.naver.com/search.naver?where=news&query=%EC%82%BC%EC%84%B1%EC%A0%84%EC%9E%90&pd=3&ds=2025.03.01&de=2025.03.31&start=0&sort=0
2026-04-20 10:23:50 [WARNING] [2/3] HTTP 오류: 403 Client Error: Forbidden for url: https://search.naver.com/search.naver?where=news&query=%EC%82%BC%EC%84%B1%EC%A0%84%EC%9E%90&pd=3&ds=2025.03.01&de=2025.03.31&start=0&sort=0
2026-04-20 10:24:02 [WARNING] [3/3] HTTP 오류: 403 Client Error: Forbidden for url: https://search.naver.com/search.naver?where=news&query=%EC%82%BC%EC%84%B1%EC%A0%84%EC%9E%90&pd=3&ds=2025.03.01&de=2025.03.31&start=0&sort=0
2026-04-20 10:24:04 [INFO]     HTML 크기: 352933 bytes
2026-04-20 10:24:04 [INFO]     OaLkxeV3 포함: False
2026-04-20 10:24:04 [INFO]     GOWcekJV4 포함: False
2026-04-20 10:24:04 [INFO]     카드 발견: 0개
2026-04-20 10:24:04 [INFO]     카드 파싱 0건 -> 링크 직접 수집 폴백
2026-04-20 10:24:04 [INFO]     CLS_NAVER_LINK 링크: 0개
2026-04-20 10:24:04 [INFO]     2025.03 p2: 0건 (연속 빈 2회)
2026-04-20 10:24:11 [WARNING] [1/3] HTTP 오류: 403 Client Error: Forbidden for url: https://search.naver.com/search.naver?where=news&query=%EC%82%BC%EC%84%B1%EC%A0%84%EC%9E%90&pd=3&ds=2025.03.01&de=2025.03.31&start=20&sort=0
2026-04-20 10:24:20 [WARNING] [2/3] HTTP 오류: 403 Client Error: Forbidden for url: https://search.naver.com/search.naver?where=news&query=%EC%82%BC%EC%84%B1%EC%A0%84%EC%9E%90&pd=3&ds=2025.03.01&de=2025.03.31&start=20&sort=0
2026-04-20 10:24:27 [INFO]     HTML 크기: 318450 bytes
2026-04-20 10:24:27 [INFO]     OaLkxeV3 포함: False
2026-04-20 10:24:27 [INFO]     GOWcekJV4 포함: False
2026-04-20 10:24:27 [INFO]     카드 발견: 0개
2026-04-20 10:24:27 [INFO]     카드 파싱 0건 -> 링크 직접 수집 폴백
2026-04-20 10:24:27 [INFO]     CLS_NAVER_LINK 링크: 0개
2026-04-20 10:24:27 [INFO]     2025.03 p3: 0건 (연속 빈 3회)
2026-04-20 10:24:27 [INFO]   2025.03 완료: +0건 (누적 0개)
2026-04-20 10:24:27 [INFO]     HTML 크기: 397530 bytes
2026-04-20 10:24:27 [INFO]     OaLkxeV3 포함: False
2026-04-20 10:24:27 [INFO]     GOWcekJV4 포함: False
2026-04-20 10:24:27 [INFO]     카드 발견: 0개
2026-04-20 10:24:27 [INFO]     카드 파싱 0건 -> 링크 직접 수집 폴백
2026-04-20 10:24:27 [INFO]     CLS_NAVER_LINK 링크: 0개
2026-04-20 10:24:27 [INFO]     2025.04 p1: 0건 (연속 빈 1회)
2026-04-20 10:24:29 [INFO]     HTML 크기: 368863 bytes
2026-04-20 10:24:29 [INFO]     OaLkxeV3 포함: False
2026-04-20 10:24:29 [INFO]     GOWcekJV4 포함: False
2026-04-20 10:24:29 [INFO]     카드 발견: 0개
2026-04-20 10:24:29 [INFO]     카드 파싱 0건 -> 링크 직접 수집 폴백
2026-04-20 10:24:29 [INFO]     CLS_NAVER_LINK 링크: 0개
2026-04-20 10:24:29 [INFO]     2025.04 p2: 0건 (연속 빈 2회)
2026-04-20 10:24:31 [INFO]     HTML 크기: 365128 bytes
2026-04-20 10:24:31 [INFO]     OaLkxeV3 포함: False
2026-04-20 10:24:31 [INFO]     GOWcekJV4 포함: False
2026-04-20 10:24:31 [INFO]     카드 발견: 0개
2026-04-20 10:24:31 [INFO]     카드 파싱 0건 -> 링크 직접 수집 폴백
2026-04-20 10:24:31 [INFO]     CLS_NAVER_LINK 링크: 0개
2026-04-20 10:24:31 [INFO]     2025.04 p3: 0건 (연속 빈 3회)
2026-04-20 10:24:31 [INFO]   2025.04 완료: +0건 (누적 0개)
2026-04-20 10:24:31 [INFO]     HTML 크기: 338184 bytes
2026-04-20 10:24:31 [INFO]     OaLkxeV3 포함: False
2026-04-20 10:24:31 [INFO]     GOWcekJV4 포함: False
2026-04-20 10:24:31 [INFO]     카드 발견: 0개
2026-04-20 10:24:31 [INFO]     카드 파싱 0건 -> 링크 직접 수집 폴백
2026-04-20 10:24:31 [INFO]     CLS_NAVER_LINK 링크: 0개
2026-04-20 10:24:31 [INFO]     2025.05 p1: 0건 (연속 빈 1회)
2026-04-20 10:24:39 [WARNING] [1/3] HTTP 오류: 403 Client Error: Forbidden for url: https://search.naver.com/search.naver?where=news&query=%EC%82%BC%EC%84%B1%EC%A0%84%EC%9E%90&pd=3&ds=2025.05.01&de=2025.05.31&start=10&sort=0
2026-04-20 10:24:48 [WARNING] [2/3] HTTP 오류: 403 Client Error: Forbidden for url: https://search.naver.com/search.naver?where=news&query=%EC%82%BC%EC%84%B1%EC%A0%84%EC%9E%90&pd=3&ds=2025.05.01&de=2025.05.31&start=10&sort=0
2026-04-20 10:25:01 [WARNING] [3/3] HTTP 오류: 403 Client Error: Forbidden for url: https://search.naver.com/search.naver?where=news&query=%EC%82%BC%EC%84%B1%EC%A0%84%EC%9E%90&pd=3&ds=2025.05.01&de=2025.05.31&start=10&sort=0
2026-04-20 10:25:03 [INFO]     HTML 크기: 356886 bytes
2026-04-20 10:25:03 [INFO]     OaLkxeV3 포함: False
2026-04-20 10:25:03 [INFO]     GOWcekJV4 포함: False
2026-04-20 10:25:03 [INFO]     카드 발견: 0개
2026-04-20 10:25:03 [INFO]     카드 파싱 0건 -> 링크 직접 수집 폴백
2026-04-20 10:25:03 [INFO]     CLS_NAVER_LINK 링크: 0개
2026-04-20 10:25:03 [INFO]     2025.05 p3: 0건 (연속 빈 3회)
2026-04-20 10:25:03 [INFO]   2025.05 완료: +0건 (누적 0개)
2026-04-20 10:25:03 [INFO]     HTML 크기: 354291 bytes
2026-04-20 10:25:03 [INFO]     OaLkxeV3 포함: False
2026-04-20 10:25:03 [INFO]     GOWcekJV4 포함: False
2026-04-20 10:25:03 [INFO]     카드 발견: 0개
2026-04-20 10:25:03 [INFO]     카드 파싱 0건 -> 링크 직접 수집 폴백
2026-04-20 10:25:03 [INFO]     CLS_NAVER_LINK 링크: 0개
2026-04-20 10:25:03 [INFO]     2025.06 p1: 0건 (연속 빈 1회)
2026-04-20 10:25:11 [WARNING] [1/3] HTTP 오류: 403 Client Error: Forbidden for url: https://search.naver.com/search.naver?where=news&query=%EC%82%BC%EC%84%B1%EC%A0%84%EC%9E%90&pd=3&ds=2025.06.01&de=2025.06.30&start=10&sort=0
2026-04-20 10:25:14 [INFO]     HTML 크기: 345372 bytes
2026-04-20 10:25:14 [INFO]     OaLkxeV3 포함: False
2026-04-20 10:25:14 [INFO]     GOWcekJV4 포함: False
2026-04-20 10:25:14 [INFO]     카드 발견: 0개
2026-04-20 10:25:14 [INFO]     카드 파싱 0건 -> 링크 직접 수집 폴백
2026-04-20 10:25:14 [INFO]     CLS_NAVER_LINK 링크: 0개
2026-04-20 10:25:14 [INFO]     2025.06 p2: 0건 (연속 빈 2회)
2026-04-20 10:25:16 [INFO]     HTML 크기: 341658 bytes
2026-04-20 10:25:16 [INFO]     OaLkxeV3 포함: False
2026-04-20 10:25:16 [INFO]     GOWcekJV4 포함: False
2026-04-20 10:25:16 [INFO]     카드 발견: 0개
2026-04-20 10:25:16 [INFO]     카드 파싱 0건 -> 링크 직접 수집 폴백
2026-04-20 10:25:16 [INFO]     CLS_NAVER_LINK 링크: 0개
2026-04-20 10:25:16 [INFO]     2025.06 p3: 0건 (연속 빈 3회)
2026-04-20 10:25:16 [INFO]   2025.06 완료: +0건 (누적 0개)
2026-04-20 10:25:16 [INFO]     HTML 크기: 361730 bytes
2026-04-20 10:25:16 [INFO]     OaLkxeV3 포함: False
2026-04-20 10:25:16 [INFO]     GOWcekJV4 포함: False
2026-04-20 10:25:16 [INFO]     카드 발견: 0개
2026-04-20 10:25:16 [INFO]     카드 파싱 0건 -> 링크 직접 수집 폴백
2026-04-20 10:25:16 [INFO]     CLS_NAVER_LINK 링크: 0개
2026-04-20 10:25:16 [INFO]     2025.07 p1: 0건 (연속 빈 1회)
2026-04-20 10:25:18 [INFO]     HTML 크기: 415750 bytes
2026-04-20 10:25:18 [INFO]     OaLkxeV3 포함: False
2026-04-20 10:25:18 [INFO]     GOWcekJV4 포함: False
2026-04-20 10:25:18 [INFO]     카드 발견: 0개
2026-04-20 10:25:18 [INFO]     카드 파싱 0건 -> 링크 직접 수집 폴백
2026-04-20 10:25:18 [INFO]     CLS_NAVER_LINK 링크: 0개
2026-04-20 10:25:18 [INFO]     2025.07 p2: 0건 (연속 빈 2회)
2026-04-20 10:25:25 [WARNING] [1/3] HTTP 오류: 403 Client Error: Forbidden for url: https://search.naver.com/search.naver?where=news&query=%EC%82%BC%EC%84%B1%EC%A0%84%EC%9E%90&pd=3&ds=2025.07.01&de=2025.07.31&start=20&sort=0
2026-04-20 10:25:29 [INFO]     HTML 크기: 363704 bytes
2026-04-20 10:25:29 [INFO]     OaLkxeV3 포함: False
2026-04-20 10:25:29 [INFO]     GOWcekJV4 포함: False
2026-04-20 10:25:29 [INFO]     카드 발견: 0개
2026-04-20 10:25:29 [INFO]     카드 파싱 0건 -> 링크 직접 수집 폴백
2026-04-20 10:25:29 [INFO]     CLS_NAVER_LINK 링크: 0개
2026-04-20 10:25:29 [INFO]     2025.07 p3: 0건 (연속 빈 3회)
2026-04-20 10:25:29 [INFO]   2025.07 완료: +0건 (누적 0개)
2026-04-20 10:25:29 [INFO]     HTML 크기: 397378 bytes
2026-04-20 10:25:29 [INFO]     OaLkxeV3 포함: False
2026-04-20 10:25:29 [INFO]     GOWcekJV4 포함: False
2026-04-20 10:25:29 [INFO]     카드 발견: 0개
2026-04-20 10:25:29 [INFO]     카드 파싱 0건 -> 링크 직접 수집 폴백
2026-04-20 10:25:29 [INFO]     CLS_NAVER_LINK 링크: 0개
2026-04-20 10:25:29 [INFO]     2025.08 p1: 0건 (연속 빈 1회)
2026-04-20 10:25:31 [INFO]     HTML 크기: 378977 bytes
2026-04-20 10:25:31 [INFO]     OaLkxeV3 포함: False
2026-04-20 10:25:31 [INFO]     GOWcekJV4 포함: False
2026-04-20 10:25:31 [INFO]     카드 발견: 0개
2026-04-20 10:25:31 [INFO]     카드 파싱 0건 -> 링크 직접 수집 폴백
2026-04-20 10:25:31 [INFO]     CLS_NAVER_LINK 링크: 0개
2026-04-20 10:25:31 [INFO]     2025.08 p2: 0건 (연속 빈 2회)
2026-04-20 10:25:32 [INFO]     HTML 크기: 343570 bytes
2026-04-20 10:25:32 [INFO]     OaLkxeV3 포함: False
2026-04-20 10:25:32 [INFO]     GOWcekJV4 포함: False
2026-04-20 10:25:32 [INFO]     카드 발견: 0개
2026-04-20 10:25:32 [INFO]     카드 파싱 0건 -> 링크 직접 수집 폴백
2026-04-20 10:25:32 [INFO]     CLS_NAVER_LINK 링크: 0개
2026-04-20 10:25:32 [INFO]     2025.08 p3: 0건 (연속 빈 3회)
2026-04-20 10:25:32 [INFO]   2025.08 완료: +0건 (누적 0개)
2026-04-20 10:25:39 [WARNING] [1/3] HTTP 오류: 403 Client Error: Forbidden for url: https://search.naver.com/search.naver?where=news&query=%EC%82%BC%EC%84%B1%EC%A0%84%EC%9E%90&pd=3&ds=2025.09.01&de=2025.09.30&start=0&sort=0
2026-04-20 10:25:42 [INFO]     HTML 크기: 427200 bytes
2026-04-20 10:25:42 [INFO]     OaLkxeV3 포함: False
2026-04-20 10:25:42 [INFO]     GOWcekJV4 포함: False
2026-04-20 10:25:42 [INFO]     카드 발견: 0개
2026-04-20 10:25:42 [INFO]     카드 파싱 0건 -> 링크 직접 수집 폴백
2026-04-20 10:25:42 [INFO]     CLS_NAVER_LINK 링크: 0개
2026-04-20 10:25:42 [INFO]     2025.09 p1: 0건 (연속 빈 1회)
2026-04-20 10:25:50 [WARNING] [1/3] HTTP 오류: 403 Client Error: Forbidden for url: https://search.naver.com/search.naver?where=news&query=%EC%82%BC%EC%84%B1%EC%A0%84%EC%9E%90&pd=3&ds=2025.09.01&de=2025.09.30&start=10&sort=0
2026-04-20 10:25:53 [INFO]     HTML 크기: 337175 bytes
2026-04-20 10:25:53 [INFO]     OaLkxeV3 포함: False
2026-04-20 10:25:53 [INFO]     GOWcekJV4 포함: False
2026-04-20 10:25:53 [INFO]     카드 발견: 0개
2026-04-20 10:25:53 [INFO]     카드 파싱 0건 -> 링크 직접 수집 폴백
2026-04-20 10:25:53 [INFO]     CLS_NAVER_LINK 링크: 0개
2026-04-20 10:25:53 [INFO]     2025.09 p2: 0건 (연속 빈 2회)
2026-04-20 10:25:55 [INFO]     HTML 크기: 307949 bytes
2026-04-20 10:25:55 [INFO]     OaLkxeV3 포함: False
2026-04-20 10:25:55 [INFO]     GOWcekJV4 포함: False
2026-04-20 10:25:55 [INFO]     카드 발견: 0개
2026-04-20 10:25:55 [INFO]     카드 파싱 0건 -> 링크 직접 수집 폴백
2026-04-20 10:25:55 [INFO]     CLS_NAVER_LINK 링크: 0개
2026-04-20 10:25:55 [INFO]     2025.09 p3: 0건 (연속 빈 3회)
2026-04-20 10:25:55 [INFO]   2025.09 완료: +0건 (누적 0개)
2026-04-20 10:25:55 [INFO]     HTML 크기: 406472 bytes
2026-04-20 10:25:55 [INFO]     OaLkxeV3 포함: False
2026-04-20 10:25:55 [INFO]     GOWcekJV4 포함: False
2026-04-20 10:25:55 [INFO]     카드 발견: 0개
2026-04-20 10:25:55 [INFO]     카드 파싱 0건 -> 링크 직접 수집 폴백
2026-04-20 10:25:55 [INFO]     CLS_NAVER_LINK 링크: 0개
2026-04-20 10:25:55 [INFO]     2025.10 p1: 0건 (연속 빈 1회)
2026-04-20 10:25:57 [INFO]     HTML 크기: 391332 bytes
2026-04-20 10:25:57 [INFO]     OaLkxeV3 포함: False
2026-04-20 10:25:57 [INFO]     GOWcekJV4 포함: False
2026-04-20 10:25:57 [INFO]     카드 발견: 0개
2026-04-20 10:25:57 [INFO]     카드 파싱 0건 -> 링크 직접 수집 폴백
2026-04-20 10:25:57 [INFO]     CLS_NAVER_LINK 링크: 0개
2026-04-20 10:25:57 [INFO]     2025.10 p2: 0건 (연속 빈 2회)
2026-04-20 10:25:58 [INFO]     HTML 크기: 369201 bytes
2026-04-20 10:25:58 [INFO]     OaLkxeV3 포함: False
2026-04-20 10:25:58 [INFO]     GOWcekJV4 포함: False
2026-04-20 10:25:58 [INFO]     카드 발견: 0개
2026-04-20 10:25:58 [INFO]     카드 파싱 0건 -> 링크 직접 수집 폴백
2026-04-20 10:25:58 [INFO]     CLS_NAVER_LINK 링크: 0개
2026-04-20 10:25:58 [INFO]     2025.10 p3: 0건 (연속 빈 3회)
2026-04-20 10:25:58 [INFO]   2025.10 완료: +0건 (누적 0개)
2026-04-20 10:25:59 [INFO]     HTML 크기: 372676 bytes
2026-04-20 10:25:59 [INFO]     OaLkxeV3 포함: False
2026-04-20 10:25:59 [INFO]     GOWcekJV4 포함: False
2026-04-20 10:25:59 [INFO]     카드 발견: 0개
2026-04-20 10:25:59 [INFO]     카드 파싱 0건 -> 링크 직접 수집 폴백
2026-04-20 10:25:59 [INFO]     CLS_NAVER_LINK 링크: 0개
2026-04-20 10:25:59 [INFO]     2025.11 p1: 0건 (연속 빈 1회)
2026-04-20 10:26:07 [WARNING] [1/3] HTTP 오류: 403 Client Error: Forbidden for url: https://search.naver.com/search.naver?where=news&query=%EC%82%BC%EC%84%B1%EC%A0%84%EC%9E%90&pd=3&ds=2025.11.01&de=2025.11.30&start=10&sort=0
2026-04-20 10:26:16 [WARNING] [2/3] HTTP 오류: 403 Client Error: Forbidden for url: https://search.naver.com/search.naver?where=news&query=%EC%82%BC%EC%84%B1%EC%A0%84%EC%9E%90&pd=3&ds=2025.11.01&de=2025.11.30&start=10&sort=0
2026-04-20 10:26:22 [INFO]     HTML 크기: 394363 bytes
2026-04-20 10:26:22 [INFO]     OaLkxeV3 포함: False
2026-04-20 10:26:22 [INFO]     GOWcekJV4 포함: False
2026-04-20 10:26:22 [INFO]     카드 발견: 0개
2026-04-20 10:26:22 [INFO]     카드 파싱 0건 -> 링크 직접 수집 폴백
2026-04-20 10:26:22 [INFO]     CLS_NAVER_LINK 링크: 0개
2026-04-20 10:26:22 [INFO]     2025.11 p2: 0건 (연속 빈 2회)
2026-04-20 10:26:24 [INFO]     HTML 크기: 362462 bytes
2026-04-20 10:26:24 [INFO]     OaLkxeV3 포함: False
2026-04-20 10:26:24 [INFO]     GOWcekJV4 포함: False
2026-04-20 10:26:24 [INFO]     카드 발견: 0개
2026-04-20 10:26:24 [INFO]     카드 파싱 0건 -> 링크 직접 수집 폴백
2026-04-20 10:26:24 [INFO]     CLS_NAVER_LINK 링크: 0개
2026-04-20 10:26:24 [INFO]     2025.11 p3: 0건 (연속 빈 3회)
2026-04-20 10:26:24 [INFO]   2025.11 완료: +0건 (누적 0개)
2026-04-20 10:26:24 [INFO]     HTML 크기: 374893 bytes
2026-04-20 10:26:24 [INFO]     OaLkxeV3 포함: False
2026-04-20 10:26:24 [INFO]     GOWcekJV4 포함: False
2026-04-20 10:26:24 [INFO]     카드 발견: 0개
2026-04-20 10:26:24 [INFO]     카드 파싱 0건 -> 링크 직접 수집 폴백
2026-04-20 10:26:24 [INFO]     CLS_NAVER_LINK 링크: 0개
2026-04-20 10:26:24 [INFO]     2025.12 p1: 0건 (연속 빈 1회)
2026-04-20 10:26:32 [WARNING] [1/3] HTTP 오류: 403 Client Error: Forbidden for url: https://search.naver.com/search.naver?where=news&query=%EC%82%BC%EC%84%B1%EC%A0%84%EC%9E%90&pd=3&ds=2025.12.01&de=2025.12.31&start=10&sort=0
2026-04-20 10:26:35 [INFO]     HTML 크기: 375088 bytes
2026-04-20 10:26:35 [INFO]     OaLkxeV3 포함: False
2026-04-20 10:26:35 [INFO]     GOWcekJV4 포함: False
2026-04-20 10:26:35 [INFO]     카드 발견: 0개
2026-04-20 10:26:35 [INFO]     카드 파싱 0건 -> 링크 직접 수집 폴백
2026-04-20 10:26:35 [INFO]     CLS_NAVER_LINK 링크: 0개
2026-04-20 10:26:35 [INFO]     2025.12 p2: 0건 (연속 빈 2회)
2026-04-20 10:26:43 [WARNING] [1/3] HTTP 오류: 403 Client Error: Forbidden for url: https://search.naver.com/search.naver?where=news&query=%EC%82%BC%EC%84%B1%EC%A0%84%EC%9E%90&pd=3&ds=2025.12.01&de=2025.12.31&start=20&sort=0
2026-04-20 10:26:52 [WARNING] [2/3] HTTP 오류: 403 Client Error: Forbidden for url: https://search.naver.com/search.naver?where=news&query=%EC%82%BC%EC%84%B1%EC%A0%84%EC%9E%90&pd=3&ds=2025.12.01&de=2025.12.31&start=20&sort=0
2026-04-20 10:26:58 [INFO]     HTML 크기: 351435 bytes
2026-04-20 10:26:58 [INFO]     OaLkxeV3 포함: False
2026-04-20 10:26:58 [INFO]     GOWcekJV4 포함: False
2026-04-20 10:26:58 [INFO]     카드 발견: 0개
2026-04-20 10:26:58 [INFO]     카드 파싱 0건 -> 링크 직접 수집 폴백
2026-04-20 10:26:58 [INFO]     CLS_NAVER_LINK 링크: 0개
2026-04-20 10:26:58 [INFO]     2025.12 p3: 0건 (연속 빈 3회)
2026-04-20 10:26:58 [INFO]   2025.12 완료: +0건 (누적 0개)
2026-04-20 10:26:58 [INFO] [Phase 1] 완료 - 후보 URL: 0개
2026-04-20 10:26:58 [INFO] [RESULT] 검색 결과에서 확보한 기사 URL 수: 0개
2026-04-20 10:26:58 [ERROR] URL 수집 0건!
  가능한 원인:
  1) 네이버 클래스명 변경 -> CLS_CARD / CLS_TITLE 확인
  2) 봇 차단 -> SLEEP_MIN/MAX 늘리기
  3) 네트워크 오류 -> crawler.log 확인
2026-04-20 10:26:58 [WARNING] 수집 0건 - CSV 저장 생략
2026-04-20 10:26:58 [INFO] ============================================================
2026-04-20 10:26:58 [INFO] 완료 | 0건 | 13분 51초
2026-04-20 10:26:58 [INFO] ============================================================
2026-04-20 10:32:25 [INFO] ============================================================
2026-04-20 10:32:25 [INFO] 네이버 뉴스 크롤러
2026-04-20 10:32:25 [INFO]   검색어 : 삼성전자 | 기간: 2022-01-01 ~ 2025-12-31 | 목표: 7000건
2026-04-20 10:32:25 [INFO] ============================================================
2026-04-20 10:32:25 [INFO] 총 48개월 | 이미 수집: 0건
2026-04-20 10:32:25 [INFO] 
[Phase 1] URL 수집 시작
2026-04-20 10:32:25 [INFO]     HTML 크기: 354006 bytes
2026-04-20 10:32:25 [INFO]     OaLkxeV3 포함: False
2026-04-20 10:32:25 [INFO]     GOWcekJV4 포함: False
2026-04-20 10:32:25 [INFO]     카드 발견: 0개
2026-04-20 10:32:25 [INFO]     카드 파싱 0건 -> 링크 직접 수집 폴백
2026-04-20 10:32:25 [INFO]     CLS_NAVER_LINK 링크: 0개
2026-04-20 10:32:25 [INFO]     2022.01 p1: 0건 (연속 빈 1회)
2026-04-20 10:32:32 [WARNING] [1/3] HTTP 오류: 403 Client Error: Forbidden for url: https://search.naver.com/search.naver?where=news&query=%EC%82%BC%EC%84%B1%EC%A0%84%EC%9E%90&pd=3&ds=2022.01.01&de=2022.01.31&start=10&sort=0
2026-04-20 10:32:32 [INFO] 중단 - 수집된 URL로 Phase 2 진행
2026-04-20 10:32:32 [INFO] [Phase 1] 완료 - 후보 URL: 0개
2026-04-20 10:32:32 [ERROR] URL 수집 0건!
  가능한 원인:
  1) 네이버 클래스명 변경 -> CLS_CARD / CLS_TITLE 확인
  2) 봇 차단 -> SLEEP_MIN/MAX 늘리기
  3) 네트워크 오류 -> crawler.log 확인
2026-04-20 10:32:32 [WARNING] 수집 0건 - CSV 저장 생략
2026-04-20 10:32:32 [INFO] ============================================================
2026-04-20 10:32:32 [INFO] 완료 | 0건 | 0분 7초
2026-04-20 10:32:32 [INFO] ============================================================
2026-04-20 14:44:05 [INFO] ============================================================
2026-04-20 14:44:05 [INFO] [START] 네이버 뉴스 크롤링 시작
2026-04-20 14:44:05 [INFO] [INFO] 검색어: 삼성전자
2026-04-20 14:44:05 [INFO] [INFO] 수집 기간: 2022-01-01 ~ 2025-12-31
2026-04-20 14:44:05 [INFO] [INFO] 목표 기사 수: 7000건
2026-04-20 14:44:05 [INFO] ============================================================
2026-04-20 14:44:05 [INFO] 총 48개월 | 이미 수집: 0건
2026-04-20 14:44:05 [INFO] 
[Phase 1] URL 수집 시작
2026-04-20 14:44:05 [INFO]     2022.01 p1: +9건 (페이지 9건)
2026-04-20 14:44:09 [WARNING] [1/3] HTTP 오류: 403 Client Error: Forbidden for url: https://search.naver.com/search.naver?where=news&query=%EC%82%BC%EC%84%B1%EC%A0%84%EC%9E%90&pd=3&ds=2022.01.01&de=2022.01.31&start=10&sort=0
2026-04-20 14:44:14 [WARNING] [2/3] HTTP 오류: 403 Client Error: Forbidden for url: https://search.naver.com/search.naver?where=news&query=%EC%82%BC%EC%84%B1%EC%A0%84%EC%9E%90&pd=3&ds=2022.01.01&de=2022.01.31&start=10&sort=0
2026-04-20 14:44:20 [INFO]     2022.01 p2: +7건 (페이지 9건)
2026-04-20 14:44:22 [INFO]     2022.01 p3: +10건 (페이지 10건)
2026-04-20 14:44:24 [INFO]     2022.01 p4: +9건 (페이지 9건)
2026-04-20 14:44:25 [INFO]     2022.01 p5: +10건 (페이지 10건)
2026-04-20 14:44:29 [WARNING] [1/3] HTTP 오류: 403 Client Error: Forbidden for url: https://search.naver.com/search.naver?where=news&query=%EC%82%BC%EC%84%B1%EC%A0%84%EC%9E%90&pd=3&ds=2022.01.01&de=2022.01.31&start=50&sort=0
2026-04-20 14:44:32 [INFO]     2022.01 p6: +9건 (페이지 9건)
2026-04-20 14:44:33 [INFO]     2022.01 p7: +9건 (페이지 9건)
2026-04-20 14:44:37 [WARNING] [1/3] HTTP 오류: 403 Client Error: Forbidden for url: https://search.naver.com/search.naver?where=news&query=%EC%82%BC%EC%84%B1%EC%A0%84%EC%9E%90&pd=3&ds=2022.01.01&de=2022.01.31&start=70&sort=0
2026-04-20 14:44:42 [WARNING] [2/3] HTTP 오류: 403 Client Error: Forbidden for url: https://search.naver.com/search.naver?where=news&query=%EC%82%BC%EC%84%B1%EC%A0%84%EC%9E%90&pd=3&ds=2022.01.01&de=2022.01.31&start=70&sort=0
2026-04-20 14:44:48 [INFO]     2022.01 p8: +7건 (페이지 7건)
2026-04-20 14:44:51 [WARNING] [1/3] HTTP 오류: 403 Client Error: Forbidden for url: https://search.naver.com/search.naver?where=news&query=%EC%82%BC%EC%84%B1%EC%A0%84%EC%9E%90&pd=3&ds=2022.01.01&de=2022.01.31&start=80&sort=0
2026-04-20 14:44:54 [INFO]     2022.01 p9: +10건 (페이지 10건)
2026-04-20 14:44:55 [INFO]     2022.01 p10: +9건 (페이지 9건)
2026-04-20 14:44:57 [INFO]     2022.01 p11: +6건 (페이지 10건)
2026-04-20 14:45:01 [WARNING] [1/3] HTTP 오류: 403 Client Error: Forbidden for url: https://search.naver.com/search.naver?where=news&query=%EC%82%BC%EC%84%B1%EC%A0%84%EC%9E%90&pd=3&ds=2022.01.01&de=2022.01.31&start=110&sort=0
2026-04-20 14:45:04 [INFO]     2022.01 p12: +4건 (페이지 9건)
2026-04-20 14:45:06 [INFO]     2022.01 p13: +6건 (페이지 9건)
2026-04-20 14:45:07 [INFO]     2022.01 p14: +2건 (페이지 9건)
2026-04-20 14:45:09 [INFO]     2022.01 p15: +6건 (페이지 8건)
2026-04-20 14:45:11 [INFO]     2022.01 p16: +6건 (페이지 8건)
2026-04-20 14:45:12 [INFO]     2022.01 p17: +2건 (페이지 8건)
2026-04-20 14:45:14 [INFO]     2022.01 p18: +7건 (페이지 9건)
2026-04-20 14:45:15 [INFO]     2022.01 p19: +6건 (페이지 8건)
2026-04-20 14:45:17 [INFO]     2022.01 p20: +3건 (페이지 7건)
2026-04-20 14:45:18 [INFO]     2022.01 p21: +5건 (페이지 9건)
2026-04-20 14:45:21 [WARNING] [1/3] HTTP 오류: 403 Client Error: Forbidden for url: https://search.naver.com/search.naver?where=news&query=%EC%82%BC%EC%84%B1%EC%A0%84%EC%9E%90&pd=3&ds=2022.01.01&de=2022.01.31&start=210&sort=0
2026-04-20 14:45:24 [INFO]     2022.01 p22: +3건 (페이지 10건)
2026-04-20 14:45:27 [WARNING] [1/3] HTTP 오류: 403 Client Error: Forbidden for url: https://search.naver.com/search.naver?where=news&query=%EC%82%BC%EC%84%B1%EC%A0%84%EC%9E%90&pd=3&ds=2022.01.01&de=2022.01.31&start=220&sort=0
2026-04-20 14:45:30 [INFO]     2022.01 p23: +5건 (페이지 9건)
2026-04-20 14:45:32 [INFO]     2022.01 p24: +5건 (페이지 8건)
2026-04-20 14:45:33 [INFO]     2022.01 p25: +3건 (페이지 6건)
2026-04-20 14:45:35 [INFO]     2022.01 p26: +5건 (페이지 8건)
2026-04-20 14:45:38 [WARNING] [1/3] HTTP 오류: 403 Client Error: Forbidden for url: https://search.naver.com/search.naver?where=news&query=%EC%82%BC%EC%84%B1%EC%A0%84%EC%9E%90&pd=3&ds=2022.01.01&de=2022.01.31&start=260&sort=0
2026-04-20 14:45:41 [INFO]     2022.01 p27: +5건 (페이지 9건)
2026-04-20 14:45:43 [INFO]     2022.01 p28: +7건 (페이지 10건)
2026-04-20 14:45:44 [INFO]     2022.01 p29: +8건 (페이지 8건)
2026-04-20 14:45:46 [INFO]     2022.01 p30: +6건 (페이지 9건)
2026-04-20 14:45:47 [INFO]     2022.01 p31: +3건 (페이지 6건)
2026-04-20 14:45:50 [WARNING] [1/3] HTTP 오류: 403 Client Error: Forbidden for url: https://search.naver.com/search.naver?where=news&query=%EC%82%BC%EC%84%B1%EC%A0%84%EC%9E%90&pd=3&ds=2022.01.01&de=2022.01.31&start=310&sort=0
2026-04-20 14:45:54 [INFO]     2022.01 p32: +5건 (페이지 8건)
2026-04-20 14:45:57 [WARNING] [1/3] HTTP 오류: 403 Client Error: Forbidden for url: https://search.naver.com/search.naver?where=news&query=%EC%82%BC%EC%84%B1%EC%A0%84%EC%9E%90&pd=3&ds=2022.01.01&de=2022.01.31&start=320&sort=0
2026-04-20 14:46:00 [INFO]     2022.01 p33: +5건 (페이지 8건)
2026-04-20 14:46:01 [INFO]     2022.01 p34: +5건 (페이지 9건)
2026-04-20 14:46:03 [INFO]     2022.01 p35: +6건 (페이지 9건)
2026-04-20 14:46:04 [INFO]     2022.01 p36: +4건 (페이지 6건)
2026-04-20 14:46:07 [WARNING] [1/3] HTTP 오류: 403 Client Error: Forbidden for url: https://search.naver.com/search.naver?where=news&query=%EC%82%BC%EC%84%B1%EC%A0%84%EC%9E%90&pd=3&ds=2022.01.01&de=2022.01.31&start=360&sort=0
2026-04-20 14:46:11 [INFO]     2022.01 p37: +6건 (페이지 6건)
2026-04-20 14:46:12 [INFO]     2022.01 p38: +4건 (페이지 6건)
2026-04-20 14:46:14 [INFO]     2022.01 p39: +5건 (페이지 8건)
2026-04-20 14:46:16 [INFO]     2022.01 p40: +5건 (페이지 9건)
2026-04-20 14:46:17 [INFO]   2022.01 완료: +237건 (누적 237개)
2026-04-20 14:46:17 [INFO]     2022.02 p1: +10건 (페이지 10건)
2026-04-20 14:46:19 [INFO]     2022.02 p2: +10건 (페이지 10건)
2026-04-20 14:46:21 [INFO]     2022.02 p3: +7건 (페이지 7건)
2026-04-20 14:46:22 [INFO]     2022.02 p4: +2건 (페이지 2건)
2026-04-20 14:46:26 [WARNING] [1/3] HTTP 오류: 403 Client Error: Forbidden for url: https://search.naver.com/search.naver?where=news&query=%EC%82%BC%EC%84%B1%EC%A0%84%EC%9E%90&pd=3&ds=2022.02.01&de=2022.02.28&start=40&sort=0
2026-04-20 14:46:29 [INFO]     2022.02 p5: +4건 (페이지 4건)
2026-04-20 14:46:33 [WARNING] [1/3] HTTP 오류: 403 Client Error: Forbidden for url: https://search.naver.com/search.naver?where=news&query=%EC%82%BC%EC%84%B1%EC%A0%84%EC%9E%90&pd=3&ds=2022.02.01&de=2022.02.28&start=50&sort=0
2026-04-20 14:46:36 [INFO]     2022.02 p6: +8건 (페이지 8건)
2026-04-20 14:46:39 [WARNING] [1/3] HTTP 오류: 403 Client Error: Forbidden for url: https://search.naver.com/search.naver?where=news&query=%EC%82%BC%EC%84%B1%EC%A0%84%EC%9E%90&pd=3&ds=2022.02.01&de=2022.02.28&start=60&sort=0
2026-04-20 14:46:42 [INFO]     2022.02 p7: +4건 (페이지 4건)
2026-04-20 14:46:44 [INFO]     2022.02 p8: +9건 (페이지 9건)
2026-04-20 14:46:46 [INFO]     2022.02 p9: +4건 (페이지 4건)
2026-04-20 14:46:47 [INFO]     2022.02 p10: +7건 (페이지 7건)
2026-04-20 14:46:48 [INFO]     2022.02 p11: +6건 (페이지 6건)
2026-04-20 14:46:51 [WARNING] [1/3] HTTP 오류: 403 Client Error: Forbidden for url: https://search.naver.com/search.naver?where=news&query=%EC%82%BC%EC%84%B1%EC%A0%84%EC%9E%90&pd=3&ds=2022.02.01&de=2022.02.28&start=110&sort=0
2026-04-20 14:46:56 [WARNING] [2/3] HTTP 오류: 403 Client Error: Forbidden for url: https://search.naver.com/search.naver?where=news&query=%EC%82%BC%EC%84%B1%EC%A0%84%EC%9E%90&pd=3&ds=2022.02.01&de=2022.02.28&start=110&sort=0
2026-04-20 14:47:03 [INFO]     2022.02 p12: +1건 (페이지 6건)
2026-04-20 14:47:04 [INFO]     2022.02 p13: +2건 (페이지 7건)
2026-04-20 14:47:07 [WARNING] [1/3] HTTP 오류: 403 Client Error: Forbidden for url: https://search.naver.com/search.naver?where=news&query=%EC%82%BC%EC%84%B1%EC%A0%84%EC%9E%90&pd=3&ds=2022.02.01&de=2022.02.28&start=130&sort=0
2026-04-20 14:47:12 [WARNING] [2/3] HTTP 오류: 403 Client Error: Forbidden for url: https://search.naver.com/search.naver?where=news&query=%EC%82%BC%EC%84%B1%EC%A0%84%EC%9E%90&pd=3&ds=2022.02.01&de=2022.02.28&start=130&sort=0
2026-04-20 14:47:20 [WARNING] [3/3] HTTP 오류: 403 Client Error: Forbidden for url: https://search.naver.com/search.naver?where=news&query=%EC%82%BC%EC%84%B1%EC%A0%84%EC%9E%90&pd=3&ds=2022.02.01&de=2022.02.28&start=130&sort=0
2026-04-20 14:47:21 [INFO]     2022.02 p15: +5건 (페이지 6건)
2026-04-20 14:47:25 [WARNING] [1/3] HTTP 오류: 403 Client Error: Forbidden for url: https://search.naver.com/search.naver?where=news&query=%EC%82%BC%EC%84%B1%EC%A0%84%EC%9E%90&pd=3&ds=2022.02.01&de=2022.02.28&start=150&sort=0
2026-04-20 14:47:28 [INFO]     2022.02 p16: +2건 (페이지 6건)
2026-04-20 14:47:32 [WARNING] [1/3] HTTP 오류: 403 Client Error: Forbidden for url: https://search.naver.com/search.naver?where=news&query=%EC%82%BC%EC%84%B1%EC%A0%84%EC%9E%90&pd=3&ds=2022.02.01&de=2022.02.28&start=160&sort=0
2026-04-20 14:47:37 [WARNING] [2/3] HTTP 오류: 403 Client Error: Forbidden for url: https://search.naver.com/search.naver?where=news&query=%EC%82%BC%EC%84%B1%EC%A0%84%EC%9E%90&pd=3&ds=2022.02.01&de=2022.02.28&start=160&sort=0
2026-04-20 14:47:43 [INFO]     2022.02 p17: +3건 (페이지 5건)
2026-04-20 14:47:44 [INFO]     2022.02 p18: +3건 (페이지 6건)
2026-04-20 14:47:46 [INFO]     2022.02 p19: +4건 (페이지 7건)
2026-04-20 14:47:49 [WARNING] [1/3] HTTP 오류: 403 Client Error: Forbidden for url: https://search.naver.com/search.naver?where=news&query=%EC%82%BC%EC%84%B1%EC%A0%84%EC%9E%90&pd=3&ds=2022.02.01&de=2022.02.28&start=190&sort=0
2026-04-20 14:47:54 [WARNING] [2/3] HTTP 오류: 403 Client Error: Forbidden for url: https://search.naver.com/search.naver?where=news&query=%EC%82%BC%EC%84%B1%EC%A0%84%EC%9E%90&pd=3&ds=2022.02.01&de=2022.02.28&start=190&sort=0
2026-04-20 14:48:01 [INFO]     2022.02 p20: +1건 (페이지 7건)
2026-04-20 14:48:04 [WARNING] [1/3] HTTP 오류: 403 Client Error: Forbidden for url: https://search.naver.com/search.naver?where=news&query=%EC%82%BC%EC%84%B1%EC%A0%84%EC%9E%90&pd=3&ds=2022.02.01&de=2022.02.28&start=200&sort=0
2026-04-20 14:48:07 [INFO]     2022.02 p21: +3건 (페이지 8건)
2026-04-20 14:48:08 [INFO]     2022.02 p22: +3건 (페이지 6건)
2026-04-20 14:48:09 [INFO]     2022.02 p23: +1건 (페이지 5건)
2026-04-20 14:48:11 [INFO]     2022.02 p24: +6건 (페이지 8건)
2026-04-20 14:48:12 [INFO]     2022.02 p25: +0건 (페이지 8건)
2026-04-20 14:48:13 [INFO]   2022.02 완료: +105건 (누적 342개)
2026-04-20 14:48:14 [INFO]     2022.03 p1: +10건 (페이지 10건)
2026-04-20 14:48:17 [WARNING] [1/3] HTTP 오류: 403 Client Error: Forbidden for url: https://search.naver.com/search.naver?where=news&query=%EC%82%BC%EC%84%B1%EC%A0%84%EC%9E%90&pd=3&ds=2022.03.01&de=2022.03.31&start=10&sort=0
2026-04-20 14:48:20 [INFO]     2022.03 p2: +9건 (페이지 10건)
2026-04-20 14:48:22 [INFO]     2022.03 p3: +9건 (페이지 9건)
2026-04-20 14:48:23 [INFO]     2022.03 p4: +9건 (페이지 9건)
2026-04-20 14:48:26 [WARNING] [1/3] HTTP 오류: 403 Client Error: Forbidden for url: https://search.naver.com/search.naver?where=news&query=%EC%82%BC%EC%84%B1%EC%A0%84%EC%9E%90&pd=3&ds=2022.03.01&de=2022.03.31&start=40&sort=0
2026-04-20 14:48:29 [INFO]     2022.03 p5: +3건 (페이지 3건)
2026-04-20 14:48:32 [WARNING] [1/3] HTTP 오류: 403 Client Error: Forbidden for url: https://search.naver.com/search.naver?where=news&query=%EC%82%BC%EC%84%B1%EC%A0%84%EC%9E%90&pd=3&ds=2022.03.01&de=2022.03.31&start=50&sort=0
2026-04-20 14:48:37 [WARNING] [2/3] HTTP 오류: 403 Client Error: Forbidden for url: https://search.naver.com/search.naver?where=news&query=%EC%82%BC%EC%84%B1%EC%A0%84%EC%9E%90&pd=3&ds=2022.03.01&de=2022.03.31&start=50&sort=0
2026-04-20 14:48:43 [INFO]     2022.03 p6: +4건 (페이지 4건)
2026-04-20 14:48:45 [INFO]     2022.03 p7: +3건 (페이지 3건)
2026-04-20 14:48:46 [INFO]     2022.03 p8: +4건 (페이지 4건)
2026-04-20 14:48:48 [INFO]     2022.03 p9: +5건 (페이지 5건)
2026-04-20 14:48:51 [WARNING] [1/3] HTTP 오류: 403 Client Error: Forbidden for url: https://search.naver.com/search.naver?where=news&query=%EC%82%BC%EC%84%B1%EC%A0%84%EC%9E%90&pd=3&ds=2022.03.01&de=2022.03.31&start=90&sort=0
2026-04-20 14:48:54 [INFO]     2022.03 p10: +4건 (페이지 4건)
2026-04-20 14:48:58 [WARNING] [1/3] HTTP 오류: 403 Client Error: Forbidden for url: https://search.naver.com/search.naver?where=news&query=%EC%82%BC%EC%84%B1%EC%A0%84%EC%9E%90&pd=3&ds=2022.03.01&de=2022.03.31&start=100&sort=0
2026-04-20 14:49:01 [INFO]     2022.03 p11: +4건 (페이지 8건)
2026-04-20 14:49:02 [INFO]     2022.03 p12: +3건 (페이지 8건)
2026-04-20 14:49:06 [WARNING] [1/3] HTTP 오류: 403 Client Error: Forbidden for url: https://search.naver.com/search.naver?where=news&query=%EC%82%BC%EC%84%B1%EC%A0%84%EC%9E%90&pd=3&ds=2022.03.01&de=2022.03.31&start=120&sort=0
2026-04-20 14:49:09 [INFO]     2022.03 p13: +4건 (페이지 9건)
2026-04-20 14:49:10 [INFO]     2022.03 p14: +2건 (페이지 8건)
2026-04-20 14:49:13 [WARNING] [1/3] HTTP 오류: 403 Client Error: Forbidden for url: https://search.naver.com/search.naver?where=news&query=%EC%82%BC%EC%84%B1%EC%A0%84%EC%9E%90&pd=3&ds=2022.03.01&de=2022.03.31&start=140&sort=0
2026-04-20 14:49:17 [INFO]     2022.03 p15: +3건 (페이지 9건)
2026-04-20 14:49:20 [WARNING] [1/3] HTTP 오류: 403 Client Error: Forbidden for url: https://search.naver.com/search.naver?where=news&query=%EC%82%BC%EC%84%B1%EC%A0%84%EC%9E%90&pd=3&ds=2022.03.01&de=2022.03.31&start=150&sort=0
2026-04-20 14:49:23 [INFO]     2022.03 p16: +2건 (페이지 7건)
2026-04-20 14:49:25 [INFO]     2022.03 p17: +4건 (페이지 8건)
2026-04-20 14:49:28 [WARNING] [1/3] HTTP 오류: 403 Client Error: Forbidden for url: https://search.naver.com/search.naver?where=news&query=%EC%82%BC%EC%84%B1%EC%A0%84%EC%9E%90&pd=3&ds=2022.03.01&de=2022.03.31&start=170&sort=0
2026-04-20 14:49:32 [INFO]     2022.03 p18: +1건 (페이지 8건)
2026-04-20 14:49:35 [WARNING] [1/3] HTTP 오류: 403 Client Error: Forbidden for url: https://search.naver.com/search.naver?where=news&query=%EC%82%BC%EC%84%B1%EC%A0%84%EC%9E%90&pd=3&ds=2022.03.01&de=2022.03.31&start=180&sort=0
2026-04-20 14:49:38 [INFO]     2022.03 p19: +3건 (페이지 6건)
2026-04-20 14:49:40 [INFO]     2022.03 p20: +6건 (페이지 8건)
2026-04-20 14:49:41 [INFO]     2022.03 p21: +2건 (페이지 6건)
2026-04-20 14:49:43 [INFO]     2022.03 p22: +1건 (페이지 6건)
2026-04-20 14:49:46 [WARNING] [1/3] HTTP 오류: 403 Client Error: Forbidden for url: https://search.naver.com/search.naver?where=news&query=%EC%82%BC%EC%84%B1%EC%A0%84%EC%9E%90&pd=3&ds=2022.03.01&de=2022.03.31&start=220&sort=0
2026-04-20 14:49:49 [INFO]     2022.03 p23: +3건 (페이지 6건)
2026-04-20 14:49:51 [INFO]     2022.03 p24: +2건 (페이지 5건)
2026-04-20 14:49:52 [INFO]     2022.03 p25: +1건 (페이지 5건)
2026-04-20 14:49:55 [WARNING] [1/3] HTTP 오류: 403 Client Error: Forbidden for url: https://search.naver.com/search.naver?where=news&query=%EC%82%BC%EC%84%B1%EC%A0%84%EC%9E%90&pd=3&ds=2022.03.01&de=2022.03.31&start=250&sort=0
2026-04-20 14:50:00 [WARNING] [2/3] HTTP 오류: 403 Client Error: Forbidden for url: https://search.naver.com/search.naver?where=news&query=%EC%82%BC%EC%84%B1%EC%A0%84%EC%9E%90&pd=3&ds=2022.03.01&de=2022.03.31&start=250&sort=0
2026-04-20 14:50:07 [INFO]     2022.03 p26: +3건 (페이지 7건)
2026-04-20 14:50:10 [WARNING] [1/3] HTTP 오류: 403 Client Error: Forbidden for url: https://search.naver.com/search.naver?where=news&query=%EC%82%BC%EC%84%B1%EC%A0%84%EC%9E%90&pd=3&ds=2022.03.01&de=2022.03.31&start=260&sort=0
2026-04-20 14:50:13 [INFO]     2022.03 p27: +3건 (페이지 6건)
2026-04-20 14:50:15 [INFO]     2022.03 p28: +3건 (페이지 6건)
2026-04-20 14:50:16 [INFO]     2022.03 p29: +3건 (페이지 7건)
2026-04-20 14:50:18 [INFO]     2022.03 p30: +4건 (페이지 7건)
2026-04-20 14:50:21 [WARNING] [1/3] HTTP 오류: 403 Client Error: Forbidden for url: https://search.naver.com/search.naver?where=news&query=%EC%82%BC%EC%84%B1%EC%A0%84%EC%9E%90&pd=3&ds=2022.03.01&de=2022.03.31&start=300&sort=0
2026-04-20 14:50:24 [INFO]     2022.03 p31: +1건 (페이지 5건)
2026-04-20 14:50:27 [WARNING] [1/3] HTTP 오류: 403 Client Error: Forbidden for url: https://search.naver.com/search.naver?where=news&query=%EC%82%BC%EC%84%B1%EC%A0%84%EC%9E%90&pd=3&ds=2022.03.01&de=2022.03.31&start=310&sort=0
2026-04-20 14:50:32 [WARNING] [2/3] HTTP 오류: 403 Client Error: Forbidden for url: https://search.naver.com/search.naver?where=news&query=%EC%82%BC%EC%84%B1%EC%A0%84%EC%9E%90&pd=3&ds=2022.03.01&de=2022.03.31&start=310&sort=0
2026-04-20 14:50:40 [WARNING] [3/3] HTTP 오류: 403 Client Error: Forbidden for url: https://search.naver.com/search.naver?where=news&query=%EC%82%BC%EC%84%B1%EC%A0%84%EC%9E%90&pd=3&ds=2022.03.01&de=2022.03.31&start=310&sort=0
2026-04-20 14:50:42 [INFO]     2022.03 p33: +4건 (페이지 6건)
2026-04-20 14:50:43 [INFO]     2022.03 p34: +3건 (페이지 6건)
2026-04-20 14:50:45 [INFO]     2022.03 p35: +1건 (페이지 5건)
2026-04-20 14:50:47 [INFO]     2022.03 p36: +3건 (페이지 6건)
2026-04-20 14:50:49 [INFO]     2022.03 p37: +1건 (페이지 4건)
2026-04-20 14:50:50 [INFO]     2022.03 p38: +4건 (페이지 5건)
2026-04-20 14:50:52 [INFO]     2022.03 p39: +2건 (페이지 7건)
2026-04-20 14:50:53 [INFO]     2022.03 p40: +2건 (페이지 5건)
2026-04-20 14:50:55 [INFO]   2022.03 완료: +138건 (누적 480개)
2026-04-20 14:50:57 [WARNING] [1/3] HTTP 오류: 403 Client Error: Forbidden for url: https://search.naver.com/search.naver?where=news&query=%EC%82%BC%EC%84%B1%EC%A0%84%EC%9E%90&pd=3&ds=2022.04.01&de=2022.04.30&start=0&sort=0
2026-04-20 14:51:00 [INFO]     2022.04 p1: +10건 (페이지 10건)
2026-04-20 14:51:02 [INFO]     2022.04 p2: +7건 (페이지 10건)
2026-04-20 14:51:05 [WARNING] [1/3] HTTP 오류: 403 Client Error: Forbidden for url: https://search.naver.com/search.naver?where=news&query=%EC%82%BC%EC%84%B1%EC%A0%84%EC%9E%90&pd=3&ds=2022.04.01&de=2022.04.30&start=20&sort=0
2026-04-20 14:51:08 [INFO]     2022.04 p3: +10건 (페이지 10건)
2026-04-20 14:51:10 [INFO]     2022.04 p4: +10건 (페이지 10건)
2026-04-20 14:51:13 [WARNING] [1/3] HTTP 오류: 403 Client Error: Forbidden for url: https://search.naver.com/search.naver?where=news&query=%EC%82%BC%EC%84%B1%EC%A0%84%EC%9E%90&pd=3&ds=2022.04.01&de=2022.04.30&start=40&sort=0
2026-04-20 14:51:18 [WARNING] [2/3] HTTP 오류: 403 Client Error: Forbidden for url: https://search.naver.com/search.naver?where=news&query=%EC%82%BC%EC%84%B1%EC%A0%84%EC%9E%90&pd=3&ds=2022.04.01&de=2022.04.30&start=40&sort=0
2026-04-20 14:51:24 [INFO]     2022.04 p5: +9건 (페이지 9건)
2026-04-20 14:51:26 [INFO]     2022.04 p6: +10건 (페이지 10건)
2026-04-20 14:51:27 [INFO]     2022.04 p7: +9건 (페이지 9건)
2026-04-20 14:51:28 [INFO]     2022.04 p8: +10건 (페이지 10건)
2026-04-20 14:51:30 [INFO]     2022.04 p9: +8건 (페이지 8건)
2026-04-20 14:51:31 [INFO]     2022.04 p10: +9건 (페이지 9건)
2026-04-20 14:51:33 [INFO]     2022.04 p11: +5건 (페이지 10건)
2026-04-20 14:51:35 [INFO]     2022.04 p12: +5건 (페이지 9건)
2026-04-20 14:51:38 [WARNING] [1/3] HTTP 오류: 403 Client Error: Forbidden for url: https://search.naver.com/search.naver?where=news&query=%EC%82%BC%EC%84%B1%EC%A0%84%EC%9E%90&pd=3&ds=2022.04.01&de=2022.04.30&start=120&sort=0
2026-04-20 14:51:41 [INFO]     2022.04 p13: +7건 (페이지 9건)
2026-04-20 14:51:43 [INFO]     2022.04 p14: +6건 (페이지 9건)
2026-04-20 14:51:46 [WARNING] [1/3] HTTP 오류: 403 Client Error: Forbidden for url: https://search.naver.com/search.naver?where=news&query=%EC%82%BC%EC%84%B1%EC%A0%84%EC%9E%90&pd=3&ds=2022.04.01&de=2022.04.30&start=140&sort=0
2026-04-20 14:51:49 [INFO]     2022.04 p15: +5건 (페이지 10건)
2026-04-20 14:51:51 [INFO]     2022.04 p16: +1건 (페이지 10건)
2026-04-20 14:51:52 [INFO]     2022.04 p17: +1건 (페이지 8건)
2026-04-20 14:51:55 [WARNING] [1/3] HTTP 오류: 403 Client Error: Forbidden for url: https://search.naver.com/search.naver?where=news&query=%EC%82%BC%EC%84%B1%EC%A0%84%EC%9E%90&pd=3&ds=2022.04.01&de=2022.04.30&start=170&sort=0
2026-04-20 14:51:59 [INFO]     2022.04 p18: +1건 (페이지 7건)
2026-04-20 14:52:02 [WARNING] [1/3] HTTP 오류: 403 Client Error: Forbidden for url: https://search.naver.com/search.naver?where=news&query=%EC%82%BC%EC%84%B1%EC%A0%84%EC%9E%90&pd=3&ds=2022.04.01&de=2022.04.30&start=180&sort=0
2026-04-20 14:52:05 [INFO]     2022.04 p19: +2건 (페이지 8건)
2026-04-20 14:52:08 [WARNING] [1/3] HTTP 오류: 403 Client Error: Forbidden for url: https://search.naver.com/search.naver?where=news&query=%EC%82%BC%EC%84%B1%EC%A0%84%EC%9E%90&pd=3&ds=2022.04.01&de=2022.04.30&start=190&sort=0
2026-04-20 14:52:11 [INFO]     2022.04 p20: +4건 (페이지 10건)
2026-04-20 14:52:13 [INFO]     2022.04 p21: +4건 (페이지 8건)
2026-04-20 14:52:15 [INFO]     2022.04 p22: +1건 (페이지 8건)
2026-04-20 14:52:16 [INFO]     2022.04 p23: +3건 (페이지 7건)
2026-04-20 14:52:18 [INFO]     2022.04 p24: +3건 (페이지 6건)
2026-04-20 14:52:19 [INFO]     2022.04 p25: +6건 (페이지 8건)
2026-04-20 14:52:23 [WARNING] [1/3] HTTP 오류: 403 Client Error: Forbidden for url: https://search.naver.com/search.naver?where=news&query=%EC%82%BC%EC%84%B1%EC%A0%84%EC%9E%90&pd=3&ds=2022.04.01&de=2022.04.30&start=250&sort=0
2026-04-20 14:52:26 [INFO]     2022.04 p26: +5건 (페이지 9건)
2026-04-20 14:52:30 [WARNING] [1/3] HTTP 오류: 403 Client Error: Forbidden for url: https://search.naver.com/search.naver?where=news&query=%EC%82%BC%EC%84%B1%EC%A0%84%EC%9E%90&pd=3&ds=2022.04.01&de=2022.04.30&start=260&sort=0
2026-04-20 14:52:33 [INFO]     2022.04 p27: +4건 (페이지 9건)
2026-04-20 14:52:34 [INFO]     2022.04 p28: +4건 (페이지 9건)
2026-04-20 14:52:36 [INFO]     2022.04 p29: +1건 (페이지 6건)
2026-04-20 14:52:39 [WARNING] [1/3] HTTP 오류: 403 Client Error: Forbidden for url: https://search.naver.com/search.naver?where=news&query=%EC%82%BC%EC%84%B1%EC%A0%84%EC%9E%90&pd=3&ds=2022.04.01&de=2022.04.30&start=290&sort=0
2026-04-20 14:52:42 [INFO]     2022.04 p30: +2건 (페이지 6건)
2026-04-20 14:52:44 [INFO]     2022.04 p31: +4건 (페이지 8건)
2026-04-20 14:52:46 [INFO]     2022.04 p32: +3건 (페이지 7건)
2026-04-20 14:52:47 [INFO]     2022.04 p33: +2건 (페이지 5건)
2026-04-20 14:52:51 [WARNING] [1/3] HTTP 오류: 403 Client Error: Forbidden for url: https://search.naver.com/search.naver?where=news&query=%EC%82%BC%EC%84%B1%EC%A0%84%EC%9E%90&pd=3&ds=2022.04.01&de=2022.04.30&start=330&sort=0
2026-04-20 14:52:54 [INFO]     2022.04 p34: +3건 (페이지 7건)
2026-04-20 14:52:55 [INFO]     2022.04 p35: +4건 (페이지 6건)
2026-04-20 14:52:57 [INFO]     2022.04 p36: +4건 (페이지 8건)
2026-04-20 14:52:59 [INFO]     2022.04 p37: +3건 (페이지 7건)
2026-04-20 14:53:00 [INFO]     2022.04 p38: +5건 (페이지 7건)
2026-04-20 14:53:03 [WARNING] [1/3] HTTP 오류: 403 Client Error: Forbidden for url: https://search.naver.com/search.naver?where=news&query=%EC%82%BC%EC%84%B1%EC%A0%84%EC%9E%90&pd=3&ds=2022.04.01&de=2022.04.30&start=380&sort=0
2026-04-20 14:53:08 [WARNING] [2/3] HTTP 오류: 403 Client Error: Forbidden for url: https://search.naver.com/search.naver?where=news&query=%EC%82%BC%EC%84%B1%EC%A0%84%EC%9E%90&pd=3&ds=2022.04.01&de=2022.04.30&start=380&sort=0
2026-04-20 14:53:14 [INFO]     2022.04 p39: +4건 (페이지 6건)
2026-04-20 14:53:17 [WARNING] [1/3] HTTP 오류: 403 Client Error: Forbidden for url: https://search.naver.com/search.naver?where=news&query=%EC%82%BC%EC%84%B1%EC%A0%84%EC%9E%90&pd=3&ds=2022.04.01&de=2022.04.30&start=390&sort=0
2026-04-20 14:53:21 [INFO]     2022.04 p40: +4건 (페이지 6건)
2026-04-20 14:53:21 [INFO]   2022.04 완료: +198건 (누적 678개)
2026-04-20 14:53:22 [INFO]     2022.05 p1: +9건 (페이지 9건)
2026-04-20 14:53:23 [INFO]     2022.05 p2: +5건 (페이지 8건)
2026-04-20 14:53:24 [INFO]     2022.05 p3: +7건 (페이지 7건)
2026-04-20 14:53:26 [INFO]     2022.05 p4: +6건 (페이지 6건)
2026-04-20 14:53:27 [INFO]     2022.05 p5: +9건 (페이지 9건)
2026-04-20 14:53:31 [WARNING] [1/3] HTTP 오류: 403 Client Error: Forbidden for url: https://search.naver.com/search.naver?where=news&query=%EC%82%BC%EC%84%B1%EC%A0%84%EC%9E%90&pd=3&ds=2022.05.01&de=2022.05.31&start=50&sort=0
2026-04-20 14:53:34 [INFO]     2022.05 p6: +5건 (페이지 5건)
2026-04-20 14:53:37 [WARNING] [1/3] HTTP 오류: 403 Client Error: Forbidden for url: https://search.naver.com/search.naver?where=news&query=%EC%82%BC%EC%84%B1%EC%A0%84%EC%9E%90&pd=3&ds=2022.05.01&de=2022.05.31&start=60&sort=0
2026-04-20 14:53:40 [INFO]     2022.05 p7: +3건 (페이지 3건)
2026-04-20 14:53:44 [WARNING] [1/3] HTTP 오류: 403 Client Error: Forbidden for url: https://search.naver.com/search.naver?where=news&query=%EC%82%BC%EC%84%B1%EC%A0%84%EC%9E%90&pd=3&ds=2022.05.01&de=2022.05.31&start=70&sort=0
2026-04-20 14:53:47 [INFO]     2022.05 p8: +7건 (페이지 7건)
2026-04-20 14:53:48 [INFO]     2022.05 p9: +7건 (페이지 7건)
2026-04-20 14:53:49 [INFO]     카드 파싱 0건 -> 링크 직접 수집 폴백
2026-04-20 14:53:49 [INFO]     CLS_NAVER_LINK 링크: 0개
2026-04-20 14:53:49 [INFO]     2022.05 p10: 0건 (연속 빈 1회)
2026-04-20 14:53:53 [WARNING] [1/3] HTTP 오류: 403 Client Error: Forbidden for url: https://search.naver.com/search.naver?where=news&query=%EC%82%BC%EC%84%B1%EC%A0%84%EC%9E%90&pd=3&ds=2022.05.01&de=2022.05.31&start=100&sort=0
2026-04-20 14:53:56 [INFO]     2022.05 p11: +5건 (페이지 7건)
2026-04-20 14:53:57 [INFO]     2022.05 p12: +1건 (페이지 5건)
2026-04-20 14:54:01 [WARNING] [1/3] HTTP 오류: 403 Client Error: Forbidden for url: https://search.naver.com/search.naver?where=news&query=%EC%82%BC%EC%84%B1%EC%A0%84%EC%9E%90&pd=3&ds=2022.05.01&de=2022.05.31&start=120&sort=0
2026-04-20 14:54:04 [INFO]     2022.05 p13: +0건 (페이지 6건)
2026-04-20 14:54:05 [INFO]   2022.05 완료: +64건 (누적 742개)
2026-04-20 14:54:06 [INFO]     2022.06 p1: +9건 (페이지 9건)
2026-04-20 14:54:08 [INFO]     2022.06 p2: +5건 (페이지 5건)
2026-04-20 14:54:09 [INFO]     2022.06 p3: +4건 (페이지 4건)
2026-04-20 14:54:11 [INFO]     2022.06 p4: +1건 (페이지 1건)
2026-04-20 14:54:12 [INFO]     2022.06 p5: +4건 (페이지 4건)
2026-04-20 14:54:14 [INFO]     2022.06 p6: +3건 (페이지 3건)
2026-04-20 14:54:15 [INFO]     2022.06 p7: +4건 (페이지 4건)
2026-04-20 14:54:19 [WARNING] [1/3] HTTP 오류: 403 Client Error: Forbidden for url: https://search.naver.com/search.naver?where=news&query=%EC%82%BC%EC%84%B1%EC%A0%84%EC%9E%90&pd=3&ds=2022.06.01&de=2022.06.30&start=70&sort=0
2026-04-20 14:54:22 [INFO]     2022.06 p8: +1건 (페이지 1건)
2026-04-20 14:54:25 [WARNING] [1/3] HTTP 오류: 403 Client Error: Forbidden for url: https://search.naver.com/search.naver?where=news&query=%EC%82%BC%EC%84%B1%EC%A0%84%EC%9E%90&pd=3&ds=2022.06.01&de=2022.06.30&start=80&sort=0
2026-04-20 14:54:28 [INFO]     2022.06 p9: +2건 (페이지 2건)
2026-04-20 14:54:32 [WARNING] [1/3] HTTP 오류: 403 Client Error: Forbidden for url: https://search.naver.com/search.naver?where=news&query=%EC%82%BC%EC%84%B1%EC%A0%84%EC%9E%90&pd=3&ds=2022.06.01&de=2022.06.30&start=90&sort=0
2026-04-20 14:54:35 [INFO]     2022.06 p10: +1건 (페이지 1건)
2026-04-20 14:54:36 [INFO]     2022.06 p11: +4건 (페이지 5건)
2026-04-20 14:54:38 [INFO]     2022.06 p12: +2건 (페이지 6건)
2026-04-20 14:54:40 [INFO]     2022.06 p13: +1건 (페이지 6건)
2026-04-20 14:54:43 [WARNING] [1/3] HTTP 오류: 403 Client Error: Forbidden for url: https://search.naver.com/search.naver?where=news&query=%EC%82%BC%EC%84%B1%EC%A0%84%EC%9E%90&pd=3&ds=2022.06.01&de=2022.06.30&start=130&sort=0
2026-04-20 14:54:48 [WARNING] [2/3] HTTP 오류: 403 Client Error: Forbidden for url: https://search.naver.com/search.naver?where=news&query=%EC%82%BC%EC%84%B1%EC%A0%84%EC%9E%90&pd=3&ds=2022.06.01&de=2022.06.30&start=130&sort=0
2026-04-20 14:54:54 [INFO]     2022.06 p14: +1건 (페이지 6건)
2026-04-20 14:54:56 [INFO]     2022.06 p15: +3건 (페이지 9건)
2026-04-20 14:54:59 [WARNING] [1/3] HTTP 오류: 403 Client Error: Forbidden for url: https://search.naver.com/search.naver?where=news&query=%EC%82%BC%EC%84%B1%EC%A0%84%EC%9E%90&pd=3&ds=2022.06.01&de=2022.06.30&start=150&sort=0
2026-04-20 14:55:04 [WARNING] [2/3] HTTP 오류: 403 Client Error: Forbidden for url: https://search.naver.com/search.naver?where=news&query=%EC%82%BC%EC%84%B1%EC%A0%84%EC%9E%90&pd=3&ds=2022.06.01&de=2022.06.30&start=150&sort=0
2026-04-20 14:55:12 [WARNING] [3/3] HTTP 오류: 403 Client Error: Forbidden for url: https://search.naver.com/search.naver?where=news&query=%EC%82%BC%EC%84%B1%EC%A0%84%EC%9E%90&pd=3&ds=2022.06.01&de=2022.06.30&start=150&sort=0
2026-04-20 14:55:14 [INFO]     2022.06 p17: +4건 (페이지 7건)
2026-04-20 14:55:15 [INFO]     2022.06 p18: +2건 (페이지 6건)
2026-04-20 14:55:17 [INFO]     2022.06 p19: +5건 (페이지 7건)
2026-04-20 14:55:20 [WARNING] [1/3] HTTP 오류: 403 Client Error: Forbidden for url: https://search.naver.com/search.naver?where=news&query=%EC%82%BC%EC%84%B1%EC%A0%84%EC%9E%90&pd=3&ds=2022.06.01&de=2022.06.30&start=190&sort=0
2026-04-20 14:55:25 [WARNING] [2/3] HTTP 오류: 403 Client Error: Forbidden for url: https://search.naver.com/search.naver?where=news&query=%EC%82%BC%EC%84%B1%EC%A0%84%EC%9E%90&pd=3&ds=2022.06.01&de=2022.06.30&start=190&sort=0
2026-04-20 14:55:31 [INFO]     2022.06 p20: +0건 (페이지 7건)
2026-04-20 14:55:32 [INFO]   2022.06 완료: +56건 (누적 798개)
2026-04-20 14:55:33 [INFO]     2022.07 p1: +10건 (페이지 10건)
2026-04-20 14:55:36 [WARNING] [1/3] HTTP 오류: 403 Client Error: Forbidden for url: https://search.naver.com/search.naver?where=news&query=%EC%82%BC%EC%84%B1%EC%A0%84%EC%9E%90&pd=3&ds=2022.07.01&de=2022.07.31&start=10&sort=0
2026-04-20 14:55:39 [INFO]     2022.07 p2: +9건 (페이지 10건)
2026-04-20 14:55:41 [INFO]     2022.07 p3: +9건 (페이지 9건)
2026-04-20 14:55:43 [INFO]     2022.07 p4: +7건 (페이지 7건)
2026-04-20 14:55:45 [WARNING] [1/3] HTTP 오류: 403 Client Error: Forbidden for url: https://search.naver.com/search.naver?where=news&query=%EC%82%BC%EC%84%B1%EC%A0%84%EC%9E%90&pd=3&ds=2022.07.01&de=2022.07.31&start=40&sort=0
2026-04-20 14:55:49 [INFO]     2022.07 p5: +8건 (페이지 8건)
2026-04-20 14:55:50 [INFO]     2022.07 p6: +9건 (페이지 9건)
2026-04-20 14:55:52 [INFO]     2022.07 p7: +8건 (페이지 8건)
2026-04-20 14:55:54 [INFO]     2022.07 p8: +10건 (페이지 10건)
2026-04-20 14:55:55 [INFO]     2022.07 p9: +10건 (페이지 10건)
2026-04-20 14:55:58 [WARNING] [1/3] HTTP 오류: 403 Client Error: Forbidden for url: https://search.naver.com/search.naver?where=news&query=%EC%82%BC%EC%84%B1%EC%A0%84%EC%9E%90&pd=3&ds=2022.07.01&de=2022.07.31&start=90&sort=0
2026-04-20 14:56:02 [INFO]     2022.07 p10: +9건 (페이지 9건)
2026-04-20 14:56:03 [INFO]     2022.07 p11: +5건 (페이지 9건)
2026-04-20 14:56:05 [INFO]     2022.07 p12: +4건 (페이지 8건)
2026-04-20 14:56:06 [INFO]     2022.07 p13: +1건 (페이지 8건)
2026-04-20 14:56:09 [WARNING] [1/3] HTTP 오류: 403 Client Error: Forbidden for url: https://search.naver.com/search.naver?where=news&query=%EC%82%BC%EC%84%B1%EC%A0%84%EC%9E%90&pd=3&ds=2022.07.01&de=2022.07.31&start=130&sort=0
2026-04-20 14:56:12 [INFO]     2022.07 p14: +3건 (페이지 8건)
2026-04-20 14:56:16 [WARNING] [1/3] HTTP 오류: 403 Client Error: Forbidden for url: https://search.naver.com/search.naver?where=news&query=%EC%82%BC%EC%84%B1%EC%A0%84%EC%9E%90&pd=3&ds=2022.07.01&de=2022.07.31&start=140&sort=0
2026-04-20 14:56:19 [INFO]     2022.07 p15: +3건 (페이지 9건)
2026-04-20 14:56:21 [INFO]     2022.07 p16: +4건 (페이지 8건)
2026-04-20 14:56:22 [INFO]     2022.07 p17: +4건 (페이지 10건)
2026-04-20 14:56:23 [INFO]     2022.07 p18: +6건 (페이지 10건)
2026-04-20 14:56:25 [INFO]     2022.07 p19: +5건 (페이지 10건)
2026-04-20 14:56:26 [INFO]     2022.07 p20: +4건 (페이지 9건)
2026-04-20 14:56:28 [INFO]     2022.07 p21: +7건 (페이지 9건)
2026-04-20 14:56:31 [WARNING] [1/3] HTTP 오류: 403 Client Error: Forbidden for url: https://search.naver.com/search.naver?where=news&query=%EC%82%BC%EC%84%B1%EC%A0%84%EC%9E%90&pd=3&ds=2022.07.01&de=2022.07.31&start=210&sort=0
2026-04-20 14:56:34 [INFO]     2022.07 p22: +6건 (페이지 10건)
2026-04-20 14:56:38 [WARNING] [1/3] HTTP 오류: 403 Client Error: Forbidden for url: https://search.naver.com/search.naver?where=news&query=%EC%82%BC%EC%84%B1%EC%A0%84%EC%9E%90&pd=3&ds=2022.07.01&de=2022.07.31&start=220&sort=0
2026-04-20 14:56:41 [INFO]     2022.07 p23: +5건 (페이지 10건)
2026-04-20 14:56:43 [INFO]     2022.07 p24: +8건 (페이지 10건)
2026-04-20 14:56:44 [INFO]     2022.07 p25: +4건 (페이지 10건)
2026-04-20 14:56:45 [INFO]     2022.07 p26: +4건 (페이지 10건)
2026-04-20 14:56:49 [WARNING] [1/3] HTTP 오류: 403 Client Error: Forbidden for url: https://search.naver.com/search.naver?where=news&query=%EC%82%BC%EC%84%B1%EC%A0%84%EC%9E%90&pd=3&ds=2022.07.01&de=2022.07.31&start=260&sort=0
2026-04-20 14:56:52 [INFO]     2022.07 p27: +4건 (페이지 9건)
2026-04-20 14:56:53 [INFO]     2022.07 p28: +2건 (페이지 9건)
2026-04-20 14:56:57 [WARNING] [1/3] HTTP 오류: 403 Client Error: Forbidden for url: https://search.naver.com/search.naver?where=news&query=%EC%82%BC%EC%84%B1%EC%A0%84%EC%9E%90&pd=3&ds=2022.07.01&de=2022.07.31&start=280&sort=0
2026-04-20 14:57:00 [INFO]     2022.07 p29: +3건 (페이지 8건)
2026-04-20 14:57:03 [WARNING] [1/3] HTTP 오류: 403 Client Error: Forbidden for url: https://search.naver.com/search.naver?where=news&query=%EC%82%BC%EC%84%B1%EC%A0%84%EC%9E%90&pd=3&ds=2022.07.01&de=2022.07.31&start=290&sort=0
2026-04-20 14:57:08 [WARNING] [2/3] HTTP 오류: 403 Client Error: Forbidden for url: https://search.naver.com/search.naver?where=news&query=%EC%82%BC%EC%84%B1%EC%A0%84%EC%9E%90&pd=3&ds=2022.07.01&de=2022.07.31&start=290&sort=0
2026-04-20 14:57:16 [WARNING] [3/3] HTTP 오류: 403 Client Error: Forbidden for url: https://search.naver.com/search.naver?where=news&query=%EC%82%BC%EC%84%B1%EC%A0%84%EC%9E%90&pd=3&ds=2022.07.01&de=2022.07.31&start=290&sort=0
2026-04-20 14:57:18 [INFO]     2022.07 p31: +4건 (페이지 8건)
2026-04-20 14:57:19 [INFO]     2022.07 p32: +7건 (페이지 10건)
2026-04-20 14:57:22 [WARNING] [1/3] HTTP 오류: 403 Client Error: Forbidden for url: https://search.naver.com/search.naver?where=news&query=%EC%82%BC%EC%84%B1%EC%A0%84%EC%9E%90&pd=3&ds=2022.07.01&de=2022.07.31&start=320&sort=0
2026-04-20 14:57:26 [INFO]     2022.07 p33: +2건 (페이지 8건)
2026-04-20 14:57:27 [INFO]     2022.07 p34: +4건 (페이지 7건)
2026-04-20 14:57:28 [INFO]     2022.07 p35: +5건 (페이지 7건)
2026-04-20 14:57:30 [INFO]     2022.07 p36: +8건 (페이지 8건)
2026-04-20 14:57:33 [WARNING] [1/3] HTTP 오류: 403 Client Error: Forbidden for url: https://search.naver.com/search.naver?where=news&query=%EC%82%BC%EC%84%B1%EC%A0%84%EC%9E%90&pd=3&ds=2022.07.01&de=2022.07.31&start=360&sort=0
2026-04-20 14:57:36 [INFO]     2022.07 p37: +7건 (페이지 8건)
2026-04-20 14:57:40 [WARNING] [1/3] HTTP 오류: 403 Client Error: Forbidden for url: https://search.naver.com/search.naver?where=news&query=%EC%82%BC%EC%84%B1%EC%A0%84%EC%9E%90&pd=3&ds=2022.07.01&de=2022.07.31&start=370&sort=0
2026-04-20 14:57:45 [WARNING] [2/3] HTTP 오류: 403 Client Error: Forbidden for url: https://search.naver.com/search.naver?where=news&query=%EC%82%BC%EC%84%B1%EC%A0%84%EC%9E%90&pd=3&ds=2022.07.01&de=2022.07.31&start=370&sort=0
2026-04-20 14:57:51 [INFO]     2022.07 p38: +5건 (페이지 7건)
2026-04-20 14:57:54 [WARNING] [1/3] HTTP 오류: 403 Client Error: Forbidden for url: https://search.naver.com/search.naver?where=news&query=%EC%82%BC%EC%84%B1%EC%A0%84%EC%9E%90&pd=3&ds=2022.07.01&de=2022.07.31&start=380&sort=0
2026-04-20 14:57:59 [WARNING] [2/3] HTTP 오류: 403 Client Error: Forbidden for url: https://search.naver.com/search.naver?where=news&query=%EC%82%BC%EC%84%B1%EC%A0%84%EC%9E%90&pd=3&ds=2022.07.01&de=2022.07.31&start=380&sort=0
2026-04-20 14:58:07 [WARNING] [3/3] HTTP 오류: 403 Client Error: Forbidden for url: https://search.naver.com/search.naver?where=news&query=%EC%82%BC%EC%84%B1%EC%A0%84%EC%9E%90&pd=3&ds=2022.07.01&de=2022.07.31&start=380&sort=0
2026-04-20 14:58:11 [WARNING] [1/3] HTTP 오류: 403 Client Error: Forbidden for url: https://search.naver.com/search.naver?where=news&query=%EC%82%BC%EC%84%B1%EC%A0%84%EC%9E%90&pd=3&ds=2022.07.01&de=2022.07.31&start=390&sort=0
2026-04-20 14:58:16 [WARNING] [2/3] HTTP 오류: 403 Client Error: Forbidden for url: https://search.naver.com/search.naver?where=news&query=%EC%82%BC%EC%84%B1%EC%A0%84%EC%9E%90&pd=3&ds=2022.07.01&de=2022.07.31&start=390&sort=0
2026-04-20 14:58:22 [INFO]     2022.07 p40: +7건 (페이지 9건)
2026-04-20 14:58:23 [INFO]   2022.07 완료: +220건 (누적 1018개)
2026-04-20 14:58:24 [INFO]     2022.08 p1: +9건 (페이지 9건)
2026-04-20 14:58:25 [INFO]     2022.08 p2: +6건 (페이지 7건)
2026-04-20 14:58:29 [WARNING] [1/3] HTTP 오류: 403 Client Error: Forbidden for url: https://search.naver.com/search.naver?where=news&query=%EC%82%BC%EC%84%B1%EC%A0%84%EC%9E%90&pd=3&ds=2022.08.01&de=2022.08.31&start=20&sort=0
2026-04-20 14:58:34 [WARNING] [2/3] HTTP 오류: 403 Client Error: Forbidden for url: https://search.naver.com/search.naver?where=news&query=%EC%82%BC%EC%84%B1%EC%A0%84%EC%9E%90&pd=3&ds=2022.08.01&de=2022.08.31&start=20&sort=0
2026-04-20 14:58:40 [INFO]     2022.08 p3: +5건 (페이지 5건)
2026-04-20 14:58:42 [INFO]     2022.08 p4: +3건 (페이지 3건)
2026-04-20 14:58:45 [WARNING] [1/3] HTTP 오류: 403 Client Error: Forbidden for url: https://search.naver.com/search.naver?where=news&query=%EC%82%BC%EC%84%B1%EC%A0%84%EC%9E%90&pd=3&ds=2022.08.01&de=2022.08.31&start=40&sort=0
2026-04-20 14:58:48 [INFO]     2022.08 p5: +4건 (페이지 4건)
2026-04-20 14:58:50 [INFO]     2022.08 p6: +5건 (페이지 5건)
2026-04-20 14:58:51 [INFO]     2022.08 p7: +3건 (페이지 3건)
2026-04-20 14:58:53 [INFO]     2022.08 p8: +2건 (페이지 2건)
2026-04-20 14:58:54 [INFO]     2022.08 p9: +3건 (페이지 3건)
2026-04-20 14:58:55 [INFO]     2022.08 p10: +2건 (페이지 2건)
2026-04-20 14:58:57 [INFO]     2022.08 p11: +5건 (페이지 7건)
2026-04-20 14:59:00 [WARNING] [1/3] HTTP 오류: 403 Client Error: Forbidden for url: https://search.naver.com/search.naver?where=news&query=%EC%82%BC%EC%84%B1%EC%A0%84%EC%9E%90&pd=3&ds=2022.08.01&de=2022.08.31&start=110&sort=0
2026-04-20 14:59:04 [INFO]     2022.08 p12: +1건 (페이지 7건)
2026-04-20 14:59:07 [WARNING] [1/3] HTTP 오류: 403 Client Error: Forbidden for url: https://search.naver.com/search.naver?where=news&query=%EC%82%BC%EC%84%B1%EC%A0%84%EC%9E%90&pd=3&ds=2022.08.01&de=2022.08.31&start=120&sort=0
2026-04-20 14:59:12 [WARNING] [2/3] HTTP 오류: 403 Client Error: Forbidden for url: https://search.naver.com/search.naver?where=news&query=%EC%82%BC%EC%84%B1%EC%A0%84%EC%9E%90&pd=3&ds=2022.08.01&de=2022.08.31&start=120&sort=0
2026-04-20 14:59:20 [WARNING] [3/3] HTTP 오류: 403 Client Error: Forbidden for url: https://search.naver.com/search.naver?where=news&query=%EC%82%BC%EC%84%B1%EC%A0%84%EC%9E%90&pd=3&ds=2022.08.01&de=2022.08.31&start=120&sort=0
2026-04-20 14:59:21 [INFO]     2022.08 p14: +6건 (페이지 7건)
2026-04-20 14:59:22 [INFO]     2022.08 p15: +4건 (페이지 8건)
2026-04-20 14:59:24 [INFO]     2022.08 p16: +3건 (페이지 8건)
2026-04-20 14:59:25 [INFO]     2022.08 p17: +3건 (페이지 6건)
2026-04-20 14:59:26 [INFO]     2022.08 p18: +2건 (페이지 5건)
2026-04-20 14:59:28 [INFO]     2022.08 p19: +2건 (페이지 4건)
2026-04-20 14:59:29 [INFO]     2022.08 p20: +3건 (페이지 6건)
2026-04-20 14:59:33 [WARNING] [1/3] HTTP 오류: 403 Client Error: Forbidden for url: https://search.naver.com/search.naver?where=news&query=%EC%82%BC%EC%84%B1%EC%A0%84%EC%9E%90&pd=3&ds=2022.08.01&de=2022.08.31&start=200&sort=0
2026-04-20 14:59:36 [INFO]     2022.08 p21: +4건 (페이지 6건)
2026-04-20 14:59:37 [INFO]     2022.08 p22: +2건 (페이지 5건)
2026-04-20 14:59:39 [INFO]     2022.08 p23: +5건 (페이지 8건)
2026-04-20 14:59:41 [INFO]     2022.08 p24: +3건 (페이지 6건)
2026-04-20 14:59:42 [INFO]     2022.08 p25: +2건 (페이지 6건)
2026-04-20 14:59:43 [INFO]     2022.08 p26: +4건 (페이지 7건)
2026-04-20 14:59:45 [INFO]     2022.08 p27: +3건 (페이지 7건)
2026-04-20 14:59:46 [INFO]     2022.08 p28: +1건 (페이지 4건)
2026-04-20 14:59:50 [WARNING] [1/3] HTTP 오류: 403 Client Error: Forbidden for url: https://search.naver.com/search.naver?where=news&query=%EC%82%BC%EC%84%B1%EC%A0%84%EC%9E%90&pd=3&ds=2022.08.01&de=2022.08.31&start=280&sort=0
2026-04-20 14:59:55 [WARNING] [2/3] HTTP 오류: 403 Client Error: Forbidden for url: https://search.naver.com/search.naver?where=news&query=%EC%82%BC%EC%84%B1%EC%A0%84%EC%9E%90&pd=3&ds=2022.08.01&de=2022.08.31&start=280&sort=0
2026-04-20 15:00:01 [INFO]     2022.08 p29: +2건 (페이지 5건)
2026-04-20 15:00:03 [INFO]     2022.08 p30: +1건 (페이지 4건)
2026-04-20 15:00:04 [INFO]     2022.08 p31: +3건 (페이지 5건)
2026-04-20 15:00:06 [INFO]     2022.08 p32: +3건 (페이지 7건)
2026-04-20 15:00:09 [WARNING] [1/3] HTTP 오류: 403 Client Error: Forbidden for url: https://search.naver.com/search.naver?where=news&query=%EC%82%BC%EC%84%B1%EC%A0%84%EC%9E%90&pd=3&ds=2022.08.01&de=2022.08.31&start=320&sort=0
2026-04-20 15:00:12 [INFO]     2022.08 p33: +2건 (페이지 5건)
2026-04-20 15:00:14 [INFO]     2022.08 p34: +2건 (페이지 3건)
2026-04-20 15:00:15 [INFO]     2022.08 p35: +3건 (페이지 6건)
2026-04-20 15:00:17 [INFO]     2022.08 p36: +1건 (페이지 7건)
2026-04-20 15:00:20 [WARNING] [1/3] HTTP 오류: 403 Client Error: Forbidden for url: https://search.naver.com/search.naver?where=news&query=%EC%82%BC%EC%84%B1%EC%A0%84%EC%9E%90&pd=3&ds=2022.08.01&de=2022.08.31&start=360&sort=0
2026-04-20 15:00:23 [INFO]     2022.08 p37: +5건 (페이지 8건)
2026-04-20 15:00:25 [INFO]     2022.08 p38: +1건 (페이지 7건)
2026-04-20 15:00:27 [INFO]     2022.08 p39: +2건 (페이지 4건)
2026-04-20 15:00:29 [INFO]     2022.08 p40: +1건 (페이지 3건)
2026-04-20 15:00:29 [INFO]   2022.08 완료: +121건 (누적 1139개)
2026-04-20 15:00:30 [INFO]     2022.09 p1: +9건 (페이지 9건)
2026-04-20 15:00:31 [INFO]     2022.09 p2: +7건 (페이지 9건)
2026-04-20 15:00:34 [WARNING] [1/3] HTTP 오류: 403 Client Error: Forbidden for url: https://search.naver.com/search.naver?where=news&query=%EC%82%BC%EC%84%B1%EC%A0%84%EC%9E%90&pd=3&ds=2022.09.01&de=2022.09.30&start=20&sort=0
2026-04-20 15:00:38 [INFO]     2022.09 p3: +10건 (페이지 10건)
2026-04-20 15:00:39 [INFO]     2022.09 p4: +9건 (페이지 9건)
2026-04-20 15:00:42 [WARNING] [1/3] HTTP 오류: 403 Client Error: Forbidden for url: https://search.naver.com/search.naver?where=news&query=%EC%82%BC%EC%84%B1%EC%A0%84%EC%9E%90&pd=3&ds=2022.09.01&de=2022.09.30&start=40&sort=0
2026-04-20 15:00:45 [INFO]     2022.09 p5: +7건 (페이지 7건)
2026-04-20 15:00:49 [WARNING] [1/3] HTTP 오류: 403 Client Error: Forbidden for url: https://search.naver.com/search.naver?where=news&query=%EC%82%BC%EC%84%B1%EC%A0%84%EC%9E%90&pd=3&ds=2022.09.01&de=2022.09.30&start=50&sort=0
2026-04-20 15:00:54 [WARNING] [2/3] HTTP 오류: 403 Client Error: Forbidden for url: https://search.naver.com/search.naver?where=news&query=%EC%82%BC%EC%84%B1%EC%A0%84%EC%9E%90&pd=3&ds=2022.09.01&de=2022.09.30&start=50&sort=0
2026-04-20 15:01:00 [INFO]     2022.09 p6: +9건 (페이지 9건)
2026-04-20 15:01:02 [INFO]     2022.09 p7: +5건 (페이지 5건)
2026-04-20 15:01:05 [WARNING] [1/3] HTTP 오류: 403 Client Error: Forbidden for url: https://search.naver.com/search.naver?where=news&query=%EC%82%BC%EC%84%B1%EC%A0%84%EC%9E%90&pd=3&ds=2022.09.01&de=2022.09.30&start=70&sort=0
2026-04-20 15:01:09 [INFO]     2022.09 p8: +8건 (페이지 8건)
2026-04-20 15:01:10 [INFO]     2022.09 p9: +5건 (페이지 5건)
2026-04-20 15:01:12 [INFO]     2022.09 p10: +2건 (페이지 2건)
2026-04-20 15:01:13 [INFO]     2022.09 p11: +4건 (페이지 8건)
2026-04-20 15:01:17 [WARNING] [1/3] HTTP 오류: 403 Client Error: Forbidden for url: https://search.naver.com/search.naver?where=news&query=%EC%82%BC%EC%84%B1%EC%A0%84%EC%9E%90&pd=3&ds=2022.09.01&de=2022.09.30&start=110&sort=0
2026-04-20 15:01:20 [INFO]     2022.09 p12: +0건 (페이지 8건)
2026-04-20 15:01:20 [INFO]   2022.09 완료: +75건 (누적 1214개)
2026-04-20 15:01:21 [INFO]     2022.10 p1: +10건 (페이지 10건)
2026-04-20 15:01:24 [WARNING] [1/3] HTTP 오류: 403 Client Error: Forbidden for url: https://search.naver.com/search.naver?where=news&query=%EC%82%BC%EC%84%B1%EC%A0%84%EC%9E%90&pd=3&ds=2022.10.01&de=2022.10.31&start=10&sort=0
2026-04-20 15:01:27 [INFO]     2022.10 p2: +9건 (페이지 10건)
2026-04-20 15:01:29 [INFO]     2022.10 p3: +10건 (페이지 10건)
2026-04-20 15:01:32 [WARNING] [1/3] HTTP 오류: 403 Client Error: Forbidden for url: https://search.naver.com/search.naver?where=news&query=%EC%82%BC%EC%84%B1%EC%A0%84%EC%9E%90&pd=3&ds=2022.10.01&de=2022.10.31&start=30&sort=0
2026-04-20 15:01:35 [INFO]     2022.10 p4: +9건 (페이지 9건)
2026-04-20 15:01:36 [INFO]     2022.10 p5: +8건 (페이지 8건)
2026-04-20 15:01:37 [INFO]     2022.10 p6: +8건 (페이지 8건)
2026-04-20 15:01:40 [WARNING] [1/3] HTTP 오류: 403 Client Error: Forbidden for url: https://search.naver.com/search.naver?where=news&query=%EC%82%BC%EC%84%B1%EC%A0%84%EC%9E%90&pd=3&ds=2022.10.01&de=2022.10.31&start=60&sort=0
2026-04-20 15:01:44 [INFO]     2022.10 p7: +9건 (페이지 9건)
2026-04-20 15:01:47 [WARNING] [1/3] HTTP 오류: 403 Client Error: Forbidden for url: https://search.naver.com/search.naver?where=news&query=%EC%82%BC%EC%84%B1%EC%A0%84%EC%9E%90&pd=3&ds=2022.10.01&de=2022.10.31&start=70&sort=0
2026-04-20 15:01:52 [WARNING] [2/3] HTTP 오류: 403 Client Error: Forbidden for url: https://search.naver.com/search.naver?where=news&query=%EC%82%BC%EC%84%B1%EC%A0%84%EC%9E%90&pd=3&ds=2022.10.01&de=2022.10.31&start=70&sort=0
2026-04-20 15:01:58 [INFO]     2022.10 p8: +8건 (페이지 8건)
2026-04-20 15:02:00 [INFO]     2022.10 p9: +8건 (페이지 8건)
2026-04-20 15:02:03 [WARNING] [1/3] HTTP 오류: 403 Client Error: Forbidden for url: https://search.naver.com/search.naver?where=news&query=%EC%82%BC%EC%84%B1%EC%A0%84%EC%9E%90&pd=3&ds=2022.10.01&de=2022.10.31&start=90&sort=0
2026-04-20 15:02:06 [INFO]     2022.10 p10: +5건 (페이지 5건)
2026-04-20 15:02:08 [INFO]     2022.10 p11: +4건 (페이지 8건)
2026-04-20 15:02:11 [WARNING] [1/3] HTTP 오류: 403 Client Error: Forbidden for url: https://search.naver.com/search.naver?where=news&query=%EC%82%BC%EC%84%B1%EC%A0%84%EC%9E%90&pd=3&ds=2022.10.01&de=2022.10.31&start=110&sort=0
2026-04-20 15:02:16 [WARNING] [2/3] HTTP 오류: 403 Client Error: Forbidden for url: https://search.naver.com/search.naver?where=news&query=%EC%82%BC%EC%84%B1%EC%A0%84%EC%9E%90&pd=3&ds=2022.10.01&de=2022.10.31&start=110&sort=0
2026-04-20 15:02:23 [INFO]     2022.10 p12: +3건 (페이지 7건)
2026-04-20 15:02:24 [INFO]     2022.10 p13: +2건 (페이지 8건)
2026-04-20 15:02:28 [WARNING] [1/3] HTTP 오류: 403 Client Error: Forbidden for url: https://search.naver.com/search.naver?where=news&query=%EC%82%BC%EC%84%B1%EC%A0%84%EC%9E%90&pd=3&ds=2022.10.01&de=2022.10.31&start=130&sort=0
2026-04-20 15:02:33 [WARNING] [2/3] HTTP 오류: 403 Client Error: Forbidden for url: https://search.naver.com/search.naver?where=news&query=%EC%82%BC%EC%84%B1%EC%A0%84%EC%9E%90&pd=3&ds=2022.10.01&de=2022.10.31&start=130&sort=0
2026-04-20 15:02:39 [INFO]     2022.10 p14: +4건 (페이지 8건)
2026-04-20 15:02:42 [WARNING] [1/3] HTTP 오류: 403 Client Error: Forbidden for url: https://search.naver.com/search.naver?where=news&query=%EC%82%BC%EC%84%B1%EC%A0%84%EC%9E%90&pd=3&ds=2022.10.01&de=2022.10.31&start=140&sort=0
2026-04-20 15:02:46 [INFO]     2022.10 p15: +2건 (페이지 7건)
2026-04-20 15:02:47 [INFO]     2022.10 p16: +4건 (페이지 8건)
2026-04-20 15:02:50 [WARNING] [1/3] HTTP 오류: 403 Client Error: Forbidden for url: https://search.naver.com/search.naver?where=news&query=%EC%82%BC%EC%84%B1%EC%A0%84%EC%9E%90&pd=3&ds=2022.10.01&de=2022.10.31&start=160&sort=0
2026-04-20 15:02:55 [WARNING] [2/3] HTTP 오류: 403 Client Error: Forbidden for url: https://search.naver.com/search.naver?where=news&query=%EC%82%BC%EC%84%B1%EC%A0%84%EC%9E%90&pd=3&ds=2022.10.01&de=2022.10.31&start=160&sort=0
2026-04-20 15:03:02 [INFO]     2022.10 p17: +5건 (페이지 9건)
2026-04-20 15:03:03 [INFO]     2022.10 p18: +7건 (페이지 9건)
2026-04-20 15:03:04 [INFO]     2022.10 p19: +4건 (페이지 8건)
2026-04-20 15:03:06 [INFO]     2022.10 p20: +4건 (페이지 7건)
2026-04-20 15:03:08 [INFO]     2022.10 p21: +5건 (페이지 9건)
2026-04-20 15:03:09 [INFO]     2022.10 p22: +3건 (페이지 10건)
2026-04-20 15:03:11 [INFO]     2022.10 p23: +5건 (페이지 9건)
2026-04-20 15:03:14 [WARNING] [1/3] HTTP 오류: 403 Client Error: Forbidden for url: https://search.naver.com/search.naver?where=news&query=%EC%82%BC%EC%84%B1%EC%A0%84%EC%9E%90&pd=3&ds=2022.10.01&de=2022.10.31&start=230&sort=0
2026-04-20 15:03:17 [INFO]     2022.10 p24: +2건 (페이지 7건)
2026-04-20 15:03:18 [INFO]     2022.10 p25: +4건 (페이지 7건)
2026-04-20 15:03:20 [INFO]     2022.10 p26: +3건 (페이지 4건)
2026-04-20 15:03:21 [INFO]     2022.10 p27: +6건 (페이지 7건)
2026-04-20 15:03:22 [INFO]     2022.10 p28: +10건 (페이지 10건)
2026-04-20 15:03:24 [INFO]     2022.10 p29: +7건 (페이지 7건)
2026-04-20 15:03:26 [INFO]     2022.10 p30: +9건 (페이지 9건)
2026-04-20 15:03:27 [INFO]     2022.10 p31: +9건 (페이지 10건)
2026-04-20 15:03:29 [INFO]     2022.10 p32: +8건 (페이지 8건)
2026-04-20 15:03:30 [INFO]     2022.10 p33: +6건 (페이지 8건)
2026-04-20 15:03:34 [WARNING] [1/3] HTTP 오류: 403 Client Error: Forbidden for url: https://search.naver.com/search.naver?where=news&query=%EC%82%BC%EC%84%B1%EC%A0%84%EC%9E%90&pd=3&ds=2022.10.01&de=2022.10.31&start=330&sort=0
2026-04-20 15:03:37 [INFO]     2022.10 p34: +8건 (페이지 9건)
2026-04-20 15:03:39 [INFO]     2022.10 p35: +7건 (페이지 8건)
2026-04-20 15:03:40 [INFO]     2022.10 p36: +7건 (페이지 7건)
2026-04-20 15:03:41 [INFO]     2022.10 p37: +8건 (페이지 8건)
2026-04-20 15:03:43 [INFO]     2022.10 p38: +7건 (페이지 9건)
2026-04-20 15:03:46 [WARNING] [1/3] HTTP 오류: 403 Client Error: Forbidden for url: https://search.naver.com/search.naver?where=news&query=%EC%82%BC%EC%84%B1%EC%A0%84%EC%9E%90&pd=3&ds=2022.10.01&de=2022.10.31&start=380&sort=0
2026-04-20 15:03:51 [WARNING] [2/3] HTTP 오류: 403 Client Error: Forbidden for url: https://search.naver.com/search.naver?where=news&query=%EC%82%BC%EC%84%B1%EC%A0%84%EC%9E%90&pd=3&ds=2022.10.01&de=2022.10.31&start=380&sort=0
2026-04-20 15:03:57 [INFO]     2022.10 p39: +7건 (페이지 8건)
2026-04-20 15:04:01 [WARNING] [1/3] HTTP 오류: 403 Client Error: Forbidden for url: https://search.naver.com/search.naver?where=news&query=%EC%82%BC%EC%84%B1%EC%A0%84%EC%9E%90&pd=3&ds=2022.10.01&de=2022.10.31&start=390&sort=0
2026-04-20 15:04:04 [INFO]     2022.10 p40: +10건 (페이지 10건)
2026-04-20 15:04:05 [INFO]   2022.10 완료: +254건 (누적 1468개)
2026-04-20 15:04:06 [INFO]     2022.11 p1: +10건 (페이지 10건)
2026-04-20 15:04:07 [INFO]     2022.11 p2: +8건 (페이지 10건)
2026-04-20 15:04:09 [INFO]     2022.11 p3: +9건 (페이지 9건)
2026-04-20 15:04:12 [WARNING] [1/3] HTTP 오류: 403 Client Error: Forbidden for url: https://search.naver.com/search.naver?where=news&query=%EC%82%BC%EC%84%B1%EC%A0%84%EC%9E%90&pd=3&ds=2022.11.01&de=2022.11.30&start=30&sort=0
2026-04-20 15:04:15 [INFO]     2022.11 p4: +3건 (페이지 3건)
2026-04-20 15:04:17 [INFO]     2022.11 p5: +4건 (페이지 4건)
2026-04-20 15:04:18 [INFO]     2022.11 p6: +5건 (페이지 5건)
2026-04-20 15:04:20 [INFO]     2022.11 p7: +4건 (페이지 4건)
2026-04-20 15:04:21 [INFO]     2022.11 p8: +2건 (페이지 2건)
2026-04-20 15:04:23 [INFO]     2022.11 p9: +3건 (페이지 3건)
2026-04-20 15:04:26 [WARNING] [1/3] HTTP 오류: 403 Client Error: Forbidden for url: https://search.naver.com/search.naver?where=news&query=%EC%82%BC%EC%84%B1%EC%A0%84%EC%9E%90&pd=3&ds=2022.11.01&de=2022.11.30&start=90&sort=0
2026-04-20 15:04:31 [WARNING] [2/3] HTTP 오류: 403 Client Error: Forbidden for url: https://search.naver.com/search.naver?where=news&query=%EC%82%BC%EC%84%B1%EC%A0%84%EC%9E%90&pd=3&ds=2022.11.01&de=2022.11.30&start=90&sort=0
2026-04-20 15:04:38 [INFO]     2022.11 p10: +1건 (페이지 1건)
2026-04-20 15:04:39 [INFO]     2022.11 p11: +7건 (페이지 8건)
2026-04-20 15:04:41 [INFO]     2022.11 p12: +4건 (페이지 9건)
2026-04-20 15:04:42 [INFO]     2022.11 p13: +5건 (페이지 9건)
2026-04-20 15:04:45 [WARNING] [1/3] HTTP 오류: 403 Client Error: Forbidden for url: https://search.naver.com/search.naver?where=news&query=%EC%82%BC%EC%84%B1%EC%A0%84%EC%9E%90&pd=3&ds=2022.11.01&de=2022.11.30&start=130&sort=0
2026-04-20 15:04:48 [INFO]     2022.11 p14: +1건 (페이지 5건)
2026-04-20 15:04:51 [WARNING] [1/3] HTTP 오류: 403 Client Error: Forbidden for url: https://search.naver.com/search.naver?where=news&query=%EC%82%BC%EC%84%B1%EC%A0%84%EC%9E%90&pd=3&ds=2022.11.01&de=2022.11.30&start=140&sort=0
2026-04-20 15:04:54 [INFO]     2022.11 p15: +1건 (페이지 5건)
2026-04-20 15:04:57 [WARNING] [1/3] HTTP 오류: 403 Client Error: Forbidden for url: https://search.naver.com/search.naver?where=news&query=%EC%82%BC%EC%84%B1%EC%A0%84%EC%9E%90&pd=3&ds=2022.11.01&de=2022.11.30&start=150&sort=0
2026-04-20 15:05:01 [INFO]     2022.11 p16: +6건 (페이지 7건)
2026-04-20 15:05:02 [INFO]     2022.11 p17: +2건 (페이지 6건)
2026-04-20 15:05:03 [INFO]     2022.11 p18: +1건 (페이지 5건)
2026-04-20 15:05:05 [INFO]     2022.11 p19: +2건 (페이지 5건)
2026-04-20 15:05:07 [INFO]     2022.11 p20: +3건 (페이지 5건)
2026-04-20 15:05:08 [INFO]     2022.11 p21: +4건 (페이지 6건)
2026-04-20 15:05:11 [WARNING] [1/3] HTTP 오류: 403 Client Error: Forbidden for url: https://search.naver.com/search.naver?where=news&query=%EC%82%BC%EC%84%B1%EC%A0%84%EC%9E%90&pd=3&ds=2022.11.01&de=2022.11.30&start=210&sort=0
2026-04-20 15:05:16 [WARNING] [2/3] HTTP 오류: 403 Client Error: Forbidden for url: https://search.naver.com/search.naver?where=news&query=%EC%82%BC%EC%84%B1%EC%A0%84%EC%9E%90&pd=3&ds=2022.11.01&de=2022.11.30&start=210&sort=0
2026-04-20 15:05:22 [INFO]     2022.11 p22: +0건 (페이지 4건)
2026-04-20 15:05:23 [INFO]   2022.11 완료: +85건 (누적 1553개)
2026-04-20 15:05:24 [INFO]     2022.12 p1: +9건 (페이지 9건)
2026-04-20 15:05:26 [INFO]     2022.12 p2: +7건 (페이지 8건)
2026-04-20 15:05:27 [INFO]     2022.12 p3: +8건 (페이지 8건)
2026-04-20 15:05:31 [WARNING] [1/3] HTTP 오류: 403 Client Error: Forbidden for url: https://search.naver.com/search.naver?where=news&query=%EC%82%BC%EC%84%B1%EC%A0%84%EC%9E%90&pd=3&ds=2022.12.01&de=2022.12.31&start=30&sort=0
2026-04-20 15:05:34 [INFO]     2022.12 p4: +10건 (페이지 10건)
2026-04-20 15:05:35 [INFO]     2022.12 p5: +9건 (페이지 9건)
2026-04-20 15:05:37 [INFO]     2022.12 p6: +7건 (페이지 7건)
2026-04-20 15:05:40 [WARNING] [1/3] HTTP 오류: 403 Client Error: Forbidden for url: https://search.naver.com/search.naver?where=news&query=%EC%82%BC%EC%84%B1%EC%A0%84%EC%9E%90&pd=3&ds=2022.12.01&de=2022.12.31&start=60&sort=0
2026-04-20 15:05:43 [INFO]     2022.12 p7: +7건 (페이지 7건)
2026-04-20 15:05:44 [INFO]     2022.12 p8: +8건 (페이지 8건)
2026-04-20 15:05:47 [WARNING] [1/3] HTTP 오류: 403 Client Error: Forbidden for url: https://search.naver.com/search.naver?where=news&query=%EC%82%BC%EC%84%B1%EC%A0%84%EC%9E%90&pd=3&ds=2022.12.01&de=2022.12.31&start=80&sort=0
2026-04-20 15:05:51 [INFO]     2022.12 p9: +7건 (페이지 7건)
2026-04-20 15:05:52 [INFO]     2022.12 p10: +2건 (페이지 2건)
2026-04-20 15:05:53 [INFO]     2022.12 p11: +4건 (페이지 8건)
2026-04-20 15:05:54 [INFO]     2022.12 p12: +5건 (페이지 8건)
2026-04-20 15:05:56 [INFO]     2022.12 p13: +4건 (페이지 8건)
2026-04-20 15:05:59 [WARNING] [1/3] HTTP 오류: 403 Client Error: Forbidden for url: https://search.naver.com/search.naver?where=news&query=%EC%82%BC%EC%84%B1%EC%A0%84%EC%9E%90&pd=3&ds=2022.12.01&de=2022.12.31&start=130&sort=0
2026-04-20 15:06:02 [INFO]     2022.12 p14: +2건 (페이지 8건)
2026-04-20 15:06:04 [INFO]     2022.12 p15: +4건 (페이지 7건)
2026-04-20 15:06:07 [WARNING] [1/3] HTTP 오류: 403 Client Error: Forbidden for url: https://search.naver.com/search.naver?where=news&query=%EC%82%BC%EC%84%B1%EC%A0%84%EC%9E%90&pd=3&ds=2022.12.01&de=2022.12.31&start=150&sort=0
2026-04-20 15:06:12 [WARNING] [2/3] HTTP 오류: 403 Client Error: Forbidden for url: https://search.naver.com/search.naver?where=news&query=%EC%82%BC%EC%84%B1%EC%A0%84%EC%9E%90&pd=3&ds=2022.12.01&de=2022.12.31&start=150&sort=0
2026-04-20 15:06:20 [WARNING] [3/3] HTTP 오류: 403 Client Error: Forbidden for url: https://search.naver.com/search.naver?where=news&query=%EC%82%BC%EC%84%B1%EC%A0%84%EC%9E%90&pd=3&ds=2022.12.01&de=2022.12.31&start=150&sort=0
2026-04-20 15:06:21 [INFO]     2022.12 p17: +1건 (페이지 4건)
2026-04-20 15:06:23 [INFO]     2022.12 p18: +4건 (페이지 6건)
2026-04-20 15:06:25 [INFO]     2022.12 p19: +6건 (페이지 9건)
2026-04-20 15:06:27 [INFO]     2022.12 p20: +1건 (페이지 6건)
2026-04-20 15:06:30 [WARNING] [1/3] HTTP 오류: 403 Client Error: Forbidden for url: https://search.naver.com/search.naver?where=news&query=%EC%82%BC%EC%84%B1%EC%A0%84%EC%9E%90&pd=3&ds=2022.12.01&de=2022.12.31&start=200&sort=0
2026-04-20 15:06:35 [WARNING] [2/3] HTTP 오류: 403 Client Error: Forbidden for url: https://search.naver.com/search.naver?where=news&query=%EC%82%BC%EC%84%B1%EC%A0%84%EC%9E%90&pd=3&ds=2022.12.01&de=2022.12.31&start=200&sort=0
2026-04-20 15:06:41 [INFO]     2022.12 p21: +3건 (페이지 6건)
2026-04-20 15:06:44 [WARNING] [1/3] HTTP 오류: 403 Client Error: Forbidden for url: https://search.naver.com/search.naver?where=news&query=%EC%82%BC%EC%84%B1%EC%A0%84%EC%9E%90&pd=3&ds=2022.12.01&de=2022.12.31&start=210&sort=0
2026-04-20 15:06:48 [INFO]     2022.12 p22: +2건 (페이지 7건)
2026-04-20 15:06:49 [INFO]     2022.12 p23: +2건 (페이지 6건)
2026-04-20 15:06:51 [INFO]     2022.12 p24: +4건 (페이지 6건)
2026-04-20 15:06:52 [INFO]     2022.12 p25: +2건 (페이지 7건)
2026-04-20 15:06:54 [INFO]     2022.12 p26: +2건 (페이지 7건)
2026-04-20 15:06:57 [WARNING] [1/3] HTTP 오류: 403 Client Error: Forbidden for url: https://search.naver.com/search.naver?where=news&query=%EC%82%BC%EC%84%B1%EC%A0%84%EC%9E%90&pd=3&ds=2022.12.01&de=2022.12.31&start=260&sort=0
2026-04-20 15:07:00 [INFO]     2022.12 p27: +3건 (페이지 7건)
2026-04-20 15:07:01 [INFO]     2022.12 p28: +5건 (페이지 8건)
2026-04-20 15:07:03 [INFO]     2022.12 p29: +4건 (페이지 10건)
2026-04-20 15:07:06 [WARNING] [1/3] HTTP 오류: 403 Client Error: Forbidden for url: https://search.naver.com/search.naver?where=news&query=%EC%82%BC%EC%84%B1%EC%A0%84%EC%9E%90&pd=3&ds=2022.12.01&de=2022.12.31&start=290&sort=0
2026-04-20 15:07:11 [WARNING] [2/3] HTTP 오류: 403 Client Error: Forbidden for url: https://search.naver.com/search.naver?where=news&query=%EC%82%BC%EC%84%B1%EC%A0%84%EC%9E%90&pd=3&ds=2022.12.01&de=2022.12.31&start=290&sort=0
2026-04-20 15:07:17 [INFO]     2022.12 p30: +3건 (페이지 7건)
2026-04-20 15:07:20 [WARNING] [1/3] HTTP 오류: 403 Client Error: Forbidden for url: https://search.naver.com/search.naver?where=news&query=%EC%82%BC%EC%84%B1%EC%A0%84%EC%9E%90&pd=3&ds=2022.12.01&de=2022.12.31&start=300&sort=0
2026-04-20 15:07:24 [INFO]     2022.12 p31: +1건 (페이지 5건)
2026-04-20 15:07:25 [INFO]     2022.12 p32: +2건 (페이지 6건)
2026-04-20 15:07:27 [INFO]     2022.12 p33: +2건 (페이지 8건)
2026-04-20 15:07:28 [INFO]     2022.12 p34: +5건 (페이지 7건)
2026-04-20 15:07:30 [INFO]     2022.12 p35: +1건 (페이지 6건)
2026-04-20 15:07:32 [INFO]     2022.12 p36: +2건 (페이지 7건)
2026-04-20 15:07:33 [INFO]     2022.12 p37: +2건 (페이지 5건)
2026-04-20 15:07:37 [WARNING] [1/3] HTTP 오류: 403 Client Error: Forbidden for url: https://search.naver.com/search.naver?where=news&query=%EC%82%BC%EC%84%B1%EC%A0%84%EC%9E%90&pd=3&ds=2022.12.01&de=2022.12.31&start=370&sort=0
2026-04-20 15:07:40 [INFO]     2022.12 p38: +5건 (페이지 7건)
2026-04-20 15:07:43 [WARNING] [1/3] HTTP 오류: 403 Client Error: Forbidden for url: https://search.naver.com/search.naver?where=news&query=%EC%82%BC%EC%84%B1%EC%A0%84%EC%9E%90&pd=3&ds=2022.12.01&de=2022.12.31&start=380&sort=0
2026-04-20 15:07:48 [WARNING] [2/3] HTTP 오류: 403 Client Error: Forbidden for url: https://search.naver.com/search.naver?where=news&query=%EC%82%BC%EC%84%B1%EC%A0%84%EC%9E%90&pd=3&ds=2022.12.01&de=2022.12.31&start=380&sort=0
2026-04-20 15:07:54 [INFO]     2022.12 p39: +2건 (페이지 6건)
2026-04-20 15:07:58 [WARNING] [1/3] HTTP 오류: 403 Client Error: Forbidden for url: https://search.naver.com/search.naver?where=news&query=%EC%82%BC%EC%84%B1%EC%A0%84%EC%9E%90&pd=3&ds=2022.12.01&de=2022.12.31&start=390&sort=0
2026-04-20 15:08:03 [WARNING] [2/3] HTTP 오류: 403 Client Error: Forbidden for url: https://search.naver.com/search.naver?where=news&query=%EC%82%BC%EC%84%B1%EC%A0%84%EC%9E%90&pd=3&ds=2022.12.01&de=2022.12.31&start=390&sort=0
2026-04-20 15:08:11 [WARNING] [3/3] HTTP 오류: 403 Client Error: Forbidden for url: https://search.naver.com/search.naver?where=news&query=%EC%82%BC%EC%84%B1%EC%A0%84%EC%9E%90&pd=3&ds=2022.12.01&de=2022.12.31&start=390&sort=0
2026-04-20 15:08:12 [INFO]   2022.12 완료: +157건 (누적 1710개)
2026-04-20 15:08:14 [WARNING] [1/3] HTTP 오류: 403 Client Error: Forbidden for url: https://search.naver.com/search.naver?where=news&query=%EC%82%BC%EC%84%B1%EC%A0%84%EC%9E%90&pd=3&ds=2023.01.01&de=2023.01.31&start=0&sort=0
2026-04-20 15:08:18 [INFO]     2023.01 p1: +10건 (페이지 10건)
2026-04-20 15:08:19 [INFO]     2023.01 p2: +9건 (페이지 10건)
2026-04-20 15:08:20 [INFO]     2023.01 p3: +9건 (페이지 10건)
2026-04-20 15:08:22 [INFO]     2023.01 p4: +10건 (페이지 10건)
2026-04-20 15:08:24 [INFO]     2023.01 p5: +8건 (페이지 8건)
2026-04-20 15:08:25 [INFO]     2023.01 p6: +8건 (페이지 8건)
2026-04-20 15:08:27 [INFO]     2023.01 p7: +4건 (페이지 4건)
2026-04-20 15:08:30 [WARNING] [1/3] HTTP 오류: 403 Client Error: Forbidden for url: https://search.naver.com/search.naver?where=news&query=%EC%82%BC%EC%84%B1%EC%A0%84%EC%9E%90&pd=3&ds=2023.01.01&de=2023.01.31&start=70&sort=0
2026-04-20 15:08:33 [INFO]     2023.01 p8: +5건 (페이지 5건)
2026-04-20 15:08:35 [INFO]     2023.01 p9: +6건 (페이지 6건)
2026-04-20 15:08:37 [INFO]     2023.01 p10: +4건 (페이지 4건)
2026-04-20 15:08:39 [INFO]     2023.01 p11: +7건 (페이지 10건)
2026-04-20 15:08:42 [WARNING] [1/3] HTTP 오류: 403 Client Error: Forbidden for url: https://search.naver.com/search.naver?where=news&query=%EC%82%BC%EC%84%B1%EC%A0%84%EC%9E%90&pd=3&ds=2023.01.01&de=2023.01.31&start=110&sort=0
2026-04-20 15:08:45 [INFO]     2023.01 p12: +2건 (페이지 10건)
2026-04-20 15:08:47 [INFO]     2023.01 p13: +4건 (페이지 10건)
2026-04-20 15:08:48 [INFO]     2023.01 p14: +5건 (페이지 10건)
2026-04-20 15:08:49 [INFO]     2023.01 p15: +4건 (페이지 10건)
2026-04-20 15:08:50 [INFO]     2023.01 p16: +4건 (페이지 10건)
2026-04-20 15:08:53 [WARNING] [1/3] HTTP 오류: 403 Client Error: Forbidden for url: https://search.naver.com/search.naver?where=news&query=%EC%82%BC%EC%84%B1%EC%A0%84%EC%9E%90&pd=3&ds=2023.01.01&de=2023.01.31&start=160&sort=0
2026-04-20 15:08:58 [WARNING] [2/3] HTTP 오류: 403 Client Error: Forbidden for url: https://search.naver.com/search.naver?where=news&query=%EC%82%BC%EC%84%B1%EC%A0%84%EC%9E%90&pd=3&ds=2023.01.01&de=2023.01.31&start=160&sort=0
2026-04-20 15:09:05 [INFO]     2023.01 p17: +4건 (페이지 9건)
2026-04-20 15:09:07 [INFO]     2023.01 p18: +6건 (페이지 9건)
2026-04-20 15:09:09 [WARNING] [1/3] HTTP 오류: 403 Client Error: Forbidden for url: https://search.naver.com/search.naver?where=news&query=%EC%82%BC%EC%84%B1%EC%A0%84%EC%9E%90&pd=3&ds=2023.01.01&de=2023.01.31&start=180&sort=0
2026-04-20 15:09:14 [WARNING] [2/3] HTTP 오류: 403 Client Error: Forbidden for url: https://search.naver.com/search.naver?where=news&query=%EC%82%BC%EC%84%B1%EC%A0%84%EC%9E%90&pd=3&ds=2023.01.01&de=2023.01.31&start=180&sort=0
2026-04-20 15:09:21 [INFO]     2023.01 p19: +8건 (페이지 10건)
2026-04-20 15:09:24 [WARNING] [1/3] HTTP 오류: 403 Client Error: Forbidden for url: https://search.naver.com/search.naver?where=news&query=%EC%82%BC%EC%84%B1%EC%A0%84%EC%9E%90&pd=3&ds=2023.01.01&de=2023.01.31&start=190&sort=0
2026-04-20 15:09:27 [INFO]     2023.01 p20: +2건 (페이지 8건)
2026-04-20 15:09:28 [INFO]     2023.01 p21: +5건 (페이지 7건)
2026-04-20 15:09:30 [INFO]     2023.01 p22: +3건 (페이지 7건)
2026-04-20 15:09:33 [WARNING] [1/3] HTTP 오류: 403 Client Error: Forbidden for url: https://search.naver.com/search.naver?where=news&query=%EC%82%BC%EC%84%B1%EC%A0%84%EC%9E%90&pd=3&ds=2023.01.01&de=2023.01.31&start=220&sort=0
2026-04-20 15:09:38 [WARNING] [2/3] HTTP 오류: 403 Client Error: Forbidden for url: https://search.naver.com/search.naver?where=news&query=%EC%82%BC%EC%84%B1%EC%A0%84%EC%9E%90&pd=3&ds=2023.01.01&de=2023.01.31&start=220&sort=0
2026-04-20 15:09:46 [WARNING] [3/3] HTTP 오류: 403 Client Error: Forbidden for url: https://search.naver.com/search.naver?where=news&query=%EC%82%BC%EC%84%B1%EC%A0%84%EC%9E%90&pd=3&ds=2023.01.01&de=2023.01.31&start=220&sort=0
2026-04-20 15:09:47 [INFO]     2023.01 p24: +5건 (페이지 8건)
2026-04-20 15:09:51 [WARNING] [1/3] HTTP 오류: 403 Client Error: Forbidden for url: https://search.naver.com/search.naver?where=news&query=%EC%82%BC%EC%84%B1%EC%A0%84%EC%9E%90&pd=3&ds=2023.01.01&de=2023.01.31&start=240&sort=0
2026-04-20 15:09:56 [WARNING] [2/3] HTTP 오류: 403 Client Error: Forbidden for url: https://search.naver.com/search.naver?where=news&query=%EC%82%BC%EC%84%B1%EC%A0%84%EC%9E%90&pd=3&ds=2023.01.01&de=2023.01.31&start=240&sort=0
2026-04-20 15:10:02 [INFO]     2023.01 p25: +2건 (페이지 7건)
2026-04-20 15:10:05 [WARNING] [1/3] HTTP 오류: 403 Client Error: Forbidden for url: https://search.naver.com/search.naver?where=news&query=%EC%82%BC%EC%84%B1%EC%A0%84%EC%9E%90&pd=3&ds=2023.01.01&de=2023.01.31&start=250&sort=0
2026-04-20 15:10:08 [INFO]     2023.01 p26: +4건 (페이지 7건)
2026-04-20 15:10:10 [INFO]     2023.01 p27: +5건 (페이지 8건)
2026-04-20 15:10:13 [WARNING] [1/3] HTTP 오류: 403 Client Error: Forbidden for url: https://search.naver.com/search.naver?where=news&query=%EC%82%BC%EC%84%B1%EC%A0%84%EC%9E%90&pd=3&ds=2023.01.01&de=2023.01.31&start=270&sort=0
2026-04-20 15:10:16 [INFO]     2023.01 p28: +5건 (페이지 8건)
2026-04-20 15:10:17 [INFO]     2023.01 p29: +2건 (페이지 7건)
2026-04-20 15:10:21 [WARNING] [1/3] HTTP 오류: 403 Client Error: Forbidden for url: https://search.naver.com/search.naver?where=news&query=%EC%82%BC%EC%84%B1%EC%A0%84%EC%9E%90&pd=3&ds=2023.01.01&de=2023.01.31&start=290&sort=0
2026-04-20 15:10:24 [INFO]     2023.01 p30: +5건 (페이지 6건)
2026-04-20 15:10:25 [INFO]     2023.01 p31: +3건 (페이지 6건)
2026-04-20 15:10:28 [WARNING] [1/3] HTTP 오류: 403 Client Error: Forbidden for url: https://search.naver.com/search.naver?where=news&query=%EC%82%BC%EC%84%B1%EC%A0%84%EC%9E%90&pd=3&ds=2023.01.01&de=2023.01.31&start=310&sort=0
2026-04-20 15:10:32 [INFO]     2023.01 p32: +4건 (페이지 7건)
2026-04-20 15:10:35 [WARNING] [1/3] HTTP 오류: 403 Client Error: Forbidden for url: https://search.naver.com/search.naver?where=news&query=%EC%82%BC%EC%84%B1%EC%A0%84%EC%9E%90&pd=3&ds=2023.01.01&de=2023.01.31&start=320&sort=0
2026-04-20 15:10:38 [INFO]     2023.01 p33: +4건 (페이지 8건)
2026-04-20 15:10:41 [WARNING] [1/3] HTTP 오류: 403 Client Error: Forbidden for url: https://search.naver.com/search.naver?where=news&query=%EC%82%BC%EC%84%B1%EC%A0%84%EC%9E%90&pd=3&ds=2023.01.01&de=2023.01.31&start=330&sort=0
2026-04-20 15:10:44 [INFO]     2023.01 p34: +5건 (페이지 7건)
2026-04-20 15:10:46 [INFO]     2023.01 p35: +4건 (페이지 7건)
2026-04-20 15:10:47 [INFO]     2023.01 p36: +2건 (페이지 7건)
2026-04-20 15:10:48 [INFO]     2023.01 p37: +2건 (페이지 5건)
2026-04-20 15:10:50 [INFO]     2023.01 p38: +4건 (페이지 5건)
2026-04-20 15:10:52 [INFO]     2023.01 p39: +5건 (페이지 8건)
2026-04-20 15:10:55 [WARNING] [1/3] HTTP 오류: 403 Client Error: Forbidden for url: https://search.naver.com/search.naver?where=news&query=%EC%82%BC%EC%84%B1%EC%A0%84%EC%9E%90&pd=3&ds=2023.01.01&de=2023.01.31&start=390&sort=0
2026-04-20 15:11:00 [WARNING] [2/3] HTTP 오류: 403 Client Error: Forbidden for url: https://search.naver.com/search.naver?where=news&query=%EC%82%BC%EC%84%B1%EC%A0%84%EC%9E%90&pd=3&ds=2023.01.01&de=2023.01.31&start=390&sort=0
2026-04-20 15:11:06 [INFO]     2023.01 p40: +1건 (페이지 4건)
2026-04-20 15:11:07 [INFO]   2023.01 완료: +189건 (누적 1899개)
2026-04-20 15:11:08 [INFO]     2023.02 p1: +10건 (페이지 10건)
2026-04-20 15:11:11 [WARNING] [1/3] HTTP 오류: 403 Client Error: Forbidden for url: https://search.naver.com/search.naver?where=news&query=%EC%82%BC%EC%84%B1%EC%A0%84%EC%9E%90&pd=3&ds=2023.02.01&de=2023.02.28&start=10&sort=0
2026-04-20 15:11:14 [INFO]     2023.02 p2: +9건 (페이지 10건)
2026-04-20 15:11:16 [INFO]     2023.02 p3: +10건 (페이지 10건)
2026-04-20 15:11:19 [WARNING] [1/3] HTTP 오류: 403 Client Error: Forbidden for url: https://search.naver.com/search.naver?where=news&query=%EC%82%BC%EC%84%B1%EC%A0%84%EC%9E%90&pd=3&ds=2023.02.01&de=2023.02.28&start=30&sort=0
2026-04-20 15:11:24 [WARNING] [2/3] HTTP 오류: 403 Client Error: Forbidden for url: https://search.naver.com/search.naver?where=news&query=%EC%82%BC%EC%84%B1%EC%A0%84%EC%9E%90&pd=3&ds=2023.02.01&de=2023.02.28&start=30&sort=0
2026-04-20 15:11:30 [INFO]     2023.02 p4: +8건 (페이지 8건)
2026-04-20 15:11:31 [INFO]     2023.02 p5: +4건 (페이지 4건)
2026-04-20 15:11:34 [WARNING] [1/3] HTTP 오류: 403 Client Error: Forbidden for url: https://search.naver.com/search.naver?where=news&query=%EC%82%BC%EC%84%B1%EC%A0%84%EC%9E%90&pd=3&ds=2023.02.01&de=2023.02.28&start=50&sort=0
2026-04-20 15:11:38 [INFO]     2023.02 p6: +4건 (페이지 4건)
2026-04-20 15:11:39 [INFO]     2023.02 p7: +1건 (페이지 1건)
2026-04-20 15:11:41 [INFO]     2023.02 p8: +4건 (페이지 4건)
2026-04-20 15:11:44 [WARNING] [1/3] HTTP 오류: 403 Client Error: Forbidden for url: https://search.naver.com/search.naver?where=news&query=%EC%82%BC%EC%84%B1%EC%A0%84%EC%9E%90&pd=3&ds=2023.02.01&de=2023.02.28&start=80&sort=0
2026-04-20 15:11:49 [WARNING] [2/3] HTTP 오류: 403 Client Error: Forbidden for url: https://search.naver.com/search.naver?where=news&query=%EC%82%BC%EC%84%B1%EC%A0%84%EC%9E%90&pd=3&ds=2023.02.01&de=2023.02.28&start=80&sort=0
2026-04-20 15:11:56 [INFO]     2023.02 p9: +2건 (페이지 2건)
2026-04-20 15:11:57 [INFO]     2023.02 p10: +4건 (페이지 4건)
2026-04-20 15:11:59 [INFO]     2023.02 p11: +5건 (페이지 7건)
2026-04-20 15:12:01 [INFO]     2023.02 p12: +4건 (페이지 6건)
2026-04-20 15:12:04 [WARNING] [1/3] HTTP 오류: 403 Client Error: Forbidden for url: https://search.naver.com/search.naver?where=news&query=%EC%82%BC%EC%84%B1%EC%A0%84%EC%9E%90&pd=3&ds=2023.02.01&de=2023.02.28&start=120&sort=0
2026-04-20 15:12:07 [INFO]     2023.02 p13: +2건 (페이지 7건)
2026-04-20 15:12:10 [WARNING] [1/3] HTTP 오류: 403 Client Error: Forbidden for url: https://search.naver.com/search.naver?where=news&query=%EC%82%BC%EC%84%B1%EC%A0%84%EC%9E%90&pd=3&ds=2023.02.01&de=2023.02.28&start=130&sort=0
2026-04-20 15:12:14 [INFO]     2023.02 p14: +4건 (페이지 7건)
2026-04-20 15:12:15 [INFO]     2023.02 p15: +1건 (페이지 7건)
2026-04-20 15:12:17 [INFO]     2023.02 p16: +1건 (페이지 8건)
2026-04-20 15:12:18 [INFO]     2023.02 p17: +2건 (페이지 5건)
2026-04-20 15:12:20 [INFO]     2023.02 p18: +1건 (페이지 3건)
2026-04-20 15:12:22 [INFO]     2023.02 p19: +3건 (페이지 6건)
2026-04-20 15:12:23 [INFO]     2023.02 p20: +1건 (페이지 5건)
2026-04-20 15:12:25 [INFO]     2023.02 p21: +3건 (페이지 5건)
2026-04-20 15:12:28 [WARNING] [1/3] HTTP 오류: 403 Client Error: Forbidden for url: https://search.naver.com/search.naver?where=news&query=%EC%82%BC%EC%84%B1%EC%A0%84%EC%9E%90&pd=3&ds=2023.02.01&de=2023.02.28&start=210&sort=0
2026-04-20 15:12:31 [INFO]     2023.02 p22: +3건 (페이지 6건)
2026-04-20 15:12:33 [INFO]     2023.02 p23: +1건 (페이지 6건)
2026-04-20 15:12:35 [INFO]     2023.02 p24: +1건 (페이지 4건)
2026-04-20 15:12:37 [INFO]     2023.02 p25: +4건 (페이지 7건)
2026-04-20 15:12:40 [WARNING] [1/3] HTTP 오류: 403 Client Error: Forbidden for url: https://search.naver.com/search.naver?where=news&query=%EC%82%BC%EC%84%B1%EC%A0%84%EC%9E%90&pd=3&ds=2023.02.01&de=2023.02.28&start=250&sort=0
2026-04-20 15:12:43 [INFO]     2023.02 p26: +4건 (페이지 7건)
2026-04-20 15:12:45 [INFO]     2023.02 p27: +3건 (페이지 5건)
2026-04-20 15:12:46 [INFO]     2023.02 p28: +1건 (페이지 4건)
2026-04-20 15:12:48 [INFO]     2023.02 p29: +3건 (페이지 6건)
2026-04-20 15:12:49 [INFO]     2023.02 p30: +3건 (페이지 6건)
2026-04-20 15:12:51 [INFO]     2023.02 p31: +4건 (페이지 7건)
2026-04-20 15:12:52 [INFO]     2023.02 p32: +1건 (페이지 6건)
2026-04-20 15:12:55 [WARNING] [1/3] HTTP 오류: 403 Client Error: Forbidden for url: https://search.naver.com/search.naver?where=news&query=%EC%82%BC%EC%84%B1%EC%A0%84%EC%9E%90&pd=3&ds=2023.02.01&de=2023.02.28&start=320&sort=0
2026-04-20 15:12:59 [INFO]     2023.02 p33: +3건 (페이지 6건)
2026-04-20 15:13:00 [INFO]     2023.02 p34: +3건 (페이지 7건)
2026-04-20 15:13:01 [INFO]     2023.02 p35: +3건 (페이지 5건)
2026-04-20 15:13:03 [INFO]     2023.02 p36: +0건 (페이지 5건)
2026-04-20 15:13:04 [INFO]   2023.02 완료: +120건 (누적 2019개)
2026-04-20 15:13:06 [WARNING] [1/3] HTTP 오류: 403 Client Error: Forbidden for url: https://search.naver.com/search.naver?where=news&query=%EC%82%BC%EC%84%B1%EC%A0%84%EC%9E%90&pd=3&ds=2023.03.01&de=2023.03.31&start=0&sort=0
2026-04-20 15:13:10 [INFO]     2023.03 p1: +10건 (페이지 10건)
2026-04-20 15:13:13 [WARNING] [1/3] HTTP 오류: 403 Client Error: Forbidden for url: https://search.naver.com/search.naver?where=news&query=%EC%82%BC%EC%84%B1%EC%A0%84%EC%9E%90&pd=3&ds=2023.03.01&de=2023.03.31&start=10&sort=0
2026-04-20 15:13:16 [INFO]     2023.03 p2: +10건 (페이지 10건)
2026-04-20 15:13:18 [INFO]     2023.03 p3: +10건 (페이지 10건)
2026-04-20 15:13:21 [WARNING] [1/3] HTTP 오류: 403 Client Error: Forbidden for url: https://search.naver.com/search.naver?where=news&query=%EC%82%BC%EC%84%B1%EC%A0%84%EC%9E%90&pd=3&ds=2023.03.01&de=2023.03.31&start=30&sort=0
2026-04-20 15:13:24 [INFO]     2023.03 p4: +9건 (페이지 9건)
2026-04-20 15:13:26 [INFO]     2023.03 p5: +7건 (페이지 7건)
2026-04-20 15:13:27 [INFO]     2023.03 p6: +6건 (페이지 6건)
2026-04-20 15:13:29 [INFO]     2023.03 p7: +4건 (페이지 4건)
2026-04-20 15:13:30 [INFO]     2023.03 p8: +3건 (페이지 3건)
2026-04-20 15:13:33 [WARNING] [1/3] HTTP 오류: 403 Client Error: Forbidden for url: https://search.naver.com/search.naver?where=news&query=%EC%82%BC%EC%84%B1%EC%A0%84%EC%9E%90&pd=3&ds=2023.03.01&de=2023.03.31&start=80&sort=0
2026-04-20 15:13:36 [INFO]     2023.03 p9: +2건 (페이지 2건)
2026-04-20 15:13:38 [INFO]     2023.03 p10: +4건 (페이지 4건)
2026-04-20 15:13:40 [INFO]     2023.03 p11: +7건 (페이지 8건)
2026-04-20 15:13:42 [INFO]     2023.03 p12: +4건 (페이지 8건)
2026-04-20 15:13:43 [INFO]     2023.03 p13: +5건 (페이지 8건)
2026-04-20 15:13:45 [INFO]     2023.03 p14: +3건 (페이지 7건)
2026-04-20 15:13:48 [WARNING] [1/3] HTTP 오류: 403 Client Error: Forbidden for url: https://search.naver.com/search.naver?where=news&query=%EC%82%BC%EC%84%B1%EC%A0%84%EC%9E%90&pd=3&ds=2023.03.01&de=2023.03.31&start=140&sort=0
2026-04-20 15:13:51 [INFO]     2023.03 p15: +4건 (페이지 8건)
2026-04-20 15:13:55 [WARNING] [1/3] HTTP 오류: 403 Client Error: Forbidden for url: https://search.naver.com/search.naver?where=news&query=%EC%82%BC%EC%84%B1%EC%A0%84%EC%9E%90&pd=3&ds=2023.03.01&de=2023.03.31&start=150&sort=0
2026-04-20 15:13:58 [INFO]     2023.03 p16: +3건 (페이지 8건)
2026-04-20 15:13:59 [INFO]     2023.03 p17: +4건 (페이지 7건)
2026-04-20 15:14:01 [INFO]     2023.03 p18: +1건 (페이지 8건)
2026-04-20 15:14:02 [INFO]     2023.03 p19: +3건 (페이지 7건)
2026-04-20 15:14:04 [INFO]     2023.03 p20: +3건 (페이지 9건)
2026-04-20 15:14:08 [WARNING] [1/3] HTTP 오류: 403 Client Error: Forbidden for url: https://search.naver.com/search.naver?where=news&query=%EC%82%BC%EC%84%B1%EC%A0%84%EC%9E%90&pd=3&ds=2023.03.01&de=2023.03.31&start=200&sort=0
2026-04-20 15:14:13 [WARNING] [2/3] HTTP 오류: 403 Client Error: Forbidden for url: https://search.naver.com/search.naver?where=news&query=%EC%82%BC%EC%84%B1%EC%A0%84%EC%9E%90&pd=3&ds=2023.03.01&de=2023.03.31&start=200&sort=0
2026-04-20 15:14:21 [WARNING] [3/3] HTTP 오류: 403 Client Error: Forbidden for url: https://search.naver.com/search.naver?where=news&query=%EC%82%BC%EC%84%B1%EC%A0%84%EC%9E%90&pd=3&ds=2023.03.01&de=2023.03.31&start=200&sort=0
2026-04-20 15:14:24 [WARNING] [1/3] HTTP 오류: 403 Client Error: Forbidden for url: https://search.naver.com/search.naver?where=news&query=%EC%82%BC%EC%84%B1%EC%A0%84%EC%9E%90&pd=3&ds=2023.03.01&de=2023.03.31&start=210&sort=0
2026-04-20 15:14:27 [INFO]     2023.03 p22: +5건 (페이지 8건)
2026-04-20 15:14:29 [INFO]     2023.03 p23: +3건 (페이지 7건)
2026-04-20 15:14:31 [INFO]     2023.03 p24: +4건 (페이지 7건)
2026-04-20 15:14:34 [WARNING] [1/3] HTTP 오류: 403 Client Error: Forbidden for url: https://search.naver.com/search.naver?where=news&query=%EC%82%BC%EC%84%B1%EC%A0%84%EC%9E%90&pd=3&ds=2023.03.01&de=2023.03.31&start=240&sort=0
2026-04-20 15:14:39 [WARNING] [2/3] HTTP 오류: 403 Client Error: Forbidden for url: https://search.naver.com/search.naver?where=news&query=%EC%82%BC%EC%84%B1%EC%A0%84%EC%9E%90&pd=3&ds=2023.03.01&de=2023.03.31&start=240&sort=0
2026-04-20 15:14:45 [INFO]     2023.03 p25: +3건 (페이지 8건)
2026-04-20 15:14:49 [WARNING] [1/3] HTTP 오류: 403 Client Error: Forbidden for url: https://search.naver.com/search.naver?where=news&query=%EC%82%BC%EC%84%B1%EC%A0%84%EC%9E%90&pd=3&ds=2023.03.01&de=2023.03.31&start=250&sort=0
2026-04-20 15:14:52 [INFO]     2023.03 p26: +6건 (페이지 7건)
2026-04-20 15:14:53 [INFO]     2023.03 p27: +4건 (페이지 7건)
2026-04-20 15:14:56 [WARNING] [1/3] HTTP 오류: 403 Client Error: Forbidden for url: https://search.naver.com/search.naver?where=news&query=%EC%82%BC%EC%84%B1%EC%A0%84%EC%9E%90&pd=3&ds=2023.03.01&de=2023.03.31&start=270&sort=0
2026-04-20 15:14:59 [INFO]     2023.03 p28: +1건 (페이지 6건)
2026-04-20 15:15:01 [INFO]     2023.03 p29: +1건 (페이지 4건)
2026-04-20 15:15:02 [INFO]     2023.03 p30: +3건 (페이지 6건)
2026-04-20 15:15:04 [INFO]     2023.03 p31: +4건 (페이지 6건)
2026-04-20 15:15:06 [INFO]     2023.03 p32: +2건 (페이지 5건)
2026-04-20 15:15:09 [WARNING] [1/3] HTTP 오류: 403 Client Error: Forbidden for url: https://search.naver.com/search.naver?where=news&query=%EC%82%BC%EC%84%B1%EC%A0%84%EC%9E%90&pd=3&ds=2023.03.01&de=2023.03.31&start=320&sort=0
2026-04-20 15:15:14 [WARNING] [2/3] HTTP 오류: 403 Client Error: Forbidden for url: https://search.naver.com/search.naver?where=news&query=%EC%82%BC%EC%84%B1%EC%A0%84%EC%9E%90&pd=3&ds=2023.03.01&de=2023.03.31&start=320&sort=0
2026-04-20 15:15:22 [WARNING] [3/3] HTTP 오류: 403 Client Error: Forbidden for url: https://search.naver.com/search.naver?where=news&query=%EC%82%BC%EC%84%B1%EC%A0%84%EC%9E%90&pd=3&ds=2023.03.01&de=2023.03.31&start=320&sort=0
2026-04-20 15:15:23 [INFO]     2023.03 p34: +7건 (페이지 7건)
2026-04-20 15:15:27 [WARNING] [1/3] HTTP 오류: 403 Client Error: Forbidden for url: https://search.naver.com/search.naver?where=news&query=%EC%82%BC%EC%84%B1%EC%A0%84%EC%9E%90&pd=3&ds=2023.03.01&de=2023.03.31&start=340&sort=0
2026-04-20 15:15:30 [INFO]     2023.03 p35: +5건 (페이지 7건)
2026-04-20 15:15:34 [WARNING] [1/3] HTTP 오류: 403 Client Error: Forbidden for url: https://search.naver.com/search.naver?where=news&query=%EC%82%BC%EC%84%B1%EC%A0%84%EC%9E%90&pd=3&ds=2023.03.01&de=2023.03.31&start=350&sort=0
2026-04-20 15:15:39 [WARNING] [2/3] HTTP 오류: 403 Client Error: Forbidden for url: https://search.naver.com/search.naver?where=news&query=%EC%82%BC%EC%84%B1%EC%A0%84%EC%9E%90&pd=3&ds=2023.03.01&de=2023.03.31&start=350&sort=0
2026-04-20 15:15:45 [INFO]     2023.03 p36: +2건 (페이지 5건)
2026-04-20 15:15:47 [INFO]     2023.03 p37: +2건 (페이지 7건)
2026-04-20 15:15:50 [WARNING] [1/3] HTTP 오류: 403 Client Error: Forbidden for url: https://search.naver.com/search.naver?where=news&query=%EC%82%BC%EC%84%B1%EC%A0%84%EC%9E%90&pd=3&ds=2023.03.01&de=2023.03.31&start=370&sort=0
2026-04-20 15:15:55 [WARNING] [2/3] HTTP 오류: 403 Client Error: Forbidden for url: https://search.naver.com/search.naver?where=news&query=%EC%82%BC%EC%84%B1%EC%A0%84%EC%9E%90&pd=3&ds=2023.03.01&de=2023.03.31&start=370&sort=0
2026-04-20 15:16:03 [WARNING] [3/3] HTTP 오류: 403 Client Error: Forbidden for url: https://search.naver.com/search.naver?where=news&query=%EC%82%BC%EC%84%B1%EC%A0%84%EC%9E%90&pd=3&ds=2023.03.01&de=2023.03.31&start=370&sort=0
2026-04-20 15:16:04 [INFO]     2023.03 p39: +5건 (페이지 7건)
2026-04-20 15:16:06 [INFO]     2023.03 p40: +0건 (페이지 4건)
2026-04-20 15:16:07 [INFO]   2023.03 완료: +159건 (누적 2178개)
2026-04-20 15:16:08 [INFO]     2023.04 p1: +9건 (페이지 9건)
2026-04-20 15:16:09 [INFO]     2023.04 p2: +9건 (페이지 10건)
2026-04-20 15:16:11 [INFO]     2023.04 p3: +8건 (페이지 8건)
2026-04-20 15:16:14 [WARNING] [1/3] HTTP 오류: 403 Client Error: Forbidden for url: https://search.naver.com/search.naver?where=news&query=%EC%82%BC%EC%84%B1%EC%A0%84%EC%9E%90&pd=3&ds=2023.04.01&de=2023.04.30&start=30&sort=0
2026-04-20 15:16:19 [WARNING] [2/3] HTTP 오류: 403 Client Error: Forbidden for url: https://search.naver.com/search.naver?where=news&query=%EC%82%BC%EC%84%B1%EC%A0%84%EC%9E%90&pd=3&ds=2023.04.01&de=2023.04.30&start=30&sort=0
2026-04-20 15:16:25 [INFO]     2023.04 p4: +9건 (페이지 9건)
2026-04-20 15:16:26 [INFO]     2023.04 p5: +10건 (페이지 10건)
2026-04-20 15:16:27 [INFO]     2023.04 p6: +10건 (페이지 10건)
2026-04-20 15:16:29 [INFO]     2023.04 p7: +10건 (페이지 10건)
2026-04-20 15:16:30 [INFO]     2023.04 p8: +9건 (페이지 9건)
2026-04-20 15:16:32 [INFO]     2023.04 p9: +10건 (페이지 10건)
2026-04-20 15:16:34 [INFO]     2023.04 p10: +10건 (페이지 10건)
2026-04-20 15:16:37 [WARNING] [1/3] HTTP 오류: 403 Client Error: Forbidden for url: https://search.naver.com/search.naver?where=news&query=%EC%82%BC%EC%84%B1%EC%A0%84%EC%9E%90&pd=3&ds=2023.04.01&de=2023.04.30&start=100&sort=0
2026-04-20 15:16:42 [WARNING] [2/3] HTTP 오류: 403 Client Error: Forbidden for url: https://search.naver.com/search.naver?where=news&query=%EC%82%BC%EC%84%B1%EC%A0%84%EC%9E%90&pd=3&ds=2023.04.01&de=2023.04.30&start=100&sort=0
2026-04-20 15:16:48 [INFO]     2023.04 p11: +5건 (페이지 10건)
2026-04-20 15:16:51 [WARNING] [1/3] HTTP 오류: 403 Client Error: Forbidden for url: https://search.naver.com/search.naver?where=news&query=%EC%82%BC%EC%84%B1%EC%A0%84%EC%9E%90&pd=3&ds=2023.04.01&de=2023.04.30&start=110&sort=0
2026-04-20 15:16:54 [INFO]     2023.04 p12: +4건 (페이지 10건)
2026-04-20 15:16:57 [WARNING] [1/3] HTTP 오류: 403 Client Error: Forbidden for url: https://search.naver.com/search.naver?where=news&query=%EC%82%BC%EC%84%B1%EC%A0%84%EC%9E%90&pd=3&ds=2023.04.01&de=2023.04.30&start=120&sort=0
2026-04-20 15:17:00 [INFO]     2023.04 p13: +4건 (페이지 10건)
2026-04-20 15:17:02 [INFO]     2023.04 p14: +7건 (페이지 10건)
2026-04-20 15:17:05 [WARNING] [1/3] HTTP 오류: 403 Client Error: Forbidden for url: https://search.naver.com/search.naver?where=news&query=%EC%82%BC%EC%84%B1%EC%A0%84%EC%9E%90&pd=3&ds=2023.04.01&de=2023.04.30&start=140&sort=0
2026-04-20 15:17:08 [INFO]     2023.04 p15: +5건 (페이지 10건)
2026-04-20 15:17:10 [INFO]     2023.04 p16: +3건 (페이지 10건)
2026-04-20 15:17:12 [INFO]     2023.04 p17: +3건 (페이지 9건)
2026-04-20 15:17:13 [INFO]     2023.04 p18: +6건 (페이지 9건)
2026-04-20 15:17:15 [INFO]     2023.04 p19: +3건 (페이지 10건)
2026-04-20 15:17:16 [INFO]     2023.04 p20: +7건 (페이지 9건)
2026-04-20 15:17:18 [INFO]     2023.04 p21: +2건 (페이지 8건)
2026-04-20 15:17:21 [WARNING] [1/3] HTTP 오류: 403 Client Error: Forbidden for url: https://search.naver.com/search.naver?where=news&query=%EC%82%BC%EC%84%B1%EC%A0%84%EC%9E%90&pd=3&ds=2023.04.01&de=2023.04.30&start=210&sort=0
2026-04-20 15:17:24 [INFO]     2023.04 p22: +6건 (페이지 8건)
2026-04-20 15:17:25 [INFO]     2023.04 p23: +6건 (페이지 9건)
2026-04-20 15:17:28 [WARNING] [1/3] HTTP 오류: 403 Client Error: Forbidden for url: https://search.naver.com/search.naver?where=news&query=%EC%82%BC%EC%84%B1%EC%A0%84%EC%9E%90&pd=3&ds=2023.04.01&de=2023.04.30&start=230&sort=0
2026-04-20 15:17:32 [INFO]     2023.04 p24: +3건 (페이지 9건)
2026-04-20 15:17:33 [INFO]     2023.04 p25: +6건 (페이지 8건)
2026-04-20 15:17:35 [INFO]     2023.04 p26: +5건 (페이지 9건)
2026-04-20 15:17:36 [INFO]     2023.04 p27: +5건 (페이지 10건)
2026-04-20 15:17:38 [INFO]     2023.04 p28: +7건 (페이지 10건)
2026-04-20 15:17:39 [INFO]     2023.04 p29: +7건 (페이지 10건)
2026-04-20 15:17:40 [INFO]     2023.04 p30: +8건 (페이지 9건)
2026-04-20 15:17:43 [WARNING] [1/3] HTTP 오류: 403 Client Error: Forbidden for url: https://search.naver.com/search.naver?where=news&query=%EC%82%BC%EC%84%B1%EC%A0%84%EC%9E%90&pd=3&ds=2023.04.01&de=2023.04.30&start=300&sort=0
2026-04-20 15:17:47 [INFO]     2023.04 p31: +7건 (페이지 8건)
2026-04-20 15:17:48 [INFO]     2023.04 p32: +8건 (페이지 10건)
2026-04-20 15:17:50 [INFO]     2023.04 p33: +9건 (페이지 10건)
2026-04-20 15:17:53 [WARNING] [1/3] HTTP 오류: 403 Client Error: Forbidden for url: https://search.naver.com/search.naver?where=news&query=%EC%82%BC%EC%84%B1%EC%A0%84%EC%9E%90&pd=3&ds=2023.04.01&de=2023.04.30&start=330&sort=0
2026-04-20 15:17:56 [INFO]     2023.04 p34: +6건 (페이지 10건)
2026-04-20 15:17:58 [INFO]     2023.04 p35: +6건 (페이지 7건)
2026-04-20 15:17:59 [INFO]     2023.04 p36: +3건 (페이지 6건)
2026-04-20 15:18:01 [INFO]     2023.04 p37: +9건 (페이지 9건)
2026-04-20 15:18:04 [WARNING] [1/3] HTTP 오류: 403 Client Error: Forbidden for url: https://search.naver.com/search.naver?where=news&query=%EC%82%BC%EC%84%B1%EC%A0%84%EC%9E%90&pd=3&ds=2023.04.01&de=2023.04.30&start=370&sort=0
2026-04-20 15:18:08 [INFO]     2023.04 p38: +6건 (페이지 9건)
2026-04-20 15:18:09 [INFO]     2023.04 p39: +8건 (페이지 8건)
2026-04-20 15:18:11 [INFO]     2023.04 p40: +7건 (페이지 10건)
2026-04-20 15:18:12 [INFO]   2023.04 완료: +265건 (누적 2443개)
2026-04-20 15:18:13 [INFO]     2023.05 p1: +10건 (페이지 10건)
2026-04-20 15:18:14 [INFO]     2023.05 p2: +7건 (페이지 10건)
2026-04-20 15:18:15 [INFO]     2023.05 p3: +9건 (페이지 9건)
2026-04-20 15:18:18 [WARNING] [1/3] HTTP 오류: 403 Client Error: Forbidden for url: https://search.naver.com/search.naver?where=news&query=%EC%82%BC%EC%84%B1%EC%A0%84%EC%9E%90&pd=3&ds=2023.05.01&de=2023.05.31&start=30&sort=0
2026-04-20 15:18:21 [INFO]     2023.05 p4: +8건 (페이지 8건)
2026-04-20 15:18:23 [INFO]     2023.05 p5: +3건 (페이지 3건)
2026-04-20 15:18:26 [WARNING] [1/3] HTTP 오류: 403 Client Error: Forbidden for url: https://search.naver.com/search.naver?where=news&query=%EC%82%BC%EC%84%B1%EC%A0%84%EC%9E%90&pd=3&ds=2023.05.01&de=2023.05.31&start=50&sort=0
2026-04-20 15:18:31 [WARNING] [2/3] HTTP 오류: 403 Client Error: Forbidden for url: https://search.naver.com/search.naver?where=news&query=%EC%82%BC%EC%84%B1%EC%A0%84%EC%9E%90&pd=3&ds=2023.05.01&de=2023.05.31&start=50&sort=0
2026-04-20 15:18:39 [WARNING] [3/3] HTTP 오류: 403 Client Error: Forbidden for url: https://search.naver.com/search.naver?where=news&query=%EC%82%BC%EC%84%B1%EC%A0%84%EC%9E%90&pd=3&ds=2023.05.01&de=2023.05.31&start=50&sort=0
2026-04-20 15:18:40 [INFO]     2023.05 p7: +2건 (페이지 2건)
2026-04-20 15:18:43 [WARNING] [1/3] HTTP 오류: 403 Client Error: Forbidden for url: https://search.naver.com/search.naver?where=news&query=%EC%82%BC%EC%84%B1%EC%A0%84%EC%9E%90&pd=3&ds=2023.05.01&de=2023.05.31&start=70&sort=0
2026-04-20 15:18:47 [INFO]     2023.05 p8: +3건 (페이지 3건)
2026-04-20 15:18:48 [INFO]     2023.05 p9: +4건 (페이지 4건)
2026-04-20 15:18:50 [INFO]     2023.05 p10: +4건 (페이지 4건)
2026-04-20 15:18:53 [WARNING] [1/3] HTTP 오류: 403 Client Error: Forbidden for url: https://search.naver.com/search.naver?where=news&query=%EC%82%BC%EC%84%B1%EC%A0%84%EC%9E%90&pd=3&ds=2023.05.01&de=2023.05.31&start=100&sort=0
2026-04-20 15:18:58 [WARNING] [2/3] HTTP 오류: 403 Client Error: Forbidden for url: https://search.naver.com/search.naver?where=news&query=%EC%82%BC%EC%84%B1%EC%A0%84%EC%9E%90&pd=3&ds=2023.05.01&de=2023.05.31&start=100&sort=0
2026-04-20 15:19:06 [WARNING] [3/3] HTTP 오류: 403 Client Error: Forbidden for url: https://search.naver.com/search.naver?where=news&query=%EC%82%BC%EC%84%B1%EC%A0%84%EC%9E%90&pd=3&ds=2023.05.01&de=2023.05.31&start=100&sort=0
2026-04-20 15:19:09 [WARNING] [1/3] HTTP 오류: 403 Client Error: Forbidden for url: https://search.naver.com/search.naver?where=news&query=%EC%82%BC%EC%84%B1%EC%A0%84%EC%9E%90&pd=3&ds=2023.05.01&de=2023.05.31&start=110&sort=0
2026-04-20 15:19:13 [INFO]     2023.05 p12: +4건 (페이지 7건)
2026-04-20 15:19:14 [INFO]     2023.05 p13: +3건 (페이지 8건)
2026-04-20 15:19:16 [INFO]     2023.05 p14: +4건 (페이지 7건)
2026-04-20 15:19:19 [WARNING] [1/3] HTTP 오류: 403 Client Error: Forbidden for url: https://search.naver.com/search.naver?where=news&query=%EC%82%BC%EC%84%B1%EC%A0%84%EC%9E%90&pd=3&ds=2023.05.01&de=2023.05.31&start=140&sort=0
2026-04-20 15:19:22 [INFO]     2023.05 p15: +4건 (페이지 7건)
2026-04-20 15:19:24 [INFO]     2023.05 p16: +3건 (페이지 8건)
2026-04-20 15:19:26 [INFO]     2023.05 p17: +2건 (페이지 7건)
2026-04-20 15:19:29 [WARNING] [1/3] HTTP 오류: 403 Client Error: Forbidden for url: https://search.naver.com/search.naver?where=news&query=%EC%82%BC%EC%84%B1%EC%A0%84%EC%9E%90&pd=3&ds=2023.05.01&de=2023.05.31&start=170&sort=0
2026-04-20 15:19:32 [INFO]     2023.05 p18: +1건 (페이지 7건)
2026-04-20 15:19:33 [INFO]     2023.05 p19: +1건 (페이지 6건)
2026-04-20 15:19:35 [INFO]     2023.05 p20: +3건 (페이지 5건)
2026-04-20 15:19:37 [INFO]     2023.05 p21: +3건 (페이지 5건)
2026-04-20 15:19:40 [WARNING] [1/3] HTTP 오류: 403 Client Error: Forbidden for url: https://search.naver.com/search.naver?where=news&query=%EC%82%BC%EC%84%B1%EC%A0%84%EC%9E%90&pd=3&ds=2023.05.01&de=2023.05.31&start=210&sort=0
2026-04-20 15:19:45 [WARNING] [2/3] HTTP 오류: 403 Client Error: Forbidden for url: https://search.naver.com/search.naver?where=news&query=%EC%82%BC%EC%84%B1%EC%A0%84%EC%9E%90&pd=3&ds=2023.05.01&de=2023.05.31&start=210&sort=0
2026-04-20 15:19:51 [INFO]     2023.05 p22: +2건 (페이지 5건)
2026-04-20 15:19:53 [INFO]     2023.05 p23: +2건 (페이지 4건)
2026-04-20 15:19:55 [INFO]     2023.05 p24: +1건 (페이지 2건)
2026-04-20 15:19:56 [INFO]     2023.05 p25: +2건 (페이지 3건)
2026-04-20 15:19:59 [WARNING] [1/3] HTTP 오류: 403 Client Error: Forbidden for url: https://search.naver.com/search.naver?where=news&query=%EC%82%BC%EC%84%B1%EC%A0%84%EC%9E%90&pd=3&ds=2023.05.01&de=2023.05.31&start=250&sort=0
2026-04-20 15:20:04 [WARNING] [2/3] HTTP 오류: 403 Client Error: Forbidden for url: https://search.naver.com/search.naver?where=news&query=%EC%82%BC%EC%84%B1%EC%A0%84%EC%9E%90&pd=3&ds=2023.05.01&de=2023.05.31&start=250&sort=0
2026-04-20 15:20:11 [INFO]     2023.05 p26: +3건 (페이지 5건)
2026-04-20 15:20:12 [INFO]     2023.05 p27: +2건 (페이지 5건)
2026-04-20 15:20:15 [WARNING] [1/3] HTTP 오류: 403 Client Error: Forbidden for url: https://search.naver.com/search.naver?where=news&query=%EC%82%BC%EC%84%B1%EC%A0%84%EC%9E%90&pd=3&ds=2023.05.01&de=2023.05.31&start=270&sort=0
2026-04-20 15:20:20 [WARNING] [2/3] HTTP 오류: 403 Client Error: Forbidden for url: https://search.naver.com/search.naver?where=news&query=%EC%82%BC%EC%84%B1%EC%A0%84%EC%9E%90&pd=3&ds=2023.05.01&de=2023.05.31&start=270&sort=0
2026-04-20 15:20:26 [INFO]     2023.05 p28: +2건 (페이지 5건)
2026-04-20 15:20:29 [WARNING] [1/3] HTTP 오류: 403 Client Error: Forbidden for url: https://search.naver.com/search.naver?where=news&query=%EC%82%BC%EC%84%B1%EC%A0%84%EC%9E%90&pd=3&ds=2023.05.01&de=2023.05.31&start=280&sort=0
2026-04-20 15:20:33 [INFO]     2023.05 p29: +0건 (페이지 4건)
2026-04-20 15:20:34 [INFO]   2023.05 완료: +92건 (누적 2535개)
2026-04-20 15:20:34 [INFO]     2023.06 p1: +10건 (페이지 10건)
2026-04-20 15:20:36 [INFO]     2023.06 p2: +8건 (페이지 10건)
2026-04-20 15:20:37 [INFO]     2023.06 p3: +10건 (페이지 10건)
2026-04-20 15:20:38 [INFO]     2023.06 p4: +10건 (페이지 10건)
2026-04-20 15:20:40 [INFO]     2023.06 p5: +8건 (페이지 8건)
2026-04-20 15:20:41 [INFO]     2023.06 p6: +5건 (페이지 5건)
2026-04-20 15:20:43 [INFO]     2023.06 p7: +5건 (페이지 5건)
2026-04-20 15:20:46 [WARNING] [1/3] HTTP 오류: 403 Client Error: Forbidden for url: https://search.naver.com/search.naver?where=news&query=%EC%82%BC%EC%84%B1%EC%A0%84%EC%9E%90&pd=3&ds=2023.06.01&de=2023.06.30&start=70&sort=0
2026-04-20 15:20:50 [INFO]     2023.06 p8: +2건 (페이지 2건)
2026-04-20 15:20:51 [INFO]     2023.06 p9: +3건 (페이지 3건)
2026-04-20 15:20:54 [WARNING] [1/3] HTTP 오류: 403 Client Error: Forbidden for url: https://search.naver.com/search.naver?where=news&query=%EC%82%BC%EC%84%B1%EC%A0%84%EC%9E%90&pd=3&ds=2023.06.01&de=2023.06.30&start=90&sort=0
2026-04-20 15:20:57 [INFO]     2023.06 p10: +2건 (페이지 2건)
2026-04-20 15:20:58 [INFO]     2023.06 p11: +3건 (페이지 8건)
2026-04-20 15:21:01 [WARNING] [1/3] HTTP 오류: 403 Client Error: Forbidden for url: https://search.naver.com/search.naver?where=news&query=%EC%82%BC%EC%84%B1%EC%A0%84%EC%9E%90&pd=3&ds=2023.06.01&de=2023.06.30&start=110&sort=0
2026-04-20 15:21:07 [WARNING] [2/3] HTTP 오류: 403 Client Error: Forbidden for url: https://search.naver.com/search.naver?where=news&query=%EC%82%BC%EC%84%B1%EC%A0%84%EC%9E%90&pd=3&ds=2023.06.01&de=2023.06.30&start=110&sort=0
2026-04-20 15:21:13 [INFO]     2023.06 p12: +5건 (페이지 10건)
2026-04-20 15:21:14 [INFO]     2023.06 p13: +2건 (페이지 9건)
2026-04-20 15:21:18 [WARNING] [1/3] HTTP 오류: 403 Client Error: Forbidden for url: https://search.naver.com/search.naver?where=news&query=%EC%82%BC%EC%84%B1%EC%A0%84%EC%9E%90&pd=3&ds=2023.06.01&de=2023.06.30&start=130&sort=0
2026-04-20 15:21:21 [INFO]     2023.06 p14: +3건 (페이지 8건)
2026-04-20 15:21:24 [WARNING] [1/3] HTTP 오류: 403 Client Error: Forbidden for url: https://search.naver.com/search.naver?where=news&query=%EC%82%BC%EC%84%B1%EC%A0%84%EC%9E%90&pd=3&ds=2023.06.01&de=2023.06.30&start=140&sort=0
2026-04-20 15:21:29 [WARNING] [2/3] HTTP 오류: 403 Client Error: Forbidden for url: https://search.naver.com/search.naver?where=news&query=%EC%82%BC%EC%84%B1%EC%A0%84%EC%9E%90&pd=3&ds=2023.06.01&de=2023.06.30&start=140&sort=0
2026-04-20 15:21:36 [INFO]     2023.06 p15: +5건 (페이지 8건)
2026-04-20 15:21:37 [INFO]     2023.06 p16: +4건 (페이지 9건)
2026-04-20 15:21:39 [INFO]     2023.06 p17: +2건 (페이지 7건)
2026-04-20 15:21:40 [INFO]     2023.06 p18: +1건 (페이지 6건)
2026-04-20 15:21:42 [INFO]     2023.06 p19: +2건 (페이지 6건)
2026-04-20 15:21:44 [INFO]     2023.06 p20: +5건 (페이지 5건)
2026-04-20 15:21:47 [WARNING] [1/3] HTTP 오류: 403 Client Error: Forbidden for url: https://search.naver.com/search.naver?where=news&query=%EC%82%BC%EC%84%B1%EC%A0%84%EC%9E%90&pd=3&ds=2023.06.01&de=2023.06.30&start=200&sort=0
2026-04-20 15:21:50 [INFO]     2023.06 p21: +1건 (페이지 7건)
2026-04-20 15:21:52 [INFO]     2023.06 p22: +2건 (페이지 6건)
2026-04-20 15:21:56 [WARNING] [1/3] HTTP 오류: 403 Client Error: Forbidden for url: https://search.naver.com/search.naver?where=news&query=%EC%82%BC%EC%84%B1%EC%A0%84%EC%9E%90&pd=3&ds=2023.06.01&de=2023.06.30&start=220&sort=0
2026-04-20 15:21:59 [INFO]     2023.06 p23: +5건 (페이지 7건)
2026-04-20 15:22:01 [INFO]     2023.06 p24: +6건 (페이지 8건)
2026-04-20 15:22:02 [INFO]     2023.06 p25: +3건 (페이지 6건)
2026-04-20 15:22:03 [INFO]     2023.06 p26: +4건 (페이지 7건)
2026-04-20 15:22:07 [WARNING] [1/3] HTTP 오류: 403 Client Error: Forbidden for url: https://search.naver.com/search.naver?where=news&query=%EC%82%BC%EC%84%B1%EC%A0%84%EC%9E%90&pd=3&ds=2023.06.01&de=2023.06.30&start=260&sort=0
2026-04-20 15:22:10 [INFO]     2023.06 p27: +3건 (페이지 8건)
2026-04-20 15:22:11 [INFO]     2023.06 p28: +6건 (페이지 6건)
2026-04-20 15:22:13 [INFO]     2023.06 p29: +1건 (페이지 7건)
2026-04-20 15:22:14 [INFO]     2023.06 p30: +2건 (페이지 4건)
2026-04-20 15:22:16 [INFO]     2023.06 p31: +2건 (페이지 6건)
2026-04-20 15:22:18 [INFO]     2023.06 p32: +3건 (페이지 6건)
2026-04-20 15:22:21 [WARNING] [1/3] HTTP 오류: 403 Client Error: Forbidden for url: https://search.naver.com/search.naver?where=news&query=%EC%82%BC%EC%84%B1%EC%A0%84%EC%9E%90&pd=3&ds=2023.06.01&de=2023.06.30&start=320&sort=0
2026-04-20 15:22:26 [WARNING] [2/3] HTTP 오류: 403 Client Error: Forbidden for url: https://search.naver.com/search.naver?where=news&query=%EC%82%BC%EC%84%B1%EC%A0%84%EC%9E%90&pd=3&ds=2023.06.01&de=2023.06.30&start=320&sort=0
2026-04-20 15:22:32 [INFO]     2023.06 p33: +3건 (페이지 6건)
2026-04-20 15:22:35 [WARNING] [1/3] HTTP 오류: 403 Client Error: Forbidden for url: https://search.naver.com/search.naver?where=news&query=%EC%82%BC%EC%84%B1%EC%A0%84%EC%9E%90&pd=3&ds=2023.06.01&de=2023.06.30&start=330&sort=0
2026-04-20 15:22:39 [INFO]     2023.06 p34: +6건 (페이지 7건)
2026-04-20 15:22:40 [INFO]     2023.06 p35: +5건 (페이지 6건)
2026-04-20 15:22:43 [WARNING] [1/3] HTTP 오류: 403 Client Error: Forbidden for url: https://search.naver.com/search.naver?where=news&query=%EC%82%BC%EC%84%B1%EC%A0%84%EC%9E%90&pd=3&ds=2023.06.01&de=2023.06.30&start=350&sort=0
2026-04-20 15:22:48 [WARNING] [2/3] HTTP 오류: 403 Client Error: Forbidden for url: https://search.naver.com/search.naver?where=news&query=%EC%82%BC%EC%84%B1%EC%A0%84%EC%9E%90&pd=3&ds=2023.06.01&de=2023.06.30&start=350&sort=0
2026-04-20 15:22:54 [INFO]     2023.06 p36: +3건 (페이지 7건)
2026-04-20 15:22:56 [INFO]     2023.06 p37: +5건 (페이지 6건)
2026-04-20 15:22:57 [INFO]     2023.06 p38: +1건 (페이지 5건)
2026-04-20 15:22:59 [INFO]     2023.06 p39: +3건 (페이지 7건)
2026-04-20 15:23:02 [WARNING] [1/3] HTTP 오류: 403 Client Error: Forbidden for url: https://search.naver.com/search.naver?where=news&query=%EC%82%BC%EC%84%B1%EC%A0%84%EC%9E%90&pd=3&ds=2023.06.01&de=2023.06.30&start=390&sort=0
2026-04-20 15:23:07 [WARNING] [2/3] HTTP 오류: 403 Client Error: Forbidden for url: https://search.naver.com/search.naver?where=news&query=%EC%82%BC%EC%84%B1%EC%A0%84%EC%9E%90&pd=3&ds=2023.06.01&de=2023.06.30&start=390&sort=0
2026-04-20 15:23:13 [INFO]     2023.06 p40: +4건 (페이지 8건)
2026-04-20 15:23:15 [INFO]   2023.06 완료: +163건 (누적 2698개)
2026-04-20 15:23:15 [INFO]     2023.07 p1: +8건 (페이지 8건)
2026-04-20 15:23:16 [INFO]     2023.07 p2: +5건 (페이지 5건)
2026-04-20 15:23:18 [INFO]     2023.07 p3: +9건 (페이지 9건)
2026-04-20 15:23:20 [INFO]     2023.07 p4: +9건 (페이지 9건)
2026-04-20 15:23:23 [WARNING] [1/3] HTTP 오류: 403 Client Error: Forbidden for url: https://search.naver.com/search.naver?where=news&query=%EC%82%BC%EC%84%B1%EC%A0%84%EC%9E%90&pd=3&ds=2023.07.01&de=2023.07.31&start=40&sort=0
2026-04-20 15:23:26 [INFO]     2023.07 p5: +5건 (페이지 5건)
2026-04-20 15:23:27 [INFO]     2023.07 p6: +6건 (페이지 6건)
2026-04-20 15:23:30 [WARNING] [1/3] HTTP 오류: 403 Client Error: Forbidden for url: https://search.naver.com/search.naver?where=news&query=%EC%82%BC%EC%84%B1%EC%A0%84%EC%9E%90&pd=3&ds=2023.07.01&de=2023.07.31&start=60&sort=0
2026-04-20 15:23:35 [WARNING] [2/3] HTTP 오류: 403 Client Error: Forbidden for url: https://search.naver.com/search.naver?where=news&query=%EC%82%BC%EC%84%B1%EC%A0%84%EC%9E%90&pd=3&ds=2023.07.01&de=2023.07.31&start=60&sort=0
2026-04-20 15:23:43 [WARNING] [3/3] HTTP 오류: 403 Client Error: Forbidden for url: https://search.naver.com/search.naver?where=news&query=%EC%82%BC%EC%84%B1%EC%A0%84%EC%9E%90&pd=3&ds=2023.07.01&de=2023.07.31&start=60&sort=0
2026-04-20 15:23:45 [INFO]     2023.07 p8: +8건 (페이지 8건)
2026-04-20 15:23:47 [INFO]     2023.07 p9: +8건 (페이지 8건)
2026-04-20 15:23:48 [INFO]     2023.07 p10: +9건 (페이지 9건)
2026-04-20 15:23:50 [INFO]     2023.07 p11: +2건 (페이지 5건)
2026-04-20 15:23:53 [WARNING] [1/3] HTTP 오류: 403 Client Error: Forbidden for url: https://search.naver.com/search.naver?where=news&query=%EC%82%BC%EC%84%B1%EC%A0%84%EC%9E%90&pd=3&ds=2023.07.01&de=2023.07.31&start=110&sort=0
2026-04-20 15:23:56 [INFO]     2023.07 p12: +0건 (페이지 5건)
2026-04-20 15:23:57 [INFO]   2023.07 완료: +69건 (누적 2767개)
2026-04-20 15:23:58 [INFO]     2023.08 p1: +10건 (페이지 10건)
2026-04-20 15:24:02 [WARNING] [1/3] HTTP 오류: 403 Client Error: Forbidden for url: https://search.naver.com/search.naver?where=news&query=%EC%82%BC%EC%84%B1%EC%A0%84%EC%9E%90&pd=3&ds=2023.08.01&de=2023.08.31&start=10&sort=0
2026-04-20 15:24:07 [WARNING] [2/3] HTTP 오류: 403 Client Error: Forbidden for url: https://search.naver.com/search.naver?where=news&query=%EC%82%BC%EC%84%B1%EC%A0%84%EC%9E%90&pd=3&ds=2023.08.01&de=2023.08.31&start=10&sort=0
2026-04-20 15:24:13 [INFO]     2023.08 p2: +8건 (페이지 10건)
2026-04-20 15:24:16 [WARNING] [1/3] HTTP 오류: 403 Client Error: Forbidden for url: https://search.naver.com/search.naver?where=news&query=%EC%82%BC%EC%84%B1%EC%A0%84%EC%9E%90&pd=3&ds=2023.08.01&de=2023.08.31&start=20&sort=0
2026-04-20 15:24:20 [INFO]     2023.08 p3: +9건 (페이지 9건)
2026-04-20 15:24:21 [INFO]     2023.08 p4: +4건 (페이지 4건)
2026-04-20 15:24:23 [INFO]     2023.08 p5: +3건 (페이지 3건)
2026-04-20 15:24:24 [INFO]     2023.08 p6: +2건 (페이지 2건)
2026-04-20 15:24:26 [INFO]     2023.08 p7: +4건 (페이지 4건)
2026-04-20 15:24:29 [WARNING] [1/3] HTTP 오류: 403 Client Error: Forbidden for url: https://search.naver.com/search.naver?where=news&query=%EC%82%BC%EC%84%B1%EC%A0%84%EC%9E%90&pd=3&ds=2023.08.01&de=2023.08.31&start=70&sort=0
2026-04-20 15:24:32 [INFO]     2023.08 p8: +2건 (페이지 2건)
2026-04-20 15:24:33 [INFO]     2023.08 p9: +8건 (페이지 8건)
2026-04-20 15:24:35 [INFO]     2023.08 p10: +3건 (페이지 3건)
2026-04-20 15:24:38 [WARNING] [1/3] HTTP 오류: 403 Client Error: Forbidden for url: https://search.naver.com/search.naver?where=news&query=%EC%82%BC%EC%84%B1%EC%A0%84%EC%9E%90&pd=3&ds=2023.08.01&de=2023.08.31&start=100&sort=0
2026-04-20 15:24:41 [INFO]     2023.08 p11: +4건 (페이지 7건)
2026-04-20 15:24:43 [INFO]     2023.08 p12: +3건 (페이지 6건)
2026-04-20 15:24:46 [WARNING] [1/3] HTTP 오류: 403 Client Error: Forbidden for url: https://search.naver.com/search.naver?where=news&query=%EC%82%BC%EC%84%B1%EC%A0%84%EC%9E%90&pd=3&ds=2023.08.01&de=2023.08.31&start=120&sort=0
2026-04-20 15:24:51 [WARNING] [2/3] HTTP 오류: 403 Client Error: Forbidden for url: https://search.naver.com/search.naver?where=news&query=%EC%82%BC%EC%84%B1%EC%A0%84%EC%9E%90&pd=3&ds=2023.08.01&de=2023.08.31&start=120&sort=0
2026-04-20 15:24:59 [WARNING] [3/3] HTTP 오류: 403 Client Error: Forbidden for url: https://search.naver.com/search.naver?where=news&query=%EC%82%BC%EC%84%B1%EC%A0%84%EC%9E%90&pd=3&ds=2023.08.01&de=2023.08.31&start=120&sort=0
2026-04-20 15:25:00 [INFO]     2023.08 p14: +5건 (페이지 6건)
2026-04-20 15:25:04 [WARNING] [1/3] HTTP 오류: 403 Client Error: Forbidden for url: https://search.naver.com/search.naver?where=news&query=%EC%82%BC%EC%84%B1%EC%A0%84%EC%9E%90&pd=3&ds=2023.08.01&de=2023.08.31&start=140&sort=0
2026-04-20 15:25:07 [INFO]     2023.08 p15: +2건 (페이지 6건)
2026-04-20 15:25:09 [INFO]     2023.08 p16: +4건 (페이지 6건)
2026-04-20 15:25:10 [INFO]     2023.08 p17: +3건 (페이지 5건)
2026-04-20 15:25:12 [INFO]     2023.08 p18: +2건 (페이지 6건)
2026-04-20 15:25:13 [INFO]     2023.08 p19: +1건 (페이지 5건)
2026-04-20 15:25:15 [INFO]     2023.08 p20: +4건 (페이지 5건)
2026-04-20 15:25:16 [INFO]     2023.08 p21: +1건 (페이지 5건)
2026-04-20 15:25:20 [WARNING] [1/3] HTTP 오류: 403 Client Error: Forbidden for url: https://search.naver.com/search.naver?where=news&query=%EC%82%BC%EC%84%B1%EC%A0%84%EC%9E%90&pd=3&ds=2023.08.01&de=2023.08.31&start=210&sort=0
2026-04-20 15:25:23 [INFO]     2023.08 p22: +0건 (페이지 4건)
2026-04-20 15:25:24 [INFO]   2023.08 완료: +82건 (누적 2849개)
2026-04-20 15:25:24 [INFO]     2023.09 p1: +9건 (페이지 9건)
2026-04-20 15:25:26 [INFO]     2023.09 p2: +8건 (페이지 9건)
2026-04-20 15:25:27 [INFO]     2023.09 p3: +8건 (페이지 8건)
2026-04-20 15:25:28 [INFO]     2023.09 p4: +8건 (페이지 8건)
2026-04-20 15:25:30 [INFO]     2023.09 p5: +9건 (페이지 9건)
2026-04-20 15:25:31 [INFO]     2023.09 p6: +4건 (페이지 4건)
2026-04-20 15:25:33 [INFO]     2023.09 p7: +1건 (페이지 1건)
2026-04-20 15:25:34 [INFO]     2023.09 p8: +3건 (페이지 3건)
2026-04-20 15:25:36 [INFO]     2023.09 p9: +2건 (페이지 2건)
2026-04-20 15:25:37 [INFO]     2023.09 p10: +5건 (페이지 5건)
2026-04-20 15:25:41 [WARNING] [1/3] HTTP 오류: 403 Client Error: Forbidden for url: https://search.naver.com/search.naver?where=news&query=%EC%82%BC%EC%84%B1%EC%A0%84%EC%9E%90&pd=3&ds=2023.09.01&de=2023.09.30&start=100&sort=0
2026-04-20 15:25:46 [WARNING] [2/3] HTTP 오류: 403 Client Error: Forbidden for url: https://search.naver.com/search.naver?where=news&query=%EC%82%BC%EC%84%B1%EC%A0%84%EC%9E%90&pd=3&ds=2023.09.01&de=2023.09.30&start=100&sort=0
2026-04-20 15:25:54 [WARNING] [3/3] HTTP 오류: 403 Client Error: Forbidden for url: https://search.naver.com/search.naver?where=news&query=%EC%82%BC%EC%84%B1%EC%A0%84%EC%9E%90&pd=3&ds=2023.09.01&de=2023.09.30&start=100&sort=0
2026-04-20 15:25:56 [INFO]     2023.09 p12: +7건 (페이지 8건)
2026-04-20 15:25:59 [WARNING] [1/3] HTTP 오류: 403 Client Error: Forbidden for url: https://search.naver.com/search.naver?where=news&query=%EC%82%BC%EC%84%B1%EC%A0%84%EC%9E%90&pd=3&ds=2023.09.01&de=2023.09.30&start=120&sort=0
2026-04-20 15:26:02 [INFO]     2023.09 p13: +0건 (페이지 7건)
2026-04-20 15:26:04 [INFO]   2023.09 완료: +64건 (누적 2913개)
2026-04-20 15:26:06 [WARNING] [1/3] HTTP 오류: 403 Client Error: Forbidden for url: https://search.naver.com/search.naver?where=news&query=%EC%82%BC%EC%84%B1%EC%A0%84%EC%9E%90&pd=3&ds=2023.10.01&de=2023.10.31&start=0&sort=0
2026-04-20 15:26:09 [INFO]     2023.10 p1: +10건 (페이지 10건)
2026-04-20 15:26:11 [INFO]     2023.10 p2: +9건 (페이지 10건)
2026-04-20 15:26:12 [INFO]     2023.10 p3: +10건 (페이지 10건)
2026-04-20 15:26:13 [INFO]     2023.10 p4: +10건 (페이지 10건)
2026-04-20 15:26:15 [INFO]     2023.10 p5: +5건 (페이지 5건)
2026-04-20 15:26:17 [INFO]     2023.10 p6: +3건 (페이지 3건)
2026-04-20 15:26:20 [WARNING] [1/3] HTTP 오류: 403 Client Error: Forbidden for url: https://search.naver.com/search.naver?where=news&query=%EC%82%BC%EC%84%B1%EC%A0%84%EC%9E%90&pd=3&ds=2023.10.01&de=2023.10.31&start=60&sort=0
2026-04-20 15:26:23 [INFO]     2023.10 p7: +1건 (페이지 1건)
2026-04-20 15:26:26 [WARNING] [1/3] HTTP 오류: 403 Client Error: Forbidden for url: https://search.naver.com/search.naver?where=news&query=%EC%82%BC%EC%84%B1%EC%A0%84%EC%9E%90&pd=3&ds=2023.10.01&de=2023.10.31&start=70&sort=0
2026-04-20 15:26:30 [INFO]     2023.10 p8: +3건 (페이지 3건)
2026-04-20 15:26:31 [INFO]     2023.10 p9: +2건 (페이지 2건)
2026-04-20 15:26:34 [WARNING] [1/3] HTTP 오류: 403 Client Error: Forbidden for url: https://search.naver.com/search.naver?where=news&query=%EC%82%BC%EC%84%B1%EC%A0%84%EC%9E%90&pd=3&ds=2023.10.01&de=2023.10.31&start=90&sort=0
2026-04-20 15:26:38 [INFO]     2023.10 p10: +3건 (페이지 3건)
2026-04-20 15:26:41 [WARNING] [1/3] HTTP 오류: 403 Client Error: Forbidden for url: https://search.naver.com/search.naver?where=news&query=%EC%82%BC%EC%84%B1%EC%A0%84%EC%9E%90&pd=3&ds=2023.10.01&de=2023.10.31&start=100&sort=0
2026-04-20 15:26:44 [INFO]     2023.10 p11: +6건 (페이지 10건)
2026-04-20 15:26:45 [INFO]     2023.10 p12: +6건 (페이지 10건)
2026-04-20 15:26:47 [INFO]     2023.10 p13: +4건 (페이지 10건)
2026-04-20 15:26:48 [INFO]     2023.10 p14: +3건 (페이지 10건)
2026-04-20 15:26:49 [INFO]     2023.10 p15: +6건 (페이지 10건)
2026-04-20 15:26:51 [INFO]     2023.10 p16: +6건 (페이지 9건)
2026-04-20 15:26:54 [WARNING] [1/3] HTTP 오류: 403 Client Error: Forbidden for url: https://search.naver.com/search.naver?where=news&query=%EC%82%BC%EC%84%B1%EC%A0%84%EC%9E%90&pd=3&ds=2023.10.01&de=2023.10.31&start=160&sort=0
2026-04-20 15:26:58 [INFO]     2023.10 p17: +4건 (페이지 8건)
2026-04-20 15:26:59 [INFO]     2023.10 p18: +6건 (페이지 8건)
2026-04-20 15:27:02 [WARNING] [1/3] HTTP 오류: 403 Client Error: Forbidden for url: https://search.naver.com/search.naver?where=news&query=%EC%82%BC%EC%84%B1%EC%A0%84%EC%9E%90&pd=3&ds=2023.10.01&de=2023.10.31&start=180&sort=0
2026-04-20 15:27:06 [INFO]     2023.10 p19: +3건 (페이지 6건)
2026-04-20 15:27:07 [INFO]     2023.10 p20: +5건 (페이지 9건)
2026-04-20 15:27:09 [INFO]     2023.10 p21: +2건 (페이지 6건)
2026-04-20 15:27:12 [WARNING] [1/3] HTTP 오류: 403 Client Error: Forbidden for url: https://search.naver.com/search.naver?where=news&query=%EC%82%BC%EC%84%B1%EC%A0%84%EC%9E%90&pd=3&ds=2023.10.01&de=2023.10.31&start=210&sort=0
2026-04-20 15:27:16 [INFO]     2023.10 p22: +4건 (페이지 7건)
2026-04-20 15:27:19 [WARNING] [1/3] HTTP 오류: 403 Client Error: Forbidden for url: https://search.naver.com/search.naver?where=news&query=%EC%82%BC%EC%84%B1%EC%A0%84%EC%9E%90&pd=3&ds=2023.10.01&de=2023.10.31&start=220&sort=0
2026-04-20 15:27:22 [INFO]     2023.10 p23: +5건 (페이지 7건)
2026-04-20 15:27:24 [INFO]     2023.10 p24: +3건 (페이지 6건)
2026-04-20 15:27:25 [INFO]     2023.10 p25: +2건 (페이지 4건)
2026-04-20 15:27:26 [INFO]     2023.10 p26: +4건 (페이지 7건)
2026-04-20 15:27:30 [WARNING] [1/3] HTTP 오류: 403 Client Error: Forbidden for url: https://search.naver.com/search.naver?where=news&query=%EC%82%BC%EC%84%B1%EC%A0%84%EC%9E%90&pd=3&ds=2023.10.01&de=2023.10.31&start=260&sort=0
2026-04-20 15:27:33 [INFO]     2023.10 p27: +5건 (페이지 7건)
2026-04-20 15:27:35 [INFO]     2023.10 p28: +2건 (페이지 6건)
2026-04-20 15:27:36 [INFO]     2023.10 p29: +2건 (페이지 5건)
2026-04-20 15:27:38 [INFO]     2023.10 p30: +3건 (페이지 6건)
2026-04-20 15:27:39 [INFO]     2023.10 p31: +3건 (페이지 6건)
2026-04-20 15:27:41 [INFO]     2023.10 p32: +0건 (페이지 6건)
2026-04-20 15:27:42 [INFO]   2023.10 완료: +140건 (누적 3053개)
2026-04-20 15:27:43 [INFO]     2023.11 p1: +10건 (페이지 10건)
2026-04-20 15:27:46 [WARNING] [1/3] HTTP 오류: 403 Client Error: Forbidden for url: https://search.naver.com/search.naver?where=news&query=%EC%82%BC%EC%84%B1%EC%A0%84%EC%9E%90&pd=3&ds=2023.11.01&de=2023.11.30&start=10&sort=0
2026-04-20 15:27:49 [INFO]     2023.11 p2: +9건 (페이지 10건)
2026-04-20 15:27:50 [INFO]     2023.11 p3: +6건 (페이지 6건)
2026-04-20 15:27:51 [INFO]     2023.11 p4: +8건 (페이지 8건)
2026-04-20 15:27:53 [INFO]     2023.11 p5: +7건 (페이지 7건)
2026-04-20 15:27:54 [INFO]     2023.11 p6: +7건 (페이지 7건)
2026-04-20 15:27:56 [INFO]     2023.11 p7: +2건 (페이지 2건)
2026-04-20 15:27:59 [WARNING] [1/3] HTTP 오류: 403 Client Error: Forbidden for url: https://search.naver.com/search.naver?where=news&query=%EC%82%BC%EC%84%B1%EC%A0%84%EC%9E%90&pd=3&ds=2023.11.01&de=2023.11.30&start=70&sort=0
2026-04-20 15:28:04 [WARNING] [2/3] HTTP 오류: 403 Client Error: Forbidden for url: https://search.naver.com/search.naver?where=news&query=%EC%82%BC%EC%84%B1%EC%A0%84%EC%9E%90&pd=3&ds=2023.11.01&de=2023.11.30&start=70&sort=0
2026-04-20 15:28:11 [INFO]     2023.11 p8: +5건 (페이지 5건)
2026-04-20 15:28:16 [INFO]     2023.11 p9: +5건 (페이지 5건)
2026-04-20 15:28:20 [WARNING] [1/3] HTTP 오류: 403 Client Error: Forbidden for url: https://search.naver.com/search.naver?where=news&query=%EC%82%BC%EC%84%B1%EC%A0%84%EC%9E%90&pd=3&ds=2023.11.01&de=2023.11.30&start=90&sort=0
2026-04-20 15:28:23 [INFO]     2023.11 p10: +5건 (페이지 5건)
2026-04-20 15:28:24 [INFO]     2023.11 p11: +4건 (페이지 6건)
2026-04-20 15:28:25 [INFO]     2023.11 p12: +2건 (페이지 6건)
2026-04-20 15:28:29 [WARNING] [1/3] HTTP 오류: 403 Client Error: Forbidden for url: https://search.naver.com/search.naver?where=news&query=%EC%82%BC%EC%84%B1%EC%A0%84%EC%9E%90&pd=3&ds=2023.11.01&de=2023.11.30&start=120&sort=0
2026-04-20 15:28:32 [INFO]     2023.11 p13: +1건 (페이지 4건)
2026-04-20 15:28:34 [INFO]     2023.11 p14: +1건 (페이지 5건)
2026-04-20 15:28:35 [INFO]     2023.11 p15: +3건 (페이지 4건)
2026-04-20 15:28:36 [INFO]     2023.11 p16: +0건 (페이지 4건)
2026-04-20 15:28:37 [INFO]   2023.11 완료: +75건 (누적 3128개)
2026-04-20 15:28:40 [WARNING] [1/3] HTTP 오류: 403 Client Error: Forbidden for url: https://search.naver.com/search.naver?where=news&query=%EC%82%BC%EC%84%B1%EC%A0%84%EC%9E%90&pd=3&ds=2023.12.01&de=2023.12.31&start=0&sort=0
2026-04-20 15:28:45 [WARNING] [2/3] HTTP 오류: 403 Client Error: Forbidden for url: https://search.naver.com/search.naver?where=news&query=%EC%82%BC%EC%84%B1%EC%A0%84%EC%9E%90&pd=3&ds=2023.12.01&de=2023.12.31&start=0&sort=0
2026-04-20 15:28:53 [WARNING] [3/3] HTTP 오류: 403 Client Error: Forbidden for url: https://search.naver.com/search.naver?where=news&query=%EC%82%BC%EC%84%B1%EC%A0%84%EC%9E%90&pd=3&ds=2023.12.01&de=2023.12.31&start=0&sort=0
2026-04-20 15:28:54 [INFO]     2023.12 p2: +9건 (페이지 9건)
2026-04-20 15:28:56 [INFO]     2023.12 p3: +8건 (페이지 8건)
2026-04-20 15:28:58 [WARNING] [1/3] HTTP 오류: 403 Client Error: Forbidden for url: https://search.naver.com/search.naver?where=news&query=%EC%82%BC%EC%84%B1%EC%A0%84%EC%9E%90&pd=3&ds=2023.12.01&de=2023.12.31&start=30&sort=0
2026-04-20 15:29:02 [INFO]     2023.12 p4: +7건 (페이지 7건)
2026-04-20 15:29:03 [INFO]     2023.12 p5: +9건 (페이지 9건)
2026-04-20 15:29:05 [INFO]     2023.12 p6: +10건 (페이지 10건)
2026-04-20 15:29:06 [INFO]     2023.12 p7: +8건 (페이지 8건)
2026-04-20 15:29:07 [INFO]     2023.12 p8: +10건 (페이지 10건)
2026-04-20 15:29:10 [WARNING] [1/3] HTTP 오류: 403 Client Error: Forbidden for url: https://search.naver.com/search.naver?where=news&query=%EC%82%BC%EC%84%B1%EC%A0%84%EC%9E%90&pd=3&ds=2023.12.01&de=2023.12.31&start=80&sort=0
2026-04-20 15:29:15 [WARNING] [2/3] HTTP 오류: 403 Client Error: Forbidden for url: https://search.naver.com/search.naver?where=news&query=%EC%82%BC%EC%84%B1%EC%A0%84%EC%9E%90&pd=3&ds=2023.12.01&de=2023.12.31&start=80&sort=0
2026-04-20 15:29:23 [WARNING] [3/3] HTTP 오류: 403 Client Error: Forbidden for url: https://search.naver.com/search.naver?where=news&query=%EC%82%BC%EC%84%B1%EC%A0%84%EC%9E%90&pd=3&ds=2023.12.01&de=2023.12.31&start=80&sort=0
2026-04-20 15:29:26 [WARNING] [1/3] HTTP 오류: 403 Client Error: Forbidden for url: https://search.naver.com/search.naver?where=news&query=%EC%82%BC%EC%84%B1%EC%A0%84%EC%9E%90&pd=3&ds=2023.12.01&de=2023.12.31&start=90&sort=0
2026-04-20 15:29:30 [INFO]     2023.12 p10: +8건 (페이지 8건)
2026-04-20 15:29:33 [WARNING] [1/3] HTTP 오류: 403 Client Error: Forbidden for url: https://search.naver.com/search.naver?where=news&query=%EC%82%BC%EC%84%B1%EC%A0%84%EC%9E%90&pd=3&ds=2023.12.01&de=2023.12.31&start=100&sort=0
2026-04-20 15:29:36 [INFO]     2023.12 p11: +3건 (페이지 7건)
2026-04-20 15:29:39 [WARNING] [1/3] HTTP 오류: 403 Client Error: Forbidden for url: https://search.naver.com/search.naver?where=news&query=%EC%82%BC%EC%84%B1%EC%A0%84%EC%9E%90&pd=3&ds=2023.12.01&de=2023.12.31&start=110&sort=0
2026-04-20 15:29:42 [INFO]     2023.12 p12: +5건 (페이지 9건)
2026-04-20 15:29:44 [INFO]     2023.12 p13: +4건 (페이지 8건)
2026-04-20 15:29:45 [INFO]     2023.12 p14: +6건 (페이지 8건)
2026-04-20 15:29:48 [WARNING] [1/3] HTTP 오류: 403 Client Error: Forbidden for url: https://search.naver.com/search.naver?where=news&query=%EC%82%BC%EC%84%B1%EC%A0%84%EC%9E%90&pd=3&ds=2023.12.01&de=2023.12.31&start=140&sort=0
2026-04-20 15:29:51 [INFO]     2023.12 p15: +7건 (페이지 10건)
2026-04-20 15:29:53 [INFO]     2023.12 p16: +4건 (페이지 8건)
2026-04-20 15:29:54 [INFO]     2023.12 p17: +2건 (페이지 8건)
2026-04-20 15:29:57 [WARNING] [1/3] HTTP 오류: 403 Client Error: Forbidden for url: https://search.naver.com/search.naver?where=news&query=%EC%82%BC%EC%84%B1%EC%A0%84%EC%9E%90&pd=3&ds=2023.12.01&de=2023.12.31&start=170&sort=0
2026-04-20 15:30:01 [INFO]     2023.12 p18: +2건 (페이지 8건)
2026-04-20 15:30:02 [INFO]     2023.12 p19: +4건 (페이지 8건)
2026-04-20 15:30:04 [INFO]     2023.12 p20: +2건 (페이지 4건)
2026-04-20 15:30:05 [INFO]     2023.12 p21: +4건 (페이지 8건)
2026-04-20 15:30:08 [WARNING] [1/3] HTTP 오류: 403 Client Error: Forbidden for url: https://search.naver.com/search.naver?where=news&query=%EC%82%BC%EC%84%B1%EC%A0%84%EC%9E%90&pd=3&ds=2023.12.01&de=2023.12.31&start=210&sort=0
2026-04-20 15:30:12 [INFO]     2023.12 p22: +3건 (페이지 8건)
2026-04-20 15:30:13 [INFO]     2023.12 p23: +3건 (페이지 8건)
2026-04-20 15:30:14 [INFO]     2023.12 p24: +3건 (페이지 6건)
2026-04-20 15:30:16 [INFO]     2023.12 p25: +2건 (페이지 8건)
2026-04-20 15:30:17 [INFO]     2023.12 p26: +1건 (페이지 8건)
2026-04-20 15:30:19 [INFO]     2023.12 p27: +4건 (페이지 7건)
2026-04-20 15:30:21 [INFO]     2023.12 p28: +4건 (페이지 7건)
2026-04-20 15:30:22 [INFO]     2023.12 p29: +4건 (페이지 6건)
2026-04-20 15:30:24 [INFO]     2023.12 p30: +3건 (페이지 6건)
2026-04-20 15:30:25 [INFO]     2023.12 p31: +6건 (페이지 8건)
2026-04-20 15:30:26 [INFO]     2023.12 p32: +1건 (페이지 7건)
2026-04-20 15:30:29 [WARNING] [1/3] HTTP 오류: 403 Client Error: Forbidden for url: https://search.naver.com/search.naver?where=news&query=%EC%82%BC%EC%84%B1%EC%A0%84%EC%9E%90&pd=3&ds=2023.12.01&de=2023.12.31&start=320&sort=0
2026-04-20 15:30:33 [INFO]     2023.12 p33: +3건 (페이지 5건)
2026-04-20 15:30:35 [INFO]     2023.12 p34: +6건 (페이지 6건)
2026-04-20 15:30:36 [INFO]     2023.12 p35: +4건 (페이지 6건)
2026-04-20 15:30:37 [INFO]     2023.12 p36: +3건 (페이지 7건)
2026-04-20 15:30:39 [INFO]     2023.12 p37: +2건 (페이지 8건)
2026-04-20 15:30:42 [WARNING] [1/3] HTTP 오류: 403 Client Error: Forbidden for url: https://search.naver.com/search.naver?where=news&query=%EC%82%BC%EC%84%B1%EC%A0%84%EC%9E%90&pd=3&ds=2023.12.01&de=2023.12.31&start=370&sort=0
2026-04-20 15:30:45 [INFO]     2023.12 p38: +3건 (페이지 7건)
2026-04-20 15:30:47 [INFO]     2023.12 p39: +4건 (페이지 8건)
2026-04-20 15:30:48 [INFO]     2023.12 p40: +3건 (페이지 7건)
2026-04-20 15:30:49 [INFO]   2023.12 완료: +174건 (누적 3302개)
2026-04-20 15:30:49 [INFO]     2024.01 p1: +10건 (페이지 10건)
2026-04-20 15:30:53 [WARNING] [1/3] HTTP 오류: 403 Client Error: Forbidden for url: https://search.naver.com/search.naver?where=news&query=%EC%82%BC%EC%84%B1%EC%A0%84%EC%9E%90&pd=3&ds=2024.01.01&de=2024.01.31&start=10&sort=0
2026-04-20 15:30:58 [WARNING] [2/3] HTTP 오류: 403 Client Error: Forbidden for url: https://search.naver.com/search.naver?where=news&query=%EC%82%BC%EC%84%B1%EC%A0%84%EC%9E%90&pd=3&ds=2024.01.01&de=2024.01.31&start=10&sort=0
2026-04-20 15:31:04 [INFO]     2024.01 p2: +9건 (페이지 10건)
2026-04-20 15:31:06 [INFO]     2024.01 p3: +10건 (페이지 10건)
2026-04-20 15:31:09 [WARNING] [1/3] HTTP 오류: 403 Client Error: Forbidden for url: https://search.naver.com/search.naver?where=news&query=%EC%82%BC%EC%84%B1%EC%A0%84%EC%9E%90&pd=3&ds=2024.01.01&de=2024.01.31&start=30&sort=0
2026-04-20 15:31:12 [INFO]     2024.01 p4: +10건 (페이지 10건)
2026-04-20 15:31:14 [INFO]     2024.01 p5: +8건 (페이지 8건)
2026-04-20 15:31:15 [INFO]     2024.01 p6: +9건 (페이지 9건)
2026-04-20 15:31:17 [INFO]     2024.01 p7: +4건 (페이지 4건)
2026-04-20 15:31:21 [WARNING] [1/3] HTTP 오류: 403 Client Error: Forbidden for url: https://search.naver.com/search.naver?where=news&query=%EC%82%BC%EC%84%B1%EC%A0%84%EC%9E%90&pd=3&ds=2024.01.01&de=2024.01.31&start=70&sort=0
2026-04-20 15:31:24 [INFO]     2024.01 p8: +6건 (페이지 6건)
2026-04-20 15:31:27 [WARNING] [1/3] HTTP 오류: 403 Client Error: Forbidden for url: https://search.naver.com/search.naver?where=news&query=%EC%82%BC%EC%84%B1%EC%A0%84%EC%9E%90&pd=3&ds=2024.01.01&de=2024.01.31&start=80&sort=0
2026-04-20 15:31:32 [WARNING] [2/3] HTTP 오류: 403 Client Error: Forbidden for url: https://search.naver.com/search.naver?where=news&query=%EC%82%BC%EC%84%B1%EC%A0%84%EC%9E%90&pd=3&ds=2024.01.01&de=2024.01.31&start=80&sort=0
2026-04-20 15:31:40 [WARNING] [3/3] HTTP 오류: 403 Client Error: Forbidden for url: https://search.naver.com/search.naver?where=news&query=%EC%82%BC%EC%84%B1%EC%A0%84%EC%9E%90&pd=3&ds=2024.01.01&de=2024.01.31&start=80&sort=0
2026-04-20 15:31:41 [INFO]     2024.01 p10: +4건 (페이지 4건)
2026-04-20 15:31:43 [INFO]     2024.01 p11: +5건 (페이지 10건)
2026-04-20 15:31:46 [WARNING] [1/3] HTTP 오류: 403 Client Error: Forbidden for url: https://search.naver.com/search.naver?where=news&query=%EC%82%BC%EC%84%B1%EC%A0%84%EC%9E%90&pd=3&ds=2024.01.01&de=2024.01.31&start=110&sort=0
2026-04-20 15:31:50 [INFO]     2024.01 p12: +7건 (페이지 10건)
2026-04-20 15:31:53 [WARNING] [1/3] HTTP 오류: 403 Client Error: Forbidden for url: https://search.naver.com/search.naver?where=news&query=%EC%82%BC%EC%84%B1%EC%A0%84%EC%9E%90&pd=3&ds=2024.01.01&de=2024.01.31&start=120&sort=0
2026-04-20 15:31:58 [WARNING] [2/3] HTTP 오류: 403 Client Error: Forbidden for url: https://search.naver.com/search.naver?where=news&query=%EC%82%BC%EC%84%B1%EC%A0%84%EC%9E%90&pd=3&ds=2024.01.01&de=2024.01.31&start=120&sort=0
2026-04-20 15:32:04 [INFO]     2024.01 p13: +8건 (페이지 10건)
2026-04-20 15:32:05 [INFO]     2024.01 p14: +4건 (페이지 9건)
2026-04-20 15:32:06 [INFO]     2024.01 p15: +7건 (페이지 10건)
2026-04-20 15:32:08 [INFO]     2024.01 p16: +7건 (페이지 10건)
2026-04-20 15:32:09 [INFO]     2024.01 p17: +5건 (페이지 9건)
2026-04-20 15:32:11 [INFO]     2024.01 p18: +3건 (페이지 10건)
2026-04-20 15:32:12 [INFO]     2024.01 p19: +5건 (페이지 8건)
2026-04-20 15:32:14 [INFO]     2024.01 p20: +1건 (페이지 7건)
2026-04-20 15:32:15 [INFO]     2024.01 p21: +4건 (페이지 9건)
2026-04-20 15:32:17 [INFO]     2024.01 p22: +0건 (페이지 9건)
2026-04-20 15:32:18 [INFO]   2024.01 완료: +126건 (누적 3428개)
2026-04-20 15:32:18 [INFO]     2024.02 p1: +10건 (페이지 10건)
2026-04-20 15:32:20 [INFO]     2024.02 p2: +9건 (페이지 10건)
2026-04-20 15:32:21 [INFO]     2024.02 p3: +10건 (페이지 10건)
2026-04-20 15:32:23 [INFO]     2024.02 p4: +10건 (페이지 10건)
2026-04-20 15:32:24 [INFO]     2024.02 p5: +7건 (페이지 7건)
2026-04-20 15:32:27 [WARNING] [1/3] HTTP 오류: 403 Client Error: Forbidden for url: https://search.naver.com/search.naver?where=news&query=%EC%82%BC%EC%84%B1%EC%A0%84%EC%9E%90&pd=3&ds=2024.02.01&de=2024.02.29&start=50&sort=0
2026-04-20 15:32:32 [WARNING] [2/3] HTTP 오류: 403 Client Error: Forbidden for url: https://search.naver.com/search.naver?where=news&query=%EC%82%BC%EC%84%B1%EC%A0%84%EC%9E%90&pd=3&ds=2024.02.01&de=2024.02.29&start=50&sort=0
2026-04-20 15:32:39 [INFO]     2024.02 p6: +8건 (페이지 8건)
2026-04-20 15:32:40 [INFO]     2024.02 p7: +5건 (페이지 5건)
2026-04-20 15:32:42 [INFO]     2024.02 p8: +6건 (페이지 6건)
2026-04-20 15:32:43 [INFO]     2024.02 p9: +5건 (페이지 5건)
2026-04-20 15:32:44 [INFO]     2024.02 p10: +5건 (페이지 5건)
2026-04-20 15:32:46 [INFO]     2024.02 p11: +6건 (페이지 9건)
2026-04-20 15:32:47 [INFO]     2024.02 p12: +4건 (페이지 8건)
2026-04-20 15:32:49 [INFO]     2024.02 p13: +4건 (페이지 7건)
2026-04-20 15:32:50 [INFO]     2024.02 p14: +4건 (페이지 8건)
2026-04-20 15:32:52 [INFO]     2024.02 p15: +2건 (페이지 8건)
2026-04-20 15:32:53 [INFO]     2024.02 p16: +5건 (페이지 9건)
2026-04-20 15:32:56 [WARNING] [1/3] HTTP 오류: 403 Client Error: Forbidden for url: https://search.naver.com/search.naver?where=news&query=%EC%82%BC%EC%84%B1%EC%A0%84%EC%9E%90&pd=3&ds=2024.02.01&de=2024.02.29&start=160&sort=0
2026-04-20 15:33:00 [INFO]     2024.02 p17: +4건 (페이지 8건)
2026-04-20 15:33:01 [INFO]     2024.02 p18: +5건 (페이지 7건)
2026-04-20 15:33:02 [INFO]     2024.02 p19: +3건 (페이지 9건)
2026-04-20 15:33:05 [WARNING] [1/3] HTTP 오류: 403 Client Error: Forbidden for url: https://search.naver.com/search.naver?where=news&query=%EC%82%BC%EC%84%B1%EC%A0%84%EC%9E%90&pd=3&ds=2024.02.01&de=2024.02.29&start=190&sort=0
2026-04-20 15:33:08 [INFO]     2024.02 p20: +3건 (페이지 8건)
2026-04-20 15:33:12 [WARNING] [1/3] HTTP 오류: 403 Client Error: Forbidden for url: https://search.naver.com/search.naver?where=news&query=%EC%82%BC%EC%84%B1%EC%A0%84%EC%9E%90&pd=3&ds=2024.02.01&de=2024.02.29&start=200&sort=0
2026-04-20 15:33:15 [INFO]     2024.02 p21: +4건 (페이지 8건)
2026-04-20 15:33:16 [INFO]     2024.02 p22: +3건 (페이지 8건)
2026-04-20 15:33:19 [WARNING] [1/3] HTTP 오류: 403 Client Error: Forbidden for url: https://search.naver.com/search.naver?where=news&query=%EC%82%BC%EC%84%B1%EC%A0%84%EC%9E%90&pd=3&ds=2024.02.01&de=2024.02.29&start=220&sort=0
2026-04-20 15:33:23 [INFO]     2024.02 p23: +5건 (페이지 9건)
2026-04-20 15:33:26 [WARNING] [1/3] HTTP 오류: 403 Client Error: Forbidden for url: https://search.naver.com/search.naver?where=news&query=%EC%82%BC%EC%84%B1%EC%A0%84%EC%9E%90&pd=3&ds=2024.02.01&de=2024.02.29&start=230&sort=0
2026-04-20 15:33:29 [INFO]     2024.02 p24: +6건 (페이지 8건)
2026-04-20 15:33:32 [WARNING] [1/3] HTTP 오류: 403 Client Error: Forbidden for url: https://search.naver.com/search.naver?where=news&query=%EC%82%BC%EC%84%B1%EC%A0%84%EC%9E%90&pd=3&ds=2024.02.01&de=2024.02.29&start=240&sort=0
2026-04-20 15:33:35 [INFO]     2024.02 p25: +1건 (페이지 10건)
2026-04-20 15:33:36 [INFO]     2024.02 p26: +3건 (페이지 8건)
2026-04-20 15:33:37 [INFO]     2024.02 p27: +3건 (페이지 4건)
2026-04-20 15:33:41 [WARNING] [1/3] HTTP 오류: 403 Client Error: Forbidden for url: https://search.naver.com/search.naver?where=news&query=%EC%82%BC%EC%84%B1%EC%A0%84%EC%9E%90&pd=3&ds=2024.02.01&de=2024.02.29&start=270&sort=0
2026-04-20 15:33:44 [INFO]     2024.02 p28: +0건 (페이지 2건)
2026-04-20 15:33:45 [INFO]   2024.02 완료: +140건 (누적 3568개)
2026-04-20 15:33:46 [INFO]     2024.03 p1: +10건 (페이지 10건)
2026-04-20 15:33:47 [INFO]     2024.03 p2: +9건 (페이지 10건)
2026-04-20 15:33:49 [INFO]     2024.03 p3: +10건 (페이지 10건)
2026-04-20 15:33:52 [WARNING] [1/3] HTTP 오류: 403 Client Error: Forbidden for url: https://search.naver.com/search.naver?where=news&query=%EC%82%BC%EC%84%B1%EC%A0%84%EC%9E%90&pd=3&ds=2024.03.01&de=2024.03.31&start=30&sort=0
2026-04-20 15:33:55 [INFO]     2024.03 p4: +9건 (페이지 9건)
2026-04-20 15:33:56 [INFO]     2024.03 p5: +7건 (페이지 7건)
2026-04-20 15:33:57 [INFO]     2024.03 p6: +8건 (페이지 8건)
2026-04-20 15:33:58 [INFO]     2024.03 p7: +7건 (페이지 7건)
2026-04-20 15:33:59 [INFO]     2024.03 p8: +8건 (페이지 8건)
2026-04-20 15:34:03 [WARNING] [1/3] HTTP 오류: 403 Client Error: Forbidden for url: https://search.naver.com/search.naver?where=news&query=%EC%82%BC%EC%84%B1%EC%A0%84%EC%9E%90&pd=3&ds=2024.03.01&de=2024.03.31&start=80&sort=0
2026-04-20 15:34:06 [INFO]     2024.03 p9: +5건 (페이지 5건)
2026-04-20 15:34:08 [INFO]     2024.03 p10: +3건 (페이지 3건)
2026-04-20 15:34:09 [INFO]     2024.03 p11: +6건 (페이지 9건)
2026-04-20 15:34:10 [INFO]     2024.03 p12: +2건 (페이지 8건)
2026-04-20 15:34:11 [INFO]     2024.03 p13: +4건 (페이지 8건)
2026-04-20 15:34:15 [WARNING] [1/3] HTTP 오류: 403 Client Error: Forbidden for url: https://search.naver.com/search.naver?where=news&query=%EC%82%BC%EC%84%B1%EC%A0%84%EC%9E%90&pd=3&ds=2024.03.01&de=2024.03.31&start=130&sort=0
2026-04-20 15:34:18 [INFO]     2024.03 p14: +4건 (페이지 8건)
2026-04-20 15:34:21 [WARNING] [1/3] HTTP 오류: 403 Client Error: Forbidden for url: https://search.naver.com/search.naver?where=news&query=%EC%82%BC%EC%84%B1%EC%A0%84%EC%9E%90&pd=3&ds=2024.03.01&de=2024.03.31&start=140&sort=0
2026-04-20 15:34:26 [WARNING] [2/3] HTTP 오류: 403 Client Error: Forbidden for url: https://search.naver.com/search.naver?where=news&query=%EC%82%BC%EC%84%B1%EC%A0%84%EC%9E%90&pd=3&ds=2024.03.01&de=2024.03.31&start=140&sort=0
2026-04-20 15:34:33 [INFO]     2024.03 p15: +6건 (페이지 8건)
2026-04-20 15:34:36 [WARNING] [1/3] HTTP 오류: 403 Client Error: Forbidden for url: https://search.naver.com/search.naver?where=news&query=%EC%82%BC%EC%84%B1%EC%A0%84%EC%9E%90&pd=3&ds=2024.03.01&de=2024.03.31&start=150&sort=0
2026-04-20 15:34:39 [INFO]     2024.03 p16: +4건 (페이지 8건)
2026-04-20 15:34:40 [INFO]     2024.03 p17: +4건 (페이지 7건)
2026-04-20 15:34:42 [INFO]     2024.03 p18: +2건 (페이지 10건)
2026-04-20 15:34:44 [INFO]     2024.03 p19: +3건 (페이지 7건)
2026-04-20 15:34:45 [INFO]     2024.03 p20: +2건 (페이지 6건)
2026-04-20 15:34:46 [INFO]     2024.03 p21: +4건 (페이지 9건)
2026-04-20 15:34:49 [WARNING] [1/3] HTTP 오류: 403 Client Error: Forbidden for url: https://search.naver.com/search.naver?where=news&query=%EC%82%BC%EC%84%B1%EC%A0%84%EC%9E%90&pd=3&ds=2024.03.01&de=2024.03.31&start=210&sort=0
2026-04-20 15:34:52 [INFO]     2024.03 p22: +3건 (페이지 8건)
2026-04-20 15:34:54 [INFO]     2024.03 p23: +2건 (페이지 6건)
2026-04-20 15:34:55 [INFO]     2024.03 p24: +2건 (페이지 7건)
2026-04-20 15:34:57 [INFO]     2024.03 p25: +3건 (페이지 6건)
2026-04-20 15:34:58 [INFO]     2024.03 p26: +3건 (페이지 8건)
2026-04-20 15:34:59 [INFO]     2024.03 p27: +1건 (페이지 6건)
2026-04-20 15:35:03 [WARNING] [1/3] HTTP 오류: 403 Client Error: Forbidden for url: https://search.naver.com/search.naver?where=news&query=%EC%82%BC%EC%84%B1%EC%A0%84%EC%9E%90&pd=3&ds=2024.03.01&de=2024.03.31&start=270&sort=0
2026-04-20 15:35:06 [INFO]     2024.03 p28: +5건 (페이지 9건)
2026-04-20 15:35:07 [INFO]     2024.03 p29: +3건 (페이지 6건)
2026-04-20 15:35:10 [WARNING] [1/3] HTTP 오류: 403 Client Error: Forbidden for url: https://search.naver.com/search.naver?where=news&query=%EC%82%BC%EC%84%B1%EC%A0%84%EC%9E%90&pd=3&ds=2024.03.01&de=2024.03.31&start=290&sort=0
2026-04-20 15:35:15 [WARNING] [2/3] HTTP 오류: 403 Client Error: Forbidden for url: https://search.naver.com/search.naver?where=news&query=%EC%82%BC%EC%84%B1%EC%A0%84%EC%9E%90&pd=3&ds=2024.03.01&de=2024.03.31&start=290&sort=0
2026-04-20 15:35:21 [INFO]     2024.03 p30: +1건 (페이지 6건)
2026-04-20 15:35:24 [WARNING] [1/3] HTTP 오류: 403 Client Error: Forbidden for url: https://search.naver.com/search.naver?where=news&query=%EC%82%BC%EC%84%B1%EC%A0%84%EC%9E%90&pd=3&ds=2024.03.01&de=2024.03.31&start=300&sort=0
2026-04-20 15:35:29 [WARNING] [2/3] HTTP 오류: 403 Client Error: Forbidden for url: https://search.naver.com/search.naver?where=news&query=%EC%82%BC%EC%84%B1%EC%A0%84%EC%9E%90&pd=3&ds=2024.03.01&de=2024.03.31&start=300&sort=0
2026-04-20 15:35:36 [INFO]     2024.03 p31: +5건 (페이지 7건)
2026-04-20 15:35:37 [INFO]     2024.03 p32: +1건 (페이지 7건)
2026-04-20 15:35:38 [INFO]     2024.03 p33: +3건 (페이지 9건)
2026-04-20 15:35:42 [WARNING] [1/3] HTTP 오류: 403 Client Error: Forbidden for url: https://search.naver.com/search.naver?where=news&query=%EC%82%BC%EC%84%B1%EC%A0%84%EC%9E%90&pd=3&ds=2024.03.01&de=2024.03.31&start=330&sort=0
2026-04-20 15:35:45 [INFO]     2024.03 p34: +3건 (페이지 7건)
2026-04-20 15:35:47 [INFO]     2024.03 p35: +3건 (페이지 5건)
2026-04-20 15:35:48 [INFO]     2024.03 p36: +0건 (페이지 5건)
2026-04-20 15:35:49 [INFO]   2024.03 완료: +155건 (누적 3723개)
2026-04-20 15:35:50 [INFO]     2024.04 p1: +10건 (페이지 10건)
2026-04-20 15:35:52 [INFO]     2024.04 p2: +10건 (페이지 10건)
2026-04-20 15:35:55 [WARNING] [1/3] HTTP 오류: 403 Client Error: Forbidden for url: https://search.naver.com/search.naver?where=news&query=%EC%82%BC%EC%84%B1%EC%A0%84%EC%9E%90&pd=3&ds=2024.04.01&de=2024.04.30&start=20&sort=0
2026-04-20 15:35:58 [INFO]     2024.04 p3: +10건 (페이지 10건)
2026-04-20 15:36:01 [WARNING] [1/3] HTTP 오류: 403 Client Error: Forbidden for url: https://search.naver.com/search.naver?where=news&query=%EC%82%BC%EC%84%B1%EC%A0%84%EC%9E%90&pd=3&ds=2024.04.01&de=2024.04.30&start=30&sort=0
2026-04-20 15:36:05 [INFO]     2024.04 p4: +10건 (페이지 10건)
2026-04-20 15:36:06 [INFO]     2024.04 p5: +10건 (페이지 10건)
2026-04-20 15:36:07 [INFO]     2024.04 p6: +7건 (페이지 7건)
2026-04-20 15:36:11 [WARNING] [1/3] HTTP 오류: 403 Client Error: Forbidden for url: https://search.naver.com/search.naver?where=news&query=%EC%82%BC%EC%84%B1%EC%A0%84%EC%9E%90&pd=3&ds=2024.04.01&de=2024.04.30&start=60&sort=0
2026-04-20 15:36:14 [INFO]     2024.04 p7: +3건 (페이지 3건)
2026-04-20 15:36:15 [INFO]     2024.04 p8: +6건 (페이지 6건)
2026-04-20 15:36:16 [INFO]     2024.04 p9: +5건 (페이지 5건)
2026-04-20 15:36:18 [INFO]     2024.04 p10: +7건 (페이지 7건)
2026-04-20 15:36:19 [INFO]     2024.04 p11: +7건 (페이지 9건)
2026-04-20 15:36:22 [WARNING] [1/3] HTTP 오류: 403 Client Error: Forbidden for url: https://search.naver.com/search.naver?where=news&query=%EC%82%BC%EC%84%B1%EC%A0%84%EC%9E%90&pd=3&ds=2024.04.01&de=2024.04.30&start=110&sort=0
2026-04-20 15:36:27 [WARNING] [2/3] HTTP 오류: 403 Client Error: Forbidden for url: https://search.naver.com/search.naver?where=news&query=%EC%82%BC%EC%84%B1%EC%A0%84%EC%9E%90&pd=3&ds=2024.04.01&de=2024.04.30&start=110&sort=0
2026-04-20 15:36:33 [INFO]     2024.04 p12: +6건 (페이지 9건)
2026-04-20 15:36:36 [WARNING] [1/3] HTTP 오류: 403 Client Error: Forbidden for url: https://search.naver.com/search.naver?where=news&query=%EC%82%BC%EC%84%B1%EC%A0%84%EC%9E%90&pd=3&ds=2024.04.01&de=2024.04.30&start=120&sort=0
2026-04-20 15:36:41 [WARNING] [2/3] HTTP 오류: 403 Client Error: Forbidden for url: https://search.naver.com/search.naver?where=news&query=%EC%82%BC%EC%84%B1%EC%A0%84%EC%9E%90&pd=3&ds=2024.04.01&de=2024.04.30&start=120&sort=0
2026-04-20 15:36:48 [INFO]     2024.04 p13: +4건 (페이지 9건)
2026-04-20 15:36:49 [INFO]     2024.04 p14: +5건 (페이지 8건)
2026-04-20 15:36:51 [INFO]     2024.04 p15: +3건 (페이지 8건)
2026-04-20 15:36:52 [INFO]     2024.04 p16: +1건 (페이지 9건)
2026-04-20 15:36:55 [WARNING] [1/3] HTTP 오류: 403 Client Error: Forbidden for url: https://search.naver.com/search.naver?where=news&query=%EC%82%BC%EC%84%B1%EC%A0%84%EC%9E%90&pd=3&ds=2024.04.01&de=2024.04.30&start=160&sort=0
2026-04-20 15:37:00 [WARNING] [2/3] HTTP 오류: 403 Client Error: Forbidden for url: https://search.naver.com/search.naver?where=news&query=%EC%82%BC%EC%84%B1%EC%A0%84%EC%9E%90&pd=3&ds=2024.04.01&de=2024.04.30&start=160&sort=0
2026-04-20 15:37:08 [WARNING] [3/3] HTTP 오류: 403 Client Error: Forbidden for url: https://search.naver.com/search.naver?where=news&query=%EC%82%BC%EC%84%B1%EC%A0%84%EC%9E%90&pd=3&ds=2024.04.01&de=2024.04.30&start=160&sort=0
2026-04-20 15:37:09 [INFO]     2024.04 p18: +5건 (페이지 8건)
2026-04-20 15:37:10 [INFO]     2024.04 p19: +3건 (페이지 7건)
2026-04-20 15:37:12 [INFO]     2024.04 p20: +2건 (페이지 8건)
2026-04-20 15:37:13 [INFO]     2024.04 p21: +4건 (페이지 7건)
2026-04-20 15:37:16 [WARNING] [1/3] HTTP 오류: 403 Client Error: Forbidden for url: https://search.naver.com/search.naver?where=news&query=%EC%82%BC%EC%84%B1%EC%A0%84%EC%9E%90&pd=3&ds=2024.04.01&de=2024.04.30&start=210&sort=0
2026-04-20 15:37:20 [INFO]     2024.04 p22: +3건 (페이지 5건)
2026-04-20 15:37:21 [INFO]     2024.04 p23: +5건 (페이지 8건)
2026-04-20 15:37:22 [INFO]     2024.04 p24: +2건 (페이지 7건)
2026-04-20 15:37:24 [INFO]     2024.04 p25: +2건 (페이지 8건)
2026-04-20 15:37:27 [WARNING] [1/3] HTTP 오류: 403 Client Error: Forbidden for url: https://search.naver.com/search.naver?where=news&query=%EC%82%BC%EC%84%B1%EC%A0%84%EC%9E%90&pd=3&ds=2024.04.01&de=2024.04.30&start=250&sort=0
2026-04-20 15:37:32 [WARNING] [2/3] HTTP 오류: 403 Client Error: Forbidden for url: https://search.naver.com/search.naver?where=news&query=%EC%82%BC%EC%84%B1%EC%A0%84%EC%9E%90&pd=3&ds=2024.04.01&de=2024.04.30&start=250&sort=0
2026-04-20 15:37:38 [INFO]     2024.04 p26: +2건 (페이지 7건)
2026-04-20 15:37:39 [INFO]     2024.04 p27: +3건 (페이지 6건)
2026-04-20 15:37:41 [INFO]     2024.04 p28: +3건 (페이지 5건)
2026-04-20 15:37:43 [INFO]     2024.04 p29: +2건 (페이지 6건)
2026-04-20 15:37:44 [INFO]     2024.04 p30: +4건 (페이지 7건)
2026-04-20 15:37:46 [INFO]     2024.04 p31: +3건 (페이지 8건)
2026-04-20 15:37:47 [INFO]     2024.04 p32: +3건 (페이지 8건)
2026-04-20 15:37:50 [WARNING] [1/3] HTTP 오류: 403 Client Error: Forbidden for url: https://search.naver.com/search.naver?where=news&query=%EC%82%BC%EC%84%B1%EC%A0%84%EC%9E%90&pd=3&ds=2024.04.01&de=2024.04.30&start=320&sort=0
2026-04-20 15:37:54 [INFO]     2024.04 p33: +3건 (페이지 6건)
2026-04-20 15:37:55 [INFO]     2024.04 p34: +5건 (페이지 8건)
2026-04-20 15:37:56 [INFO]     2024.04 p35: +3건 (페이지 7건)
2026-04-20 15:37:57 [INFO]     2024.04 p36: +1건 (페이지 8건)
2026-04-20 15:37:59 [INFO]     2024.04 p37: +2건 (페이지 7건)
2026-04-20 15:38:02 [WARNING] [1/3] HTTP 오류: 403 Client Error: Forbidden for url: https://search.naver.com/search.naver?where=news&query=%EC%82%BC%EC%84%B1%EC%A0%84%EC%9E%90&pd=3&ds=2024.04.01&de=2024.04.30&start=370&sort=0
2026-04-20 15:38:06 [INFO]     2024.04 p38: +4건 (페이지 6건)
2026-04-20 15:38:07 [INFO]     2024.04 p39: +5건 (페이지 10건)
2026-04-20 15:38:10 [WARNING] [1/3] HTTP 오류: 403 Client Error: Forbidden for url: https://search.naver.com/search.naver?where=news&query=%EC%82%BC%EC%84%B1%EC%A0%84%EC%9E%90&pd=3&ds=2024.04.01&de=2024.04.30&start=390&sort=0
2026-04-20 15:38:13 [INFO]     2024.04 p40: +1건 (페이지 6건)
2026-04-20 15:38:15 [INFO]   2024.04 완료: +174건 (누적 3897개)
2026-04-20 15:38:15 [INFO]     2024.05 p1: +10건 (페이지 10건)
2026-04-20 15:38:17 [INFO]     2024.05 p2: +9건 (페이지 10건)
2026-04-20 15:38:18 [INFO]     2024.05 p3: +10건 (페이지 10건)
2026-04-20 15:38:19 [INFO]     2024.05 p4: +9건 (페이지 9건)
2026-04-20 15:38:21 [INFO]     2024.05 p5: +10건 (페이지 10건)
2026-04-20 15:38:22 [INFO]     2024.05 p6: +8건 (페이지 8건)
2026-04-20 15:38:25 [WARNING] [1/3] HTTP 오류: 403 Client Error: Forbidden for url: https://search.naver.com/search.naver?where=news&query=%EC%82%BC%EC%84%B1%EC%A0%84%EC%9E%90&pd=3&ds=2024.05.01&de=2024.05.31&start=60&sort=0
2026-04-20 15:38:28 [INFO]     2024.05 p7: +9건 (페이지 9건)
2026-04-20 15:38:29 [INFO]     2024.05 p8: +9건 (페이지 9건)
2026-04-20 15:38:33 [WARNING] [1/3] HTTP 오류: 403 Client Error: Forbidden for url: https://search.naver.com/search.naver?where=news&query=%EC%82%BC%EC%84%B1%EC%A0%84%EC%9E%90&pd=3&ds=2024.05.01&de=2024.05.31&start=80&sort=0
2026-04-20 15:38:36 [INFO]     2024.05 p9: +9건 (페이지 9건)
2026-04-20 15:38:39 [WARNING] [1/3] HTTP 오류: 403 Client Error: Forbidden for url: https://search.naver.com/search.naver?where=news&query=%EC%82%BC%EC%84%B1%EC%A0%84%EC%9E%90&pd=3&ds=2024.05.01&de=2024.05.31&start=90&sort=0
2026-04-20 15:38:42 [INFO]     2024.05 p10: +5건 (페이지 5건)
2026-04-20 15:38:44 [INFO]     2024.05 p11: +7건 (페이지 8건)
2026-04-20 15:38:47 [WARNING] [1/3] HTTP 오류: 403 Client Error: Forbidden for url: https://search.naver.com/search.naver?where=news&query=%EC%82%BC%EC%84%B1%EC%A0%84%EC%9E%90&pd=3&ds=2024.05.01&de=2024.05.31&start=110&sort=0
2026-04-20 15:38:52 [WARNING] [2/3] HTTP 오류: 403 Client Error: Forbidden for url: https://search.naver.com/search.naver?where=news&query=%EC%82%BC%EC%84%B1%EC%A0%84%EC%9E%90&pd=3&ds=2024.05.01&de=2024.05.31&start=110&sort=0
2026-04-20 15:38:58 [INFO]     2024.05 p12: +6건 (페이지 8건)
2026-04-20 15:38:59 [INFO]     2024.05 p13: +5건 (페이지 8건)
2026-04-20 15:39:01 [INFO]     2024.05 p14: +3건 (페이지 7건)
2026-04-20 15:39:04 [WARNING] [1/3] HTTP 오류: 403 Client Error: Forbidden for url: https://search.naver.com/search.naver?where=news&query=%EC%82%BC%EC%84%B1%EC%A0%84%EC%9E%90&pd=3&ds=2024.05.01&de=2024.05.31&start=140&sort=0
2026-04-20 15:39:07 [INFO]     2024.05 p15: +5건 (페이지 9건)
2026-04-20 15:39:08 [INFO]     2024.05 p16: +4건 (페이지 9건)
2026-04-20 15:39:12 [WARNING] [1/3] HTTP 오류: 403 Client Error: Forbidden for url: https://search.naver.com/search.naver?where=news&query=%EC%82%BC%EC%84%B1%EC%A0%84%EC%9E%90&pd=3&ds=2024.05.01&de=2024.05.31&start=160&sort=0
2026-04-20 15:39:15 [INFO]     2024.05 p17: +5건 (페이지 8건)
2026-04-20 15:39:16 [INFO]     2024.05 p18: +5건 (페이지 9건)
2026-04-20 15:39:18 [INFO]     2024.05 p19: +7건 (페이지 10건)
2026-04-20 15:39:19 [INFO]     2024.05 p20: +8건 (페이지 9건)
2026-04-20 15:39:21 [INFO]     2024.05 p21: +3건 (페이지 8건)
2026-04-20 15:39:24 [WARNING] [1/3] HTTP 오류: 403 Client Error: Forbidden for url: https://search.naver.com/search.naver?where=news&query=%EC%82%BC%EC%84%B1%EC%A0%84%EC%9E%90&pd=3&ds=2024.05.01&de=2024.05.31&start=210&sort=0
2026-04-20 15:39:27 [INFO]     2024.05 p22: +7건 (페이지 8건)
2026-04-20 15:39:28 [INFO]     2024.05 p23: +5건 (페이지 8건)
2026-04-20 15:39:30 [INFO]     2024.05 p24: +4건 (페이지 8건)
2026-04-20 15:39:31 [INFO]     2024.05 p25: +3건 (페이지 6건)
2026-04-20 15:39:34 [WARNING] [1/3] HTTP 오류: 403 Client Error: Forbidden for url: https://search.naver.com/search.naver?where=news&query=%EC%82%BC%EC%84%B1%EC%A0%84%EC%9E%90&pd=3&ds=2024.05.01&de=2024.05.31&start=250&sort=0
2026-04-20 15:39:37 [INFO]     2024.05 p26: +3건 (페이지 8건)
2026-04-20 15:39:41 [WARNING] [1/3] HTTP 오류: 403 Client Error: Forbidden for url: https://search.naver.com/search.naver?where=news&query=%EC%82%BC%EC%84%B1%EC%A0%84%EC%9E%90&pd=3&ds=2024.05.01&de=2024.05.31&start=260&sort=0
2026-04-20 15:39:44 [INFO]     2024.05 p27: +8건 (페이지 10건)
2026-04-20 15:39:45 [INFO]     2024.05 p28: +5건 (페이지 7건)
2026-04-20 15:39:47 [INFO]     2024.05 p29: +0건 (페이지 7건)
2026-04-20 15:39:48 [INFO]   2024.05 완료: +181건 (누적 4078개)
2026-04-20 15:39:50 [WARNING] [1/3] HTTP 오류: 403 Client Error: Forbidden for url: https://search.naver.com/search.naver?where=news&query=%EC%82%BC%EC%84%B1%EC%A0%84%EC%9E%90&pd=3&ds=2024.06.01&de=2024.06.30&start=0&sort=0
2026-04-20 15:39:53 [INFO]     2024.06 p1: +10건 (페이지 10건)
2026-04-20 15:39:55 [INFO]     2024.06 p2: +6건 (페이지 8건)
2026-04-20 15:39:56 [INFO]     2024.06 p3: +3건 (페이지 3건)
2026-04-20 15:39:58 [INFO]     2024.06 p4: +6건 (페이지 6건)
2026-04-20 15:39:59 [INFO]     2024.06 p5: +4건 (페이지 4건)
2026-04-20 15:40:00 [INFO]     2024.06 p6: +6건 (페이지 6건)
2026-04-20 15:40:02 [INFO]     2024.06 p7: +7건 (페이지 7건)
2026-04-20 15:40:04 [INFO]     2024.06 p8: +7건 (페이지 7건)
2026-04-20 15:40:07 [WARNING] [1/3] HTTP 오류: 403 Client Error: Forbidden for url: https://search.naver.com/search.naver?where=news&query=%EC%82%BC%EC%84%B1%EC%A0%84%EC%9E%90&pd=3&ds=2024.06.01&de=2024.06.30&start=80&sort=0
2026-04-20 15:40:10 [INFO]     2024.06 p9: +7건 (페이지 7건)
2026-04-20 15:40:14 [WARNING] [1/3] HTTP 오류: 403 Client Error: Forbidden for url: https://search.naver.com/search.naver?where=news&query=%EC%82%BC%EC%84%B1%EC%A0%84%EC%9E%90&pd=3&ds=2024.06.01&de=2024.06.30&start=90&sort=0
2026-04-20 15:40:17 [INFO]     2024.06 p10: +8건 (페이지 8건)
2026-04-20 15:40:18 [INFO]     2024.06 p11: +4건 (페이지 8건)
2026-04-20 15:40:21 [WARNING] [1/3] HTTP 오류: 403 Client Error: Forbidden for url: https://search.naver.com/search.naver?where=news&query=%EC%82%BC%EC%84%B1%EC%A0%84%EC%9E%90&pd=3&ds=2024.06.01&de=2024.06.30&start=110&sort=0
2026-04-20 15:40:25 [INFO]     2024.06 p12: +1건 (페이지 7건)
2026-04-20 15:40:28 [WARNING] [1/3] HTTP 오류: 403 Client Error: Forbidden for url: https://search.naver.com/search.naver?where=news&query=%EC%82%BC%EC%84%B1%EC%A0%84%EC%9E%90&pd=3&ds=2024.06.01&de=2024.06.30&start=120&sort=0
2026-04-20 15:40:33 [WARNING] [2/3] HTTP 오류: 403 Client Error: Forbidden for url: https://search.naver.com/search.naver?where=news&query=%EC%82%BC%EC%84%B1%EC%A0%84%EC%9E%90&pd=3&ds=2024.06.01&de=2024.06.30&start=120&sort=0
2026-04-20 15:40:39 [INFO]     2024.06 p13: +7건 (페이지 8건)
2026-04-20 15:40:40 [INFO]     2024.06 p14: +2건 (페이지 7건)
2026-04-20 15:40:41 [INFO]     2024.06 p15: +3건 (페이지 6건)
2026-04-20 15:40:43 [INFO]     2024.06 p16: +4건 (페이지 6건)
2026-04-20 15:40:45 [INFO]     2024.06 p17: +1건 (페이지 6건)
2026-04-20 15:40:46 [INFO]     2024.06 p18: +1건 (페이지 8건)
2026-04-20 15:40:47 [INFO]     2024.06 p19: +1건 (페이지 5건)
2026-04-20 15:40:51 [WARNING] [1/3] HTTP 오류: 403 Client Error: Forbidden for url: https://search.naver.com/search.naver?where=news&query=%EC%82%BC%EC%84%B1%EC%A0%84%EC%9E%90&pd=3&ds=2024.06.01&de=2024.06.30&start=190&sort=0
2026-04-20 15:40:54 [INFO]     2024.06 p20: +4건 (페이지 6건)
2026-04-20 15:40:55 [INFO]     2024.06 p21: +2건 (페이지 7건)
2026-04-20 15:40:58 [WARNING] [1/3] HTTP 오류: 403 Client Error: Forbidden for url: https://search.naver.com/search.naver?where=news&query=%EC%82%BC%EC%84%B1%EC%A0%84%EC%9E%90&pd=3&ds=2024.06.01&de=2024.06.30&start=210&sort=0
2026-04-20 15:41:01 [INFO]     2024.06 p22: +2건 (페이지 6건)
2026-04-20 15:41:02 [INFO]     2024.06 p23: +5건 (페이지 8건)
2026-04-20 15:41:06 [WARNING] [1/3] HTTP 오류: 403 Client Error: Forbidden for url: https://search.naver.com/search.naver?where=news&query=%EC%82%BC%EC%84%B1%EC%A0%84%EC%9E%90&pd=3&ds=2024.06.01&de=2024.06.30&start=230&sort=0
2026-04-20 15:41:11 [WARNING] [2/3] HTTP 오류: 403 Client Error: Forbidden for url: https://search.naver.com/search.naver?where=news&query=%EC%82%BC%EC%84%B1%EC%A0%84%EC%9E%90&pd=3&ds=2024.06.01&de=2024.06.30&start=230&sort=0
2026-04-20 15:41:17 [INFO]     2024.06 p24: +6건 (페이지 8건)
2026-04-20 15:41:20 [WARNING] [1/3] HTTP 오류: 403 Client Error: Forbidden for url: https://search.naver.com/search.naver?where=news&query=%EC%82%BC%EC%84%B1%EC%A0%84%EC%9E%90&pd=3&ds=2024.06.01&de=2024.06.30&start=240&sort=0
2026-04-20 15:41:24 [INFO]     2024.06 p25: +0건 (페이지 7건)
2026-04-20 15:41:24 [INFO]   2024.06 완료: +107건 (누적 4185개)
2026-04-20 15:41:27 [WARNING] [1/3] HTTP 오류: 403 Client Error: Forbidden for url: https://search.naver.com/search.naver?where=news&query=%EC%82%BC%EC%84%B1%EC%A0%84%EC%9E%90&pd=3&ds=2024.07.01&de=2024.07.31&start=0&sort=0
2026-04-20 15:41:30 [INFO]     2024.07 p1: +10건 (페이지 10건)
2026-04-20 15:41:31 [INFO]     2024.07 p2: +7건 (페이지 10건)
2026-04-20 15:41:32 [INFO]     2024.07 p3: +10건 (페이지 10건)
2026-04-20 15:41:35 [WARNING] [1/3] HTTP 오류: 403 Client Error: Forbidden for url: https://search.naver.com/search.naver?where=news&query=%EC%82%BC%EC%84%B1%EC%A0%84%EC%9E%90&pd=3&ds=2024.07.01&de=2024.07.31&start=30&sort=0
2026-04-20 15:41:39 [INFO]     2024.07 p4: +10건 (페이지 10건)
2026-04-20 15:41:41 [WARNING] [1/3] HTTP 오류: 403 Client Error: Forbidden for url: https://search.naver.com/search.naver?where=news&query=%EC%82%BC%EC%84%B1%EC%A0%84%EC%9E%90&pd=3&ds=2024.07.01&de=2024.07.31&start=40&sort=0
2026-04-20 15:41:46 [WARNING] [2/3] HTTP 오류: 403 Client Error: Forbidden for url: https://search.naver.com/search.naver?where=news&query=%EC%82%BC%EC%84%B1%EC%A0%84%EC%9E%90&pd=3&ds=2024.07.01&de=2024.07.31&start=40&sort=0
2026-04-20 15:41:53 [INFO]     2024.07 p5: +10건 (페이지 10건)
2026-04-20 15:41:54 [INFO]     2024.07 p6: +6건 (페이지 6건)
2026-04-20 15:41:57 [WARNING] [1/3] HTTP 오류: 403 Client Error: Forbidden for url: https://search.naver.com/search.naver?where=news&query=%EC%82%BC%EC%84%B1%EC%A0%84%EC%9E%90&pd=3&ds=2024.07.01&de=2024.07.31&start=60&sort=0
2026-04-20 15:42:02 [WARNING] [2/3] HTTP 오류: 403 Client Error: Forbidden for url: https://search.naver.com/search.naver?where=news&query=%EC%82%BC%EC%84%B1%EC%A0%84%EC%9E%90&pd=3&ds=2024.07.01&de=2024.07.31&start=60&sort=0
2026-04-20 15:42:10 [WARNING] [3/3] HTTP 오류: 403 Client Error: Forbidden for url: https://search.naver.com/search.naver?where=news&query=%EC%82%BC%EC%84%B1%EC%A0%84%EC%9E%90&pd=3&ds=2024.07.01&de=2024.07.31&start=60&sort=0
2026-04-20 15:42:13 [WARNING] [1/3] HTTP 오류: 403 Client Error: Forbidden for url: https://search.naver.com/search.naver?where=news&query=%EC%82%BC%EC%84%B1%EC%A0%84%EC%9E%90&pd=3&ds=2024.07.01&de=2024.07.31&start=70&sort=0
2026-04-20 15:42:16 [INFO]     2024.07 p8: +3건 (페이지 3건)
2026-04-20 15:42:20 [WARNING] [1/3] HTTP 오류: 403 Client Error: Forbidden for url: https://search.naver.com/search.naver?where=news&query=%EC%82%BC%EC%84%B1%EC%A0%84%EC%9E%90&pd=3&ds=2024.07.01&de=2024.07.31&start=80&sort=0
2026-04-20 15:42:23 [INFO]     2024.07 p9: +5건 (페이지 5건)
2026-04-20 15:42:26 [WARNING] [1/3] HTTP 오류: 403 Client Error: Forbidden for url: https://search.naver.com/search.naver?where=news&query=%EC%82%BC%EC%84%B1%EC%A0%84%EC%9E%90&pd=3&ds=2024.07.01&de=2024.07.31&start=90&sort=0
2026-04-20 15:42:29 [INFO]     2024.07 p10: +4건 (페이지 4건)
2026-04-20 15:42:33 [WARNING] [1/3] HTTP 오류: 403 Client Error: Forbidden for url: https://search.naver.com/search.naver?where=news&query=%EC%82%BC%EC%84%B1%EC%A0%84%EC%9E%90&pd=3&ds=2024.07.01&de=2024.07.31&start=100&sort=0
2026-04-20 15:42:38 [WARNING] [2/3] HTTP 오류: 403 Client Error: Forbidden for url: https://search.naver.com/search.naver?where=news&query=%EC%82%BC%EC%84%B1%EC%A0%84%EC%9E%90&pd=3&ds=2024.07.01&de=2024.07.31&start=100&sort=0
2026-04-20 15:42:44 [INFO]     2024.07 p11: +8건 (페이지 10건)
2026-04-20 15:42:48 [WARNING] [1/3] HTTP 오류: 403 Client Error: Forbidden for url: https://search.naver.com/search.naver?where=news&query=%EC%82%BC%EC%84%B1%EC%A0%84%EC%9E%90&pd=3&ds=2024.07.01&de=2024.07.31&start=110&sort=0
2026-04-20 15:42:53 [WARNING] [2/3] HTTP 오류: 403 Client Error: Forbidden for url: https://search.naver.com/search.naver?where=news&query=%EC%82%BC%EC%84%B1%EC%A0%84%EC%9E%90&pd=3&ds=2024.07.01&de=2024.07.31&start=110&sort=0
2026-04-20 15:43:01 [WARNING] [3/3] HTTP 오류: 403 Client Error: Forbidden for url: https://search.naver.com/search.naver?where=news&query=%EC%82%BC%EC%84%B1%EC%A0%84%EC%9E%90&pd=3&ds=2024.07.01&de=2024.07.31&start=110&sort=0
2026-04-20 15:43:04 [WARNING] [1/3] HTTP 오류: 403 Client Error: Forbidden for url: https://search.naver.com/search.naver?where=news&query=%EC%82%BC%EC%84%B1%EC%A0%84%EC%9E%90&pd=3&ds=2024.07.01&de=2024.07.31&start=120&sort=0
2026-04-20 15:43:09 [WARNING] [2/3] HTTP 오류: 403 Client Error: Forbidden for url: https://search.naver.com/search.naver?where=news&query=%EC%82%BC%EC%84%B1%EC%A0%84%EC%9E%90&pd=3&ds=2024.07.01&de=2024.07.31&start=120&sort=0
2026-04-20 15:43:17 [WARNING] [3/3] HTTP 오류: 403 Client Error: Forbidden for url: https://search.naver.com/search.naver?where=news&query=%EC%82%BC%EC%84%B1%EC%A0%84%EC%9E%90&pd=3&ds=2024.07.01&de=2024.07.31&start=120&sort=0
2026-04-20 15:43:18 [INFO]     2024.07 p14: +8건 (페이지 9건)
2026-04-20 15:43:19 [INFO]     2024.07 p15: +5건 (페이지 8건)
2026-04-20 15:43:21 [INFO]     2024.07 p16: +3건 (페이지 9건)
2026-04-20 15:43:23 [INFO]     2024.07 p17: +7건 (페이지 9건)
2026-04-20 15:43:24 [INFO]     2024.07 p18: +5건 (페이지 9건)
2026-04-20 15:43:26 [INFO]     2024.07 p19: +2건 (페이지 8건)
2026-04-20 15:43:29 [WARNING] [1/3] HTTP 오류: 403 Client Error: Forbidden for url: https://search.naver.com/search.naver?where=news&query=%EC%82%BC%EC%84%B1%EC%A0%84%EC%9E%90&pd=3&ds=2024.07.01&de=2024.07.31&start=190&sort=0
2026-04-20 15:43:32 [INFO]     2024.07 p20: +5건 (페이지 9건)
2026-04-20 15:43:35 [WARNING] [1/3] HTTP 오류: 403 Client Error: Forbidden for url: https://search.naver.com/search.naver?where=news&query=%EC%82%BC%EC%84%B1%EC%A0%84%EC%9E%90&pd=3&ds=2024.07.01&de=2024.07.31&start=200&sort=0
2026-04-20 15:43:40 [WARNING] [2/3] HTTP 오류: 403 Client Error: Forbidden for url: https://search.naver.com/search.naver?where=news&query=%EC%82%BC%EC%84%B1%EC%A0%84%EC%9E%90&pd=3&ds=2024.07.01&de=2024.07.31&start=200&sort=0
2026-04-20 15:43:47 [INFO]     2024.07 p21: +4건 (페이지 9건)
2026-04-20 15:43:48 [INFO]     2024.07 p22: +5건 (페이지 8건)
2026-04-20 15:43:49 [INFO]     2024.07 p23: +5건 (페이지 8건)
2026-04-20 15:43:51 [INFO]     2024.07 p24: +5건 (페이지 8건)
2026-04-20 15:43:52 [INFO]     2024.07 p25: +3건 (페이지 6건)
2026-04-20 15:43:54 [INFO]     2024.07 p26: +4건 (페이지 6건)
2026-04-20 15:43:57 [WARNING] [1/3] HTTP 오류: 403 Client Error: Forbidden for url: https://search.naver.com/search.naver?where=news&query=%EC%82%BC%EC%84%B1%EC%A0%84%EC%9E%90&pd=3&ds=2024.07.01&de=2024.07.31&start=260&sort=0
2026-04-20 15:44:00 [INFO]     2024.07 p27: +4건 (페이지 6건)
2026-04-20 15:44:04 [WARNING] [1/3] HTTP 오류: 403 Client Error: Forbidden for url: https://search.naver.com/search.naver?where=news&query=%EC%82%BC%EC%84%B1%EC%A0%84%EC%9E%90&pd=3&ds=2024.07.01&de=2024.07.31&start=270&sort=0
2026-04-20 15:44:07 [INFO]     2024.07 p28: +3건 (페이지 5건)
2026-04-20 15:44:08 [INFO]     2024.07 p29: +4건 (페이지 5건)
2026-04-20 15:44:09 [INFO]     2024.07 p30: +2건 (페이지 5건)
2026-04-20 15:44:12 [WARNING] [1/3] HTTP 오류: 403 Client Error: Forbidden for url: https://search.naver.com/search.naver?where=news&query=%EC%82%BC%EC%84%B1%EC%A0%84%EC%9E%90&pd=3&ds=2024.07.01&de=2024.07.31&start=300&sort=0
2026-04-20 15:44:16 [INFO]     2024.07 p31: +3건 (페이지 5건)
2026-04-20 15:44:17 [INFO]     2024.07 p32: +1건 (페이지 4건)
2026-04-20 15:44:19 [INFO]     2024.07 p33: +2건 (페이지 6건)
2026-04-20 15:44:20 [INFO]     2024.07 p34: +5건 (페이지 6건)
2026-04-20 15:44:23 [WARNING] [1/3] HTTP 오류: 403 Client Error: Forbidden for url: https://search.naver.com/search.naver?where=news&query=%EC%82%BC%EC%84%B1%EC%A0%84%EC%9E%90&pd=3&ds=2024.07.01&de=2024.07.31&start=340&sort=0
2026-04-20 15:44:27 [INFO]     2024.07 p35: +5건 (페이지 6건)
2026-04-20 15:44:28 [INFO]     2024.07 p36: +2건 (페이지 7건)
2026-04-20 15:44:30 [INFO]     2024.07 p37: +4건 (페이지 6건)
2026-04-20 15:44:31 [INFO]     2024.07 p38: +2건 (페이지 4건)
2026-04-20 15:44:33 [INFO]     2024.07 p39: +1건 (페이지 3건)
2026-04-20 15:44:34 [INFO]     2024.07 p40: +1건 (페이지 5건)
2026-04-20 15:44:34 [INFO]   2024.07 완료: +173건 (누적 4358개)
2026-04-20 15:44:37 [WARNING] [1/3] HTTP 오류: 403 Client Error: Forbidden for url: https://search.naver.com/search.naver?where=news&query=%EC%82%BC%EC%84%B1%EC%A0%84%EC%9E%90&pd=3&ds=2024.08.01&de=2024.08.31&start=0&sort=0
2026-04-20 15:44:40 [INFO]     2024.08 p1: +9건 (페이지 9건)
2026-04-20 15:44:42 [INFO]     2024.08 p2: +9건 (페이지 10건)
2026-04-20 15:44:43 [INFO]     2024.08 p3: +9건 (페이지 9건)
2026-04-20 15:44:44 [INFO]     2024.08 p4: +10건 (페이지 10건)
2026-04-20 15:44:46 [INFO]     2024.08 p5: +8건 (페이지 8건)
2026-04-20 15:44:49 [WARNING] [1/3] HTTP 오류: 403 Client Error: Forbidden for url: https://search.naver.com/search.naver?where=news&query=%EC%82%BC%EC%84%B1%EC%A0%84%EC%9E%90&pd=3&ds=2024.08.01&de=2024.08.31&start=50&sort=0
2026-04-20 15:44:52 [INFO]     2024.08 p6: +4건 (페이지 4건)
2026-04-20 15:44:54 [INFO]     2024.08 p7: +6건 (페이지 6건)
2026-04-20 15:44:57 [WARNING] [1/3] HTTP 오류: 403 Client Error: Forbidden for url: https://search.naver.com/search.naver?where=news&query=%EC%82%BC%EC%84%B1%EC%A0%84%EC%9E%90&pd=3&ds=2024.08.01&de=2024.08.31&start=70&sort=0
2026-04-20 15:45:00 [INFO]     2024.08 p8: +4건 (페이지 4건)
2026-04-20 15:45:04 [WARNING] [1/3] HTTP 오류: 403 Client Error: Forbidden for url: https://search.naver.com/search.naver?where=news&query=%EC%82%BC%EC%84%B1%EC%A0%84%EC%9E%90&pd=3&ds=2024.08.01&de=2024.08.31&start=80&sort=0
2026-04-20 15:45:07 [INFO]     2024.08 p9: +5건 (페이지 5건)
2026-04-20 15:45:08 [INFO]     2024.08 p10: +3건 (페이지 3건)
2026-04-20 15:45:10 [INFO]     2024.08 p11: +8건 (페이지 8건)
2026-04-20 15:45:12 [INFO]     2024.08 p12: +1건 (페이지 9건)
2026-04-20 15:45:13 [INFO]     2024.08 p13: +5건 (페이지 6건)
2026-04-20 15:45:17 [WARNING] [1/3] HTTP 오류: 403 Client Error: Forbidden for url: https://search.naver.com/search.naver?where=news&query=%EC%82%BC%EC%84%B1%EC%A0%84%EC%9E%90&pd=3&ds=2024.08.01&de=2024.08.31&start=130&sort=0
2026-04-20 15:45:22 [WARNING] [2/3] HTTP 오류: 403 Client Error: Forbidden for url: https://search.naver.com/search.naver?where=news&query=%EC%82%BC%EC%84%B1%EC%A0%84%EC%9E%90&pd=3&ds=2024.08.01&de=2024.08.31&start=130&sort=0
2026-04-20 15:45:28 [INFO]     2024.08 p14: +2건 (페이지 6건)
2026-04-20 15:45:30 [INFO]     2024.08 p15: +3건 (페이지 8건)
2026-04-20 15:45:31 [INFO]     2024.08 p16: +1건 (페이지 8건)
2026-04-20 15:45:32 [INFO]     2024.08 p17: +2건 (페이지 7건)
2026-04-20 15:45:34 [INFO]     2024.08 p18: +3건 (페이지 7건)
2026-04-20 15:45:37 [WARNING] [1/3] HTTP 오류: 403 Client Error: Forbidden for url: https://search.naver.com/search.naver?where=news&query=%EC%82%BC%EC%84%B1%EC%A0%84%EC%9E%90&pd=3&ds=2024.08.01&de=2024.08.31&start=180&sort=0
2026-04-20 15:45:40 [INFO]     2024.08 p19: +2건 (페이지 6건)
2026-04-20 15:45:41 [INFO]     2024.08 p20: +2건 (페이지 4건)
2026-04-20 15:45:42 [INFO]     2024.08 p21: +2건 (페이지 5건)
2026-04-20 15:45:46 [WARNING] [1/3] HTTP 오류: 403 Client Error: Forbidden for url: https://search.naver.com/search.naver?where=news&query=%EC%82%BC%EC%84%B1%EC%A0%84%EC%9E%90&pd=3&ds=2024.08.01&de=2024.08.31&start=210&sort=0
2026-04-20 15:45:49 [INFO]     2024.08 p22: +1건 (페이지 7건)
2026-04-20 15:45:52 [WARNING] [1/3] HTTP 오류: 403 Client Error: Forbidden for url: https://search.naver.com/search.naver?where=news&query=%EC%82%BC%EC%84%B1%EC%A0%84%EC%9E%90&pd=3&ds=2024.08.01&de=2024.08.31&start=220&sort=0
2026-04-20 15:45:55 [INFO]     2024.08 p23: +3건 (페이지 6건)
2026-04-20 15:45:58 [WARNING] [1/3] HTTP 오류: 403 Client Error: Forbidden for url: https://search.naver.com/search.naver?where=news&query=%EC%82%BC%EC%84%B1%EC%A0%84%EC%9E%90&pd=3&ds=2024.08.01&de=2024.08.31&start=230&sort=0
2026-04-20 15:46:01 [INFO]     2024.08 p24: +5건 (페이지 7건)
2026-04-20 15:46:03 [INFO]     2024.08 p25: +1건 (페이지 6건)
2026-04-20 15:46:05 [INFO]     2024.08 p26: +2건 (페이지 4건)
2026-04-20 15:46:06 [INFO]     2024.08 p27: +3건 (페이지 6건)
2026-04-20 15:46:07 [INFO]     2024.08 p28: +3건 (페이지 5건)
2026-04-20 15:46:08 [INFO]     2024.08 p29: +1건 (페이지 6건)
2026-04-20 15:46:10 [INFO]     2024.08 p30: +2건 (페이지 4건)
2026-04-20 15:46:11 [INFO]     2024.08 p31: +6건 (페이지 6건)
2026-04-20 15:46:14 [WARNING] [1/3] HTTP 오류: 403 Client Error: Forbidden for url: https://search.naver.com/search.naver?where=news&query=%EC%82%BC%EC%84%B1%EC%A0%84%EC%9E%90&pd=3&ds=2024.08.01&de=2024.08.31&start=310&sort=0
2026-04-20 15:46:17 [INFO]     2024.08 p32: +2건 (페이지 5건)
2026-04-20 15:46:19 [INFO]     2024.08 p33: +3건 (페이지 7건)
2026-04-20 15:46:22 [WARNING] [1/3] HTTP 오류: 403 Client Error: Forbidden for url: https://search.naver.com/search.naver?where=news&query=%EC%82%BC%EC%84%B1%EC%A0%84%EC%9E%90&pd=3&ds=2024.08.01&de=2024.08.31&start=330&sort=0
2026-04-20 15:46:25 [INFO]     2024.08 p34: +4건 (페이지 6건)
2026-04-20 15:46:26 [INFO]     2024.08 p35: +3건 (페이지 6건)
2026-04-20 15:46:28 [INFO]     2024.08 p36: +3건 (페이지 8건)
2026-04-20 15:46:29 [INFO]     2024.08 p37: +3건 (페이지 6건)
2026-04-20 15:46:30 [INFO]     2024.08 p38: +9건 (페이지 9건)
2026-04-20 15:46:34 [WARNING] [1/3] HTTP 오류: 403 Client Error: Forbidden for url: https://search.naver.com/search.naver?where=news&query=%EC%82%BC%EC%84%B1%EC%A0%84%EC%9E%90&pd=3&ds=2024.08.01&de=2024.08.31&start=380&sort=0
2026-04-20 15:46:39 [WARNING] [2/3] HTTP 오류: 403 Client Error: Forbidden for url: https://search.naver.com/search.naver?where=news&query=%EC%82%BC%EC%84%B1%EC%A0%84%EC%9E%90&pd=3&ds=2024.08.01&de=2024.08.31&start=380&sort=0
2026-04-20 15:46:47 [WARNING] [3/3] HTTP 오류: 403 Client Error: Forbidden for url: https://search.naver.com/search.naver?where=news&query=%EC%82%BC%EC%84%B1%EC%A0%84%EC%9E%90&pd=3&ds=2024.08.01&de=2024.08.31&start=380&sort=0
2026-04-20 15:46:51 [WARNING] [1/3] HTTP 오류: 403 Client Error: Forbidden for url: https://search.naver.com/search.naver?where=news&query=%EC%82%BC%EC%84%B1%EC%A0%84%EC%9E%90&pd=3&ds=2024.08.01&de=2024.08.31&start=390&sort=0
2026-04-20 15:51:34 [INFO] ============================================================
2026-04-20 15:51:34 [INFO] [START] 네이버 뉴스 크롤링 시작
2026-04-20 15:51:34 [INFO] [INFO] 검색어: 삼성전자
2026-04-20 15:51:34 [INFO] [INFO] 수집 기간: 2022-01-01 ~ 2025-12-31
2026-04-20 15:51:34 [INFO] [INFO] 목표 기사 수: 7000건
2026-04-20 15:51:34 [INFO] ============================================================
2026-04-20 15:51:34 [WARNING] 체크포인트 로드 실패: No columns to parse from file
2026-04-20 15:51:34 [INFO] 총 48개월 | 이미 수집: 0건
2026-04-20 15:51:34 [INFO] 
[Phase 1] URL 수집 시작
2026-04-20 15:51:37 [WARNING] [1/3] HTTP 오류: 403 Client Error: Forbidden for url: https://search.naver.com/search.naver?where=news&query=%EC%82%BC%EC%84%B1%EC%A0%84%EC%9E%90&pd=3&ds=2022.01.01&de=2022.01.31&start=0&sort=0
2026-04-20 15:51:40 [INFO]     2022.01 p1: +9건 (페이지 9건)
2026-04-20 15:51:41 [INFO]     2022.01 p2: +7건 (페이지 9건)
2026-04-20 15:51:43 [INFO]     2022.01 p3: +10건 (페이지 10건)
2026-04-20 15:51:46 [INFO]     2022.01 p4: +9건 (페이지 9건)
2026-04-20 15:51:49 [WARNING] [1/3] HTTP 오류: 403 Client Error: Forbidden for url: https://search.naver.com/search.naver?where=news&query=%EC%82%BC%EC%84%B1%EC%A0%84%EC%9E%90&pd=3&ds=2022.01.01&de=2022.01.31&start=40&sort=0
2026-04-20 15:51:54 [WARNING] [2/3] HTTP 오류: 403 Client Error: Forbidden for url: https://search.naver.com/search.naver?where=news&query=%EC%82%BC%EC%84%B1%EC%A0%84%EC%9E%90&pd=3&ds=2022.01.01&de=2022.01.31&start=40&sort=0
2026-04-20 15:52:02 [WARNING] [3/3] HTTP 오류: 403 Client Error: Forbidden for url: https://search.naver.com/search.naver?where=news&query=%EC%82%BC%EC%84%B1%EC%A0%84%EC%9E%90&pd=3&ds=2022.01.01&de=2022.01.31&start=40&sort=0
2026-04-20 15:52:06 [WARNING] [1/3] HTTP 오류: 403 Client Error: Forbidden for url: https://search.naver.com/search.naver?where=news&query=%EC%82%BC%EC%84%B1%EC%A0%84%EC%9E%90&pd=3&ds=2022.01.01&de=2022.01.31&start=50&sort=0
2026-04-20 15:52:09 [INFO]     2022.01 p6: +9건 (페이지 9건)
2026-04-20 15:52:11 [INFO]     2022.01 p7: +9건 (페이지 9건)
2026-04-20 15:52:13 [INFO]     2022.01 p8: +7건 (페이지 7건)
2026-04-20 15:52:14 [INFO]     2022.01 p9: +10건 (페이지 10건)
2026-04-20 15:52:16 [INFO]     2022.01 p10: +9건 (페이지 9건)
2026-04-20 15:52:19 [WARNING] [1/3] HTTP 오류: 403 Client Error: Forbidden for url: https://search.naver.com/search.naver?where=news&query=%EC%82%BC%EC%84%B1%EC%A0%84%EC%9E%90&pd=3&ds=2022.01.01&de=2022.01.31&start=100&sort=0
2026-04-20 15:52:24 [WARNING] [2/3] HTTP 오류: 403 Client Error: Forbidden for url: https://search.naver.com/search.naver?where=news&query=%EC%82%BC%EC%84%B1%EC%A0%84%EC%9E%90&pd=3&ds=2022.01.01&de=2022.01.31&start=100&sort=0
2026-04-20 15:52:30 [INFO]     2022.01 p11: +10건 (페이지 10건)
2026-04-20 15:52:34 [WARNING] [1/3] HTTP 오류: 403 Client Error: Forbidden for url: https://search.naver.com/search.naver?where=news&query=%EC%82%BC%EC%84%B1%EC%A0%84%EC%9E%90&pd=3&ds=2022.01.01&de=2022.01.31&start=110&sort=0
2026-04-20 15:52:39 [WARNING] [2/3] HTTP 오류: 403 Client Error: Forbidden for url: https://search.naver.com/search.naver?where=news&query=%EC%82%BC%EC%84%B1%EC%A0%84%EC%9E%90&pd=3&ds=2022.01.01&de=2022.01.31&start=110&sort=0
2026-04-20 15:52:47 [WARNING] [3/3] HTTP 오류: 403 Client Error: Forbidden for url: https://search.naver.com/search.naver?where=news&query=%EC%82%BC%EC%84%B1%EC%A0%84%EC%9E%90&pd=3&ds=2022.01.01&de=2022.01.31&start=110&sort=0
2026-04-20 15:52:50 [WARNING] [1/3] HTTP 오류: 403 Client Error: Forbidden for url: https://search.naver.com/search.naver?where=news&query=%EC%82%BC%EC%84%B1%EC%A0%84%EC%9E%90&pd=3&ds=2022.01.01&de=2022.01.31&start=120&sort=0
2026-04-20 15:52:54 [INFO]     2022.01 p13: +9건 (페이지 9건)
2026-04-20 15:52:55 [INFO]     2022.01 p14: +3건 (페이지 9건)
2026-04-20 15:52:57 [INFO]     2022.01 p15: +6건 (페이지 8건)
2026-04-20 15:52:58 [INFO]     2022.01 p16: +6건 (페이지 8건)
2026-04-20 15:53:01 [WARNING] [1/3] HTTP 오류: 403 Client Error: Forbidden for url: https://search.naver.com/search.naver?where=news&query=%EC%82%BC%EC%84%B1%EC%A0%84%EC%9E%90&pd=3&ds=2022.01.01&de=2022.01.31&start=160&sort=0
2026-04-20 15:53:05 [INFO]     2022.01 p17: +2건 (페이지 8건)
2026-04-20 15:53:06 [INFO]     2022.01 p18: +7건 (페이지 9건)
2026-04-20 15:53:07 [INFO]     2022.01 p19: +6건 (페이지 8건)
2026-04-20 15:53:09 [INFO]     2022.01 p20: +3건 (페이지 7건)
2026-04-20 15:53:12 [WARNING] [1/3] HTTP 오류: 403 Client Error: Forbidden for url: https://search.naver.com/search.naver?where=news&query=%EC%82%BC%EC%84%B1%EC%A0%84%EC%9E%90&pd=3&ds=2022.01.01&de=2022.01.31&start=200&sort=0
2026-04-20 15:53:16 [INFO]     2022.01 p21: +5건 (페이지 9건)
2026-04-20 15:53:19 [WARNING] [1/3] HTTP 오류: 403 Client Error: Forbidden for url: https://search.naver.com/search.naver?where=news&query=%EC%82%BC%EC%84%B1%EC%A0%84%EC%9E%90&pd=3&ds=2022.01.01&de=2022.01.31&start=210&sort=0
2026-04-20 15:53:22 [INFO]     2022.01 p22: +3건 (페이지 10건)
2026-04-20 15:53:24 [INFO]     2022.01 p23: +5건 (페이지 9건)
2026-04-20 15:53:26 [INFO]     2022.01 p24: +5건 (페이지 8건)
2026-04-20 15:53:27 [INFO]     2022.01 p25: +3건 (페이지 6건)
2026-04-20 15:53:29 [INFO]     2022.01 p26: +5건 (페이지 8건)
2026-04-20 15:53:30 [INFO]     2022.01 p27: +5건 (페이지 9건)
2026-04-20 15:53:32 [INFO]     2022.01 p28: +7건 (페이지 10건)
2026-04-20 15:53:33 [INFO]     2022.01 p29: +8건 (페이지 8건)
2026-04-20 15:53:35 [INFO]     2022.01 p30: +6건 (페이지 9건)
2026-04-20 15:53:37 [INFO]     2022.01 p31: +3건 (페이지 6건)
2026-04-20 15:53:38 [INFO]     2022.01 p32: +5건 (페이지 8건)
2026-04-20 15:53:41 [WARNING] [1/3] HTTP 오류: 403 Client Error: Forbidden for url: https://search.naver.com/search.naver?where=news&query=%EC%82%BC%EC%84%B1%EC%A0%84%EC%9E%90&pd=3&ds=2022.01.01&de=2022.01.31&start=320&sort=0
2026-04-20 15:53:46 [WARNING] [2/3] HTTP 오류: 403 Client Error: Forbidden for url: https://search.naver.com/search.naver?where=news&query=%EC%82%BC%EC%84%B1%EC%A0%84%EC%9E%90&pd=3&ds=2022.01.01&de=2022.01.31&start=320&sort=0
2026-04-20 15:53:52 [INFO]     2022.01 p33: +5건 (페이지 8건)
2026-04-20 15:53:54 [INFO]     2022.01 p34: +5건 (페이지 9건)
2026-04-20 15:53:57 [WARNING] [1/3] HTTP 오류: 403 Client Error: Forbidden for url: https://search.naver.com/search.naver?where=news&query=%EC%82%BC%EC%84%B1%EC%A0%84%EC%9E%90&pd=3&ds=2022.01.01&de=2022.01.31&start=340&sort=0
2026-04-20 15:54:02 [WARNING] [2/3] HTTP 오류: 403 Client Error: Forbidden for url: https://search.naver.com/search.naver?where=news&query=%EC%82%BC%EC%84%B1%EC%A0%84%EC%9E%90&pd=3&ds=2022.01.01&de=2022.01.31&start=340&sort=0
2026-04-20 15:54:10 [WARNING] [3/3] HTTP 오류: 403 Client Error: Forbidden for url: https://search.naver.com/search.naver?where=news&query=%EC%82%BC%EC%84%B1%EC%A0%84%EC%9E%90&pd=3&ds=2022.01.01&de=2022.01.31&start=340&sort=0
2026-04-20 15:54:12 [INFO]     2022.01 p36: +5건 (페이지 6건)
2026-04-20 15:54:13 [INFO]     2022.01 p37: +6건 (페이지 6건)
2026-04-20 15:54:17 [WARNING] [1/3] HTTP 오류: 403 Client Error: Forbidden for url: https://search.naver.com/search.naver?where=news&query=%EC%82%BC%EC%84%B1%EC%A0%84%EC%9E%90&pd=3&ds=2022.01.01&de=2022.01.31&start=370&sort=0
2026-04-20 15:54:20 [INFO]     2022.01 p38: +4건 (페이지 6건)
2026-04-20 15:54:21 [INFO]     2022.01 p39: +6건 (페이지 8건)
2026-04-20 15:54:23 [INFO]     2022.01 p40: +5건 (페이지 9건)
2026-04-20 15:54:24 [INFO]   2022.01 완료: +227건 (누적 227개)
2026-04-20 15:54:24 [INFO]     2022.02 p1: +10건 (페이지 10건)
2026-04-20 15:54:26 [INFO]     2022.02 p2: +10건 (페이지 10건)
2026-04-20 15:54:27 [INFO]     2022.02 p3: +7건 (페이지 7건)
2026-04-20 15:54:30 [WARNING] [1/3] HTTP 오류: 403 Client Error: Forbidden for url: https://search.naver.com/search.naver?where=news&query=%EC%82%BC%EC%84%B1%EC%A0%84%EC%9E%90&pd=3&ds=2022.02.01&de=2022.02.28&start=30&sort=0
2026-04-20 15:54:34 [INFO]     2022.02 p4: +2건 (페이지 2건)
2026-04-20 15:54:35 [INFO]     2022.02 p5: +4건 (페이지 4건)
2026-04-20 15:54:37 [INFO]     2022.02 p6: +8건 (페이지 8건)
2026-04-20 15:54:38 [INFO]     2022.02 p7: +4건 (페이지 4건)
2026-04-20 15:54:39 [INFO]     2022.02 p8: +9건 (페이지 9건)
2026-04-20 15:54:41 [INFO]     2022.02 p9: +4건 (페이지 4건)
2026-04-20 15:54:42 [INFO]     2022.02 p10: +7건 (페이지 7건)
2026-04-20 15:54:43 [INFO]     2022.02 p11: +6건 (페이지 6건)
2026-04-20 15:54:45 [INFO]     2022.02 p12: +1건 (페이지 6건)
2026-04-20 15:54:46 [INFO]     2022.02 p13: +2건 (페이지 7건)
2026-04-20 15:54:48 [INFO]     2022.02 p14: +5건 (페이지 6건)
2026-04-20 15:54:49 [INFO]     2022.02 p15: +1건 (페이지 6건)
2026-04-20 15:54:51 [INFO]     2022.02 p16: +2건 (페이지 6건)
2026-04-20 15:54:52 [INFO]     2022.02 p17: +3건 (페이지 5건)
2026-04-20 15:54:54 [INFO]     2022.02 p18: +3건 (페이지 6건)
2026-04-20 15:54:57 [WARNING] [1/3] HTTP 오류: 403 Client Error: Forbidden for url: https://search.naver.com/search.naver?where=news&query=%EC%82%BC%EC%84%B1%EC%A0%84%EC%9E%90&pd=3&ds=2022.02.01&de=2022.02.28&start=180&sort=0
2026-04-20 15:55:02 [WARNING] [2/3] HTTP 오류: 403 Client Error: Forbidden for url: https://search.naver.com/search.naver?where=news&query=%EC%82%BC%EC%84%B1%EC%A0%84%EC%9E%90&pd=3&ds=2022.02.01&de=2022.02.28&start=180&sort=0
2026-04-20 15:55:08 [INFO]     2022.02 p19: +4건 (페이지 7건)
2026-04-20 15:55:09 [INFO]     2022.02 p20: +1건 (페이지 7건)
2026-04-20 15:55:13 [WARNING] [1/3] HTTP 오류: 403 Client Error: Forbidden for url: https://search.naver.com/search.naver?where=news&query=%EC%82%BC%EC%84%B1%EC%A0%84%EC%9E%90&pd=3&ds=2022.02.01&de=2022.02.28&start=200&sort=0
2026-04-20 15:55:16 [INFO]     2022.02 p21: +3건 (페이지 8건)
2026-04-20 15:55:17 [INFO]     2022.02 p22: +3건 (페이지 6건)
2026-04-20 15:55:20 [WARNING] [1/3] HTTP 오류: 403 Client Error: Forbidden for url: https://search.naver.com/search.naver?where=news&query=%EC%82%BC%EC%84%B1%EC%A0%84%EC%9E%90&pd=3&ds=2022.02.01&de=2022.02.28&start=220&sort=0
2026-04-20 15:55:25 [WARNING] [2/3] HTTP 오류: 403 Client Error: Forbidden for url: https://search.naver.com/search.naver?where=news&query=%EC%82%BC%EC%84%B1%EC%A0%84%EC%9E%90&pd=3&ds=2022.02.01&de=2022.02.28&start=220&sort=0
2026-04-20 15:55:32 [INFO]     2022.02 p23: +1건 (페이지 5건)
2026-04-20 15:55:33 [INFO]     2022.02 p24: +6건 (페이지 8건)
2026-04-20 15:55:36 [WARNING] [1/3] HTTP 오류: 403 Client Error: Forbidden for url: https://search.naver.com/search.naver?where=news&query=%EC%82%BC%EC%84%B1%EC%A0%84%EC%9E%90&pd=3&ds=2022.02.01&de=2022.02.28&start=240&sort=0
2026-04-20 15:55:39 [INFO]     2022.02 p25: +1건 (페이지 8건)
2026-04-20 15:55:41 [INFO]     2022.02 p26: +2건 (페이지 7건)
2026-04-20 15:55:42 [INFO]     2022.02 p27: +5건 (페이지 6건)
2026-04-20 15:55:43 [INFO]     2022.02 p28: +5건 (페이지 7건)
2026-04-20 15:55:45 [INFO]     2022.02 p29: +3건 (페이지 7건)
2026-04-20 15:55:47 [INFO]     2022.02 p30: +2건 (페이지 5건)
2026-04-20 15:55:50 [WARNING] [1/3] HTTP 오류: 403 Client Error: Forbidden for url: https://search.naver.com/search.naver?where=news&query=%EC%82%BC%EC%84%B1%EC%A0%84%EC%9E%90&pd=3&ds=2022.02.01&de=2022.02.28&start=300&sort=0
2026-04-20 15:55:55 [WARNING] [2/3] HTTP 오류: 403 Client Error: Forbidden for url: https://search.naver.com/search.naver?where=news&query=%EC%82%BC%EC%84%B1%EC%A0%84%EC%9E%90&pd=3&ds=2022.02.01&de=2022.02.28&start=300&sort=0
2026-04-20 15:56:03 [WARNING] [3/3] HTTP 오류: 403 Client Error: Forbidden for url: https://search.naver.com/search.naver?where=news&query=%EC%82%BC%EC%84%B1%EC%A0%84%EC%9E%90&pd=3&ds=2022.02.01&de=2022.02.28&start=300&sort=0
2026-04-20 15:56:06 [WARNING] [1/3] HTTP 오류: 403 Client Error: Forbidden for url: https://search.naver.com/search.naver?where=news&query=%EC%82%BC%EC%84%B1%EC%A0%84%EC%9E%90&pd=3&ds=2022.02.01&de=2022.02.28&start=310&sort=0
2026-04-20 15:56:11 [WARNING] [2/3] HTTP 오류: 403 Client Error: Forbidden for url: https://search.naver.com/search.naver?where=news&query=%EC%82%BC%EC%84%B1%EC%A0%84%EC%9E%90&pd=3&ds=2022.02.01&de=2022.02.28&start=310&sort=0
2026-04-20 15:56:19 [WARNING] [3/3] HTTP 오류: 403 Client Error: Forbidden for url: https://search.naver.com/search.naver?where=news&query=%EC%82%BC%EC%84%B1%EC%A0%84%EC%9E%90&pd=3&ds=2022.02.01&de=2022.02.28&start=310&sort=0
2026-04-20 15:56:21 [INFO]     2022.02 p33: +4건 (페이지 9건)
2026-04-20 15:56:22 [INFO]     2022.02 p34: +5건 (페이지 8건)
2026-04-20 15:56:24 [INFO]     2022.02 p35: +5건 (페이지 6건)
2026-04-20 15:56:25 [INFO]     2022.02 p36: +2건 (페이지 6건)
2026-04-20 15:56:28 [WARNING] [1/3] HTTP 오류: 403 Client Error: Forbidden for url: https://search.naver.com/search.naver?where=news&query=%EC%82%BC%EC%84%B1%EC%A0%84%EC%9E%90&pd=3&ds=2022.02.01&de=2022.02.28&start=360&sort=0
2026-04-20 15:56:32 [INFO]     2022.02 p37: +5건 (페이지 7건)
2026-04-20 15:56:33 [INFO]     2022.02 p38: +6건 (페이지 8건)
2026-04-20 15:56:36 [WARNING] [1/3] HTTP 오류: 403 Client Error: Forbidden for url: https://search.naver.com/search.naver?where=news&query=%EC%82%BC%EC%84%B1%EC%A0%84%EC%9E%90&pd=3&ds=2022.02.01&de=2022.02.28&start=380&sort=0
2026-04-20 15:56:39 [INFO]     2022.02 p39: +3건 (페이지 9건)
2026-04-20 15:56:42 [WARNING] [1/3] HTTP 오류: 403 Client Error: Forbidden for url: https://search.naver.com/search.naver?where=news&query=%EC%82%BC%EC%84%B1%EC%A0%84%EC%9E%90&pd=3&ds=2022.02.01&de=2022.02.28&start=390&sort=0
2026-04-20 15:56:46 [INFO]     2022.02 p40: +1건 (페이지 7건)
2026-04-20 15:56:46 [INFO]   2022.02 완료: +155건 (누적 382개)
2026-04-20 15:56:47 [INFO]     2022.03 p1: +10건 (페이지 10건)
2026-04-20 15:56:48 [INFO]     2022.03 p2: +9건 (페이지 10건)
2026-04-20 15:56:51 [WARNING] [1/3] HTTP 오류: 403 Client Error: Forbidden for url: https://search.naver.com/search.naver?where=news&query=%EC%82%BC%EC%84%B1%EC%A0%84%EC%9E%90&pd=3&ds=2022.03.01&de=2022.03.31&start=20&sort=0
2026-04-20 15:56:54 [INFO]     2022.03 p3: +9건 (페이지 9건)
2026-04-20 15:56:56 [INFO]     2022.03 p4: +9건 (페이지 9건)
2026-04-20 15:56:57 [INFO]     2022.03 p5: +3건 (페이지 3건)
2026-04-20 15:56:58 [INFO]     2022.03 p6: +4건 (페이지 4건)
2026-04-20 15:57:01 [WARNING] [1/3] HTTP 오류: 403 Client Error: Forbidden for url: https://search.naver.com/search.naver?where=news&query=%EC%82%BC%EC%84%B1%EC%A0%84%EC%9E%90&pd=3&ds=2022.03.01&de=2022.03.31&start=60&sort=0
2026-04-20 15:57:04 [INFO]     2022.03 p7: +3건 (페이지 3건)
2026-04-20 15:57:07 [WARNING] [1/3] HTTP 오류: 403 Client Error: Forbidden for url: https://search.naver.com/search.naver?where=news&query=%EC%82%BC%EC%84%B1%EC%A0%84%EC%9E%90&pd=3&ds=2022.03.01&de=2022.03.31&start=70&sort=0
2026-04-20 15:57:13 [WARNING] [2/3] HTTP 오류: 403 Client Error: Forbidden for url: https://search.naver.com/search.naver?where=news&query=%EC%82%BC%EC%84%B1%EC%A0%84%EC%9E%90&pd=3&ds=2022.03.01&de=2022.03.31&start=70&sort=0
2026-04-20 15:57:21 [WARNING] [3/3] HTTP 오류: 403 Client Error: Forbidden for url: https://search.naver.com/search.naver?where=news&query=%EC%82%BC%EC%84%B1%EC%A0%84%EC%9E%90&pd=3&ds=2022.03.01&de=2022.03.31&start=70&sort=0
2026-04-20 15:57:22 [INFO]     2022.03 p9: +5건 (페이지 5건)
2026-04-20 15:57:23 [INFO]     2022.03 p10: +4건 (페이지 4건)
2026-04-20 15:57:25 [INFO]     2022.03 p11: +4건 (페이지 8건)
2026-04-20 15:57:26 [INFO]     2022.03 p12: +3건 (페이지 8건)
2026-04-20 15:57:30 [WARNING] [1/3] HTTP 오류: 403 Client Error: Forbidden for url: https://search.naver.com/search.naver?where=news&query=%EC%82%BC%EC%84%B1%EC%A0%84%EC%9E%90&pd=3&ds=2022.03.01&de=2022.03.31&start=120&sort=0
2026-04-20 15:57:33 [INFO]     2022.03 p13: +4건 (페이지 9건)
2026-04-20 15:57:36 [WARNING] [1/3] HTTP 오류: 403 Client Error: Forbidden for url: https://search.naver.com/search.naver?where=news&query=%EC%82%BC%EC%84%B1%EC%A0%84%EC%9E%90&pd=3&ds=2022.03.01&de=2022.03.31&start=130&sort=0
2026-04-20 15:57:39 [INFO]     2022.03 p14: +3건 (페이지 8건)
2026-04-20 15:57:41 [INFO]     2022.03 p15: +3건 (페이지 9건)
2026-04-20 15:57:44 [WARNING] [1/3] HTTP 오류: 403 Client Error: Forbidden for url: https://search.naver.com/search.naver?where=news&query=%EC%82%BC%EC%84%B1%EC%A0%84%EC%9E%90&pd=3&ds=2022.03.01&de=2022.03.31&start=150&sort=0
2026-04-20 15:57:47 [INFO]     2022.03 p16: +2건 (페이지 7건)
2026-04-20 15:57:48 [INFO]     2022.03 p17: +4건 (페이지 8건)
2026-04-20 15:57:52 [WARNING] [1/3] HTTP 오류: 403 Client Error: Forbidden for url: https://search.naver.com/search.naver?where=news&query=%EC%82%BC%EC%84%B1%EC%A0%84%EC%9E%90&pd=3&ds=2022.03.01&de=2022.03.31&start=170&sort=0
2026-04-20 15:57:55 [INFO]     2022.03 p18: +1건 (페이지 8건)
2026-04-20 15:57:58 [WARNING] [1/3] HTTP 오류: 403 Client Error: Forbidden for url: https://search.naver.com/search.naver?where=news&query=%EC%82%BC%EC%84%B1%EC%A0%84%EC%9E%90&pd=3&ds=2022.03.01&de=2022.03.31&start=180&sort=0
2026-04-20 15:58:02 [INFO]     2022.03 p19: +3건 (페이지 6건)
2026-04-20 15:58:03 [INFO]     2022.03 p20: +6건 (페이지 8건)
2026-04-20 15:58:06 [WARNING] [1/3] HTTP 오류: 403 Client Error: Forbidden for url: https://search.naver.com/search.naver?where=news&query=%EC%82%BC%EC%84%B1%EC%A0%84%EC%9E%90&pd=3&ds=2022.03.01&de=2022.03.31&start=200&sort=0
2026-04-20 15:58:11 [WARNING] [2/3] HTTP 오류: 403 Client Error: Forbidden for url: https://search.naver.com/search.naver?where=news&query=%EC%82%BC%EC%84%B1%EC%A0%84%EC%9E%90&pd=3&ds=2022.03.01&de=2022.03.31&start=200&sort=0
2026-04-20 15:58:17 [INFO]     2022.03 p21: +2건 (페이지 6건)
2026-04-20 15:58:18 [INFO]     2022.03 p22: +0건 (페이지 6건)
2026-04-20 15:58:19 [INFO]   2022.03 완료: +91건 (누적 473개)
2026-04-20 15:58:20 [INFO]     2022.04 p1: +10건 (페이지 10건)
2026-04-20 15:58:23 [WARNING] [1/3] HTTP 오류: 403 Client Error: Forbidden for url: https://search.naver.com/search.naver?where=news&query=%EC%82%BC%EC%84%B1%EC%A0%84%EC%9E%90&pd=3&ds=2022.04.01&de=2022.04.30&start=10&sort=0
2026-04-20 15:58:27 [INFO]     2022.04 p2: +7건 (페이지 10건)
2026-04-20 15:58:28 [INFO]     2022.04 p3: +10건 (페이지 10건)
2026-04-20 15:58:30 [INFO]     2022.04 p4: +10건 (페이지 10건)
2026-04-20 15:58:31 [INFO]     2022.04 p5: +9건 (페이지 9건)
2026-04-20 15:58:32 [INFO]     2022.04 p6: +10건 (페이지 10건)
2026-04-20 15:58:33 [INFO]     2022.04 p7: +9건 (페이지 9건)
2026-04-20 15:58:35 [INFO]     2022.04 p8: +10건 (페이지 10건)
2026-04-20 15:58:38 [WARNING] [1/3] HTTP 오류: 403 Client Error: Forbidden for url: https://search.naver.com/search.naver?where=news&query=%EC%82%BC%EC%84%B1%EC%A0%84%EC%9E%90&pd=3&ds=2022.04.01&de=2022.04.30&start=80&sort=0
2026-04-20 15:58:41 [INFO]     2022.04 p9: +8건 (페이지 8건)
2026-04-20 15:58:44 [WARNING] [1/3] HTTP 오류: 403 Client Error: Forbidden for url: https://search.naver.com/search.naver?where=news&query=%EC%82%BC%EC%84%B1%EC%A0%84%EC%9E%90&pd=3&ds=2022.04.01&de=2022.04.30&start=90&sort=0
2026-04-20 15:58:47 [INFO]     2022.04 p10: +9건 (페이지 9건)
2026-04-20 15:58:49 [INFO]     2022.04 p11: +5건 (페이지 10건)
2026-04-20 15:58:50 [INFO]     2022.04 p12: +5건 (페이지 9건)
2026-04-20 15:58:51 [INFO]     2022.04 p13: +7건 (페이지 9건)
2026-04-20 15:58:54 [WARNING] [1/3] HTTP 오류: 403 Client Error: Forbidden for url: https://search.naver.com/search.naver?where=news&query=%EC%82%BC%EC%84%B1%EC%A0%84%EC%9E%90&pd=3&ds=2022.04.01&de=2022.04.30&start=130&sort=0
2026-04-20 15:58:59 [WARNING] [2/3] HTTP 오류: 403 Client Error: Forbidden for url: https://search.naver.com/search.naver?where=news&query=%EC%82%BC%EC%84%B1%EC%A0%84%EC%9E%90&pd=3&ds=2022.04.01&de=2022.04.30&start=130&sort=0
2026-04-20 15:59:07 [WARNING] [3/3] HTTP 오류: 403 Client Error: Forbidden for url: https://search.naver.com/search.naver?where=news&query=%EC%82%BC%EC%84%B1%EC%A0%84%EC%9E%90&pd=3&ds=2022.04.01&de=2022.04.30&start=130&sort=0
2026-04-20 15:59:09 [INFO]     2022.04 p15: +7건 (페이지 10건)
2026-04-20 15:59:12 [WARNING] [1/3] HTTP 오류: 403 Client Error: Forbidden for url: https://search.naver.com/search.naver?where=news&query=%EC%82%BC%EC%84%B1%EC%A0%84%EC%9E%90&pd=3&ds=2022.04.01&de=2022.04.30&start=150&sort=0
2026-04-20 15:59:15 [INFO]     2022.04 p16: +1건 (페이지 10건)
2026-04-20 15:59:17 [INFO]     2022.04 p17: +1건 (페이지 8건)
2026-04-20 15:59:20 [WARNING] [1/3] HTTP 오류: 403 Client Error: Forbidden for url: https://search.naver.com/search.naver?where=news&query=%EC%82%BC%EC%84%B1%EC%A0%84%EC%9E%90&pd=3&ds=2022.04.01&de=2022.04.30&start=170&sort=0
2026-04-20 15:59:23 [INFO]     2022.04 p18: +1건 (페이지 7건)
2026-04-20 15:59:25 [INFO]     2022.04 p19: +2건 (페이지 8건)
2026-04-20 15:59:28 [WARNING] [1/3] HTTP 오류: 403 Client Error: Forbidden for url: https://search.naver.com/search.naver?where=news&query=%EC%82%BC%EC%84%B1%EC%A0%84%EC%9E%90&pd=3&ds=2022.04.01&de=2022.04.30&start=190&sort=0
2026-04-20 15:59:31 [INFO]     2022.04 p20: +4건 (페이지 10건)
2026-04-20 15:59:33 [INFO]     2022.04 p21: +4건 (페이지 8건)
2026-04-20 15:59:34 [INFO]     2022.04 p22: +1건 (페이지 8건)
2026-04-20 15:59:35 [INFO]     2022.04 p23: +3건 (페이지 7건)
2026-04-20 15:59:36 [INFO]     2022.04 p24: +3건 (페이지 6건)
2026-04-20 15:59:38 [INFO]     2022.04 p25: +6건 (페이지 8건)
2026-04-20 15:59:40 [INFO]     2022.04 p26: +5건 (페이지 9건)
2026-04-20 15:59:43 [WARNING] [1/3] HTTP 오류: 403 Client Error: Forbidden for url: https://search.naver.com/search.naver?where=news&query=%EC%82%BC%EC%84%B1%EC%A0%84%EC%9E%90&pd=3&ds=2022.04.01&de=2022.04.30&start=260&sort=0
2026-04-20 15:59:46 [INFO]     2022.04 p27: +4건 (페이지 9건)
2026-04-20 15:59:48 [INFO]     2022.04 p28: +4건 (페이지 9건)
2026-04-20 15:59:50 [INFO]     2022.04 p29: +1건 (페이지 6건)
2026-04-20 15:59:51 [INFO]     2022.04 p30: +2건 (페이지 6건)
2026-04-20 15:59:52 [INFO]     2022.04 p31: +4건 (페이지 8건)
2026-04-20 15:59:55 [WARNING] [1/3] HTTP 오류: 403 Client Error: Forbidden for url: https://search.naver.com/search.naver?where=news&query=%EC%82%BC%EC%84%B1%EC%A0%84%EC%9E%90&pd=3&ds=2022.04.01&de=2022.04.30&start=310&sort=0
2026-04-20 15:59:59 [INFO]     2022.04 p32: +3건 (페이지 7건)
2026-04-20 16:00:00 [INFO]     2022.04 p33: +2건 (페이지 5건)
2026-04-20 16:00:02 [INFO]     2022.04 p34: +3건 (페이지 7건)
2026-04-20 16:00:03 [INFO]     2022.04 p35: +4건 (페이지 6건)
2026-04-20 16:00:05 [INFO]     2022.04 p36: +4건 (페이지 8건)
2026-04-20 16:00:06 [INFO]     2022.04 p37: +3건 (페이지 7건)
2026-04-20 16:00:08 [INFO]     2022.04 p38: +5건 (페이지 7건)
2026-04-20 16:00:09 [INFO]     2022.04 p39: +4건 (페이지 6건)
2026-04-20 16:00:11 [INFO]     2022.04 p40: +4건 (페이지 6건)
2026-04-20 16:00:12 [INFO]   2022.04 완료: +194건 (누적 667개)
2026-04-20 16:00:13 [INFO]     2022.05 p1: +9건 (페이지 9건)
2026-04-20 16:00:14 [INFO]     2022.05 p2: +5건 (페이지 8건)
2026-04-20 16:00:16 [INFO]     2022.05 p3: +7건 (페이지 7건)
2026-04-20 16:00:18 [INFO]     2022.05 p4: +6건 (페이지 6건)
2026-04-20 16:00:19 [INFO]     2022.05 p5: +9건 (페이지 9건)
2026-04-20 16:00:20 [INFO]     2022.05 p6: +5건 (페이지 5건)
2026-04-20 16:00:22 [INFO]     2022.05 p7: +3건 (페이지 3건)
2026-04-20 16:00:23 [INFO]     2022.05 p8: +7건 (페이지 7건)
2026-04-20 16:00:25 [INFO]     2022.05 p9: +7건 (페이지 7건)
2026-04-20 16:00:26 [INFO]     카드 파싱 0건 -> 링크 직접 수집 폴백
2026-04-20 16:00:26 [INFO]     CLS_NAVER_LINK 링크: 0개
2026-04-20 16:00:26 [INFO]     2022.05 p10: 0건 (연속 빈 1회)
2026-04-20 16:00:27 [INFO]     2022.05 p11: +5건 (페이지 7건)
2026-04-20 16:00:29 [INFO]     2022.05 p12: +1건 (페이지 5건)
2026-04-20 16:00:30 [INFO]     2022.05 p13: +0건 (페이지 6건)
2026-04-20 16:00:31 [INFO]   2022.05 완료: +64건 (누적 731개)
2026-04-20 16:00:32 [INFO]     2022.06 p1: +9건 (페이지 9건)
2026-04-20 16:00:34 [INFO]     2022.06 p2: +5건 (페이지 5건)
2026-04-20 16:00:35 [INFO]     2022.06 p3: +4건 (페이지 4건)
2026-04-20 16:00:36 [INFO]     2022.06 p4: +1건 (페이지 1건)
2026-04-20 16:00:40 [WARNING] [1/3] HTTP 오류: 403 Client Error: Forbidden for url: https://search.naver.com/search.naver?where=news&query=%EC%82%BC%EC%84%B1%EC%A0%84%EC%9E%90&pd=3&ds=2022.06.01&de=2022.06.30&start=40&sort=0
2026-04-20 16:00:43 [INFO]     2022.06 p5: +4건 (페이지 4건)
2026-04-20 16:00:45 [INFO]     2022.06 p6: +3건 (페이지 3건)
2026-04-20 16:00:48 [WARNING] [1/3] HTTP 오류: 403 Client Error: Forbidden for url: https://search.naver.com/search.naver?where=news&query=%EC%82%BC%EC%84%B1%EC%A0%84%EC%9E%90&pd=3&ds=2022.06.01&de=2022.06.30&start=60&sort=0
2026-04-20 16:00:49 [INFO] 중단 - 수집된 URL로 Phase 2 진행
2026-04-20 16:00:49 [INFO] [Phase 1] 완료 - 후보 URL: 731개
2026-04-20 16:00:49 [INFO] [RESULT] 검색 결과에서 확보한 기사 URL 수: 731개
2026-04-20 16:00:49 [INFO] 
[Phase 2] 본문 스크래핑 시작 | 후보 731건 | 목표 추가 7000건
2026-04-20 16:01:09 [INFO] [Phase 2] 본문 저장 100건
2026-04-20 16:01:27 [INFO] 체크포인트 저장: 200건
2026-04-20 16:01:27 [INFO] [Phase 2] 본문 저장 200건
2026-04-20 16:01:45 [INFO] [Phase 2] 본문 저장 300건
2026-04-20 16:02:05 [INFO] 체크포인트 저장: 400건
2026-04-20 16:02:05 [INFO] [Phase 2] 본문 저장 400건
2026-04-20 16:02:26 [INFO] [Phase 2] 본문 저장 500건
2026-04-20 16:02:46 [INFO] 체크포인트 저장: 600건
2026-04-20 16:02:46 [INFO] [Phase 2] 본문 저장 600건
2026-04-20 16:03:05 [INFO] [Phase 2] 본문 저장 700건
2026-04-20 16:03:08 [INFO] [Phase 2] 완료 - 최종: 716건
2026-04-20 16:03:08 [INFO] [RESULT] 실제 본문까지 수집 완료된 기사 수: 716건
2026-04-20 16:03:08 [INFO] 저장 완료: C:\Users\wf\Downloads\졸작\src\crawling\naver_samsung_news_raw.csv
2026-04-20 16:03:08 [INFO] ============================================================
2026-04-20 16:03:08 [INFO] 완료 | 716건 | 11분 34초
2026-04-20 16:03:08 [INFO] ============================================================
2026-04-20 16:03:08 [INFO] [SAMPLE] 실제 수집 데이터 1건
2026-04-20 16:03:08 [INFO] [SAMPLE] 제목: '실적 신기록' 삼성전자, 매수할까 기다릴까… 증권가 엇갈린 전망
2026-04-20 16:03:08 [INFO] [SAMPLE] 언론사: 동행미디어 시대
2026-04-20 16:03:08 [INFO] [SAMPLE] 날짜: 2022-01-31 05:17:00
2026-04-20 16:03:08 [INFO] [SAMPLE] 본문 길이: 2260자
2026-04-20 16:03:08 [INFO] [SAMPLE] 본문 일부: 지난 27일 삼성전자가 지난해 역대급 실적을 발표한 가운데 증권가에서는 엇갈린 전망이 나오고 있다. /사진=뉴시스 삼성전자가 지난해 실적 신기록을 쓴 가운데 증권가에서는 엇갈린 전망이 나오고 있다. 31일 에프엔가이
2026-04-20 16:03:08 [INFO] [PREPROCESS] 샘플 기사 1건 전처리 시연 시작
2026-04-20 16:03:08 [INFO] [PREPROCESS] 전처리 전 길이: 2260자
2026-04-20 16:03:08 [INFO] [PREPROCESS] 전처리 후 길이: 2260자
2026-04-20 16:03:08 [INFO] [PREPROCESS] 전처리 전 샘플: 지난 27일 삼성전자가 지난해 역대급 실적을 발표한 가운데 증권가에서는 엇갈린 전망이 나오고 있다. /사진=뉴시스 삼성전자가 지난해 실적 신기록
2026-04-20 16:03:08 [INFO] [PREPROCESS] 전처리 후 샘플: 지난 27일 삼성전자가 지난해 역대급 실적을 발표한 가운데 증권가에서는 엇갈린 전망이 나오고 있다. /사진=뉴시스 삼성전자가 지난해 실적 신기록
