2026-03-17 13:10:33 [INFO] ============================================================
2026-03-17 13:10:33 [INFO] 네이버 뉴스 크롤러
2026-03-17 13:10:33 [INFO]   검색어 : 삼성전자 | 기간: 2022-01-01 ~ 2025-12-31 | 목표: 7000건
2026-03-17 13:10:33 [INFO] ============================================================
2026-03-17 13:10:33 [INFO] 총 48개월 | 이미 수집: 0건
2026-03-17 13:10:33 [INFO] 
[Phase 1] URL 수집 시작
2026-03-17 13:10:35 [INFO]     카드 셀렉터 0건 → 링크 직접 수집 폴백
2026-03-17 13:10:35 [INFO]     2022.01 p1: 0건 (연속 빈 페이지 1회)
2026-03-17 13:10:36 [INFO]     카드 셀렉터 0건 → 링크 직접 수집 폴백
2026-03-17 13:10:36 [INFO]     2022.01 p2: 0건 (연속 빈 페이지 2회)
2026-03-17 13:10:37 [INFO]     카드 셀렉터 0건 → 링크 직접 수집 폴백
2026-03-17 13:10:37 [INFO]     2022.01 p3: 0건 (연속 빈 페이지 3회)
2026-03-17 13:10:37 [INFO]   2022.01 완료: +0건 (누적 0개)
2026-03-17 13:10:38 [INFO]     카드 셀렉터 0건 → 링크 직접 수집 폴백
2026-03-17 13:10:38 [INFO]     2022.02 p1: 0건 (연속 빈 페이지 1회)
2026-03-17 13:10:39 [INFO]     카드 셀렉터 0건 → 링크 직접 수집 폴백
2026-03-17 13:10:39 [INFO]     2022.02 p2: 0건 (연속 빈 페이지 2회)
2026-03-17 13:10:40 [INFO]     카드 셀렉터 0건 → 링크 직접 수집 폴백
2026-03-17 13:10:40 [INFO]     2022.02 p3: 0건 (연속 빈 페이지 3회)
2026-03-17 13:10:40 [INFO]   2022.02 완료: +0건 (누적 0개)
2026-03-17 13:10:40 [INFO]     카드 셀렉터 0건 → 링크 직접 수집 폴백
2026-03-17 13:10:40 [INFO]     2022.03 p1: 0건 (연속 빈 페이지 1회)
2026-03-17 13:10:42 [INFO]     카드 셀렉터 0건 → 링크 직접 수집 폴백
2026-03-17 13:10:42 [INFO]     2022.03 p2: 0건 (연속 빈 페이지 2회)
2026-03-17 13:10:43 [INFO]     카드 셀렉터 0건 → 링크 직접 수집 폴백
2026-03-17 13:10:43 [INFO]     2022.03 p3: 0건 (연속 빈 페이지 3회)
2026-03-17 13:10:43 [INFO]   2022.03 완료: +0건 (누적 0개)
2026-03-17 13:10:43 [INFO]     카드 셀렉터 0건 → 링크 직접 수집 폴백
2026-03-17 13:10:43 [INFO]     2022.04 p1: 0건 (연속 빈 페이지 1회)
2026-03-17 13:10:45 [INFO]     카드 셀렉터 0건 → 링크 직접 수집 폴백
2026-03-17 13:10:45 [INFO]     2022.04 p2: 0건 (연속 빈 페이지 2회)
2026-03-17 13:10:46 [INFO]     카드 셀렉터 0건 → 링크 직접 수집 폴백
2026-03-17 13:10:46 [INFO]     2022.04 p3: 0건 (연속 빈 페이지 3회)
2026-03-17 13:10:46 [INFO]   2022.04 완료: +0건 (누적 0개)
2026-03-17 13:10:46 [INFO]     카드 셀렉터 0건 → 링크 직접 수집 폴백
2026-03-17 13:10:46 [INFO]     2022.05 p1: 0건 (연속 빈 페이지 1회)
2026-03-17 13:10:47 [INFO]     카드 셀렉터 0건 → 링크 직접 수집 폴백
2026-03-17 13:10:47 [INFO]     2022.05 p2: 0건 (연속 빈 페이지 2회)
2026-03-17 13:10:49 [INFO]     카드 셀렉터 0건 → 링크 직접 수집 폴백
2026-03-17 13:10:49 [INFO]     2022.05 p3: 0건 (연속 빈 페이지 3회)
2026-03-17 13:10:49 [INFO]   2022.05 완료: +0건 (누적 0개)
2026-03-17 13:10:49 [INFO]     카드 셀렉터 0건 → 링크 직접 수집 폴백
2026-03-17 13:10:49 [INFO]     2022.06 p1: 0건 (연속 빈 페이지 1회)
2026-03-17 13:10:50 [INFO]     카드 셀렉터 0건 → 링크 직접 수집 폴백
2026-03-17 13:10:50 [INFO]     2022.06 p2: 0건 (연속 빈 페이지 2회)
2026-03-17 13:10:51 [INFO]     카드 셀렉터 0건 → 링크 직접 수집 폴백
2026-03-17 13:10:51 [INFO]     2022.06 p3: 0건 (연속 빈 페이지 3회)
2026-03-17 13:10:51 [INFO]   2022.06 완료: +0건 (누적 0개)
2026-03-17 13:10:52 [INFO]     카드 셀렉터 0건 → 링크 직접 수집 폴백
2026-03-17 13:10:52 [INFO]     2022.07 p1: 0건 (연속 빈 페이지 1회)
2026-03-17 13:10:53 [INFO]     카드 셀렉터 0건 → 링크 직접 수집 폴백
2026-03-17 13:10:53 [INFO]     2022.07 p2: 0건 (연속 빈 페이지 2회)
2026-03-17 13:10:55 [INFO]     카드 셀렉터 0건 → 링크 직접 수집 폴백
2026-03-17 13:10:55 [INFO]     2022.07 p3: 0건 (연속 빈 페이지 3회)
2026-03-17 13:10:55 [INFO]   2022.07 완료: +0건 (누적 0개)
2026-03-17 13:10:55 [INFO]     카드 셀렉터 0건 → 링크 직접 수집 폴백
2026-03-17 13:10:55 [INFO]     2022.08 p1: 0건 (연속 빈 페이지 1회)
2026-03-17 13:10:56 [INFO]     카드 셀렉터 0건 → 링크 직접 수집 폴백
2026-03-17 13:10:56 [INFO]     2022.08 p2: 0건 (연속 빈 페이지 2회)
2026-03-17 13:10:58 [INFO]     카드 셀렉터 0건 → 링크 직접 수집 폴백
2026-03-17 13:10:58 [INFO]     2022.08 p3: 0건 (연속 빈 페이지 3회)
2026-03-17 13:10:58 [INFO]   2022.08 완료: +0건 (누적 0개)
2026-03-17 13:10:58 [INFO]     카드 셀렉터 0건 → 링크 직접 수집 폴백
2026-03-17 13:10:58 [INFO]     2022.09 p1: 0건 (연속 빈 페이지 1회)
2026-03-17 13:10:58 [INFO] 중단 — 수집된 URL로 Phase 2 진행
2026-03-17 13:10:58 [INFO] [Phase 1] 완료 — 후보 URL: 0개
2026-03-17 13:10:58 [ERROR] URL 수집 0건!
  가능한 원인:
  1) 네이버 클래스명 변경 → CARD_SEL / TITLE_SEL 확인
  2) 봇 차단 → SLEEP_MIN/MAX 늘리기
  3) 네트워크 오류 → crawler.log 확인
2026-03-17 13:10:58 [WARNING] 수집 0건 — CSV 저장 생략
2026-03-17 13:10:58 [INFO] ============================================================
2026-03-17 13:10:58 [INFO] 완료 | 0건 | 0분 25초
2026-03-17 13:10:58 [INFO] ============================================================
2026-03-17 13:14:29 [INFO] ============================================================
2026-03-17 13:14:29 [INFO] 네이버 뉴스 크롤러
2026-03-17 13:14:29 [INFO]   검색어 : 삼성전자 | 기간: 2022-01-01 ~ 2025-12-31 | 목표: 7000건
2026-03-17 13:14:29 [INFO] ============================================================
2026-03-17 13:14:29 [INFO] 총 48개월 | 이미 수집: 0건
2026-03-17 13:14:29 [INFO] 
[Phase 1] URL 수집 시작
2026-03-17 13:14:30 [INFO]     카드 발견: 0개
2026-03-17 13:14:30 [INFO]     카드 파싱 0건 -> 링크 직접 수집 폴백
2026-03-17 13:14:30 [INFO]     CLS_NAVER_LINK 링크: 0개
2026-03-17 13:14:30 [INFO]     2022.01 p1: 0건 (연속 빈 1회)
2026-03-17 13:14:32 [INFO]     카드 발견: 0개
2026-03-17 13:14:32 [INFO]     카드 파싱 0건 -> 링크 직접 수집 폴백
2026-03-17 13:14:32 [INFO]     CLS_NAVER_LINK 링크: 0개
2026-03-17 13:14:32 [INFO]     2022.01 p2: 0건 (연속 빈 2회)
2026-03-17 13:14:33 [INFO]     카드 발견: 0개
2026-03-17 13:14:33 [INFO]     카드 파싱 0건 -> 링크 직접 수집 폴백
2026-03-17 13:14:33 [INFO]     CLS_NAVER_LINK 링크: 0개
2026-03-17 13:14:33 [INFO]     2022.01 p3: 0건 (연속 빈 3회)
2026-03-17 13:14:33 [INFO]   2022.01 완료: +0건 (누적 0개)
2026-03-17 13:14:33 [INFO]     카드 발견: 0개
2026-03-17 13:14:33 [INFO]     카드 파싱 0건 -> 링크 직접 수집 폴백
2026-03-17 13:14:33 [INFO]     CLS_NAVER_LINK 링크: 0개
2026-03-17 13:14:33 [INFO]     2022.02 p1: 0건 (연속 빈 1회)
2026-03-17 13:14:35 [INFO]     카드 발견: 0개
2026-03-17 13:14:35 [INFO]     카드 파싱 0건 -> 링크 직접 수집 폴백
2026-03-17 13:14:35 [INFO]     CLS_NAVER_LINK 링크: 0개
2026-03-17 13:14:35 [INFO]     2022.02 p2: 0건 (연속 빈 2회)
2026-03-17 13:14:36 [INFO]     카드 발견: 0개
2026-03-17 13:14:36 [INFO]     카드 파싱 0건 -> 링크 직접 수집 폴백
2026-03-17 13:14:36 [INFO]     CLS_NAVER_LINK 링크: 0개
2026-03-17 13:14:36 [INFO]     2022.02 p3: 0건 (연속 빈 3회)
2026-03-17 13:14:36 [INFO]   2022.02 완료: +0건 (누적 0개)
2026-03-17 13:14:36 [INFO]     카드 발견: 0개
2026-03-17 13:14:36 [INFO]     카드 파싱 0건 -> 링크 직접 수집 폴백
2026-03-17 13:14:36 [INFO]     CLS_NAVER_LINK 링크: 0개
2026-03-17 13:14:36 [INFO]     2022.03 p1: 0건 (연속 빈 1회)
2026-03-17 13:14:38 [INFO]     카드 발견: 0개
2026-03-17 13:14:38 [INFO]     카드 파싱 0건 -> 링크 직접 수집 폴백
2026-03-17 13:14:38 [INFO]     CLS_NAVER_LINK 링크: 0개
2026-03-17 13:14:38 [INFO]     2022.03 p2: 0건 (연속 빈 2회)
2026-03-17 13:14:39 [INFO]     카드 발견: 0개
2026-03-17 13:14:39 [INFO]     카드 파싱 0건 -> 링크 직접 수집 폴백
2026-03-17 13:14:39 [INFO]     CLS_NAVER_LINK 링크: 0개
2026-03-17 13:14:39 [INFO]     2022.03 p3: 0건 (연속 빈 3회)
2026-03-17 13:14:39 [INFO]   2022.03 완료: +0건 (누적 0개)
2026-03-17 13:14:39 [INFO]     카드 발견: 0개
2026-03-17 13:14:39 [INFO]     카드 파싱 0건 -> 링크 직접 수집 폴백
2026-03-17 13:14:39 [INFO]     CLS_NAVER_LINK 링크: 0개
2026-03-17 13:14:39 [INFO]     2022.04 p1: 0건 (연속 빈 1회)
2026-03-17 13:14:40 [INFO]     카드 발견: 0개
2026-03-17 13:14:40 [INFO]     카드 파싱 0건 -> 링크 직접 수집 폴백
2026-03-17 13:14:40 [INFO]     CLS_NAVER_LINK 링크: 0개
2026-03-17 13:14:40 [INFO]     2022.04 p2: 0건 (연속 빈 2회)
2026-03-17 13:14:42 [INFO]     카드 발견: 0개
2026-03-17 13:14:42 [INFO]     카드 파싱 0건 -> 링크 직접 수집 폴백
2026-03-17 13:14:42 [INFO]     CLS_NAVER_LINK 링크: 0개
2026-03-17 13:14:42 [INFO]     2022.04 p3: 0건 (연속 빈 3회)
2026-03-17 13:14:42 [INFO]   2022.04 완료: +0건 (누적 0개)
2026-03-17 13:14:42 [INFO]     카드 발견: 0개
2026-03-17 13:14:42 [INFO]     카드 파싱 0건 -> 링크 직접 수집 폴백
2026-03-17 13:14:42 [INFO]     CLS_NAVER_LINK 링크: 0개
2026-03-17 13:14:42 [INFO]     2022.05 p1: 0건 (연속 빈 1회)
2026-03-17 13:14:43 [INFO]     카드 발견: 0개
2026-03-17 13:14:43 [INFO]     카드 파싱 0건 -> 링크 직접 수집 폴백
2026-03-17 13:14:43 [INFO]     CLS_NAVER_LINK 링크: 0개
2026-03-17 13:14:43 [INFO]     2022.05 p2: 0건 (연속 빈 2회)
2026-03-17 13:14:45 [INFO]     카드 발견: 0개
2026-03-17 13:14:45 [INFO]     카드 파싱 0건 -> 링크 직접 수집 폴백
2026-03-17 13:14:45 [INFO]     CLS_NAVER_LINK 링크: 0개
2026-03-17 13:14:45 [INFO]     2022.05 p3: 0건 (연속 빈 3회)
2026-03-17 13:14:45 [INFO]   2022.05 완료: +0건 (누적 0개)
2026-03-17 13:14:45 [INFO]     카드 발견: 0개
2026-03-17 13:14:45 [INFO]     카드 파싱 0건 -> 링크 직접 수집 폴백
2026-03-17 13:14:45 [INFO]     CLS_NAVER_LINK 링크: 0개
2026-03-17 13:14:45 [INFO]     2022.06 p1: 0건 (연속 빈 1회)
2026-03-17 13:14:45 [INFO] 중단 - 수집된 URL로 Phase 2 진행
2026-03-17 13:14:45 [INFO] [Phase 1] 완료 - 후보 URL: 0개
2026-03-17 13:14:45 [ERROR] URL 수집 0건!
  가능한 원인:
  1) 네이버 클래스명 변경 -> CLS_CARD / CLS_TITLE 확인
  2) 봇 차단 -> SLEEP_MIN/MAX 늘리기
  3) 네트워크 오류 -> crawler.log 확인
2026-03-17 13:14:45 [WARNING] 수집 0건 - CSV 저장 생략
2026-03-17 13:14:45 [INFO] ============================================================
2026-03-17 13:14:45 [INFO] 완료 | 0건 | 0분 15초
2026-03-17 13:14:45 [INFO] ============================================================
2026-03-17 13:17:03 [INFO] ============================================================
2026-03-17 13:17:03 [INFO] 네이버 뉴스 크롤러
2026-03-17 13:17:03 [INFO]   검색어 : 삼성전자 | 기간: 2022-01-01 ~ 2025-12-31 | 목표: 7000건
2026-03-17 13:17:03 [INFO] ============================================================
2026-03-17 13:17:03 [INFO] 총 48개월 | 이미 수집: 0건
2026-03-17 13:17:03 [INFO] 
[Phase 1] URL 수집 시작
2026-03-17 13:17:03 [INFO]     카드 발견: 0개
2026-03-17 13:17:03 [INFO]     카드 파싱 0건 -> 링크 직접 수집 폴백
2026-03-17 13:17:03 [INFO]     CLS_NAVER_LINK 링크: 0개
2026-03-17 13:17:03 [INFO]     2022.01 p1: 0건 (연속 빈 1회)
2026-03-17 13:17:05 [INFO]     카드 발견: 0개
2026-03-17 13:17:05 [INFO]     카드 파싱 0건 -> 링크 직접 수집 폴백
2026-03-17 13:17:05 [INFO]     CLS_NAVER_LINK 링크: 0개
2026-03-17 13:17:05 [INFO]     2022.01 p2: 0건 (연속 빈 2회)
2026-03-17 13:17:06 [INFO]     카드 발견: 0개
2026-03-17 13:17:06 [INFO]     카드 파싱 0건 -> 링크 직접 수집 폴백
2026-03-17 13:17:06 [INFO]     CLS_NAVER_LINK 링크: 0개
2026-03-17 13:17:06 [INFO]     2022.01 p3: 0건 (연속 빈 3회)
2026-03-17 13:17:06 [INFO]   2022.01 완료: +0건 (누적 0개)
2026-03-17 13:17:06 [INFO]     카드 발견: 0개
2026-03-17 13:17:06 [INFO]     카드 파싱 0건 -> 링크 직접 수집 폴백
2026-03-17 13:17:06 [INFO]     CLS_NAVER_LINK 링크: 0개
2026-03-17 13:17:06 [INFO]     2022.02 p1: 0건 (연속 빈 1회)
2026-03-17 13:17:08 [INFO]     카드 발견: 0개
2026-03-17 13:17:08 [INFO]     카드 파싱 0건 -> 링크 직접 수집 폴백
2026-03-17 13:17:08 [INFO]     CLS_NAVER_LINK 링크: 0개
2026-03-17 13:17:08 [INFO]     2022.02 p2: 0건 (연속 빈 2회)
2026-03-17 13:17:09 [INFO]     카드 발견: 0개
2026-03-17 13:17:09 [INFO]     카드 파싱 0건 -> 링크 직접 수집 폴백
2026-03-17 13:17:09 [INFO]     CLS_NAVER_LINK 링크: 0개
2026-03-17 13:17:09 [INFO]     2022.02 p3: 0건 (연속 빈 3회)
2026-03-17 13:17:09 [INFO]   2022.02 완료: +0건 (누적 0개)
2026-03-17 13:17:09 [INFO]     카드 발견: 0개
2026-03-17 13:17:09 [INFO]     카드 파싱 0건 -> 링크 직접 수집 폴백
2026-03-17 13:17:09 [INFO]     CLS_NAVER_LINK 링크: 0개
2026-03-17 13:17:09 [INFO]     2022.03 p1: 0건 (연속 빈 1회)
2026-03-17 13:17:10 [INFO]     카드 발견: 0개
2026-03-17 13:17:10 [INFO]     카드 파싱 0건 -> 링크 직접 수집 폴백
2026-03-17 13:17:10 [INFO]     CLS_NAVER_LINK 링크: 0개
2026-03-17 13:17:10 [INFO]     2022.03 p2: 0건 (연속 빈 2회)
2026-03-17 13:17:11 [INFO] 중단 - 수집된 URL로 Phase 2 진행
2026-03-17 13:17:11 [INFO] [Phase 1] 완료 - 후보 URL: 0개
2026-03-17 13:17:11 [ERROR] URL 수집 0건!
  가능한 원인:
  1) 네이버 클래스명 변경 -> CLS_CARD / CLS_TITLE 확인
  2) 봇 차단 -> SLEEP_MIN/MAX 늘리기
  3) 네트워크 오류 -> crawler.log 확인
2026-03-17 13:17:11 [WARNING] 수집 0건 - CSV 저장 생략
2026-03-17 13:17:11 [INFO] ============================================================
2026-03-17 13:17:11 [INFO] 완료 | 0건 | 0분 7초
2026-03-17 13:17:11 [INFO] ============================================================
2026-03-17 13:23:09 [INFO] ============================================================
2026-03-17 13:23:09 [INFO] 네이버 뉴스 크롤러
2026-03-17 13:23:09 [INFO]   검색어 : 삼성전자 | 기간: 2022-01-01 ~ 2025-12-31 | 목표: 7000건
2026-03-17 13:23:09 [INFO] ============================================================
2026-03-17 13:23:09 [INFO] 총 48개월 | 이미 수집: 0건
2026-03-17 13:23:09 [INFO] 
[Phase 1] URL 수집 시작
2026-03-17 13:23:10 [INFO]     카드 발견: 0개
2026-03-17 13:23:10 [INFO]     카드 파싱 0건 -> 링크 직접 수집 폴백
2026-03-17 13:23:10 [INFO]     CLS_NAVER_LINK 링크: 0개
2026-03-17 13:23:10 [INFO]     2022.01 p1: 0건 (연속 빈 1회)
2026-03-17 13:23:11 [INFO]     카드 발견: 0개
2026-03-17 13:23:11 [INFO]     카드 파싱 0건 -> 링크 직접 수집 폴백
2026-03-17 13:23:11 [INFO]     CLS_NAVER_LINK 링크: 0개
2026-03-17 13:23:11 [INFO]     2022.01 p2: 0건 (연속 빈 2회)
2026-03-17 13:23:13 [INFO]     카드 발견: 0개
2026-03-17 13:23:13 [INFO]     카드 파싱 0건 -> 링크 직접 수집 폴백
2026-03-17 13:23:13 [INFO]     CLS_NAVER_LINK 링크: 0개
2026-03-17 13:23:13 [INFO]     2022.01 p3: 0건 (연속 빈 3회)
2026-03-17 13:23:13 [INFO]   2022.01 완료: +0건 (누적 0개)
2026-03-17 13:23:13 [INFO]     카드 발견: 0개
2026-03-17 13:23:13 [INFO]     카드 파싱 0건 -> 링크 직접 수집 폴백
2026-03-17 13:23:13 [INFO]     CLS_NAVER_LINK 링크: 0개
2026-03-17 13:23:13 [INFO]     2022.02 p1: 0건 (연속 빈 1회)
2026-03-17 13:23:14 [INFO]     카드 발견: 0개
2026-03-17 13:23:14 [INFO]     카드 파싱 0건 -> 링크 직접 수집 폴백
2026-03-17 13:23:14 [INFO]     CLS_NAVER_LINK 링크: 0개
2026-03-17 13:23:14 [INFO]     2022.02 p2: 0건 (연속 빈 2회)
2026-03-17 13:23:16 [INFO]     카드 발견: 0개
2026-03-17 13:23:16 [INFO]     카드 파싱 0건 -> 링크 직접 수집 폴백
2026-03-17 13:23:16 [INFO]     CLS_NAVER_LINK 링크: 0개
2026-03-17 13:23:16 [INFO]     2022.02 p3: 0건 (연속 빈 3회)
2026-03-17 13:23:16 [INFO]   2022.02 완료: +0건 (누적 0개)
2026-03-17 13:23:16 [INFO]     카드 발견: 0개
2026-03-17 13:23:16 [INFO]     카드 파싱 0건 -> 링크 직접 수집 폴백
2026-03-17 13:23:16 [INFO]     CLS_NAVER_LINK 링크: 0개
2026-03-17 13:23:16 [INFO]     2022.03 p1: 0건 (연속 빈 1회)
2026-03-17 13:23:17 [INFO]     카드 발견: 0개
2026-03-17 13:23:17 [INFO]     카드 파싱 0건 -> 링크 직접 수집 폴백
2026-03-17 13:23:17 [INFO]     CLS_NAVER_LINK 링크: 0개
2026-03-17 13:23:17 [INFO]     2022.03 p2: 0건 (연속 빈 2회)
2026-03-17 13:23:19 [INFO]     카드 발견: 0개
2026-03-17 13:23:19 [INFO]     카드 파싱 0건 -> 링크 직접 수집 폴백
2026-03-17 13:23:19 [INFO]     CLS_NAVER_LINK 링크: 0개
2026-03-17 13:23:19 [INFO]     2022.03 p3: 0건 (연속 빈 3회)
2026-03-17 13:23:19 [INFO]   2022.03 완료: +0건 (누적 0개)
2026-03-17 13:23:19 [INFO]     카드 발견: 0개
2026-03-17 13:23:19 [INFO]     카드 파싱 0건 -> 링크 직접 수집 폴백
2026-03-17 13:23:19 [INFO]     CLS_NAVER_LINK 링크: 0개
2026-03-17 13:23:19 [INFO]     2022.04 p1: 0건 (연속 빈 1회)
2026-03-17 13:23:20 [INFO]     카드 발견: 0개
2026-03-17 13:23:20 [INFO]     카드 파싱 0건 -> 링크 직접 수집 폴백
2026-03-17 13:23:20 [INFO]     CLS_NAVER_LINK 링크: 0개
2026-03-17 13:23:20 [INFO]     2022.04 p2: 0건 (연속 빈 2회)
2026-03-17 13:23:22 [INFO]     카드 발견: 0개
2026-03-17 13:23:22 [INFO]     카드 파싱 0건 -> 링크 직접 수집 폴백
2026-03-17 13:23:22 [INFO]     CLS_NAVER_LINK 링크: 0개
2026-03-17 13:23:22 [INFO]     2022.04 p3: 0건 (연속 빈 3회)
2026-03-17 13:23:22 [INFO]   2022.04 완료: +0건 (누적 0개)
2026-03-17 13:23:22 [INFO]     카드 발견: 0개
2026-03-17 13:23:22 [INFO]     카드 파싱 0건 -> 링크 직접 수집 폴백
2026-03-17 13:23:22 [INFO]     CLS_NAVER_LINK 링크: 0개
2026-03-17 13:23:22 [INFO]     2022.05 p1: 0건 (연속 빈 1회)
2026-03-17 13:23:23 [INFO]     카드 발견: 0개
2026-03-17 13:23:23 [INFO]     카드 파싱 0건 -> 링크 직접 수집 폴백
2026-03-17 13:23:23 [INFO]     CLS_NAVER_LINK 링크: 0개
2026-03-17 13:23:23 [INFO]     2022.05 p2: 0건 (연속 빈 2회)
2026-03-17 13:23:24 [INFO]     카드 발견: 0개
2026-03-17 13:23:24 [INFO]     카드 파싱 0건 -> 링크 직접 수집 폴백
2026-03-17 13:23:24 [INFO]     CLS_NAVER_LINK 링크: 0개
2026-03-17 13:23:24 [INFO]     2022.05 p3: 0건 (연속 빈 3회)
2026-03-17 13:23:24 [INFO]   2022.05 완료: +0건 (누적 0개)
2026-03-17 13:23:24 [INFO]     카드 발견: 0개
2026-03-17 13:23:24 [INFO]     카드 파싱 0건 -> 링크 직접 수집 폴백
2026-03-17 13:23:24 [INFO]     CLS_NAVER_LINK 링크: 0개
2026-03-17 13:23:24 [INFO]     2022.06 p1: 0건 (연속 빈 1회)
2026-03-17 13:23:26 [INFO]     카드 발견: 0개
2026-03-17 13:23:26 [INFO]     카드 파싱 0건 -> 링크 직접 수집 폴백
2026-03-17 13:23:26 [INFO]     CLS_NAVER_LINK 링크: 0개
2026-03-17 13:23:26 [INFO]     2022.06 p2: 0건 (연속 빈 2회)
2026-03-17 13:23:27 [INFO]     카드 발견: 0개
2026-03-17 13:23:27 [INFO]     카드 파싱 0건 -> 링크 직접 수집 폴백
2026-03-17 13:23:27 [INFO]     CLS_NAVER_LINK 링크: 0개
2026-03-17 13:23:27 [INFO]     2022.06 p3: 0건 (연속 빈 3회)
2026-03-17 13:23:27 [INFO]   2022.06 완료: +0건 (누적 0개)
2026-03-17 13:23:27 [INFO]     카드 발견: 0개
2026-03-17 13:23:27 [INFO]     카드 파싱 0건 -> 링크 직접 수집 폴백
2026-03-17 13:23:27 [INFO]     CLS_NAVER_LINK 링크: 0개
2026-03-17 13:23:27 [INFO]     2022.07 p1: 0건 (연속 빈 1회)
2026-03-17 13:23:28 [INFO]     카드 발견: 0개
2026-03-17 13:23:28 [INFO]     카드 파싱 0건 -> 링크 직접 수집 폴백
2026-03-17 13:23:28 [INFO]     CLS_NAVER_LINK 링크: 0개
2026-03-17 13:23:28 [INFO]     2022.07 p2: 0건 (연속 빈 2회)
2026-03-17 13:23:30 [INFO]     카드 발견: 0개
2026-03-17 13:23:30 [INFO]     카드 파싱 0건 -> 링크 직접 수집 폴백
2026-03-17 13:23:30 [INFO]     CLS_NAVER_LINK 링크: 0개
2026-03-17 13:23:30 [INFO]     2022.07 p3: 0건 (연속 빈 3회)
2026-03-17 13:23:30 [INFO]   2022.07 완료: +0건 (누적 0개)
2026-03-17 13:23:30 [INFO]     카드 발견: 0개
2026-03-17 13:23:30 [INFO]     카드 파싱 0건 -> 링크 직접 수집 폴백
2026-03-17 13:23:30 [INFO]     CLS_NAVER_LINK 링크: 0개
2026-03-17 13:23:30 [INFO]     2022.08 p1: 0건 (연속 빈 1회)
2026-03-17 13:23:31 [INFO]     카드 발견: 0개
2026-03-17 13:23:31 [INFO]     카드 파싱 0건 -> 링크 직접 수집 폴백
2026-03-17 13:23:31 [INFO]     CLS_NAVER_LINK 링크: 0개
2026-03-17 13:23:31 [INFO]     2022.08 p2: 0건 (연속 빈 2회)
2026-03-17 13:23:32 [INFO]     카드 발견: 0개
2026-03-17 13:23:32 [INFO]     카드 파싱 0건 -> 링크 직접 수집 폴백
2026-03-17 13:23:32 [INFO]     CLS_NAVER_LINK 링크: 0개
2026-03-17 13:23:32 [INFO]     2022.08 p3: 0건 (연속 빈 3회)
2026-03-17 13:23:32 [INFO]   2022.08 완료: +0건 (누적 0개)
2026-03-17 13:23:33 [INFO]     카드 발견: 0개
2026-03-17 13:23:33 [INFO]     카드 파싱 0건 -> 링크 직접 수집 폴백
2026-03-17 13:23:33 [INFO]     CLS_NAVER_LINK 링크: 0개
2026-03-17 13:23:33 [INFO]     2022.09 p1: 0건 (연속 빈 1회)
2026-03-17 13:23:34 [INFO]     카드 발견: 0개
2026-03-17 13:23:34 [INFO]     카드 파싱 0건 -> 링크 직접 수집 폴백
2026-03-17 13:23:34 [INFO]     CLS_NAVER_LINK 링크: 0개
2026-03-17 13:23:34 [INFO]     2022.09 p2: 0건 (연속 빈 2회)
2026-03-17 13:23:35 [INFO]     카드 발견: 0개
2026-03-17 13:23:35 [INFO]     카드 파싱 0건 -> 링크 직접 수집 폴백
2026-03-17 13:23:35 [INFO]     CLS_NAVER_LINK 링크: 0개
2026-03-17 13:23:35 [INFO]     2022.09 p3: 0건 (연속 빈 3회)
2026-03-17 13:23:35 [INFO]   2022.09 완료: +0건 (누적 0개)
2026-03-17 13:23:36 [INFO]     카드 발견: 0개
2026-03-17 13:23:36 [INFO]     카드 파싱 0건 -> 링크 직접 수집 폴백
2026-03-17 13:23:36 [INFO]     CLS_NAVER_LINK 링크: 0개
2026-03-17 13:23:36 [INFO]     2022.10 p1: 0건 (연속 빈 1회)
2026-03-17 13:23:37 [INFO]     카드 발견: 0개
2026-03-17 13:23:37 [INFO]     카드 파싱 0건 -> 링크 직접 수집 폴백
2026-03-17 13:23:37 [INFO]     CLS_NAVER_LINK 링크: 0개
2026-03-17 13:23:37 [INFO]     2022.10 p2: 0건 (연속 빈 2회)
2026-03-17 13:23:39 [INFO]     카드 발견: 0개
2026-03-17 13:23:39 [INFO]     카드 파싱 0건 -> 링크 직접 수집 폴백
2026-03-17 13:23:39 [INFO]     CLS_NAVER_LINK 링크: 0개
2026-03-17 13:23:39 [INFO]     2022.10 p3: 0건 (연속 빈 3회)
2026-03-17 13:23:39 [INFO]   2022.10 완료: +0건 (누적 0개)
2026-03-17 13:23:39 [INFO]     카드 발견: 0개
2026-03-17 13:23:39 [INFO]     카드 파싱 0건 -> 링크 직접 수집 폴백
2026-03-17 13:23:39 [INFO]     CLS_NAVER_LINK 링크: 0개
2026-03-17 13:23:39 [INFO]     2022.11 p1: 0건 (연속 빈 1회)
2026-03-17 13:23:40 [INFO]     카드 발견: 0개
2026-03-17 13:23:40 [INFO]     카드 파싱 0건 -> 링크 직접 수집 폴백
2026-03-17 13:23:40 [INFO]     CLS_NAVER_LINK 링크: 0개
2026-03-17 13:23:40 [INFO]     2022.11 p2: 0건 (연속 빈 2회)
2026-03-17 13:23:41 [INFO]     카드 발견: 0개
2026-03-17 13:23:41 [INFO]     카드 파싱 0건 -> 링크 직접 수집 폴백
2026-03-17 13:23:41 [INFO]     CLS_NAVER_LINK 링크: 0개
2026-03-17 13:23:41 [INFO]     2022.11 p3: 0건 (연속 빈 3회)
2026-03-17 13:23:41 [INFO]   2022.11 완료: +0건 (누적 0개)
2026-03-17 13:23:42 [INFO]     카드 발견: 0개
2026-03-17 13:23:42 [INFO]     카드 파싱 0건 -> 링크 직접 수집 폴백
2026-03-17 13:23:42 [INFO]     CLS_NAVER_LINK 링크: 0개
2026-03-17 13:23:42 [INFO]     2022.12 p1: 0건 (연속 빈 1회)
2026-03-17 13:23:43 [INFO]     카드 발견: 0개
2026-03-17 13:23:43 [INFO]     카드 파싱 0건 -> 링크 직접 수집 폴백
2026-03-17 13:23:43 [INFO]     CLS_NAVER_LINK 링크: 0개
2026-03-17 13:23:43 [INFO]     2022.12 p2: 0건 (연속 빈 2회)
2026-03-17 13:23:45 [INFO]     카드 발견: 0개
2026-03-17 13:23:45 [INFO]     카드 파싱 0건 -> 링크 직접 수집 폴백
2026-03-17 13:23:45 [INFO]     CLS_NAVER_LINK 링크: 0개
2026-03-17 13:23:45 [INFO]     2022.12 p3: 0건 (연속 빈 3회)
2026-03-17 13:23:45 [INFO]   2022.12 완료: +0건 (누적 0개)
2026-03-17 13:23:45 [INFO]     카드 발견: 0개
2026-03-17 13:23:45 [INFO]     카드 파싱 0건 -> 링크 직접 수집 폴백
2026-03-17 13:23:45 [INFO]     CLS_NAVER_LINK 링크: 0개
2026-03-17 13:23:45 [INFO]     2023.01 p1: 0건 (연속 빈 1회)
2026-03-17 13:23:46 [INFO]     카드 발견: 0개
2026-03-17 13:23:46 [INFO]     카드 파싱 0건 -> 링크 직접 수집 폴백
2026-03-17 13:23:46 [INFO]     CLS_NAVER_LINK 링크: 0개
2026-03-17 13:23:46 [INFO]     2023.01 p2: 0건 (연속 빈 2회)
2026-03-17 13:23:48 [INFO]     카드 발견: 0개
2026-03-17 13:23:48 [INFO]     카드 파싱 0건 -> 링크 직접 수집 폴백
2026-03-17 13:23:48 [INFO]     CLS_NAVER_LINK 링크: 0개
2026-03-17 13:23:48 [INFO]     2023.01 p3: 0건 (연속 빈 3회)
2026-03-17 13:23:48 [INFO]   2023.01 완료: +0건 (누적 0개)
2026-03-17 13:23:48 [INFO]     카드 발견: 0개
2026-03-17 13:23:48 [INFO]     카드 파싱 0건 -> 링크 직접 수집 폴백
2026-03-17 13:23:48 [INFO]     CLS_NAVER_LINK 링크: 0개
2026-03-17 13:23:48 [INFO]     2023.02 p1: 0건 (연속 빈 1회)
2026-03-17 13:23:49 [INFO]     카드 발견: 0개
2026-03-17 13:23:49 [INFO]     카드 파싱 0건 -> 링크 직접 수집 폴백
2026-03-17 13:23:49 [INFO]     CLS_NAVER_LINK 링크: 0개
2026-03-17 13:23:49 [INFO]     2023.02 p2: 0건 (연속 빈 2회)
2026-03-17 13:23:51 [INFO]     카드 발견: 0개
2026-03-17 13:23:51 [INFO]     카드 파싱 0건 -> 링크 직접 수집 폴백
2026-03-17 13:23:51 [INFO]     CLS_NAVER_LINK 링크: 0개
2026-03-17 13:23:51 [INFO]     2023.02 p3: 0건 (연속 빈 3회)
2026-03-17 13:23:51 [INFO]   2023.02 완료: +0건 (누적 0개)
2026-03-17 13:23:51 [INFO]     카드 발견: 0개
2026-03-17 13:23:51 [INFO]     카드 파싱 0건 -> 링크 직접 수집 폴백
2026-03-17 13:23:51 [INFO]     CLS_NAVER_LINK 링크: 0개
2026-03-17 13:23:51 [INFO]     2023.03 p1: 0건 (연속 빈 1회)
2026-03-17 13:23:53 [INFO]     카드 발견: 0개
2026-03-17 13:23:53 [INFO]     카드 파싱 0건 -> 링크 직접 수집 폴백
2026-03-17 13:23:53 [INFO]     CLS_NAVER_LINK 링크: 0개
2026-03-17 13:23:53 [INFO]     2023.03 p2: 0건 (연속 빈 2회)
2026-03-17 13:23:54 [INFO]     카드 발견: 0개
2026-03-17 13:23:54 [INFO]     카드 파싱 0건 -> 링크 직접 수집 폴백
2026-03-17 13:23:54 [INFO]     CLS_NAVER_LINK 링크: 0개
2026-03-17 13:23:54 [INFO]     2023.03 p3: 0건 (연속 빈 3회)
2026-03-17 13:23:54 [INFO]   2023.03 완료: +0건 (누적 0개)
2026-03-17 13:23:54 [INFO]     카드 발견: 0개
2026-03-17 13:23:54 [INFO]     카드 파싱 0건 -> 링크 직접 수집 폴백
2026-03-17 13:23:54 [INFO]     CLS_NAVER_LINK 링크: 0개
2026-03-17 13:23:54 [INFO]     2023.04 p1: 0건 (연속 빈 1회)
2026-03-17 13:23:56 [INFO]     카드 발견: 0개
2026-03-17 13:23:56 [INFO]     카드 파싱 0건 -> 링크 직접 수집 폴백
2026-03-17 13:23:56 [INFO]     CLS_NAVER_LINK 링크: 0개
2026-03-17 13:23:56 [INFO]     2023.04 p2: 0건 (연속 빈 2회)
2026-03-17 13:23:57 [INFO]     카드 발견: 0개
2026-03-17 13:23:57 [INFO]     카드 파싱 0건 -> 링크 직접 수집 폴백
2026-03-17 13:23:57 [INFO]     CLS_NAVER_LINK 링크: 0개
2026-03-17 13:23:57 [INFO]     2023.04 p3: 0건 (연속 빈 3회)
2026-03-17 13:23:57 [INFO]   2023.04 완료: +0건 (누적 0개)
2026-03-17 13:23:57 [INFO]     카드 발견: 0개
2026-03-17 13:23:57 [INFO]     카드 파싱 0건 -> 링크 직접 수집 폴백
2026-03-17 13:23:57 [INFO]     CLS_NAVER_LINK 링크: 0개
2026-03-17 13:23:57 [INFO]     2023.05 p1: 0건 (연속 빈 1회)
2026-03-17 13:23:59 [INFO]     카드 발견: 0개
2026-03-17 13:23:59 [INFO]     카드 파싱 0건 -> 링크 직접 수집 폴백
2026-03-17 13:23:59 [INFO]     CLS_NAVER_LINK 링크: 0개
2026-03-17 13:23:59 [INFO]     2023.05 p2: 0건 (연속 빈 2회)
2026-03-17 13:24:00 [INFO]     카드 발견: 0개
2026-03-17 13:24:00 [INFO]     카드 파싱 0건 -> 링크 직접 수집 폴백
2026-03-17 13:24:00 [INFO]     CLS_NAVER_LINK 링크: 0개
2026-03-17 13:24:00 [INFO]     2023.05 p3: 0건 (연속 빈 3회)
2026-03-17 13:24:00 [INFO]   2023.05 완료: +0건 (누적 0개)
2026-03-17 13:24:01 [INFO]     카드 발견: 0개
2026-03-17 13:24:01 [INFO]     카드 파싱 0건 -> 링크 직접 수집 폴백
2026-03-17 13:24:01 [INFO]     CLS_NAVER_LINK 링크: 0개
2026-03-17 13:24:01 [INFO]     2023.06 p1: 0건 (연속 빈 1회)
2026-03-17 13:24:01 [INFO] 중단 - 수집된 URL로 Phase 2 진행
2026-03-17 13:24:01 [INFO] [Phase 1] 완료 - 후보 URL: 0개
2026-03-17 13:24:01 [ERROR] URL 수집 0건!
  가능한 원인:
  1) 네이버 클래스명 변경 -> CLS_CARD / CLS_TITLE 확인
  2) 봇 차단 -> SLEEP_MIN/MAX 늘리기
  3) 네트워크 오류 -> crawler.log 확인
2026-03-17 13:24:01 [WARNING] 수집 0건 - CSV 저장 생략
2026-03-17 13:24:01 [INFO] ============================================================
2026-03-17 13:24:01 [INFO] 완료 | 0건 | 0분 51초
2026-03-17 13:24:01 [INFO] ============================================================
2026-03-17 13:39:23 [INFO] ============================================================
2026-03-17 13:39:23 [INFO] 네이버 뉴스 크롤러
2026-03-17 13:39:23 [INFO]   검색어 : 삼성전자 | 기간: 2022-01-01 ~ 2025-12-31 | 목표: 7000건
2026-03-17 13:39:23 [INFO] ============================================================
2026-03-17 13:39:23 [INFO] 총 48개월 | 이미 수집: 0건
2026-03-17 13:39:23 [INFO] 
[Phase 1] URL 수집 시작
2026-03-17 13:39:23 [INFO]     HTML 크기: 60326 bytes
2026-03-17 13:39:23 [INFO]     OaLkxeV3 포함: False
2026-03-17 13:39:23 [INFO]     GOWcekJV4 포함: False
2026-03-17 13:39:23 [INFO]     카드 발견: 0개
2026-03-17 13:39:23 [INFO]     카드 파싱 0건 -> 링크 직접 수집 폴백
2026-03-17 13:39:23 [INFO]     CLS_NAVER_LINK 링크: 0개
2026-03-17 13:39:23 [INFO]     2022.01 p1: 0건 (연속 빈 1회)
2026-03-17 13:39:24 [INFO]     HTML 크기: 60442 bytes
2026-03-17 13:39:24 [INFO]     OaLkxeV3 포함: False
2026-03-17 13:39:24 [INFO]     GOWcekJV4 포함: False
2026-03-17 13:39:24 [INFO]     카드 발견: 0개
2026-03-17 13:39:24 [INFO]     카드 파싱 0건 -> 링크 직접 수집 폴백
2026-03-17 13:39:24 [INFO]     CLS_NAVER_LINK 링크: 0개
2026-03-17 13:39:24 [INFO]     2022.01 p2: 0건 (연속 빈 2회)
2026-03-17 13:39:26 [INFO]     HTML 크기: 59823 bytes
2026-03-17 13:39:26 [INFO]     OaLkxeV3 포함: False
2026-03-17 13:39:26 [INFO]     GOWcekJV4 포함: False
2026-03-17 13:39:26 [INFO]     카드 발견: 0개
2026-03-17 13:39:26 [INFO]     카드 파싱 0건 -> 링크 직접 수집 폴백
2026-03-17 13:39:26 [INFO]     CLS_NAVER_LINK 링크: 0개
2026-03-17 13:39:26 [INFO]     2022.01 p3: 0건 (연속 빈 3회)
2026-03-17 13:39:26 [INFO]   2022.01 완료: +0건 (누적 0개)
2026-03-17 13:39:26 [INFO]     HTML 크기: 62215 bytes
2026-03-17 13:39:26 [INFO]     OaLkxeV3 포함: False
2026-03-17 13:39:26 [INFO]     GOWcekJV4 포함: False
2026-03-17 13:39:26 [INFO]     카드 발견: 0개
2026-03-17 13:39:26 [INFO]     카드 파싱 0건 -> 링크 직접 수집 폴백
2026-03-17 13:39:26 [INFO]     CLS_NAVER_LINK 링크: 0개
2026-03-17 13:39:26 [INFO]     2022.02 p1: 0건 (연속 빈 1회)
2026-03-17 13:39:28 [INFO]     HTML 크기: 61504 bytes
2026-03-17 13:39:28 [INFO]     OaLkxeV3 포함: False
2026-03-17 13:39:28 [INFO]     GOWcekJV4 포함: False
2026-03-17 13:39:28 [INFO]     카드 발견: 0개
2026-03-17 13:39:28 [INFO]     카드 파싱 0건 -> 링크 직접 수집 폴백
2026-03-17 13:39:28 [INFO]     CLS_NAVER_LINK 링크: 0개
2026-03-17 13:39:28 [INFO]     2022.02 p2: 0건 (연속 빈 2회)
2026-03-17 13:39:29 [INFO]     HTML 크기: 58141 bytes
2026-03-17 13:39:29 [INFO]     OaLkxeV3 포함: False
2026-03-17 13:39:29 [INFO]     GOWcekJV4 포함: False
2026-03-17 13:39:29 [INFO]     카드 발견: 0개
2026-03-17 13:39:29 [INFO]     카드 파싱 0건 -> 링크 직접 수집 폴백
2026-03-17 13:39:29 [INFO]     CLS_NAVER_LINK 링크: 0개
2026-03-17 13:39:29 [INFO]     2022.02 p3: 0건 (연속 빈 3회)
2026-03-17 13:39:29 [INFO]   2022.02 완료: +0건 (누적 0개)
2026-03-17 13:39:29 [INFO]     HTML 크기: 62427 bytes
2026-03-17 13:39:29 [INFO]     OaLkxeV3 포함: False
2026-03-17 13:39:29 [INFO]     GOWcekJV4 포함: False
2026-03-17 13:39:29 [INFO]     카드 발견: 0개
2026-03-17 13:39:29 [INFO]     카드 파싱 0건 -> 링크 직접 수집 폴백
2026-03-17 13:39:29 [INFO]     CLS_NAVER_LINK 링크: 0개
2026-03-17 13:39:29 [INFO]     2022.03 p1: 0건 (연속 빈 1회)
2026-03-17 13:39:31 [INFO]     HTML 크기: 60673 bytes
2026-03-17 13:39:31 [INFO]     OaLkxeV3 포함: False
2026-03-17 13:39:31 [INFO]     GOWcekJV4 포함: False
2026-03-17 13:39:31 [INFO]     카드 발견: 0개
2026-03-17 13:39:31 [INFO]     카드 파싱 0건 -> 링크 직접 수집 폴백
2026-03-17 13:39:31 [INFO]     CLS_NAVER_LINK 링크: 0개
2026-03-17 13:39:31 [INFO]     2022.03 p2: 0건 (연속 빈 2회)
2026-03-17 13:39:32 [INFO]     HTML 크기: 58696 bytes
2026-03-17 13:39:32 [INFO]     OaLkxeV3 포함: False
2026-03-17 13:39:32 [INFO]     GOWcekJV4 포함: False
2026-03-17 13:39:32 [INFO]     카드 발견: 0개
2026-03-17 13:39:32 [INFO]     카드 파싱 0건 -> 링크 직접 수집 폴백
2026-03-17 13:39:32 [INFO]     CLS_NAVER_LINK 링크: 0개
2026-03-17 13:39:32 [INFO]     2022.03 p3: 0건 (연속 빈 3회)
2026-03-17 13:39:32 [INFO]   2022.03 완료: +0건 (누적 0개)
2026-03-17 13:39:33 [INFO]     HTML 크기: 60577 bytes
2026-03-17 13:39:33 [INFO]     OaLkxeV3 포함: False
2026-03-17 13:39:33 [INFO]     GOWcekJV4 포함: False
2026-03-17 13:39:33 [INFO]     카드 발견: 0개
2026-03-17 13:39:33 [INFO]     카드 파싱 0건 -> 링크 직접 수집 폴백
2026-03-17 13:39:33 [INFO]     CLS_NAVER_LINK 링크: 0개
2026-03-17 13:39:33 [INFO]     2022.04 p1: 0건 (연속 빈 1회)
2026-03-17 13:39:34 [INFO]     HTML 크기: 60727 bytes
2026-03-17 13:39:34 [INFO]     OaLkxeV3 포함: False
2026-03-17 13:39:34 [INFO]     GOWcekJV4 포함: False
2026-03-17 13:39:34 [INFO]     카드 발견: 0개
2026-03-17 13:39:34 [INFO]     카드 파싱 0건 -> 링크 직접 수집 폴백
2026-03-17 13:39:34 [INFO]     CLS_NAVER_LINK 링크: 0개
2026-03-17 13:39:34 [INFO]     2022.04 p2: 0건 (연속 빈 2회)
2026-03-17 13:39:35 [INFO]     HTML 크기: 57808 bytes
2026-03-17 13:39:35 [INFO]     OaLkxeV3 포함: False
2026-03-17 13:39:35 [INFO]     GOWcekJV4 포함: False
2026-03-17 13:39:35 [INFO]     카드 발견: 0개
2026-03-17 13:39:35 [INFO]     카드 파싱 0건 -> 링크 직접 수집 폴백
2026-03-17 13:39:35 [INFO]     CLS_NAVER_LINK 링크: 0개
2026-03-17 13:39:35 [INFO]     2022.04 p3: 0건 (연속 빈 3회)
2026-03-17 13:39:35 [INFO]   2022.04 완료: +0건 (누적 0개)
2026-03-17 13:39:36 [INFO]     HTML 크기: 60580 bytes
2026-03-17 13:39:36 [INFO]     OaLkxeV3 포함: False
2026-03-17 13:39:36 [INFO]     GOWcekJV4 포함: False
2026-03-17 13:39:36 [INFO]     카드 발견: 0개
2026-03-17 13:39:36 [INFO]     카드 파싱 0건 -> 링크 직접 수집 폴백
2026-03-17 13:39:36 [INFO]     CLS_NAVER_LINK 링크: 0개
2026-03-17 13:39:36 [INFO]     2022.05 p1: 0건 (연속 빈 1회)
2026-03-17 13:39:37 [INFO]     HTML 크기: 58788 bytes
2026-03-17 13:39:37 [INFO]     OaLkxeV3 포함: False
2026-03-17 13:39:37 [INFO]     GOWcekJV4 포함: False
2026-03-17 13:39:37 [INFO]     카드 발견: 0개
2026-03-17 13:39:37 [INFO]     카드 파싱 0건 -> 링크 직접 수집 폴백
2026-03-17 13:39:37 [INFO]     CLS_NAVER_LINK 링크: 0개
2026-03-17 13:39:37 [INFO]     2022.05 p2: 0건 (연속 빈 2회)
2026-03-17 13:39:39 [INFO]     HTML 크기: 58534 bytes
2026-03-17 13:39:39 [INFO]     OaLkxeV3 포함: False
2026-03-17 13:39:39 [INFO]     GOWcekJV4 포함: False
2026-03-17 13:39:39 [INFO]     카드 발견: 0개
2026-03-17 13:39:39 [INFO]     카드 파싱 0건 -> 링크 직접 수집 폴백
2026-03-17 13:39:39 [INFO]     CLS_NAVER_LINK 링크: 0개
2026-03-17 13:39:39 [INFO]     2022.05 p3: 0건 (연속 빈 3회)
2026-03-17 13:39:39 [INFO]   2022.05 완료: +0건 (누적 0개)
2026-03-17 13:39:39 [INFO]     HTML 크기: 62608 bytes
2026-03-17 13:39:39 [INFO]     OaLkxeV3 포함: False
2026-03-17 13:39:39 [INFO]     GOWcekJV4 포함: False
2026-03-17 13:39:39 [INFO]     카드 발견: 0개
2026-03-17 13:39:39 [INFO]     카드 파싱 0건 -> 링크 직접 수집 폴백
2026-03-17 13:39:39 [INFO]     CLS_NAVER_LINK 링크: 0개
2026-03-17 13:39:39 [INFO]     2022.06 p1: 0건 (연속 빈 1회)
2026-03-17 13:39:40 [INFO]     HTML 크기: 59385 bytes
2026-03-17 13:39:40 [INFO]     OaLkxeV3 포함: False
2026-03-17 13:39:40 [INFO]     GOWcekJV4 포함: False
2026-03-17 13:39:40 [INFO]     카드 발견: 0개
2026-03-17 13:39:40 [INFO]     카드 파싱 0건 -> 링크 직접 수집 폴백
2026-03-17 13:39:40 [INFO]     CLS_NAVER_LINK 링크: 0개
2026-03-17 13:39:40 [INFO]     2022.06 p2: 0건 (연속 빈 2회)
2026-03-17 13:39:41 [INFO]     HTML 크기: 56807 bytes
2026-03-17 13:39:41 [INFO]     OaLkxeV3 포함: False
2026-03-17 13:39:41 [INFO]     GOWcekJV4 포함: False
2026-03-17 13:39:41 [INFO]     카드 발견: 0개
2026-03-17 13:39:41 [INFO]     카드 파싱 0건 -> 링크 직접 수집 폴백
2026-03-17 13:39:41 [INFO]     CLS_NAVER_LINK 링크: 0개
2026-03-17 13:39:41 [INFO]     2022.06 p3: 0건 (연속 빈 3회)
2026-03-17 13:39:41 [INFO]   2022.06 완료: +0건 (누적 0개)
2026-03-17 13:39:42 [INFO]     HTML 크기: 59890 bytes
2026-03-17 13:39:42 [INFO]     OaLkxeV3 포함: False
2026-03-17 13:39:42 [INFO]     GOWcekJV4 포함: False
2026-03-17 13:39:42 [INFO]     카드 발견: 0개
2026-03-17 13:39:42 [INFO]     카드 파싱 0건 -> 링크 직접 수집 폴백
2026-03-17 13:39:42 [INFO]     CLS_NAVER_LINK 링크: 0개
2026-03-17 13:39:42 [INFO]     2022.07 p1: 0건 (연속 빈 1회)
2026-03-17 13:39:43 [INFO]     HTML 크기: 59296 bytes
2026-03-17 13:39:43 [INFO]     OaLkxeV3 포함: False
2026-03-17 13:39:43 [INFO]     GOWcekJV4 포함: False
2026-03-17 13:39:43 [INFO]     카드 발견: 0개
2026-03-17 13:39:43 [INFO]     카드 파싱 0건 -> 링크 직접 수집 폴백
2026-03-17 13:39:43 [INFO]     CLS_NAVER_LINK 링크: 0개
2026-03-17 13:39:43 [INFO]     2022.07 p2: 0건 (연속 빈 2회)
2026-03-17 13:39:44 [INFO]     HTML 크기: 59551 bytes
2026-03-17 13:39:44 [INFO]     OaLkxeV3 포함: False
2026-03-17 13:39:44 [INFO]     GOWcekJV4 포함: False
2026-03-17 13:39:44 [INFO]     카드 발견: 0개
2026-03-17 13:39:44 [INFO]     카드 파싱 0건 -> 링크 직접 수집 폴백
2026-03-17 13:39:44 [INFO]     CLS_NAVER_LINK 링크: 0개
2026-03-17 13:39:44 [INFO]     2022.07 p3: 0건 (연속 빈 3회)
2026-03-17 13:39:44 [INFO]   2022.07 완료: +0건 (누적 0개)
2026-03-17 13:39:44 [INFO]     HTML 크기: 61784 bytes
2026-03-17 13:39:44 [INFO]     OaLkxeV3 포함: False
2026-03-17 13:39:44 [INFO]     GOWcekJV4 포함: False
2026-03-17 13:39:44 [INFO]     카드 발견: 0개
2026-03-17 13:39:44 [INFO]     카드 파싱 0건 -> 링크 직접 수집 폴백
2026-03-17 13:39:44 [INFO]     CLS_NAVER_LINK 링크: 0개
2026-03-17 13:39:44 [INFO]     2022.08 p1: 0건 (연속 빈 1회)
2026-03-17 13:39:46 [INFO]     HTML 크기: 59044 bytes
2026-03-17 13:39:46 [INFO]     OaLkxeV3 포함: False
2026-03-17 13:39:46 [INFO]     GOWcekJV4 포함: False
2026-03-17 13:39:46 [INFO]     카드 발견: 0개
2026-03-17 13:39:46 [INFO]     카드 파싱 0건 -> 링크 직접 수집 폴백
2026-03-17 13:39:46 [INFO]     CLS_NAVER_LINK 링크: 0개
2026-03-17 13:39:46 [INFO]     2022.08 p2: 0건 (연속 빈 2회)
2026-03-17 13:39:47 [INFO]     HTML 크기: 57789 bytes
2026-03-17 13:39:47 [INFO]     OaLkxeV3 포함: False
2026-03-17 13:39:47 [INFO]     GOWcekJV4 포함: False
2026-03-17 13:39:47 [INFO]     카드 발견: 0개
2026-03-17 13:39:47 [INFO]     카드 파싱 0건 -> 링크 직접 수집 폴백
2026-03-17 13:39:47 [INFO]     CLS_NAVER_LINK 링크: 0개
2026-03-17 13:39:47 [INFO]     2022.08 p3: 0건 (연속 빈 3회)
2026-03-17 13:39:47 [INFO]   2022.08 완료: +0건 (누적 0개)
2026-03-17 13:39:47 [INFO]     HTML 크기: 61745 bytes
2026-03-17 13:39:47 [INFO]     OaLkxeV3 포함: False
2026-03-17 13:39:47 [INFO]     GOWcekJV4 포함: False
2026-03-17 13:39:47 [INFO]     카드 발견: 0개
2026-03-17 13:39:47 [INFO]     카드 파싱 0건 -> 링크 직접 수집 폴백
2026-03-17 13:39:47 [INFO]     CLS_NAVER_LINK 링크: 0개
2026-03-17 13:39:47 [INFO]     2022.09 p1: 0건 (연속 빈 1회)
2026-03-17 13:39:49 [INFO]     HTML 크기: 59014 bytes
2026-03-17 13:39:49 [INFO]     OaLkxeV3 포함: False
2026-03-17 13:39:49 [INFO]     GOWcekJV4 포함: False
2026-03-17 13:39:49 [INFO]     카드 발견: 0개
2026-03-17 13:39:49 [INFO]     카드 파싱 0건 -> 링크 직접 수집 폴백
2026-03-17 13:39:49 [INFO]     CLS_NAVER_LINK 링크: 0개
2026-03-17 13:39:49 [INFO]     2022.09 p2: 0건 (연속 빈 2회)
2026-03-17 13:39:50 [INFO]     HTML 크기: 59110 bytes
2026-03-17 13:39:50 [INFO]     OaLkxeV3 포함: False
2026-03-17 13:39:50 [INFO]     GOWcekJV4 포함: False
2026-03-17 13:39:50 [INFO]     카드 발견: 0개
2026-03-17 13:39:50 [INFO]     카드 파싱 0건 -> 링크 직접 수집 폴백
2026-03-17 13:39:50 [INFO]     CLS_NAVER_LINK 링크: 0개
2026-03-17 13:39:50 [INFO]     2022.09 p3: 0건 (연속 빈 3회)
2026-03-17 13:39:50 [INFO]   2022.09 완료: +0건 (누적 0개)
2026-03-17 13:39:50 [INFO]     HTML 크기: 62296 bytes
2026-03-17 13:39:50 [INFO]     OaLkxeV3 포함: False
2026-03-17 13:39:50 [INFO]     GOWcekJV4 포함: False
2026-03-17 13:39:50 [INFO]     카드 발견: 0개
2026-03-17 13:39:50 [INFO]     카드 파싱 0건 -> 링크 직접 수집 폴백
2026-03-17 13:39:50 [INFO]     CLS_NAVER_LINK 링크: 0개
2026-03-17 13:39:50 [INFO]     2022.10 p1: 0건 (연속 빈 1회)
2026-03-17 13:39:52 [INFO]     HTML 크기: 58233 bytes
2026-03-17 13:39:52 [INFO]     OaLkxeV3 포함: False
2026-03-17 13:39:52 [INFO]     GOWcekJV4 포함: False
2026-03-17 13:39:52 [INFO]     카드 발견: 0개
2026-03-17 13:39:52 [INFO]     카드 파싱 0건 -> 링크 직접 수집 폴백
2026-03-17 13:39:52 [INFO]     CLS_NAVER_LINK 링크: 0개
2026-03-17 13:39:52 [INFO]     2022.10 p2: 0건 (연속 빈 2회)
2026-03-17 13:39:53 [INFO]     HTML 크기: 60746 bytes
2026-03-17 13:39:53 [INFO]     OaLkxeV3 포함: False
2026-03-17 13:39:53 [INFO]     GOWcekJV4 포함: False
2026-03-17 13:39:53 [INFO]     카드 발견: 0개
2026-03-17 13:39:53 [INFO]     카드 파싱 0건 -> 링크 직접 수집 폴백
2026-03-17 13:39:53 [INFO]     CLS_NAVER_LINK 링크: 0개
2026-03-17 13:39:53 [INFO]     2022.10 p3: 0건 (연속 빈 3회)
2026-03-17 13:39:53 [INFO]   2022.10 완료: +0건 (누적 0개)
2026-03-17 13:39:53 [INFO]     HTML 크기: 61148 bytes
2026-03-17 13:39:53 [INFO]     OaLkxeV3 포함: False
2026-03-17 13:39:53 [INFO]     GOWcekJV4 포함: False
2026-03-17 13:39:53 [INFO]     카드 발견: 0개
2026-03-17 13:39:53 [INFO]     카드 파싱 0건 -> 링크 직접 수집 폴백
2026-03-17 13:39:53 [INFO]     CLS_NAVER_LINK 링크: 0개
2026-03-17 13:39:53 [INFO]     2022.11 p1: 0건 (연속 빈 1회)
2026-03-17 13:39:54 [INFO]     HTML 크기: 59702 bytes
2026-03-17 13:39:54 [INFO]     OaLkxeV3 포함: False
2026-03-17 13:39:54 [INFO]     GOWcekJV4 포함: False
2026-03-17 13:39:54 [INFO]     카드 발견: 0개
2026-03-17 13:39:54 [INFO]     카드 파싱 0건 -> 링크 직접 수집 폴백
2026-03-17 13:39:54 [INFO]     CLS_NAVER_LINK 링크: 0개
2026-03-17 13:39:54 [INFO]     2022.11 p2: 0건 (연속 빈 2회)
2026-03-17 13:39:56 [INFO]     HTML 크기: 58336 bytes
2026-03-17 13:39:56 [INFO]     OaLkxeV3 포함: False
2026-03-17 13:39:56 [INFO]     GOWcekJV4 포함: False
2026-03-17 13:39:56 [INFO]     카드 발견: 0개
2026-03-17 13:39:56 [INFO]     카드 파싱 0건 -> 링크 직접 수집 폴백
2026-03-17 13:39:56 [INFO]     CLS_NAVER_LINK 링크: 0개
2026-03-17 13:39:56 [INFO]     2022.11 p3: 0건 (연속 빈 3회)
2026-03-17 13:39:56 [INFO]   2022.11 완료: +0건 (누적 0개)
2026-03-17 13:39:56 [INFO]     HTML 크기: 61926 bytes
2026-03-17 13:39:56 [INFO]     OaLkxeV3 포함: False
2026-03-17 13:39:56 [INFO]     GOWcekJV4 포함: False
2026-03-17 13:39:56 [INFO]     카드 발견: 0개
2026-03-17 13:39:56 [INFO]     카드 파싱 0건 -> 링크 직접 수집 폴백
2026-03-17 13:39:56 [INFO]     CLS_NAVER_LINK 링크: 0개
2026-03-17 13:39:56 [INFO]     2022.12 p1: 0건 (연속 빈 1회)
2026-03-17 13:39:58 [INFO]     HTML 크기: 59578 bytes
2026-03-17 13:39:58 [INFO]     OaLkxeV3 포함: False
2026-03-17 13:39:58 [INFO]     GOWcekJV4 포함: False
2026-03-17 13:39:58 [INFO]     카드 발견: 0개
2026-03-17 13:39:58 [INFO]     카드 파싱 0건 -> 링크 직접 수집 폴백
2026-03-17 13:39:58 [INFO]     CLS_NAVER_LINK 링크: 0개
2026-03-17 13:39:58 [INFO]     2022.12 p2: 0건 (연속 빈 2회)
2026-03-17 13:39:59 [INFO]     HTML 크기: 58587 bytes
2026-03-17 13:39:59 [INFO]     OaLkxeV3 포함: False
2026-03-17 13:39:59 [INFO]     GOWcekJV4 포함: False
2026-03-17 13:39:59 [INFO]     카드 발견: 0개
2026-03-17 13:39:59 [INFO]     카드 파싱 0건 -> 링크 직접 수집 폴백
2026-03-17 13:39:59 [INFO]     CLS_NAVER_LINK 링크: 0개
2026-03-17 13:39:59 [INFO]     2022.12 p3: 0건 (연속 빈 3회)
2026-03-17 13:39:59 [INFO]   2022.12 완료: +0건 (누적 0개)
2026-03-17 13:39:59 [INFO]     HTML 크기: 62111 bytes
2026-03-17 13:39:59 [INFO]     OaLkxeV3 포함: False
2026-03-17 13:39:59 [INFO]     GOWcekJV4 포함: False
2026-03-17 13:39:59 [INFO]     카드 발견: 0개
2026-03-17 13:39:59 [INFO]     카드 파싱 0건 -> 링크 직접 수집 폴백
2026-03-17 13:39:59 [INFO]     CLS_NAVER_LINK 링크: 0개
2026-03-17 13:39:59 [INFO]     2023.01 p1: 0건 (연속 빈 1회)
2026-03-17 13:40:00 [INFO]     HTML 크기: 61690 bytes
2026-03-17 13:40:00 [INFO]     OaLkxeV3 포함: False
2026-03-17 13:40:00 [INFO]     GOWcekJV4 포함: False
2026-03-17 13:40:00 [INFO]     카드 발견: 0개
2026-03-17 13:40:00 [INFO]     카드 파싱 0건 -> 링크 직접 수집 폴백
2026-03-17 13:40:00 [INFO]     CLS_NAVER_LINK 링크: 0개
2026-03-17 13:40:00 [INFO]     2023.01 p2: 0건 (연속 빈 2회)
2026-03-17 13:40:02 [INFO]     HTML 크기: 59283 bytes
2026-03-17 13:40:02 [INFO]     OaLkxeV3 포함: False
2026-03-17 13:40:02 [INFO]     GOWcekJV4 포함: False
2026-03-17 13:40:02 [INFO]     카드 발견: 0개
2026-03-17 13:40:02 [INFO]     카드 파싱 0건 -> 링크 직접 수집 폴백
2026-03-17 13:40:02 [INFO]     CLS_NAVER_LINK 링크: 0개
2026-03-17 13:40:02 [INFO]     2023.01 p3: 0건 (연속 빈 3회)
2026-03-17 13:40:02 [INFO]   2023.01 완료: +0건 (누적 0개)
2026-03-17 13:40:02 [INFO]     HTML 크기: 61882 bytes
2026-03-17 13:40:02 [INFO]     OaLkxeV3 포함: False
2026-03-17 13:40:02 [INFO]     GOWcekJV4 포함: False
2026-03-17 13:40:02 [INFO]     카드 발견: 0개
2026-03-17 13:40:02 [INFO]     카드 파싱 0건 -> 링크 직접 수집 폴백
2026-03-17 13:40:02 [INFO]     CLS_NAVER_LINK 링크: 0개
2026-03-17 13:40:02 [INFO]     2023.02 p1: 0건 (연속 빈 1회)
2026-03-17 13:40:03 [INFO]     HTML 크기: 59669 bytes
2026-03-17 13:40:03 [INFO]     OaLkxeV3 포함: False
2026-03-17 13:40:03 [INFO]     GOWcekJV4 포함: False
2026-03-17 13:40:03 [INFO]     카드 발견: 0개
2026-03-17 13:40:03 [INFO]     카드 파싱 0건 -> 링크 직접 수집 폴백
2026-03-17 13:40:03 [INFO]     CLS_NAVER_LINK 링크: 0개
2026-03-17 13:40:03 [INFO]     2023.02 p2: 0건 (연속 빈 2회)
2026-03-17 13:40:05 [INFO]     HTML 크기: 59327 bytes
2026-03-17 13:40:05 [INFO]     OaLkxeV3 포함: False
2026-03-17 13:40:05 [INFO]     GOWcekJV4 포함: False
2026-03-17 13:40:05 [INFO]     카드 발견: 0개
2026-03-17 13:40:05 [INFO]     카드 파싱 0건 -> 링크 직접 수집 폴백
2026-03-17 13:40:05 [INFO]     CLS_NAVER_LINK 링크: 0개
2026-03-17 13:40:05 [INFO]     2023.02 p3: 0건 (연속 빈 3회)
2026-03-17 13:40:05 [INFO]   2023.02 완료: +0건 (누적 0개)
2026-03-17 13:40:05 [INFO]     HTML 크기: 60973 bytes
2026-03-17 13:40:05 [INFO]     OaLkxeV3 포함: False
2026-03-17 13:40:05 [INFO]     GOWcekJV4 포함: False
2026-03-17 13:40:05 [INFO]     카드 발견: 0개
2026-03-17 13:40:05 [INFO]     카드 파싱 0건 -> 링크 직접 수집 폴백
2026-03-17 13:40:05 [INFO]     CLS_NAVER_LINK 링크: 0개
2026-03-17 13:40:05 [INFO]     2023.03 p1: 0건 (연속 빈 1회)
2026-03-17 13:40:06 [INFO]     HTML 크기: 60035 bytes
2026-03-17 13:40:06 [INFO]     OaLkxeV3 포함: False
2026-03-17 13:40:06 [INFO]     GOWcekJV4 포함: False
2026-03-17 13:40:06 [INFO]     카드 발견: 0개
2026-03-17 13:40:06 [INFO]     카드 파싱 0건 -> 링크 직접 수집 폴백
2026-03-17 13:40:06 [INFO]     CLS_NAVER_LINK 링크: 0개
2026-03-17 13:40:06 [INFO]     2023.03 p2: 0건 (연속 빈 2회)
2026-03-17 13:40:07 [INFO]     HTML 크기: 60126 bytes
2026-03-17 13:40:07 [INFO]     OaLkxeV3 포함: False
2026-03-17 13:40:07 [INFO]     GOWcekJV4 포함: False
2026-03-17 13:40:07 [INFO]     카드 발견: 0개
2026-03-17 13:40:07 [INFO]     카드 파싱 0건 -> 링크 직접 수집 폴백
2026-03-17 13:40:07 [INFO]     CLS_NAVER_LINK 링크: 0개
2026-03-17 13:40:07 [INFO]     2023.03 p3: 0건 (연속 빈 3회)
2026-03-17 13:40:07 [INFO]   2023.03 완료: +0건 (누적 0개)
2026-03-17 13:40:08 [INFO]     HTML 크기: 58835 bytes
2026-03-17 13:40:08 [INFO]     OaLkxeV3 포함: False
2026-03-17 13:40:08 [INFO]     GOWcekJV4 포함: False
2026-03-17 13:40:08 [INFO]     카드 발견: 0개
2026-03-17 13:40:08 [INFO]     카드 파싱 0건 -> 링크 직접 수집 폴백
2026-03-17 13:40:08 [INFO]     CLS_NAVER_LINK 링크: 0개
2026-03-17 13:40:08 [INFO]     2023.04 p1: 0건 (연속 빈 1회)
2026-03-17 13:40:09 [INFO]     HTML 크기: 60795 bytes
2026-03-17 13:40:09 [INFO]     OaLkxeV3 포함: False
2026-03-17 13:40:09 [INFO]     GOWcekJV4 포함: False
2026-03-17 13:40:09 [INFO]     카드 발견: 0개
2026-03-17 13:40:09 [INFO]     카드 파싱 0건 -> 링크 직접 수집 폴백
2026-03-17 13:40:09 [INFO]     CLS_NAVER_LINK 링크: 0개
2026-03-17 13:40:09 [INFO]     2023.04 p2: 0건 (연속 빈 2회)
2026-03-17 13:40:10 [INFO]     HTML 크기: 60971 bytes
2026-03-17 13:40:10 [INFO]     OaLkxeV3 포함: False
2026-03-17 13:40:10 [INFO]     GOWcekJV4 포함: False
2026-03-17 13:40:10 [INFO]     카드 발견: 0개
2026-03-17 13:40:10 [INFO]     카드 파싱 0건 -> 링크 직접 수집 폴백
2026-03-17 13:40:10 [INFO]     CLS_NAVER_LINK 링크: 0개
2026-03-17 13:40:10 [INFO]     2023.04 p3: 0건 (연속 빈 3회)
2026-03-17 13:40:10 [INFO]   2023.04 완료: +0건 (누적 0개)
2026-03-17 13:40:10 [INFO]     HTML 크기: 61683 bytes
2026-03-17 13:40:10 [INFO]     OaLkxeV3 포함: False
2026-03-17 13:40:10 [INFO]     GOWcekJV4 포함: False
2026-03-17 13:40:10 [INFO]     카드 발견: 0개
2026-03-17 13:40:10 [INFO]     카드 파싱 0건 -> 링크 직접 수집 폴백
2026-03-17 13:40:10 [INFO]     CLS_NAVER_LINK 링크: 0개
2026-03-17 13:40:10 [INFO]     2023.05 p1: 0건 (연속 빈 1회)
2026-03-17 13:40:12 [INFO]     HTML 크기: 59655 bytes
2026-03-17 13:40:12 [INFO]     OaLkxeV3 포함: False
2026-03-17 13:40:12 [INFO]     GOWcekJV4 포함: False
2026-03-17 13:40:12 [INFO]     카드 발견: 0개
2026-03-17 13:40:12 [INFO]     카드 파싱 0건 -> 링크 직접 수집 폴백
2026-03-17 13:40:12 [INFO]     CLS_NAVER_LINK 링크: 0개
2026-03-17 13:40:12 [INFO]     2023.05 p2: 0건 (연속 빈 2회)
2026-03-17 13:40:13 [INFO]     HTML 크기: 59458 bytes
2026-03-17 13:40:13 [INFO]     OaLkxeV3 포함: False
2026-03-17 13:40:13 [INFO]     GOWcekJV4 포함: False
2026-03-17 13:40:13 [INFO]     카드 발견: 0개
2026-03-17 13:40:13 [INFO]     카드 파싱 0건 -> 링크 직접 수집 폴백
2026-03-17 13:40:13 [INFO]     CLS_NAVER_LINK 링크: 0개
2026-03-17 13:40:13 [INFO]     2023.05 p3: 0건 (연속 빈 3회)
2026-03-17 13:40:13 [INFO]   2023.05 완료: +0건 (누적 0개)
2026-03-17 13:40:14 [INFO]     HTML 크기: 61825 bytes
2026-03-17 13:40:14 [INFO]     OaLkxeV3 포함: False
2026-03-17 13:40:14 [INFO]     GOWcekJV4 포함: False
2026-03-17 13:40:14 [INFO]     카드 발견: 0개
2026-03-17 13:40:14 [INFO]     카드 파싱 0건 -> 링크 직접 수집 폴백
2026-03-17 13:40:14 [INFO]     CLS_NAVER_LINK 링크: 0개
2026-03-17 13:40:14 [INFO]     2023.06 p1: 0건 (연속 빈 1회)
2026-03-17 13:40:15 [INFO]     HTML 크기: 58809 bytes
2026-03-17 13:40:15 [INFO]     OaLkxeV3 포함: False
2026-03-17 13:40:15 [INFO]     GOWcekJV4 포함: False
2026-03-17 13:40:15 [INFO]     카드 발견: 0개
2026-03-17 13:40:15 [INFO]     카드 파싱 0건 -> 링크 직접 수집 폴백
2026-03-17 13:40:15 [INFO]     CLS_NAVER_LINK 링크: 0개
2026-03-17 13:40:15 [INFO]     2023.06 p2: 0건 (연속 빈 2회)
2026-03-17 13:40:16 [INFO]     HTML 크기: 59017 bytes
2026-03-17 13:40:16 [INFO]     OaLkxeV3 포함: False
2026-03-17 13:40:16 [INFO]     GOWcekJV4 포함: False
2026-03-17 13:40:16 [INFO]     카드 발견: 0개
2026-03-17 13:40:16 [INFO]     카드 파싱 0건 -> 링크 직접 수집 폴백
2026-03-17 13:40:16 [INFO]     CLS_NAVER_LINK 링크: 0개
2026-03-17 13:40:16 [INFO]     2023.06 p3: 0건 (연속 빈 3회)
2026-03-17 13:40:16 [INFO]   2023.06 완료: +0건 (누적 0개)
2026-03-17 13:40:17 [INFO]     HTML 크기: 60472 bytes
2026-03-17 13:40:17 [INFO]     OaLkxeV3 포함: False
2026-03-17 13:40:17 [INFO]     GOWcekJV4 포함: False
2026-03-17 13:40:17 [INFO]     카드 발견: 0개
2026-03-17 13:40:17 [INFO]     카드 파싱 0건 -> 링크 직접 수집 폴백
2026-03-17 13:40:17 [INFO]     CLS_NAVER_LINK 링크: 0개
2026-03-17 13:40:17 [INFO]     2023.07 p1: 0건 (연속 빈 1회)
2026-03-17 13:40:18 [INFO]     HTML 크기: 59422 bytes
2026-03-17 13:40:18 [INFO]     OaLkxeV3 포함: False
2026-03-17 13:40:18 [INFO]     GOWcekJV4 포함: False
2026-03-17 13:40:18 [INFO]     카드 발견: 0개
2026-03-17 13:40:18 [INFO]     카드 파싱 0건 -> 링크 직접 수집 폴백
2026-03-17 13:40:18 [INFO]     CLS_NAVER_LINK 링크: 0개
2026-03-17 13:40:18 [INFO]     2023.07 p2: 0건 (연속 빈 2회)
2026-03-17 13:40:20 [INFO]     HTML 크기: 59578 bytes
2026-03-17 13:40:20 [INFO]     OaLkxeV3 포함: False
2026-03-17 13:40:20 [INFO]     GOWcekJV4 포함: False
2026-03-17 13:40:20 [INFO]     카드 발견: 0개
2026-03-17 13:40:20 [INFO]     카드 파싱 0건 -> 링크 직접 수집 폴백
2026-03-17 13:40:20 [INFO]     CLS_NAVER_LINK 링크: 0개
2026-03-17 13:40:20 [INFO]     2023.07 p3: 0건 (연속 빈 3회)
2026-03-17 13:40:20 [INFO]   2023.07 완료: +0건 (누적 0개)
2026-03-17 13:40:20 [INFO]     HTML 크기: 61113 bytes
2026-03-17 13:40:20 [INFO]     OaLkxeV3 포함: False
2026-03-17 13:40:20 [INFO]     GOWcekJV4 포함: False
2026-03-17 13:40:20 [INFO]     카드 발견: 0개
2026-03-17 13:40:20 [INFO]     카드 파싱 0건 -> 링크 직접 수집 폴백
2026-03-17 13:40:20 [INFO]     CLS_NAVER_LINK 링크: 0개
2026-03-17 13:40:20 [INFO]     2023.08 p1: 0건 (연속 빈 1회)
2026-03-17 13:40:21 [INFO]     HTML 크기: 60243 bytes
2026-03-17 13:40:21 [INFO]     OaLkxeV3 포함: False
2026-03-17 13:40:21 [INFO]     GOWcekJV4 포함: False
2026-03-17 13:40:21 [INFO]     카드 발견: 0개
2026-03-17 13:40:21 [INFO]     카드 파싱 0건 -> 링크 직접 수집 폴백
2026-03-17 13:40:21 [INFO]     CLS_NAVER_LINK 링크: 0개
2026-03-17 13:40:21 [INFO]     2023.08 p2: 0건 (연속 빈 2회)
2026-03-17 13:40:22 [INFO]     HTML 크기: 58212 bytes
2026-03-17 13:40:22 [INFO]     OaLkxeV3 포함: False
2026-03-17 13:40:22 [INFO]     GOWcekJV4 포함: False
2026-03-17 13:40:22 [INFO]     카드 발견: 0개
2026-03-17 13:40:22 [INFO]     카드 파싱 0건 -> 링크 직접 수집 폴백
2026-03-17 13:40:22 [INFO]     CLS_NAVER_LINK 링크: 0개
2026-03-17 13:40:22 [INFO]     2023.08 p3: 0건 (연속 빈 3회)
2026-03-17 13:40:22 [INFO]   2023.08 완료: +0건 (누적 0개)
2026-03-17 13:40:23 [INFO]     HTML 크기: 60572 bytes
2026-03-17 13:40:23 [INFO]     OaLkxeV3 포함: False
2026-03-17 13:40:23 [INFO]     GOWcekJV4 포함: False
2026-03-17 13:40:23 [INFO]     카드 발견: 0개
2026-03-17 13:40:23 [INFO]     카드 파싱 0건 -> 링크 직접 수집 폴백
2026-03-17 13:40:23 [INFO]     CLS_NAVER_LINK 링크: 0개
2026-03-17 13:40:23 [INFO]     2023.09 p1: 0건 (연속 빈 1회)
2026-03-17 13:40:24 [INFO]     HTML 크기: 60302 bytes
2026-03-17 13:40:24 [INFO]     OaLkxeV3 포함: False
2026-03-17 13:40:24 [INFO]     GOWcekJV4 포함: False
2026-03-17 13:40:24 [INFO]     카드 발견: 0개
2026-03-17 13:40:24 [INFO]     카드 파싱 0건 -> 링크 직접 수집 폴백
2026-03-17 13:40:24 [INFO]     CLS_NAVER_LINK 링크: 0개
2026-03-17 13:40:24 [INFO]     2023.09 p2: 0건 (연속 빈 2회)
2026-03-17 13:40:25 [INFO]     HTML 크기: 61104 bytes
2026-03-17 13:40:25 [INFO]     OaLkxeV3 포함: False
2026-03-17 13:40:25 [INFO]     GOWcekJV4 포함: False
2026-03-17 13:40:25 [INFO]     카드 발견: 0개
2026-03-17 13:40:25 [INFO]     카드 파싱 0건 -> 링크 직접 수집 폴백
2026-03-17 13:40:25 [INFO]     CLS_NAVER_LINK 링크: 0개
2026-03-17 13:40:25 [INFO]     2023.09 p3: 0건 (연속 빈 3회)
2026-03-17 13:40:25 [INFO]   2023.09 완료: +0건 (누적 0개)
2026-03-17 13:40:25 [INFO]     HTML 크기: 62087 bytes
2026-03-17 13:40:25 [INFO]     OaLkxeV3 포함: False
2026-03-17 13:40:25 [INFO]     GOWcekJV4 포함: False
2026-03-17 13:40:25 [INFO]     카드 발견: 0개
2026-03-17 13:40:25 [INFO]     카드 파싱 0건 -> 링크 직접 수집 폴백
2026-03-17 13:40:25 [INFO]     CLS_NAVER_LINK 링크: 0개
2026-03-17 13:40:25 [INFO]     2023.10 p1: 0건 (연속 빈 1회)
2026-03-17 13:40:27 [INFO]     HTML 크기: 60526 bytes
2026-03-17 13:40:27 [INFO]     OaLkxeV3 포함: False
2026-03-17 13:40:27 [INFO]     GOWcekJV4 포함: False
2026-03-17 13:40:27 [INFO]     카드 발견: 0개
2026-03-17 13:40:27 [INFO]     카드 파싱 0건 -> 링크 직접 수집 폴백
2026-03-17 13:40:27 [INFO]     CLS_NAVER_LINK 링크: 0개
2026-03-17 13:40:27 [INFO]     2023.10 p2: 0건 (연속 빈 2회)
2026-03-17 13:40:28 [INFO]     HTML 크기: 59386 bytes
2026-03-17 13:40:28 [INFO]     OaLkxeV3 포함: False
2026-03-17 13:40:28 [INFO]     GOWcekJV4 포함: False
2026-03-17 13:40:28 [INFO]     카드 발견: 0개
2026-03-17 13:40:28 [INFO]     카드 파싱 0건 -> 링크 직접 수집 폴백
2026-03-17 13:40:28 [INFO]     CLS_NAVER_LINK 링크: 0개
2026-03-17 13:40:28 [INFO]     2023.10 p3: 0건 (연속 빈 3회)
2026-03-17 13:40:28 [INFO]   2023.10 완료: +0건 (누적 0개)
2026-03-17 13:40:28 [INFO]     HTML 크기: 60810 bytes
2026-03-17 13:40:28 [INFO]     OaLkxeV3 포함: False
2026-03-17 13:40:28 [INFO]     GOWcekJV4 포함: False
2026-03-17 13:40:28 [INFO]     카드 발견: 0개
2026-03-17 13:40:28 [INFO]     카드 파싱 0건 -> 링크 직접 수집 폴백
2026-03-17 13:40:28 [INFO]     CLS_NAVER_LINK 링크: 0개
2026-03-17 13:40:28 [INFO]     2023.11 p1: 0건 (연속 빈 1회)
2026-03-17 13:40:29 [INFO]     HTML 크기: 61647 bytes
2026-03-17 13:40:29 [INFO]     OaLkxeV3 포함: False
2026-03-17 13:40:29 [INFO]     GOWcekJV4 포함: False
2026-03-17 13:40:29 [INFO]     카드 발견: 0개
2026-03-17 13:40:29 [INFO]     카드 파싱 0건 -> 링크 직접 수집 폴백
2026-03-17 13:40:29 [INFO]     CLS_NAVER_LINK 링크: 0개
2026-03-17 13:40:29 [INFO]     2023.11 p2: 0건 (연속 빈 2회)
2026-03-17 13:40:31 [INFO]     HTML 크기: 57842 bytes
2026-03-17 13:40:31 [INFO]     OaLkxeV3 포함: False
2026-03-17 13:40:31 [INFO]     GOWcekJV4 포함: False
2026-03-17 13:40:31 [INFO]     카드 발견: 0개
2026-03-17 13:40:31 [INFO]     카드 파싱 0건 -> 링크 직접 수집 폴백
2026-03-17 13:40:31 [INFO]     CLS_NAVER_LINK 링크: 0개
2026-03-17 13:40:31 [INFO]     2023.11 p3: 0건 (연속 빈 3회)
2026-03-17 13:40:31 [INFO]   2023.11 완료: +0건 (누적 0개)
2026-03-17 13:40:31 [INFO]     HTML 크기: 59803 bytes
2026-03-17 13:40:31 [INFO]     OaLkxeV3 포함: False
2026-03-17 13:40:31 [INFO]     GOWcekJV4 포함: False
2026-03-17 13:40:31 [INFO]     카드 발견: 0개
2026-03-17 13:40:31 [INFO]     카드 파싱 0건 -> 링크 직접 수집 폴백
2026-03-17 13:40:31 [INFO]     CLS_NAVER_LINK 링크: 0개
2026-03-17 13:40:31 [INFO]     2023.12 p1: 0건 (연속 빈 1회)
2026-03-17 13:40:32 [INFO]     HTML 크기: 61204 bytes
2026-03-17 13:40:32 [INFO]     OaLkxeV3 포함: False
2026-03-17 13:40:32 [INFO]     GOWcekJV4 포함: False
2026-03-17 13:40:32 [INFO]     카드 발견: 0개
2026-03-17 13:40:32 [INFO]     카드 파싱 0건 -> 링크 직접 수집 폴백
2026-03-17 13:40:32 [INFO]     CLS_NAVER_LINK 링크: 0개
2026-03-17 13:40:32 [INFO]     2023.12 p2: 0건 (연속 빈 2회)
2026-03-17 13:40:34 [INFO]     HTML 크기: 58922 bytes
2026-03-17 13:40:34 [INFO]     OaLkxeV3 포함: False
2026-03-17 13:40:34 [INFO]     GOWcekJV4 포함: False
2026-03-17 13:40:34 [INFO]     카드 발견: 0개
2026-03-17 13:40:34 [INFO]     카드 파싱 0건 -> 링크 직접 수집 폴백
2026-03-17 13:40:34 [INFO]     CLS_NAVER_LINK 링크: 0개
2026-03-17 13:40:34 [INFO]     2023.12 p3: 0건 (연속 빈 3회)
2026-03-17 13:40:34 [INFO]   2023.12 완료: +0건 (누적 0개)
2026-03-17 13:40:34 [INFO]     HTML 크기: 62676 bytes
2026-03-17 13:40:34 [INFO]     OaLkxeV3 포함: False
2026-03-17 13:40:34 [INFO]     GOWcekJV4 포함: False
2026-03-17 13:40:34 [INFO]     카드 발견: 0개
2026-03-17 13:40:34 [INFO]     카드 파싱 0건 -> 링크 직접 수집 폴백
2026-03-17 13:40:34 [INFO]     CLS_NAVER_LINK 링크: 0개
2026-03-17 13:40:34 [INFO]     2024.01 p1: 0건 (연속 빈 1회)
2026-03-17 13:40:35 [INFO]     HTML 크기: 59809 bytes
2026-03-17 13:40:35 [INFO]     OaLkxeV3 포함: False
2026-03-17 13:40:35 [INFO]     GOWcekJV4 포함: False
2026-03-17 13:40:35 [INFO]     카드 발견: 0개
2026-03-17 13:40:35 [INFO]     카드 파싱 0건 -> 링크 직접 수집 폴백
2026-03-17 13:40:35 [INFO]     CLS_NAVER_LINK 링크: 0개
2026-03-17 13:40:35 [INFO]     2024.01 p2: 0건 (연속 빈 2회)
2026-03-17 13:40:37 [INFO]     HTML 크기: 58425 bytes
2026-03-17 13:40:37 [INFO]     OaLkxeV3 포함: False
2026-03-17 13:40:37 [INFO]     GOWcekJV4 포함: False
2026-03-17 13:40:37 [INFO]     카드 발견: 0개
2026-03-17 13:40:37 [INFO]     카드 파싱 0건 -> 링크 직접 수집 폴백
2026-03-17 13:40:37 [INFO]     CLS_NAVER_LINK 링크: 0개
2026-03-17 13:40:37 [INFO]     2024.01 p3: 0건 (연속 빈 3회)
2026-03-17 13:40:37 [INFO]   2024.01 완료: +0건 (누적 0개)
2026-03-17 13:40:37 [INFO]     HTML 크기: 63776 bytes
2026-03-17 13:40:37 [INFO]     OaLkxeV3 포함: False
2026-03-17 13:40:37 [INFO]     GOWcekJV4 포함: False
2026-03-17 13:40:37 [INFO]     카드 발견: 0개
2026-03-17 13:40:37 [INFO]     카드 파싱 0건 -> 링크 직접 수집 폴백
2026-03-17 13:40:37 [INFO]     CLS_NAVER_LINK 링크: 0개
2026-03-17 13:40:37 [INFO]     2024.02 p1: 0건 (연속 빈 1회)
2026-03-17 13:40:38 [INFO]     HTML 크기: 59038 bytes
2026-03-17 13:40:38 [INFO]     OaLkxeV3 포함: False
2026-03-17 13:40:38 [INFO]     GOWcekJV4 포함: False
2026-03-17 13:40:38 [INFO]     카드 발견: 0개
2026-03-17 13:40:38 [INFO]     카드 파싱 0건 -> 링크 직접 수집 폴백
2026-03-17 13:40:38 [INFO]     CLS_NAVER_LINK 링크: 0개
2026-03-17 13:40:38 [INFO]     2024.02 p2: 0건 (연속 빈 2회)
2026-03-17 13:40:39 [INFO]     HTML 크기: 60152 bytes
2026-03-17 13:40:39 [INFO]     OaLkxeV3 포함: False
2026-03-17 13:40:39 [INFO]     GOWcekJV4 포함: False
2026-03-17 13:40:39 [INFO]     카드 발견: 0개
2026-03-17 13:40:39 [INFO]     카드 파싱 0건 -> 링크 직접 수집 폴백
2026-03-17 13:40:39 [INFO]     CLS_NAVER_LINK 링크: 0개
2026-03-17 13:40:39 [INFO]     2024.02 p3: 0건 (연속 빈 3회)
2026-03-17 13:40:39 [INFO]   2024.02 완료: +0건 (누적 0개)
2026-03-17 13:40:40 [INFO]     HTML 크기: 61782 bytes
2026-03-17 13:40:40 [INFO]     OaLkxeV3 포함: False
2026-03-17 13:40:40 [INFO]     GOWcekJV4 포함: False
2026-03-17 13:40:40 [INFO]     카드 발견: 0개
2026-03-17 13:40:40 [INFO]     카드 파싱 0건 -> 링크 직접 수집 폴백
2026-03-17 13:40:40 [INFO]     CLS_NAVER_LINK 링크: 0개
2026-03-17 13:40:40 [INFO]     2024.03 p1: 0건 (연속 빈 1회)
2026-03-17 13:40:41 [INFO]     HTML 크기: 59719 bytes
2026-03-17 13:40:41 [INFO]     OaLkxeV3 포함: False
2026-03-17 13:40:41 [INFO]     GOWcekJV4 포함: False
2026-03-17 13:40:41 [INFO]     카드 발견: 0개
2026-03-17 13:40:41 [INFO]     카드 파싱 0건 -> 링크 직접 수집 폴백
2026-03-17 13:40:41 [INFO]     CLS_NAVER_LINK 링크: 0개
2026-03-17 13:40:41 [INFO]     2024.03 p2: 0건 (연속 빈 2회)
2026-03-17 13:40:43 [INFO]     HTML 크기: 59068 bytes
2026-03-17 13:40:43 [INFO]     OaLkxeV3 포함: False
2026-03-17 13:40:43 [INFO]     GOWcekJV4 포함: False
2026-03-17 13:40:43 [INFO]     카드 발견: 0개
2026-03-17 13:40:43 [INFO]     카드 파싱 0건 -> 링크 직접 수집 폴백
2026-03-17 13:40:43 [INFO]     CLS_NAVER_LINK 링크: 0개
2026-03-17 13:40:43 [INFO]     2024.03 p3: 0건 (연속 빈 3회)
2026-03-17 13:40:43 [INFO]   2024.03 완료: +0건 (누적 0개)
2026-03-17 13:40:43 [INFO]     HTML 크기: 62761 bytes
2026-03-17 13:40:43 [INFO]     OaLkxeV3 포함: False
2026-03-17 13:40:43 [INFO]     GOWcekJV4 포함: False
2026-03-17 13:40:43 [INFO]     카드 발견: 0개
2026-03-17 13:40:43 [INFO]     카드 파싱 0건 -> 링크 직접 수집 폴백
2026-03-17 13:40:43 [INFO]     CLS_NAVER_LINK 링크: 0개
2026-03-17 13:40:43 [INFO]     2024.04 p1: 0건 (연속 빈 1회)
2026-03-17 13:40:44 [INFO]     HTML 크기: 61601 bytes
2026-03-17 13:40:44 [INFO]     OaLkxeV3 포함: False
2026-03-17 13:40:44 [INFO]     GOWcekJV4 포함: False
2026-03-17 13:40:44 [INFO]     카드 발견: 0개
2026-03-17 13:40:44 [INFO]     카드 파싱 0건 -> 링크 직접 수집 폴백
2026-03-17 13:40:44 [INFO]     CLS_NAVER_LINK 링크: 0개
2026-03-17 13:40:44 [INFO]     2024.04 p2: 0건 (연속 빈 2회)
2026-03-17 13:40:45 [INFO]     HTML 크기: 59560 bytes
2026-03-17 13:40:45 [INFO]     OaLkxeV3 포함: False
2026-03-17 13:40:45 [INFO]     GOWcekJV4 포함: False
2026-03-17 13:40:45 [INFO]     카드 발견: 0개
2026-03-17 13:40:45 [INFO]     카드 파싱 0건 -> 링크 직접 수집 폴백
2026-03-17 13:40:45 [INFO]     CLS_NAVER_LINK 링크: 0개
2026-03-17 13:40:45 [INFO]     2024.04 p3: 0건 (연속 빈 3회)
2026-03-17 13:40:45 [INFO]   2024.04 완료: +0건 (누적 0개)
2026-03-17 13:40:45 [INFO]     HTML 크기: 61083 bytes
2026-03-17 13:40:45 [INFO]     OaLkxeV3 포함: False
2026-03-17 13:40:45 [INFO]     GOWcekJV4 포함: False
2026-03-17 13:40:45 [INFO]     카드 발견: 0개
2026-03-17 13:40:45 [INFO]     카드 파싱 0건 -> 링크 직접 수집 폴백
2026-03-17 13:40:45 [INFO]     CLS_NAVER_LINK 링크: 0개
2026-03-17 13:40:45 [INFO]     2024.05 p1: 0건 (연속 빈 1회)
2026-03-17 13:40:47 [INFO]     HTML 크기: 59032 bytes
2026-03-17 13:40:47 [INFO]     OaLkxeV3 포함: False
2026-03-17 13:40:47 [INFO]     GOWcekJV4 포함: False
2026-03-17 13:40:47 [INFO]     카드 발견: 0개
2026-03-17 13:40:47 [INFO]     카드 파싱 0건 -> 링크 직접 수집 폴백
2026-03-17 13:40:47 [INFO]     CLS_NAVER_LINK 링크: 0개
2026-03-17 13:40:47 [INFO]     2024.05 p2: 0건 (연속 빈 2회)
2026-03-17 13:40:48 [INFO]     HTML 크기: 60453 bytes
2026-03-17 13:40:48 [INFO]     OaLkxeV3 포함: False
2026-03-17 13:40:48 [INFO]     GOWcekJV4 포함: False
2026-03-17 13:40:48 [INFO]     카드 발견: 0개
2026-03-17 13:40:48 [INFO]     카드 파싱 0건 -> 링크 직접 수집 폴백
2026-03-17 13:40:48 [INFO]     CLS_NAVER_LINK 링크: 0개
2026-03-17 13:40:48 [INFO]     2024.05 p3: 0건 (연속 빈 3회)
2026-03-17 13:40:48 [INFO]   2024.05 완료: +0건 (누적 0개)
2026-03-17 13:40:48 [INFO]     HTML 크기: 62289 bytes
2026-03-17 13:40:48 [INFO]     OaLkxeV3 포함: False
2026-03-17 13:40:48 [INFO]     GOWcekJV4 포함: False
2026-03-17 13:40:48 [INFO]     카드 발견: 0개
2026-03-17 13:40:48 [INFO]     카드 파싱 0건 -> 링크 직접 수집 폴백
2026-03-17 13:40:48 [INFO]     CLS_NAVER_LINK 링크: 0개
2026-03-17 13:40:48 [INFO]     2024.06 p1: 0건 (연속 빈 1회)
2026-03-17 13:40:49 [INFO]     HTML 크기: 58796 bytes
2026-03-17 13:40:49 [INFO]     OaLkxeV3 포함: False
2026-03-17 13:40:49 [INFO]     GOWcekJV4 포함: False
2026-03-17 13:40:49 [INFO]     카드 발견: 0개
2026-03-17 13:40:49 [INFO]     카드 파싱 0건 -> 링크 직접 수집 폴백
2026-03-17 13:40:49 [INFO]     CLS_NAVER_LINK 링크: 0개
2026-03-17 13:40:49 [INFO]     2024.06 p2: 0건 (연속 빈 2회)
2026-03-17 13:40:50 [INFO]     HTML 크기: 57577 bytes
2026-03-17 13:40:50 [INFO]     OaLkxeV3 포함: False
2026-03-17 13:40:50 [INFO]     GOWcekJV4 포함: False
2026-03-17 13:40:50 [INFO]     카드 발견: 0개
2026-03-17 13:40:50 [INFO]     카드 파싱 0건 -> 링크 직접 수집 폴백
2026-03-17 13:40:50 [INFO]     CLS_NAVER_LINK 링크: 0개
2026-03-17 13:40:50 [INFO]     2024.06 p3: 0건 (연속 빈 3회)
2026-03-17 13:40:50 [INFO]   2024.06 완료: +0건 (누적 0개)
2026-03-17 13:40:51 [INFO]     HTML 크기: 61739 bytes
2026-03-17 13:40:51 [INFO]     OaLkxeV3 포함: False
2026-03-17 13:40:51 [INFO]     GOWcekJV4 포함: False
2026-03-17 13:40:51 [INFO]     카드 발견: 0개
2026-03-17 13:40:51 [INFO]     카드 파싱 0건 -> 링크 직접 수집 폴백
2026-03-17 13:40:51 [INFO]     CLS_NAVER_LINK 링크: 0개
2026-03-17 13:40:51 [INFO]     2024.07 p1: 0건 (연속 빈 1회)
2026-03-17 13:40:52 [INFO]     HTML 크기: 60558 bytes
2026-03-17 13:40:52 [INFO]     OaLkxeV3 포함: False
2026-03-17 13:40:52 [INFO]     GOWcekJV4 포함: False
2026-03-17 13:40:52 [INFO]     카드 발견: 0개
2026-03-17 13:40:52 [INFO]     카드 파싱 0건 -> 링크 직접 수집 폴백
2026-03-17 13:40:52 [INFO]     CLS_NAVER_LINK 링크: 0개
2026-03-17 13:40:52 [INFO]     2024.07 p2: 0건 (연속 빈 2회)
2026-03-17 13:40:53 [INFO]     HTML 크기: 58907 bytes
2026-03-17 13:40:53 [INFO]     OaLkxeV3 포함: False
2026-03-17 13:40:53 [INFO]     GOWcekJV4 포함: False
2026-03-17 13:40:53 [INFO]     카드 발견: 0개
2026-03-17 13:40:53 [INFO]     카드 파싱 0건 -> 링크 직접 수집 폴백
2026-03-17 13:40:53 [INFO]     CLS_NAVER_LINK 링크: 0개
2026-03-17 13:40:53 [INFO]     2024.07 p3: 0건 (연속 빈 3회)
2026-03-17 13:40:53 [INFO]   2024.07 완료: +0건 (누적 0개)
2026-03-17 13:40:53 [INFO]     HTML 크기: 63265 bytes
2026-03-17 13:40:53 [INFO]     OaLkxeV3 포함: False
2026-03-17 13:40:53 [INFO]     GOWcekJV4 포함: False
2026-03-17 13:40:53 [INFO]     카드 발견: 0개
2026-03-17 13:40:53 [INFO]     카드 파싱 0건 -> 링크 직접 수집 폴백
2026-03-17 13:40:53 [INFO]     CLS_NAVER_LINK 링크: 0개
2026-03-17 13:40:53 [INFO]     2024.08 p1: 0건 (연속 빈 1회)
2026-03-17 13:40:54 [INFO]     HTML 크기: 59320 bytes
2026-03-17 13:40:54 [INFO]     OaLkxeV3 포함: False
2026-03-17 13:40:54 [INFO]     GOWcekJV4 포함: False
2026-03-17 13:40:54 [INFO]     카드 발견: 0개
2026-03-17 13:40:54 [INFO]     카드 파싱 0건 -> 링크 직접 수집 폴백
2026-03-17 13:40:54 [INFO]     CLS_NAVER_LINK 링크: 0개
2026-03-17 13:40:54 [INFO]     2024.08 p2: 0건 (연속 빈 2회)
2026-03-17 13:40:56 [INFO]     HTML 크기: 59504 bytes
2026-03-17 13:40:56 [INFO]     OaLkxeV3 포함: False
2026-03-17 13:40:56 [INFO]     GOWcekJV4 포함: False
2026-03-17 13:40:56 [INFO]     카드 발견: 0개
2026-03-17 13:40:56 [INFO]     카드 파싱 0건 -> 링크 직접 수집 폴백
2026-03-17 13:40:56 [INFO]     CLS_NAVER_LINK 링크: 0개
2026-03-17 13:40:56 [INFO]     2024.08 p3: 0건 (연속 빈 3회)
2026-03-17 13:40:56 [INFO]   2024.08 완료: +0건 (누적 0개)
2026-03-17 13:40:56 [INFO]     HTML 크기: 61495 bytes
2026-03-17 13:40:56 [INFO]     OaLkxeV3 포함: False
2026-03-17 13:40:56 [INFO]     GOWcekJV4 포함: False
2026-03-17 13:40:56 [INFO]     카드 발견: 0개
2026-03-17 13:40:56 [INFO]     카드 파싱 0건 -> 링크 직접 수집 폴백
2026-03-17 13:40:56 [INFO]     CLS_NAVER_LINK 링크: 0개
2026-03-17 13:40:56 [INFO]     2024.09 p1: 0건 (연속 빈 1회)
2026-03-17 13:40:57 [INFO]     HTML 크기: 58893 bytes
2026-03-17 13:40:57 [INFO]     OaLkxeV3 포함: False
2026-03-17 13:40:57 [INFO]     GOWcekJV4 포함: False
2026-03-17 13:40:57 [INFO]     카드 발견: 0개
2026-03-17 13:40:57 [INFO]     카드 파싱 0건 -> 링크 직접 수집 폴백
2026-03-17 13:40:57 [INFO]     CLS_NAVER_LINK 링크: 0개
2026-03-17 13:40:57 [INFO]     2024.09 p2: 0건 (연속 빈 2회)
2026-03-17 13:40:59 [INFO]     HTML 크기: 57876 bytes
2026-03-17 13:40:59 [INFO]     OaLkxeV3 포함: False
2026-03-17 13:40:59 [INFO]     GOWcekJV4 포함: False
2026-03-17 13:40:59 [INFO]     카드 발견: 0개
2026-03-17 13:40:59 [INFO]     카드 파싱 0건 -> 링크 직접 수집 폴백
2026-03-17 13:40:59 [INFO]     CLS_NAVER_LINK 링크: 0개
2026-03-17 13:40:59 [INFO]     2024.09 p3: 0건 (연속 빈 3회)
2026-03-17 13:40:59 [INFO]   2024.09 완료: +0건 (누적 0개)
2026-03-17 13:40:59 [INFO]     HTML 크기: 60913 bytes
2026-03-17 13:40:59 [INFO]     OaLkxeV3 포함: False
2026-03-17 13:40:59 [INFO]     GOWcekJV4 포함: False
2026-03-17 13:40:59 [INFO]     카드 발견: 0개
2026-03-17 13:40:59 [INFO]     카드 파싱 0건 -> 링크 직접 수집 폴백
2026-03-17 13:40:59 [INFO]     CLS_NAVER_LINK 링크: 0개
2026-03-17 13:40:59 [INFO]     2024.10 p1: 0건 (연속 빈 1회)
2026-03-17 13:41:06 [WARNING] [1/3] HTTP 오류: 403 Client Error: Forbidden for url: https://search.naver.com/search.naver?where=news&query=%EC%82%BC%EC%84%B1%EC%A0%84%EC%9E%90&pd=3&ds=2024.10.01&de=2024.10.31&start=10&sort=0
2026-03-17 13:41:10 [INFO]     HTML 크기: 61008 bytes
2026-03-17 13:41:10 [INFO]     OaLkxeV3 포함: False
2026-03-17 13:41:10 [INFO]     GOWcekJV4 포함: False
2026-03-17 13:41:10 [INFO]     카드 발견: 0개
2026-03-17 13:41:10 [INFO]     카드 파싱 0건 -> 링크 직접 수집 폴백
2026-03-17 13:41:10 [INFO]     CLS_NAVER_LINK 링크: 0개
2026-03-17 13:41:10 [INFO]     2024.10 p2: 0건 (연속 빈 2회)
2026-03-17 13:41:11 [INFO]     HTML 크기: 59715 bytes
2026-03-17 13:41:11 [INFO]     OaLkxeV3 포함: False
2026-03-17 13:41:11 [INFO]     GOWcekJV4 포함: False
2026-03-17 13:41:11 [INFO]     카드 발견: 0개
2026-03-17 13:41:11 [INFO]     카드 파싱 0건 -> 링크 직접 수집 폴백
2026-03-17 13:41:11 [INFO]     CLS_NAVER_LINK 링크: 0개
2026-03-17 13:41:11 [INFO]     2024.10 p3: 0건 (연속 빈 3회)
2026-03-17 13:41:11 [INFO]   2024.10 완료: +0건 (누적 0개)
2026-03-17 13:41:11 [INFO]     HTML 크기: 62650 bytes
2026-03-17 13:41:11 [INFO]     OaLkxeV3 포함: False
2026-03-17 13:41:11 [INFO]     GOWcekJV4 포함: False
2026-03-17 13:41:11 [INFO]     카드 발견: 0개
2026-03-17 13:41:11 [INFO]     카드 파싱 0건 -> 링크 직접 수집 폴백
2026-03-17 13:41:11 [INFO]     CLS_NAVER_LINK 링크: 0개
2026-03-17 13:41:11 [INFO]     2024.11 p1: 0건 (연속 빈 1회)
2026-03-17 13:41:12 [INFO]     HTML 크기: 58925 bytes
2026-03-17 13:41:12 [INFO]     OaLkxeV3 포함: False
2026-03-17 13:41:12 [INFO]     GOWcekJV4 포함: False
2026-03-17 13:41:12 [INFO]     카드 발견: 0개
2026-03-17 13:41:12 [INFO]     카드 파싱 0건 -> 링크 직접 수집 폴백
2026-03-17 13:41:12 [INFO]     CLS_NAVER_LINK 링크: 0개
2026-03-17 13:41:12 [INFO]     2024.11 p2: 0건 (연속 빈 2회)
2026-03-17 13:41:14 [INFO]     HTML 크기: 58907 bytes
2026-03-17 13:41:14 [INFO]     OaLkxeV3 포함: False
2026-03-17 13:41:14 [INFO]     GOWcekJV4 포함: False
2026-03-17 13:41:14 [INFO]     카드 발견: 0개
2026-03-17 13:41:14 [INFO]     카드 파싱 0건 -> 링크 직접 수집 폴백
2026-03-17 13:41:14 [INFO]     CLS_NAVER_LINK 링크: 0개
2026-03-17 13:41:14 [INFO]     2024.11 p3: 0건 (연속 빈 3회)
2026-03-17 13:41:14 [INFO]   2024.11 완료: +0건 (누적 0개)
2026-03-17 13:41:14 [INFO]     HTML 크기: 61718 bytes
2026-03-17 13:41:14 [INFO]     OaLkxeV3 포함: False
2026-03-17 13:41:14 [INFO]     GOWcekJV4 포함: False
2026-03-17 13:41:14 [INFO]     카드 발견: 0개
2026-03-17 13:41:14 [INFO]     카드 파싱 0건 -> 링크 직접 수집 폴백
2026-03-17 13:41:14 [INFO]     CLS_NAVER_LINK 링크: 0개
2026-03-17 13:41:14 [INFO]     2024.12 p1: 0건 (연속 빈 1회)
2026-03-17 13:41:21 [WARNING] [1/3] HTTP 오류: 403 Client Error: Forbidden for url: https://search.naver.com/search.naver?where=news&query=%EC%82%BC%EC%84%B1%EC%A0%84%EC%9E%90&pd=3&ds=2024.12.01&de=2024.12.31&start=10&sort=0
2026-03-17 13:41:24 [INFO]     HTML 크기: 60012 bytes
2026-03-17 13:41:24 [INFO]     OaLkxeV3 포함: False
2026-03-17 13:41:24 [INFO]     GOWcekJV4 포함: False
2026-03-17 13:41:24 [INFO]     카드 발견: 0개
2026-03-17 13:41:24 [INFO]     카드 파싱 0건 -> 링크 직접 수집 폴백
2026-03-17 13:41:24 [INFO]     CLS_NAVER_LINK 링크: 0개
2026-03-17 13:41:24 [INFO]     2024.12 p2: 0건 (연속 빈 2회)
2026-03-17 13:41:25 [INFO]     HTML 크기: 57219 bytes
2026-03-17 13:41:25 [INFO]     OaLkxeV3 포함: False
2026-03-17 13:41:25 [INFO]     GOWcekJV4 포함: False
2026-03-17 13:41:25 [INFO]     카드 발견: 0개
2026-03-17 13:41:25 [INFO]     카드 파싱 0건 -> 링크 직접 수집 폴백
2026-03-17 13:41:25 [INFO]     CLS_NAVER_LINK 링크: 0개
2026-03-17 13:41:25 [INFO]     2024.12 p3: 0건 (연속 빈 3회)
2026-03-17 13:41:25 [INFO]   2024.12 완료: +0건 (누적 0개)
2026-03-17 13:41:26 [INFO]     HTML 크기: 62481 bytes
2026-03-17 13:41:26 [INFO]     OaLkxeV3 포함: False
2026-03-17 13:41:26 [INFO]     GOWcekJV4 포함: False
2026-03-17 13:41:26 [INFO]     카드 발견: 0개
2026-03-17 13:41:26 [INFO]     카드 파싱 0건 -> 링크 직접 수집 폴백
2026-03-17 13:41:26 [INFO]     CLS_NAVER_LINK 링크: 0개
2026-03-17 13:41:26 [INFO]     2025.01 p1: 0건 (연속 빈 1회)
2026-03-17 13:41:27 [INFO]     HTML 크기: 61242 bytes
2026-03-17 13:41:27 [INFO]     OaLkxeV3 포함: False
2026-03-17 13:41:27 [INFO]     GOWcekJV4 포함: False
2026-03-17 13:41:27 [INFO]     카드 발견: 0개
2026-03-17 13:41:27 [INFO]     카드 파싱 0건 -> 링크 직접 수집 폴백
2026-03-17 13:41:27 [INFO]     CLS_NAVER_LINK 링크: 0개
2026-03-17 13:41:27 [INFO]     2025.01 p2: 0건 (연속 빈 2회)
2026-03-17 13:41:28 [INFO]     HTML 크기: 60317 bytes
2026-03-17 13:41:28 [INFO]     OaLkxeV3 포함: False
2026-03-17 13:41:28 [INFO]     GOWcekJV4 포함: False
2026-03-17 13:41:28 [INFO]     카드 발견: 0개
2026-03-17 13:41:28 [INFO]     카드 파싱 0건 -> 링크 직접 수집 폴백
2026-03-17 13:41:28 [INFO]     CLS_NAVER_LINK 링크: 0개
2026-03-17 13:41:28 [INFO]     2025.01 p3: 0건 (연속 빈 3회)
2026-03-17 13:41:28 [INFO]   2025.01 완료: +0건 (누적 0개)
2026-03-17 13:41:34 [WARNING] [1/3] HTTP 오류: 403 Client Error: Forbidden for url: https://search.naver.com/search.naver?where=news&query=%EC%82%BC%EC%84%B1%EC%A0%84%EC%9E%90&pd=3&ds=2025.02.01&de=2025.02.28&start=0&sort=0
2026-03-17 13:41:37 [INFO]     HTML 크기: 60483 bytes
2026-03-17 13:41:37 [INFO]     OaLkxeV3 포함: False
2026-03-17 13:41:37 [INFO]     GOWcekJV4 포함: False
2026-03-17 13:41:37 [INFO]     카드 발견: 0개
2026-03-17 13:41:37 [INFO]     카드 파싱 0건 -> 링크 직접 수집 폴백
2026-03-17 13:41:37 [INFO]     CLS_NAVER_LINK 링크: 0개
2026-03-17 13:41:37 [INFO]     2025.02 p1: 0건 (연속 빈 1회)
2026-03-17 13:41:39 [INFO]     HTML 크기: 59767 bytes
2026-03-17 13:41:39 [INFO]     OaLkxeV3 포함: False
2026-03-17 13:41:39 [INFO]     GOWcekJV4 포함: False
2026-03-17 13:41:39 [INFO]     카드 발견: 0개
2026-03-17 13:41:39 [INFO]     카드 파싱 0건 -> 링크 직접 수집 폴백
2026-03-17 13:41:39 [INFO]     CLS_NAVER_LINK 링크: 0개
2026-03-17 13:41:39 [INFO]     2025.02 p2: 0건 (연속 빈 2회)
2026-03-17 13:41:41 [INFO]     HTML 크기: 59952 bytes
2026-03-17 13:41:41 [INFO]     OaLkxeV3 포함: False
2026-03-17 13:41:41 [INFO]     GOWcekJV4 포함: False
2026-03-17 13:41:41 [INFO]     카드 발견: 0개
2026-03-17 13:41:41 [INFO]     카드 파싱 0건 -> 링크 직접 수집 폴백
2026-03-17 13:41:41 [INFO]     CLS_NAVER_LINK 링크: 0개
2026-03-17 13:41:41 [INFO]     2025.02 p3: 0건 (연속 빈 3회)
2026-03-17 13:41:41 [INFO]   2025.02 완료: +0건 (누적 0개)
2026-03-17 13:41:41 [INFO]     HTML 크기: 59858 bytes
2026-03-17 13:41:41 [INFO]     OaLkxeV3 포함: False
2026-03-17 13:41:41 [INFO]     GOWcekJV4 포함: False
2026-03-17 13:41:41 [INFO]     카드 발견: 0개
2026-03-17 13:41:41 [INFO]     카드 파싱 0건 -> 링크 직접 수집 폴백
2026-03-17 13:41:41 [INFO]     CLS_NAVER_LINK 링크: 0개
2026-03-17 13:41:41 [INFO]     2025.03 p1: 0건 (연속 빈 1회)
2026-03-17 13:41:42 [INFO]     HTML 크기: 59945 bytes
2026-03-17 13:41:42 [INFO]     OaLkxeV3 포함: False
2026-03-17 13:41:42 [INFO]     GOWcekJV4 포함: False
2026-03-17 13:41:42 [INFO]     카드 발견: 0개
2026-03-17 13:41:42 [INFO]     카드 파싱 0건 -> 링크 직접 수집 폴백
2026-03-17 13:41:42 [INFO]     CLS_NAVER_LINK 링크: 0개
2026-03-17 13:41:42 [INFO]     2025.03 p2: 0건 (연속 빈 2회)
2026-03-17 13:41:43 [INFO]     HTML 크기: 58645 bytes
2026-03-17 13:41:43 [INFO]     OaLkxeV3 포함: False
2026-03-17 13:41:43 [INFO]     GOWcekJV4 포함: False
2026-03-17 13:41:43 [INFO]     카드 발견: 0개
2026-03-17 13:41:43 [INFO]     카드 파싱 0건 -> 링크 직접 수집 폴백
2026-03-17 13:41:43 [INFO]     CLS_NAVER_LINK 링크: 0개
2026-03-17 13:41:43 [INFO]     2025.03 p3: 0건 (연속 빈 3회)
2026-03-17 13:41:43 [INFO]   2025.03 완료: +0건 (누적 0개)
2026-03-17 13:41:50 [WARNING] [1/3] HTTP 오류: 403 Client Error: Forbidden for url: https://search.naver.com/search.naver?where=news&query=%EC%82%BC%EC%84%B1%EC%A0%84%EC%9E%90&pd=3&ds=2025.04.01&de=2025.04.30&start=0&sort=0
2026-03-17 13:41:53 [INFO]     HTML 크기: 61257 bytes
2026-03-17 13:41:53 [INFO]     OaLkxeV3 포함: False
2026-03-17 13:41:53 [INFO]     GOWcekJV4 포함: False
2026-03-17 13:41:53 [INFO]     카드 발견: 0개
2026-03-17 13:41:53 [INFO]     카드 파싱 0건 -> 링크 직접 수집 폴백
2026-03-17 13:41:53 [INFO]     CLS_NAVER_LINK 링크: 0개
2026-03-17 13:41:53 [INFO]     2025.04 p1: 0건 (연속 빈 1회)
2026-03-17 13:41:54 [INFO]     HTML 크기: 60962 bytes
2026-03-17 13:41:54 [INFO]     OaLkxeV3 포함: False
2026-03-17 13:41:54 [INFO]     GOWcekJV4 포함: False
2026-03-17 13:41:54 [INFO]     카드 발견: 0개
2026-03-17 13:41:54 [INFO]     카드 파싱 0건 -> 링크 직접 수집 폴백
2026-03-17 13:41:54 [INFO]     CLS_NAVER_LINK 링크: 0개
2026-03-17 13:41:54 [INFO]     2025.04 p2: 0건 (연속 빈 2회)
2026-03-17 13:41:56 [INFO]     HTML 크기: 59606 bytes
2026-03-17 13:41:56 [INFO]     OaLkxeV3 포함: False
2026-03-17 13:41:56 [INFO]     GOWcekJV4 포함: False
2026-03-17 13:41:56 [INFO]     카드 발견: 0개
2026-03-17 13:41:56 [INFO]     카드 파싱 0건 -> 링크 직접 수집 폴백
2026-03-17 13:41:56 [INFO]     CLS_NAVER_LINK 링크: 0개
2026-03-17 13:41:56 [INFO]     2025.04 p3: 0건 (연속 빈 3회)
2026-03-17 13:41:56 [INFO]   2025.04 완료: +0건 (누적 0개)
2026-03-17 13:41:56 [INFO]     HTML 크기: 59320 bytes
2026-03-17 13:41:56 [INFO]     OaLkxeV3 포함: False
2026-03-17 13:41:56 [INFO]     GOWcekJV4 포함: False
2026-03-17 13:41:56 [INFO]     카드 발견: 0개
2026-03-17 13:41:56 [INFO]     카드 파싱 0건 -> 링크 직접 수집 폴백
2026-03-17 13:41:56 [INFO]     CLS_NAVER_LINK 링크: 0개
2026-03-17 13:41:56 [INFO]     2025.05 p1: 0건 (연속 빈 1회)
2026-03-17 13:41:57 [INFO]     HTML 크기: 59495 bytes
2026-03-17 13:41:57 [INFO]     OaLkxeV3 포함: False
2026-03-17 13:41:57 [INFO]     GOWcekJV4 포함: False
2026-03-17 13:41:57 [INFO]     카드 발견: 0개
2026-03-17 13:41:57 [INFO]     카드 파싱 0건 -> 링크 직접 수집 폴백
2026-03-17 13:41:57 [INFO]     CLS_NAVER_LINK 링크: 0개
2026-03-17 13:41:57 [INFO]     2025.05 p2: 0건 (연속 빈 2회)
2026-03-17 13:41:59 [INFO]     HTML 크기: 60933 bytes
2026-03-17 13:41:59 [INFO]     OaLkxeV3 포함: False
2026-03-17 13:41:59 [INFO]     GOWcekJV4 포함: False
2026-03-17 13:41:59 [INFO]     카드 발견: 0개
2026-03-17 13:41:59 [INFO]     카드 파싱 0건 -> 링크 직접 수집 폴백
2026-03-17 13:41:59 [INFO]     CLS_NAVER_LINK 링크: 0개
2026-03-17 13:41:59 [INFO]     2025.05 p3: 0건 (연속 빈 3회)
2026-03-17 13:41:59 [INFO]   2025.05 완료: +0건 (누적 0개)
2026-03-17 13:41:59 [INFO]     HTML 크기: 60025 bytes
2026-03-17 13:41:59 [INFO]     OaLkxeV3 포함: False
2026-03-17 13:41:59 [INFO]     GOWcekJV4 포함: False
2026-03-17 13:41:59 [INFO]     카드 발견: 0개
2026-03-17 13:41:59 [INFO]     카드 파싱 0건 -> 링크 직접 수집 폴백
2026-03-17 13:41:59 [INFO]     CLS_NAVER_LINK 링크: 0개
2026-03-17 13:41:59 [INFO]     2025.06 p1: 0건 (연속 빈 1회)
2026-03-17 13:42:06 [WARNING] [1/3] HTTP 오류: 403 Client Error: Forbidden for url: https://search.naver.com/search.naver?where=news&query=%EC%82%BC%EC%84%B1%EC%A0%84%EC%9E%90&pd=3&ds=2025.06.01&de=2025.06.30&start=10&sort=0
2026-03-17 13:42:09 [INFO]     HTML 크기: 59822 bytes
2026-03-17 13:42:09 [INFO]     OaLkxeV3 포함: False
2026-03-17 13:42:09 [INFO]     GOWcekJV4 포함: False
2026-03-17 13:42:09 [INFO]     카드 발견: 0개
2026-03-17 13:42:09 [INFO]     카드 파싱 0건 -> 링크 직접 수집 폴백
2026-03-17 13:42:09 [INFO]     CLS_NAVER_LINK 링크: 0개
2026-03-17 13:42:09 [INFO]     2025.06 p2: 0건 (연속 빈 2회)
2026-03-17 13:42:10 [INFO]     HTML 크기: 59689 bytes
2026-03-17 13:42:10 [INFO]     OaLkxeV3 포함: False
2026-03-17 13:42:10 [INFO]     GOWcekJV4 포함: False
2026-03-17 13:42:10 [INFO]     카드 발견: 0개
2026-03-17 13:42:10 [INFO]     카드 파싱 0건 -> 링크 직접 수집 폴백
2026-03-17 13:42:10 [INFO]     CLS_NAVER_LINK 링크: 0개
2026-03-17 13:42:10 [INFO]     2025.06 p3: 0건 (연속 빈 3회)
2026-03-17 13:42:10 [INFO]   2025.06 완료: +0건 (누적 0개)
2026-03-17 13:42:11 [INFO]     HTML 크기: 60065 bytes
2026-03-17 13:42:11 [INFO]     OaLkxeV3 포함: False
2026-03-17 13:42:11 [INFO]     GOWcekJV4 포함: False
2026-03-17 13:42:11 [INFO]     카드 발견: 0개
2026-03-17 13:42:11 [INFO]     카드 파싱 0건 -> 링크 직접 수집 폴백
2026-03-17 13:42:11 [INFO]     CLS_NAVER_LINK 링크: 0개
2026-03-17 13:42:11 [INFO]     2025.07 p1: 0건 (연속 빈 1회)
2026-03-17 13:42:12 [INFO]     HTML 크기: 62499 bytes
2026-03-17 13:42:12 [INFO]     OaLkxeV3 포함: False
2026-03-17 13:42:12 [INFO]     GOWcekJV4 포함: False
2026-03-17 13:42:12 [INFO]     카드 발견: 0개
2026-03-17 13:42:12 [INFO]     카드 파싱 0건 -> 링크 직접 수집 폴백
2026-03-17 13:42:12 [INFO]     CLS_NAVER_LINK 링크: 0개
2026-03-17 13:42:12 [INFO]     2025.07 p2: 0건 (연속 빈 2회)
2026-03-17 13:42:13 [INFO]     HTML 크기: 59743 bytes
2026-03-17 13:42:13 [INFO]     OaLkxeV3 포함: False
2026-03-17 13:42:13 [INFO]     GOWcekJV4 포함: False
2026-03-17 13:42:13 [INFO]     카드 발견: 0개
2026-03-17 13:42:13 [INFO]     카드 파싱 0건 -> 링크 직접 수집 폴백
2026-03-17 13:42:13 [INFO]     CLS_NAVER_LINK 링크: 0개
2026-03-17 13:42:13 [INFO]     2025.07 p3: 0건 (연속 빈 3회)
2026-03-17 13:42:13 [INFO]   2025.07 완료: +0건 (누적 0개)
2026-03-17 13:42:19 [WARNING] [1/3] HTTP 오류: 403 Client Error: Forbidden for url: https://search.naver.com/search.naver?where=news&query=%EC%82%BC%EC%84%B1%EC%A0%84%EC%9E%90&pd=3&ds=2025.08.01&de=2025.08.31&start=0&sort=0
2026-03-17 13:42:23 [INFO]     HTML 크기: 61625 bytes
2026-03-17 13:42:23 [INFO]     OaLkxeV3 포함: False
2026-03-17 13:42:23 [INFO]     GOWcekJV4 포함: False
2026-03-17 13:42:23 [INFO]     카드 발견: 0개
2026-03-17 13:42:23 [INFO]     카드 파싱 0건 -> 링크 직접 수집 폴백
2026-03-17 13:42:23 [INFO]     CLS_NAVER_LINK 링크: 0개
2026-03-17 13:42:23 [INFO]     2025.08 p1: 0건 (연속 빈 1회)
2026-03-17 13:42:24 [INFO]     HTML 크기: 60693 bytes
2026-03-17 13:42:24 [INFO]     OaLkxeV3 포함: False
2026-03-17 13:42:24 [INFO]     GOWcekJV4 포함: False
2026-03-17 13:42:24 [INFO]     카드 발견: 0개
2026-03-17 13:42:24 [INFO]     카드 파싱 0건 -> 링크 직접 수집 폴백
2026-03-17 13:42:24 [INFO]     CLS_NAVER_LINK 링크: 0개
2026-03-17 13:42:24 [INFO]     2025.08 p2: 0건 (연속 빈 2회)
2026-03-17 13:42:25 [INFO]     HTML 크기: 59431 bytes
2026-03-17 13:42:25 [INFO]     OaLkxeV3 포함: False
2026-03-17 13:42:25 [INFO]     GOWcekJV4 포함: False
2026-03-17 13:42:25 [INFO]     카드 발견: 0개
2026-03-17 13:42:25 [INFO]     카드 파싱 0건 -> 링크 직접 수집 폴백
2026-03-17 13:42:25 [INFO]     CLS_NAVER_LINK 링크: 0개
2026-03-17 13:42:25 [INFO]     2025.08 p3: 0건 (연속 빈 3회)
2026-03-17 13:42:25 [INFO]   2025.08 완료: +0건 (누적 0개)
2026-03-17 13:42:26 [INFO]     HTML 크기: 62709 bytes
2026-03-17 13:42:26 [INFO]     OaLkxeV3 포함: False
2026-03-17 13:42:26 [INFO]     GOWcekJV4 포함: False
2026-03-17 13:42:26 [INFO]     카드 발견: 0개
2026-03-17 13:42:26 [INFO]     카드 파싱 0건 -> 링크 직접 수집 폴백
2026-03-17 13:42:26 [INFO]     CLS_NAVER_LINK 링크: 0개
2026-03-17 13:42:26 [INFO]     2025.09 p1: 0건 (연속 빈 1회)
2026-03-17 13:42:27 [INFO]     HTML 크기: 59927 bytes
2026-03-17 13:42:27 [INFO]     OaLkxeV3 포함: False
2026-03-17 13:42:27 [INFO]     GOWcekJV4 포함: False
2026-03-17 13:42:27 [INFO]     카드 발견: 0개
2026-03-17 13:42:27 [INFO]     카드 파싱 0건 -> 링크 직접 수집 폴백
2026-03-17 13:42:27 [INFO]     CLS_NAVER_LINK 링크: 0개
2026-03-17 13:42:27 [INFO]     2025.09 p2: 0건 (연속 빈 2회)
2026-03-17 13:42:28 [INFO]     HTML 크기: 56934 bytes
2026-03-17 13:42:28 [INFO]     OaLkxeV3 포함: False
2026-03-17 13:42:28 [INFO]     GOWcekJV4 포함: False
2026-03-17 13:42:28 [INFO]     카드 발견: 0개
2026-03-17 13:42:28 [INFO]     카드 파싱 0건 -> 링크 직접 수집 폴백
2026-03-17 13:42:28 [INFO]     CLS_NAVER_LINK 링크: 0개
2026-03-17 13:42:28 [INFO]     2025.09 p3: 0건 (연속 빈 3회)
2026-03-17 13:42:28 [INFO]   2025.09 완료: +0건 (누적 0개)
2026-03-17 13:42:29 [INFO]     HTML 크기: 62101 bytes
2026-03-17 13:42:29 [INFO]     OaLkxeV3 포함: False
2026-03-17 13:42:29 [INFO]     GOWcekJV4 포함: False
2026-03-17 13:42:29 [INFO]     카드 발견: 0개
2026-03-17 13:42:29 [INFO]     카드 파싱 0건 -> 링크 직접 수집 폴백
2026-03-17 13:42:29 [INFO]     CLS_NAVER_LINK 링크: 0개
2026-03-17 13:42:29 [INFO]     2025.10 p1: 0건 (연속 빈 1회)
2026-03-17 13:42:30 [INFO]     HTML 크기: 60963 bytes
2026-03-17 13:42:30 [INFO]     OaLkxeV3 포함: False
2026-03-17 13:42:30 [INFO]     GOWcekJV4 포함: False
2026-03-17 13:42:30 [INFO]     카드 발견: 0개
2026-03-17 13:42:30 [INFO]     카드 파싱 0건 -> 링크 직접 수집 폴백
2026-03-17 13:42:30 [INFO]     CLS_NAVER_LINK 링크: 0개
2026-03-17 13:42:30 [INFO]     2025.10 p2: 0건 (연속 빈 2회)
2026-03-17 13:42:32 [INFO]     HTML 크기: 61093 bytes
2026-03-17 13:42:32 [INFO]     OaLkxeV3 포함: False
2026-03-17 13:42:32 [INFO]     GOWcekJV4 포함: False
2026-03-17 13:42:32 [INFO]     카드 발견: 0개
2026-03-17 13:42:32 [INFO]     카드 파싱 0건 -> 링크 직접 수집 폴백
2026-03-17 13:42:32 [INFO]     CLS_NAVER_LINK 링크: 0개
2026-03-17 13:42:32 [INFO]     2025.10 p3: 0건 (연속 빈 3회)
2026-03-17 13:42:32 [INFO]   2025.10 완료: +0건 (누적 0개)
2026-03-17 13:42:32 [INFO]     HTML 크기: 60619 bytes
2026-03-17 13:42:32 [INFO]     OaLkxeV3 포함: False
2026-03-17 13:42:32 [INFO]     GOWcekJV4 포함: False
2026-03-17 13:42:32 [INFO]     카드 발견: 0개
2026-03-17 13:42:32 [INFO]     카드 파싱 0건 -> 링크 직접 수집 폴백
2026-03-17 13:42:32 [INFO]     CLS_NAVER_LINK 링크: 0개
2026-03-17 13:42:32 [INFO]     2025.11 p1: 0건 (연속 빈 1회)
2026-03-17 13:42:33 [INFO]     HTML 크기: 60526 bytes
2026-03-17 13:42:33 [INFO]     OaLkxeV3 포함: False
2026-03-17 13:42:33 [INFO]     GOWcekJV4 포함: False
2026-03-17 13:42:33 [INFO]     카드 발견: 0개
2026-03-17 13:42:33 [INFO]     카드 파싱 0건 -> 링크 직접 수집 폴백
2026-03-17 13:42:33 [INFO]     CLS_NAVER_LINK 링크: 0개
2026-03-17 13:42:33 [INFO]     2025.11 p2: 0건 (연속 빈 2회)
2026-03-17 13:42:34 [INFO] 중단 - 수집된 URL로 Phase 2 진행
2026-03-17 13:42:34 [INFO] [Phase 1] 완료 - 후보 URL: 0개
2026-03-17 13:42:34 [ERROR] URL 수집 0건!
  가능한 원인:
  1) 네이버 클래스명 변경 -> CLS_CARD / CLS_TITLE 확인
  2) 봇 차단 -> SLEEP_MIN/MAX 늘리기
  3) 네트워크 오류 -> crawler.log 확인
2026-03-17 13:42:34 [WARNING] 수집 0건 - CSV 저장 생략
2026-03-17 13:42:34 [INFO] ============================================================
2026-03-17 13:42:34 [INFO] 완료 | 0건 | 3분 11초
2026-03-17 13:42:34 [INFO] ============================================================
2026-03-17 13:45:51 [INFO] ============================================================
2026-03-17 13:45:51 [INFO] 네이버 뉴스 크롤러
2026-03-17 13:45:51 [INFO]   검색어 : 삼성전자 | 기간: 2022-01-01 ~ 2025-12-31 | 목표: 7000건
2026-03-17 13:45:51 [INFO] ============================================================
2026-03-17 13:45:51 [INFO] 총 48개월 | 이미 수집: 0건
2026-03-17 13:45:51 [INFO] 
[Phase 1] URL 수집 시작
2026-03-17 13:45:51 [INFO]     HTML 크기: 59788 bytes
2026-03-17 13:45:51 [INFO]     OaLkxeV3 포함: False
2026-03-17 13:45:51 [INFO]     GOWcekJV4 포함: False
2026-03-17 13:45:51 [INFO]     카드 발견: 0개
2026-03-17 13:45:51 [INFO]     카드 파싱 0건 -> 링크 직접 수집 폴백
2026-03-17 13:45:51 [INFO]     CLS_NAVER_LINK 링크: 0개
2026-03-17 13:45:51 [INFO]     2022.01 p1: 0건 (연속 빈 1회)
2026-03-17 13:45:53 [INFO]     HTML 크기: 61566 bytes
2026-03-17 13:45:53 [INFO]     OaLkxeV3 포함: False
2026-03-17 13:45:53 [INFO]     GOWcekJV4 포함: False
2026-03-17 13:45:53 [INFO]     카드 발견: 0개
2026-03-17 13:45:53 [INFO]     카드 파싱 0건 -> 링크 직접 수집 폴백
2026-03-17 13:45:53 [INFO]     CLS_NAVER_LINK 링크: 0개
2026-03-17 13:45:53 [INFO]     2022.01 p2: 0건 (연속 빈 2회)
2026-03-17 13:45:54 [INFO]     HTML 크기: 60699 bytes
2026-03-17 13:45:54 [INFO]     OaLkxeV3 포함: False
2026-03-17 13:45:54 [INFO]     GOWcekJV4 포함: False
2026-03-17 13:45:54 [INFO]     카드 발견: 0개
2026-03-17 13:45:54 [INFO]     카드 파싱 0건 -> 링크 직접 수집 폴백
2026-03-17 13:45:54 [INFO]     CLS_NAVER_LINK 링크: 0개
2026-03-17 13:45:54 [INFO]     2022.01 p3: 0건 (연속 빈 3회)
2026-03-17 13:45:54 [INFO]   2022.01 완료: +0건 (누적 0개)
2026-03-17 13:45:54 [INFO] 중단 - 수집된 URL로 Phase 2 진행
2026-03-17 13:45:54 [INFO] [Phase 1] 완료 - 후보 URL: 0개
2026-03-17 13:45:54 [ERROR] URL 수집 0건!
  가능한 원인:
  1) 네이버 클래스명 변경 -> CLS_CARD / CLS_TITLE 확인
  2) 봇 차단 -> SLEEP_MIN/MAX 늘리기
  3) 네트워크 오류 -> crawler.log 확인
2026-03-17 13:45:54 [WARNING] 수집 0건 - CSV 저장 생략
2026-03-17 13:45:54 [INFO] ============================================================
2026-03-17 13:45:54 [INFO] 완료 | 0건 | 0분 3초
2026-03-17 13:45:54 [INFO] ============================================================
2026-03-17 13:48:06 [INFO] ============================================================
2026-03-17 13:48:06 [INFO] 네이버 뉴스 크롤러
2026-03-17 13:48:06 [INFO]   검색어 : 삼성전자 | 기간: 2022-01-01 ~ 2025-12-31 | 목표: 7000건
2026-03-17 13:48:06 [INFO] ============================================================
2026-03-17 13:48:06 [INFO] 총 48개월 | 이미 수집: 0건
2026-03-17 13:48:06 [INFO] 
[Phase 1] URL 수집 시작
2026-03-17 13:48:07 [INFO]     HTML 크기: 353576 bytes
2026-03-17 13:48:07 [INFO]     OaLkxeV3 포함: True
2026-03-17 13:48:07 [INFO]     GOWcekJV4 포함: True
2026-03-17 13:48:07 [INFO]     카드 발견: 10개
2026-03-17 13:48:07 [INFO]     카드 파싱 성공: 10건
2026-03-17 13:48:07 [INFO]     2022.01 p1: +10건 (페이지 10건)
2026-03-17 13:48:09 [INFO]     HTML 크기: 382439 bytes
2026-03-17 13:48:09 [INFO]     OaLkxeV3 포함: True
2026-03-17 13:48:09 [INFO]     GOWcekJV4 포함: True
2026-03-17 13:48:09 [INFO]     카드 발견: 16개
2026-03-17 13:48:09 [INFO]     카드 파싱 성공: 16건
2026-03-17 13:48:09 [INFO]     2022.01 p2: +16건 (페이지 16건)
2026-03-17 13:48:11 [INFO]     HTML 크기: 368832 bytes
2026-03-17 13:48:11 [INFO]     OaLkxeV3 포함: True
2026-03-17 13:48:11 [INFO]     GOWcekJV4 포함: True
2026-03-17 13:48:11 [INFO]     카드 발견: 13개
2026-03-17 13:48:11 [INFO]     카드 파싱 성공: 13건
2026-03-17 13:48:11 [INFO]     2022.01 p3: +13건 (페이지 13건)
2026-03-17 13:48:12 [INFO]     HTML 크기: 324950 bytes
2026-03-17 13:48:12 [INFO]     OaLkxeV3 포함: True
2026-03-17 13:48:12 [INFO]     GOWcekJV4 포함: True
2026-03-17 13:48:12 [INFO]     카드 발견: 3개
2026-03-17 13:48:12 [INFO]     카드 파싱 성공: 3건
2026-03-17 13:48:12 [INFO]     2022.01 p4: +3건 (페이지 3건)
2026-03-17 13:48:14 [INFO]     HTML 크기: 368297 bytes
2026-03-17 13:48:14 [INFO]     OaLkxeV3 포함: True
2026-03-17 13:48:14 [INFO]     GOWcekJV4 포함: True
2026-03-17 13:48:14 [INFO]     카드 발견: 13개
2026-03-17 13:48:14 [INFO]     카드 파싱 성공: 13건
2026-03-17 13:48:14 [INFO]     2022.01 p5: +13건 (페이지 13건)
2026-03-17 13:48:16 [INFO]     HTML 크기: 331357 bytes
2026-03-17 13:48:16 [INFO]     OaLkxeV3 포함: True
2026-03-17 13:48:16 [INFO]     GOWcekJV4 포함: True
2026-03-17 13:48:16 [INFO]     카드 발견: 5개
2026-03-17 13:48:16 [INFO]     카드 파싱 성공: 3건
2026-03-17 13:48:16 [INFO]     2022.01 p6: +3건 (페이지 3건)
2026-03-17 13:48:17 [INFO]     HTML 크기: 320492 bytes
2026-03-17 13:48:17 [INFO]     OaLkxeV3 포함: True
2026-03-17 13:48:17 [INFO]     GOWcekJV4 포함: True
2026-03-17 13:48:17 [INFO]     카드 발견: 2개
2026-03-17 13:48:17 [INFO]     카드 파싱 성공: 1건
2026-03-17 13:48:17 [INFO]     2022.01 p7: +1건 (페이지 1건)
2026-03-17 13:48:19 [INFO]     HTML 크기: 321767 bytes
2026-03-17 13:48:19 [INFO]     OaLkxeV3 포함: True
2026-03-17 13:48:19 [INFO]     GOWcekJV4 포함: True
2026-03-17 13:48:19 [INFO]     카드 발견: 3개
2026-03-17 13:48:19 [INFO]     카드 파싱 성공: 3건
2026-03-17 13:48:19 [INFO]     2022.01 p8: +3건 (페이지 3건)
2026-03-17 13:48:21 [INFO]     HTML 크기: 337672 bytes
2026-03-17 13:48:21 [INFO]     OaLkxeV3 포함: True
2026-03-17 13:48:21 [INFO]     GOWcekJV4 포함: True
2026-03-17 13:48:21 [INFO]     카드 발견: 6개
2026-03-17 13:48:21 [INFO]     카드 파싱 성공: 6건
2026-03-17 13:48:21 [INFO]     2022.01 p9: +6건 (페이지 6건)
2026-03-17 13:48:22 [INFO]     HTML 크기: 336726 bytes
2026-03-17 13:48:22 [INFO]     OaLkxeV3 포함: True
2026-03-17 13:48:22 [INFO]     GOWcekJV4 포함: True
2026-03-17 13:48:22 [INFO]     카드 발견: 6개
2026-03-17 13:48:22 [INFO]     카드 파싱 성공: 5건
2026-03-17 13:48:22 [INFO]     2022.01 p10: +5건 (페이지 5건)
2026-03-17 13:48:24 [INFO]     HTML 크기: 418906 bytes
2026-03-17 13:48:24 [INFO]     OaLkxeV3 포함: True
2026-03-17 13:48:24 [INFO]     GOWcekJV4 포함: True
2026-03-17 13:48:24 [INFO]     카드 발견: 25개
2026-03-17 13:48:24 [INFO]     카드 파싱 성공: 24건
2026-03-17 13:48:24 [INFO]     2022.01 p11: +18건 (페이지 24건)
2026-03-17 13:48:26 [INFO]     HTML 크기: 415160 bytes
2026-03-17 13:48:26 [INFO]     OaLkxeV3 포함: True
2026-03-17 13:48:26 [INFO]     GOWcekJV4 포함: True
2026-03-17 13:48:26 [INFO]     카드 발견: 25개
2026-03-17 13:48:26 [INFO]     카드 파싱 성공: 19건
2026-03-17 13:48:26 [INFO]     2022.01 p12: +4건 (페이지 19건)
2026-03-17 13:48:28 [INFO]     HTML 크기: 418192 bytes
2026-03-17 13:48:28 [INFO]     OaLkxeV3 포함: True
2026-03-17 13:48:28 [INFO]     GOWcekJV4 포함: True
2026-03-17 13:48:28 [INFO]     카드 발견: 27개
2026-03-17 13:48:28 [INFO]     카드 파싱 성공: 18건
2026-03-17 13:48:28 [INFO]     2022.01 p13: +8건 (페이지 18건)
2026-03-17 13:48:30 [INFO]     HTML 크기: 410289 bytes
2026-03-17 13:48:30 [INFO]     OaLkxeV3 포함: True
2026-03-17 13:48:30 [INFO]     GOWcekJV4 포함: True
2026-03-17 13:48:30 [INFO]     카드 발견: 23개
2026-03-17 13:48:30 [INFO]     카드 파싱 성공: 21건
2026-03-17 13:48:30 [INFO]     2022.01 p14: +5건 (페이지 21건)
2026-03-17 13:48:32 [INFO]     HTML 크기: 359764 bytes
2026-03-17 13:48:32 [INFO]     OaLkxeV3 포함: True
2026-03-17 13:48:32 [INFO]     GOWcekJV4 포함: True
2026-03-17 13:48:32 [INFO]     카드 발견: 13개
2026-03-17 13:48:32 [INFO]     카드 파싱 성공: 8건
2026-03-17 13:48:32 [INFO]     2022.01 p15: +1건 (페이지 8건)
2026-03-17 13:48:34 [INFO]     HTML 크기: 409218 bytes
2026-03-17 13:48:34 [INFO]     OaLkxeV3 포함: True
2026-03-17 13:48:34 [INFO]     GOWcekJV4 포함: True
2026-03-17 13:48:34 [INFO]     카드 발견: 24개
2026-03-17 13:48:34 [INFO]     카드 파싱 성공: 17건
2026-03-17 13:48:34 [INFO]     2022.01 p16: +10건 (페이지 17건)
2026-03-17 13:48:36 [INFO]     HTML 크기: 357276 bytes
2026-03-17 13:48:36 [INFO]     OaLkxeV3 포함: True
2026-03-17 13:48:36 [INFO]     GOWcekJV4 포함: True
2026-03-17 13:48:36 [INFO]     카드 발견: 11개
2026-03-17 13:48:36 [INFO]     카드 파싱 성공: 10건
2026-03-17 13:48:36 [INFO]     2022.01 p17: +1건 (페이지 10건)
2026-03-17 13:48:38 [INFO]     HTML 크기: 414239 bytes
2026-03-17 13:48:38 [INFO]     OaLkxeV3 포함: True
2026-03-17 13:48:38 [INFO]     GOWcekJV4 포함: True
2026-03-17 13:48:38 [INFO]     카드 발견: 25개
2026-03-17 13:48:38 [INFO]     카드 파싱 성공: 18건
2026-03-17 13:48:38 [INFO]     2022.01 p18: +6건 (페이지 18건)
2026-03-17 13:48:39 [INFO]     HTML 크기: 414560 bytes
2026-03-17 13:48:39 [INFO]     OaLkxeV3 포함: True
2026-03-17 13:48:39 [INFO]     GOWcekJV4 포함: True
2026-03-17 13:48:39 [INFO]     카드 발견: 26개
2026-03-17 13:48:39 [INFO]     카드 파싱 성공: 17건
2026-03-17 13:48:39 [INFO]     2022.01 p19: +2건 (페이지 17건)
2026-03-17 13:48:41 [INFO]     HTML 크기: 374491 bytes
2026-03-17 13:48:41 [INFO]     OaLkxeV3 포함: True
2026-03-17 13:48:41 [INFO]     GOWcekJV4 포함: True
2026-03-17 13:48:41 [INFO]     카드 발견: 16개
2026-03-17 13:48:41 [INFO]     카드 파싱 성공: 10건
2026-03-17 13:48:41 [INFO]     2022.01 p20: +1건 (페이지 10건)
2026-03-17 13:48:43 [INFO]     HTML 크기: 399653 bytes
2026-03-17 13:48:43 [INFO]     OaLkxeV3 포함: True
2026-03-17 13:48:43 [INFO]     GOWcekJV4 포함: True
2026-03-17 13:48:43 [INFO]     카드 발견: 22개
2026-03-17 13:48:43 [INFO]     카드 파싱 성공: 15건
2026-03-17 13:48:43 [INFO]     2022.01 p21: +3건 (페이지 15건)
2026-03-17 13:48:45 [INFO]     HTML 크기: 354670 bytes
2026-03-17 13:48:45 [INFO]     OaLkxeV3 포함: True
2026-03-17 13:48:45 [INFO]     GOWcekJV4 포함: True
2026-03-17 13:48:45 [INFO]     카드 발견: 11개
2026-03-17 13:48:45 [INFO]     카드 파싱 성공: 6건
2026-03-17 13:48:45 [INFO]     2022.01 p22: +3건 (페이지 6건)
2026-03-17 13:48:46 [INFO]     HTML 크기: 384117 bytes
2026-03-17 13:48:46 [INFO]     OaLkxeV3 포함: True
2026-03-17 13:48:46 [INFO]     GOWcekJV4 포함: True
2026-03-17 13:48:46 [INFO]     카드 발견: 18개
2026-03-17 13:48:46 [INFO]     카드 파싱 성공: 10건
2026-03-17 13:48:46 [INFO]     2022.01 p23: +2건 (페이지 10건)
2026-03-17 13:48:48 [INFO]     HTML 크기: 382459 bytes
2026-03-17 13:48:48 [INFO]     OaLkxeV3 포함: True
2026-03-17 13:48:48 [INFO]     GOWcekJV4 포함: True
2026-03-17 13:48:48 [INFO]     카드 발견: 19개
2026-03-17 13:48:48 [INFO]     카드 파싱 성공: 9건
2026-03-17 13:48:48 [INFO]     2022.01 p24: +3건 (페이지 9건)
2026-03-17 13:48:50 [INFO]     HTML 크기: 363951 bytes
2026-03-17 13:48:50 [INFO]     OaLkxeV3 포함: True
2026-03-17 13:48:50 [INFO]     GOWcekJV4 포함: True
2026-03-17 13:48:50 [INFO]     카드 발견: 14개
2026-03-17 13:48:50 [INFO]     카드 파싱 성공: 7건
2026-03-17 13:48:50 [INFO]     2022.01 p25: +2건 (페이지 7건)
2026-03-17 13:48:52 [INFO]     HTML 크기: 364445 bytes
2026-03-17 13:48:52 [INFO]     OaLkxeV3 포함: True
2026-03-17 13:48:52 [INFO]     GOWcekJV4 포함: True
2026-03-17 13:48:52 [INFO]     카드 발견: 14개
2026-03-17 13:48:52 [INFO]     카드 파싱 성공: 4건
2026-03-17 13:48:52 [INFO]     2022.01 p26: +2건 (페이지 4건)
2026-03-17 13:48:54 [INFO]     HTML 크기: 343049 bytes
2026-03-17 13:48:54 [INFO]     OaLkxeV3 포함: True
2026-03-17 13:48:54 [INFO]     GOWcekJV4 포함: True
2026-03-17 13:48:54 [INFO]     카드 발견: 7개
2026-03-17 13:48:54 [INFO]     카드 파싱 성공: 7건
2026-03-17 13:48:54 [INFO]     2022.01 p27: +2건 (페이지 7건)
2026-03-17 13:48:55 [INFO]     HTML 크기: 401926 bytes
2026-03-17 13:48:55 [INFO]     OaLkxeV3 포함: True
2026-03-17 13:48:55 [INFO]     GOWcekJV4 포함: True
2026-03-17 13:48:55 [INFO]     카드 발견: 24개
2026-03-17 13:48:55 [INFO]     카드 파싱 성공: 8건
2026-03-17 13:48:55 [INFO]     2022.01 p28: +5건 (페이지 8건)
2026-03-17 13:48:57 [INFO]     HTML 크기: 394185 bytes
2026-03-17 13:48:57 [INFO]     OaLkxeV3 포함: True
2026-03-17 13:48:57 [INFO]     GOWcekJV4 포함: True
2026-03-17 13:48:57 [INFO]     카드 발견: 22개
2026-03-17 13:48:57 [INFO]     카드 파싱 성공: 10건
2026-03-17 13:48:57 [INFO]     2022.01 p29: +6건 (페이지 10건)
2026-03-17 13:48:59 [INFO]     HTML 크기: 387535 bytes
2026-03-17 13:48:59 [INFO]     OaLkxeV3 포함: True
2026-03-17 13:48:59 [INFO]     GOWcekJV4 포함: True
2026-03-17 13:48:59 [INFO]     카드 발견: 21개
2026-03-17 13:48:59 [INFO]     카드 파싱 성공: 8건
2026-03-17 13:48:59 [INFO]     2022.01 p30: +2건 (페이지 8건)
2026-03-17 13:49:01 [INFO]     HTML 크기: 384232 bytes
2026-03-17 13:49:01 [INFO]     OaLkxeV3 포함: True
2026-03-17 13:49:01 [INFO]     GOWcekJV4 포함: True
2026-03-17 13:49:01 [INFO]     카드 발견: 18개
2026-03-17 13:49:01 [INFO]     카드 파싱 성공: 12건
2026-03-17 13:49:01 [INFO]     2022.01 p31: +6건 (페이지 12건)
2026-03-17 13:49:03 [INFO]     HTML 크기: 385080 bytes
2026-03-17 13:49:03 [INFO]     OaLkxeV3 포함: True
2026-03-17 13:49:03 [INFO]     GOWcekJV4 포함: True
2026-03-17 13:49:03 [INFO]     카드 발견: 21개
2026-03-17 13:49:03 [INFO]     카드 파싱 성공: 4건
2026-03-17 13:49:03 [INFO]     2022.01 p32: +0건 (페이지 4건)
2026-03-17 13:49:04 [INFO]   2022.01 완료: +165건 (누적 165개)
2026-03-17 13:49:05 [INFO]     HTML 크기: 411183 bytes
2026-03-17 13:49:05 [INFO]     OaLkxeV3 포함: True
2026-03-17 13:49:05 [INFO]     GOWcekJV4 포함: True
2026-03-17 13:49:05 [INFO]     카드 발견: 24개
2026-03-17 13:49:05 [INFO]     카드 파싱 성공: 18건
2026-03-17 13:49:05 [INFO]     2022.02 p1: +18건 (페이지 18건)
2026-03-17 13:49:06 [INFO]     HTML 크기: 403315 bytes
2026-03-17 13:49:06 [INFO]     OaLkxeV3 포함: True
2026-03-17 13:49:06 [INFO]     GOWcekJV4 포함: True
2026-03-17 13:49:06 [INFO]     카드 발견: 22개
2026-03-17 13:49:06 [INFO]     카드 파싱 성공: 19건
2026-03-17 13:49:06 [INFO]     2022.02 p2: +18건 (페이지 19건)
2026-03-17 13:49:08 [INFO]     HTML 크기: 326926 bytes
2026-03-17 13:49:08 [INFO]     OaLkxeV3 포함: True
2026-03-17 13:49:08 [INFO]     GOWcekJV4 포함: True
2026-03-17 13:49:08 [INFO]     카드 발견: 4개
2026-03-17 13:49:08 [INFO]     카드 파싱 성공: 4건
2026-03-17 13:49:08 [INFO]     2022.02 p3: +4건 (페이지 4건)
2026-03-17 13:49:10 [INFO]     HTML 크기: 304798 bytes
2026-03-17 13:49:10 [INFO]     OaLkxeV3 포함: False
2026-03-17 13:49:10 [INFO]     GOWcekJV4 포함: True
2026-03-17 13:49:10 [INFO]     카드 발견: 0개
2026-03-17 13:49:10 [INFO]     카드 파싱 0건 -> 링크 직접 수집 폴백
2026-03-17 13:49:10 [INFO]     CLS_NAVER_LINK 링크: 3개
2026-03-17 13:49:10 [INFO]     2022.02 p4: 0건 (연속 빈 1회)
2026-03-17 13:49:12 [INFO]     HTML 크기: 306200 bytes
2026-03-17 13:49:12 [INFO]     OaLkxeV3 포함: False
2026-03-17 13:49:12 [INFO]     GOWcekJV4 포함: True
2026-03-17 13:49:12 [INFO]     카드 발견: 0개
2026-03-17 13:49:12 [INFO]     카드 파싱 0건 -> 링크 직접 수집 폴백
2026-03-17 13:49:12 [INFO]     CLS_NAVER_LINK 링크: 5개
2026-03-17 13:49:12 [INFO]     2022.02 p5: 0건 (연속 빈 2회)
2026-03-17 13:49:14 [INFO]     HTML 크기: 309002 bytes
2026-03-17 13:49:14 [INFO]     OaLkxeV3 포함: False
2026-03-17 13:49:14 [INFO]     GOWcekJV4 포함: True
2026-03-17 13:49:14 [INFO]     카드 발견: 0개
2026-03-17 13:49:14 [INFO]     카드 파싱 0건 -> 링크 직접 수집 폴백
2026-03-17 13:49:14 [INFO]     CLS_NAVER_LINK 링크: 7개
2026-03-17 13:49:14 [INFO]     2022.02 p6: 0건 (연속 빈 3회)
2026-03-17 13:49:14 [INFO]   2022.02 완료: +40건 (누적 205개)
2026-03-17 13:49:14 [INFO]     HTML 크기: 416640 bytes
2026-03-17 13:49:14 [INFO]     OaLkxeV3 포함: True
2026-03-17 13:49:14 [INFO]     GOWcekJV4 포함: True
2026-03-17 13:49:14 [INFO]     카드 발견: 25개
2026-03-17 13:49:14 [INFO]     카드 파싱 성공: 21건
2026-03-17 13:49:14 [INFO]     2022.03 p1: +21건 (페이지 21건)
2026-03-17 13:49:17 [INFO]     HTML 크기: 372626 bytes
2026-03-17 13:49:17 [INFO]     OaLkxeV3 포함: True
2026-03-17 13:49:17 [INFO]     GOWcekJV4 포함: True
2026-03-17 13:49:17 [INFO]     카드 발견: 15개
2026-03-17 13:49:17 [INFO]     카드 파싱 성공: 13건
2026-03-17 13:49:17 [INFO]     2022.03 p2: +13건 (페이지 13건)
2026-03-17 13:49:18 [INFO]     HTML 크기: 325553 bytes
2026-03-17 13:49:18 [INFO]     OaLkxeV3 포함: True
2026-03-17 13:49:18 [INFO]     GOWcekJV4 포함: True
2026-03-17 13:49:18 [INFO]     카드 발견: 3개
2026-03-17 13:49:18 [INFO]     카드 파싱 성공: 2건
2026-03-17 13:49:18 [INFO]     2022.03 p3: +2건 (페이지 2건)
2026-03-17 13:49:20 [INFO]     HTML 크기: 315339 bytes
2026-03-17 13:49:20 [INFO]     OaLkxeV3 포함: True
2026-03-17 13:49:20 [INFO]     GOWcekJV4 포함: True
2026-03-17 13:49:20 [INFO]     카드 발견: 1개
2026-03-17 13:49:20 [INFO]     카드 파싱 성공: 1건
2026-03-17 13:49:20 [INFO]     2022.03 p4: +1건 (페이지 1건)
2026-03-17 13:49:22 [INFO]     HTML 크기: 307410 bytes
2026-03-17 13:49:22 [INFO]     OaLkxeV3 포함: False
2026-03-17 13:49:22 [INFO]     GOWcekJV4 포함: True
2026-03-17 13:49:22 [INFO]     카드 발견: 0개
2026-03-17 13:49:22 [INFO]     카드 파싱 0건 -> 링크 직접 수집 폴백
2026-03-17 13:49:22 [INFO]     CLS_NAVER_LINK 링크: 5개
2026-03-17 13:49:22 [INFO]     2022.03 p5: 0건 (연속 빈 1회)
2026-03-17 13:49:23 [INFO]     HTML 크기: 305810 bytes
2026-03-17 13:49:23 [INFO]     OaLkxeV3 포함: False
2026-03-17 13:49:23 [INFO]     GOWcekJV4 포함: True
2026-03-17 13:49:23 [INFO]     카드 발견: 0개
2026-03-17 13:49:23 [INFO]     카드 파싱 0건 -> 링크 직접 수집 폴백
2026-03-17 13:49:23 [INFO]     CLS_NAVER_LINK 링크: 2개
2026-03-17 13:49:23 [INFO]     2022.03 p6: 0건 (연속 빈 2회)
2026-03-17 13:49:26 [INFO]     HTML 크기: 306694 bytes
2026-03-17 13:49:26 [INFO]     OaLkxeV3 포함: False
2026-03-17 13:49:26 [INFO]     GOWcekJV4 포함: True
2026-03-17 13:49:26 [INFO]     카드 발견: 0개
2026-03-17 13:49:26 [INFO]     카드 파싱 0건 -> 링크 직접 수집 폴백
2026-03-17 13:49:26 [INFO]     CLS_NAVER_LINK 링크: 3개
2026-03-17 13:49:26 [INFO]     2022.03 p7: 0건 (연속 빈 3회)
2026-03-17 13:49:26 [INFO]   2022.03 완료: +37건 (누적 242개)
2026-03-17 13:49:26 [INFO]     HTML 크기: 384762 bytes
2026-03-17 13:49:26 [INFO]     OaLkxeV3 포함: True
2026-03-17 13:49:26 [INFO]     GOWcekJV4 포함: True
2026-03-17 13:49:26 [INFO]     카드 발견: 16개
2026-03-17 13:49:26 [INFO]     카드 파싱 성공: 16건
2026-03-17 13:49:26 [INFO]     2022.04 p1: +16건 (페이지 16건)
2026-03-17 13:49:28 [INFO]     HTML 크기: 358780 bytes
2026-03-17 13:49:28 [INFO]     OaLkxeV3 포함: True
2026-03-17 13:49:28 [INFO]     GOWcekJV4 포함: True
2026-03-17 13:49:28 [INFO]     카드 발견: 11개
2026-03-17 13:49:28 [INFO]     카드 파싱 성공: 9건
2026-03-17 13:49:28 [INFO]     2022.04 p2: +9건 (페이지 9건)
2026-03-17 13:49:30 [INFO]     HTML 크기: 330384 bytes
2026-03-17 13:49:30 [INFO]     OaLkxeV3 포함: True
2026-03-17 13:49:30 [INFO]     GOWcekJV4 포함: True
2026-03-17 13:49:30 [INFO]     카드 발견: 4개
2026-03-17 13:49:30 [INFO]     카드 파싱 성공: 4건
2026-03-17 13:49:30 [INFO]     2022.04 p3: +4건 (페이지 4건)
2026-03-17 13:49:32 [INFO]     HTML 크기: 346719 bytes
2026-03-17 13:49:32 [INFO]     OaLkxeV3 포함: True
2026-03-17 13:49:32 [INFO]     GOWcekJV4 포함: True
2026-03-17 13:49:32 [INFO]     카드 발견: 8개
2026-03-17 13:49:32 [INFO]     카드 파싱 성공: 7건
2026-03-17 13:49:32 [INFO]     2022.04 p4: +7건 (페이지 7건)
2026-03-17 13:49:34 [INFO]     HTML 크기: 322353 bytes
2026-03-17 13:49:34 [INFO]     OaLkxeV3 포함: True
2026-03-17 13:49:34 [INFO]     GOWcekJV4 포함: True
2026-03-17 13:49:34 [INFO]     카드 발견: 2개
2026-03-17 13:49:34 [INFO]     카드 파싱 성공: 2건
2026-03-17 13:49:34 [INFO]     2022.04 p5: +2건 (페이지 2건)
2026-03-17 13:49:36 [INFO]     HTML 크기: 320698 bytes
2026-03-17 13:49:36 [INFO]     OaLkxeV3 포함: True
2026-03-17 13:49:36 [INFO]     GOWcekJV4 포함: True
2026-03-17 13:49:36 [INFO]     카드 발견: 2개
2026-03-17 13:49:36 [INFO]     카드 파싱 성공: 2건
2026-03-17 13:49:36 [INFO]     2022.04 p6: +2건 (페이지 2건)
2026-03-17 13:49:37 [INFO]     HTML 크기: 319582 bytes
2026-03-17 13:49:37 [INFO]     OaLkxeV3 포함: True
2026-03-17 13:49:37 [INFO]     GOWcekJV4 포함: True
2026-03-17 13:49:37 [INFO]     카드 발견: 2개
2026-03-17 13:49:37 [INFO]     카드 파싱 성공: 2건
2026-03-17 13:49:37 [INFO]     2022.04 p7: +2건 (페이지 2건)
2026-03-17 13:49:39 [INFO]     HTML 크기: 325074 bytes
2026-03-17 13:49:39 [INFO]     OaLkxeV3 포함: True
2026-03-17 13:49:39 [INFO]     GOWcekJV4 포함: True
2026-03-17 13:49:39 [INFO]     카드 발견: 3개
2026-03-17 13:49:39 [INFO]     카드 파싱 성공: 3건
2026-03-17 13:49:39 [INFO]     2022.04 p8: +3건 (페이지 3건)
2026-03-17 13:49:41 [INFO]     HTML 크기: 311992 bytes
2026-03-17 13:49:41 [INFO]     OaLkxeV3 포함: False
2026-03-17 13:49:41 [INFO]     GOWcekJV4 포함: True
2026-03-17 13:49:41 [INFO]     카드 발견: 0개
2026-03-17 13:49:41 [INFO]     카드 파싱 0건 -> 링크 직접 수집 폴백
2026-03-17 13:49:41 [INFO]     CLS_NAVER_LINK 링크: 9개
2026-03-17 13:49:41 [INFO]     2022.04 p9: 0건 (연속 빈 1회)
2026-03-17 13:49:43 [INFO]     HTML 크기: 311900 bytes
2026-03-17 13:49:43 [INFO]     OaLkxeV3 포함: False
2026-03-17 13:49:43 [INFO]     GOWcekJV4 포함: True
2026-03-17 13:49:43 [INFO]     카드 발견: 0개
2026-03-17 13:49:43 [INFO]     카드 파싱 0건 -> 링크 직접 수집 폴백
2026-03-17 13:49:43 [INFO]     CLS_NAVER_LINK 링크: 9개
2026-03-17 13:49:43 [INFO]     2022.04 p10: 0건 (연속 빈 2회)
2026-03-17 13:49:45 [INFO]     HTML 크기: 378919 bytes
2026-03-17 13:49:45 [INFO]     OaLkxeV3 포함: True
2026-03-17 13:49:45 [INFO]     GOWcekJV4 포함: True
2026-03-17 13:49:45 [INFO]     카드 발견: 16개
2026-03-17 13:49:45 [INFO]     카드 파싱 성공: 9건
2026-03-17 13:49:45 [INFO]     2022.04 p11: +9건 (페이지 9건)
2026-03-17 13:49:46 [INFO]     HTML 크기: 394605 bytes
2026-03-17 13:49:46 [INFO]     OaLkxeV3 포함: True
2026-03-17 13:49:46 [INFO]     GOWcekJV4 포함: True
2026-03-17 13:49:46 [INFO]     카드 발견: 22개
2026-03-17 13:49:46 [INFO]     카드 파싱 성공: 7건
2026-03-17 13:49:46 [INFO]     2022.04 p12: +3건 (페이지 7건)
2026-03-17 13:49:48 [INFO]     HTML 크기: 402713 bytes
2026-03-17 13:49:48 [INFO]     OaLkxeV3 포함: True
2026-03-17 13:49:48 [INFO]     GOWcekJV4 포함: True
2026-03-17 13:49:48 [INFO]     카드 발견: 24개
2026-03-17 13:49:48 [INFO]     카드 파싱 성공: 10건
2026-03-17 13:49:48 [INFO]     2022.04 p13: +5건 (페이지 10건)
2026-03-17 13:49:50 [INFO]     HTML 크기: 412000 bytes
2026-03-17 13:49:50 [INFO]     OaLkxeV3 포함: True
2026-03-17 13:49:50 [INFO]     GOWcekJV4 포함: True
2026-03-17 13:49:50 [INFO]     카드 발견: 26개
2026-03-17 13:49:50 [INFO]     카드 파싱 성공: 14건
2026-03-17 13:49:50 [INFO]     2022.04 p14: +6건 (페이지 14건)
2026-03-17 13:49:52 [INFO]     HTML 크기: 386256 bytes
2026-03-17 13:49:52 [INFO]     OaLkxeV3 포함: True
2026-03-17 13:49:52 [INFO]     GOWcekJV4 포함: True
2026-03-17 13:49:52 [INFO]     카드 발견: 19개
2026-03-17 13:49:52 [INFO]     카드 파싱 성공: 10건
2026-03-17 13:49:52 [INFO]     2022.04 p15: +1건 (페이지 10건)
2026-03-17 13:49:54 [INFO]     HTML 크기: 367495 bytes
2026-03-17 13:49:54 [INFO]     OaLkxeV3 포함: True
2026-03-17 13:49:54 [INFO]     GOWcekJV4 포함: True
2026-03-17 13:49:54 [INFO]     카드 발견: 15개
2026-03-17 13:49:54 [INFO]     카드 파싱 성공: 5건
2026-03-17 13:49:54 [INFO]     2022.04 p16: +0건 (페이지 5건)
2026-03-17 13:49:55 [INFO]   2022.04 완료: +69건 (누적 311개)
2026-03-17 13:49:55 [INFO]     HTML 크기: 382420 bytes
2026-03-17 13:49:55 [INFO]     OaLkxeV3 포함: True
2026-03-17 13:49:55 [INFO]     GOWcekJV4 포함: True
2026-03-17 13:49:55 [INFO]     카드 발견: 16개
2026-03-17 13:49:55 [INFO]     카드 파싱 성공: 16건
2026-03-17 13:49:55 [INFO]     2022.05 p1: +16건 (페이지 16건)
2026-03-17 13:49:57 [INFO]     HTML 크기: 325302 bytes
2026-03-17 13:49:57 [INFO]     OaLkxeV3 포함: True
2026-03-17 13:49:57 [INFO]     GOWcekJV4 포함: True
2026-03-17 13:49:57 [INFO]     카드 발견: 3개
2026-03-17 13:49:57 [INFO]     카드 파싱 성공: 3건
2026-03-17 13:49:57 [INFO]     2022.05 p2: +3건 (페이지 3건)
2026-03-17 13:49:59 [INFO]     HTML 크기: 318057 bytes
2026-03-17 13:49:59 [INFO]     OaLkxeV3 포함: True
2026-03-17 13:49:59 [INFO]     GOWcekJV4 포함: True
2026-03-17 13:49:59 [INFO]     카드 발견: 2개
2026-03-17 13:49:59 [INFO]     카드 파싱 성공: 2건
2026-03-17 13:49:59 [INFO]     2022.05 p3: +2건 (페이지 2건)
2026-03-17 13:50:01 [INFO]     HTML 크기: 315816 bytes
2026-03-17 13:50:01 [INFO]     OaLkxeV3 포함: True
2026-03-17 13:50:01 [INFO]     GOWcekJV4 포함: True
2026-03-17 13:50:01 [INFO]     카드 발견: 2개
2026-03-17 13:50:01 [INFO]     카드 파싱 성공: 2건
2026-03-17 13:50:01 [INFO]     2022.05 p4: +2건 (페이지 2건)
2026-03-17 13:50:03 [INFO]     HTML 크기: 324081 bytes
2026-03-17 13:50:03 [INFO]     OaLkxeV3 포함: True
2026-03-17 13:50:03 [INFO]     GOWcekJV4 포함: True
2026-03-17 13:50:03 [INFO]     카드 발견: 3개
2026-03-17 13:50:03 [INFO]     카드 파싱 성공: 1건
2026-03-17 13:50:03 [INFO]     2022.05 p5: +1건 (페이지 1건)
2026-03-17 13:50:05 [INFO]     HTML 크기: 320409 bytes
2026-03-17 13:50:05 [INFO]     OaLkxeV3 포함: True
2026-03-17 13:50:05 [INFO]     GOWcekJV4 포함: True
2026-03-17 13:50:05 [INFO]     카드 발견: 3개
2026-03-17 13:50:05 [INFO]     카드 파싱 성공: 1건
2026-03-17 13:50:05 [INFO]     2022.05 p6: +1건 (페이지 1건)
2026-03-17 13:50:07 [INFO]     HTML 크기: 304879 bytes
2026-03-17 13:50:07 [INFO]     OaLkxeV3 포함: False
2026-03-17 13:50:07 [INFO]     GOWcekJV4 포함: True
2026-03-17 13:50:07 [INFO]     카드 발견: 0개
2026-03-17 13:50:07 [INFO]     카드 파싱 0건 -> 링크 직접 수집 폴백
2026-03-17 13:50:07 [INFO]     CLS_NAVER_LINK 링크: 2개
2026-03-17 13:50:07 [INFO]     2022.05 p7: 0건 (연속 빈 1회)
2026-03-17 13:50:09 [INFO]     HTML 크기: 307946 bytes
2026-03-17 13:50:09 [INFO]     OaLkxeV3 포함: False
2026-03-17 13:50:09 [INFO]     GOWcekJV4 포함: True
2026-03-17 13:50:09 [INFO]     카드 발견: 0개
2026-03-17 13:50:09 [INFO]     카드 파싱 0건 -> 링크 직접 수집 폴백
2026-03-17 13:50:09 [INFO]     CLS_NAVER_LINK 링크: 6개
2026-03-17 13:50:09 [INFO]     2022.05 p8: 0건 (연속 빈 2회)
2026-03-17 13:50:11 [INFO]     HTML 크기: 308214 bytes
2026-03-17 13:50:11 [INFO]     OaLkxeV3 포함: False
2026-03-17 13:50:11 [INFO]     GOWcekJV4 포함: True
2026-03-17 13:50:11 [INFO]     카드 발견: 0개
2026-03-17 13:50:11 [INFO]     카드 파싱 0건 -> 링크 직접 수집 폴백
2026-03-17 13:50:11 [INFO]     CLS_NAVER_LINK 링크: 7개
2026-03-17 13:50:11 [INFO]     2022.05 p9: 0건 (연속 빈 3회)
2026-03-17 13:50:11 [INFO]   2022.05 완료: +25건 (누적 336개)
2026-03-17 13:50:12 [INFO]     HTML 크기: 459150 bytes
2026-03-17 13:50:12 [INFO]     OaLkxeV3 포함: True
2026-03-17 13:50:12 [INFO]     GOWcekJV4 포함: True
2026-03-17 13:50:12 [INFO]     카드 발견: 34개
2026-03-17 13:50:12 [INFO]     카드 파싱 성공: 32건
2026-03-17 13:50:12 [INFO]     2022.06 p1: +32건 (페이지 32건)
2026-03-17 13:50:14 [INFO]     HTML 크기: 334827 bytes
2026-03-17 13:50:14 [INFO]     OaLkxeV3 포함: True
2026-03-17 13:50:14 [INFO]     GOWcekJV4 포함: True
2026-03-17 13:50:14 [INFO]     카드 발견: 6개
2026-03-17 13:50:14 [INFO]     카드 파싱 성공: 6건
2026-03-17 13:50:14 [INFO]     2022.06 p2: +6건 (페이지 6건)
2026-03-17 13:50:16 [INFO]     HTML 크기: 305932 bytes
2026-03-17 13:50:16 [INFO]     OaLkxeV3 포함: False
2026-03-17 13:50:16 [INFO]     GOWcekJV4 포함: True
2026-03-17 13:50:16 [INFO]     카드 발견: 0개
2026-03-17 13:50:16 [INFO]     카드 파싱 0건 -> 링크 직접 수집 폴백
2026-03-17 13:50:16 [INFO]     CLS_NAVER_LINK 링크: 2개
2026-03-17 13:50:16 [INFO]     2022.06 p3: 0건 (연속 빈 1회)
2026-03-17 13:50:18 [INFO]     HTML 크기: 305258 bytes
2026-03-17 13:50:18 [INFO]     OaLkxeV3 포함: False
2026-03-17 13:50:18 [INFO]     GOWcekJV4 포함: True
2026-03-17 13:50:18 [INFO]     카드 발견: 0개
2026-03-17 13:50:18 [INFO]     카드 파싱 0건 -> 링크 직접 수집 폴백
2026-03-17 13:50:18 [INFO]     CLS_NAVER_LINK 링크: 1개
2026-03-17 13:50:18 [INFO]     2022.06 p4: 0건 (연속 빈 2회)
2026-03-17 13:50:20 [INFO]     HTML 크기: 308333 bytes
2026-03-17 13:50:20 [INFO]     OaLkxeV3 포함: False
2026-03-17 13:50:20 [INFO]     GOWcekJV4 포함: True
2026-03-17 13:50:20 [INFO]     카드 발견: 0개
2026-03-17 13:50:20 [INFO]     카드 파싱 0건 -> 링크 직접 수집 폴백
2026-03-17 13:50:20 [INFO]     CLS_NAVER_LINK 링크: 4개
2026-03-17 13:50:20 [INFO]     2022.06 p5: 0건 (연속 빈 3회)
2026-03-17 13:50:20 [INFO]   2022.06 완료: +38건 (누적 374개)
2026-03-17 13:50:20 [INFO]     HTML 크기: 364951 bytes
2026-03-17 13:50:20 [INFO]     OaLkxeV3 포함: True
2026-03-17 13:50:20 [INFO]     GOWcekJV4 포함: True
2026-03-17 13:50:20 [INFO]     카드 발견: 12개
2026-03-17 13:50:20 [INFO]     카드 파싱 성공: 11건
2026-03-17 13:50:20 [INFO]     2022.07 p1: +11건 (페이지 11건)
2026-03-17 13:50:22 [INFO]     HTML 크기: 338708 bytes
2026-03-17 13:50:22 [INFO]     OaLkxeV3 포함: True
2026-03-17 13:50:22 [INFO]     GOWcekJV4 포함: True
2026-03-17 13:50:22 [INFO]     카드 발견: 6개
2026-03-17 13:50:22 [INFO]     카드 파싱 성공: 6건
2026-03-17 13:50:22 [INFO]     2022.07 p2: +6건 (페이지 6건)
2026-03-17 13:50:24 [INFO]     HTML 크기: 333950 bytes
2026-03-17 13:50:24 [INFO]     OaLkxeV3 포함: True
2026-03-17 13:50:24 [INFO]     GOWcekJV4 포함: True
2026-03-17 13:50:24 [INFO]     카드 발견: 5개
2026-03-17 13:50:24 [INFO]     카드 파싱 성공: 5건
2026-03-17 13:50:24 [INFO]     2022.07 p3: +5건 (페이지 5건)
2026-03-17 13:50:26 [INFO]     HTML 크기: 346296 bytes
2026-03-17 13:50:26 [INFO]     OaLkxeV3 포함: True
2026-03-17 13:50:26 [INFO]     GOWcekJV4 포함: True
2026-03-17 13:50:26 [INFO]     카드 발견: 8개
2026-03-17 13:50:26 [INFO]     카드 파싱 성공: 8건
2026-03-17 13:50:26 [INFO]     2022.07 p4: +8건 (페이지 8건)
2026-03-17 13:50:27 [INFO]     HTML 크기: 348951 bytes
2026-03-17 13:50:27 [INFO]     OaLkxeV3 포함: True
2026-03-17 13:50:27 [INFO]     GOWcekJV4 포함: True
2026-03-17 13:50:27 [INFO]     카드 발견: 10개
2026-03-17 13:50:27 [INFO]     카드 파싱 성공: 8건
2026-03-17 13:50:27 [INFO]     2022.07 p5: +8건 (페이지 8건)
2026-03-17 13:50:29 [INFO]     HTML 크기: 349397 bytes
2026-03-17 13:50:29 [INFO]     OaLkxeV3 포함: True
2026-03-17 13:50:29 [INFO]     GOWcekJV4 포함: True
2026-03-17 13:50:29 [INFO]     카드 발견: 9개
2026-03-17 13:50:29 [INFO]     카드 파싱 성공: 9건
2026-03-17 13:50:29 [INFO]     2022.07 p6: +9건 (페이지 9건)
2026-03-17 13:50:31 [INFO]     HTML 크기: 331700 bytes
2026-03-17 13:50:31 [INFO]     OaLkxeV3 포함: True
2026-03-17 13:50:31 [INFO]     GOWcekJV4 포함: True
2026-03-17 13:50:31 [INFO]     카드 발견: 5개
2026-03-17 13:50:31 [INFO]     카드 파싱 성공: 5건
2026-03-17 13:50:31 [INFO]     2022.07 p7: +5건 (페이지 5건)
2026-03-17 13:50:33 [INFO]     HTML 크기: 346934 bytes
2026-03-17 13:50:33 [INFO]     OaLkxeV3 포함: True
2026-03-17 13:50:33 [INFO]     GOWcekJV4 포함: True
2026-03-17 13:50:33 [INFO]     카드 발견: 8개
2026-03-17 13:50:33 [INFO]     카드 파싱 성공: 8건
2026-03-17 13:50:33 [INFO]     2022.07 p8: +8건 (페이지 8건)
2026-03-17 13:50:35 [INFO]     HTML 크기: 352983 bytes
2026-03-17 13:50:35 [INFO]     OaLkxeV3 포함: True
2026-03-17 13:50:35 [INFO]     GOWcekJV4 포함: True
2026-03-17 13:50:35 [INFO]     카드 발견: 9개
2026-03-17 13:50:35 [INFO]     카드 파싱 성공: 9건
2026-03-17 13:50:35 [INFO]     2022.07 p9: +9건 (페이지 9건)
2026-03-17 13:50:37 [INFO]     HTML 크기: 329166 bytes
2026-03-17 13:50:37 [INFO]     OaLkxeV3 포함: True
2026-03-17 13:50:37 [INFO]     GOWcekJV4 포함: True
2026-03-17 13:50:37 [INFO]     카드 발견: 4개
2026-03-17 13:50:37 [INFO]     카드 파싱 성공: 3건
2026-03-17 13:50:37 [INFO]     2022.07 p10: +3건 (페이지 3건)
2026-03-17 13:50:39 [INFO]     HTML 크기: 380892 bytes
2026-03-17 13:50:39 [INFO]     OaLkxeV3 포함: True
2026-03-17 13:50:39 [INFO]     GOWcekJV4 포함: True
2026-03-17 13:50:39 [INFO]     카드 발견: 16개
2026-03-17 13:50:39 [INFO]     카드 파싱 성공: 16건
2026-03-17 13:50:39 [INFO]     2022.07 p11: +11건 (페이지 16건)
2026-03-17 13:50:42 [INFO]     HTML 크기: 363860 bytes
2026-03-17 13:50:42 [INFO]     OaLkxeV3 포함: True
2026-03-17 13:50:42 [INFO]     GOWcekJV4 포함: True
2026-03-17 13:50:42 [INFO]     카드 발견: 12개
2026-03-17 13:50:42 [INFO]     카드 파싱 성공: 11건
2026-03-17 13:50:42 [INFO]     2022.07 p12: +2건 (페이지 11건)
2026-03-17 13:50:44 [INFO]     HTML 크기: 374178 bytes
2026-03-17 13:50:44 [INFO]     OaLkxeV3 포함: True
2026-03-17 13:50:44 [INFO]     GOWcekJV4 포함: True
2026-03-17 13:50:44 [INFO]     카드 발견: 14개
2026-03-17 13:50:44 [INFO]     카드 파싱 성공: 14건
2026-03-17 13:50:44 [INFO]     2022.07 p13: +4건 (페이지 14건)
2026-03-17 13:50:45 [INFO]     HTML 크기: 389711 bytes
2026-03-17 13:50:45 [INFO]     OaLkxeV3 포함: True
2026-03-17 13:50:45 [INFO]     GOWcekJV4 포함: True
2026-03-17 13:50:45 [INFO]     카드 발견: 19개
2026-03-17 13:50:45 [INFO]     카드 파싱 성공: 16건
2026-03-17 13:50:45 [INFO]     2022.07 p14: +4건 (페이지 16건)
2026-03-17 13:50:47 [INFO]     HTML 크기: 382988 bytes
2026-03-17 13:50:47 [INFO]     OaLkxeV3 포함: True
2026-03-17 13:50:47 [INFO]     GOWcekJV4 포함: True
2026-03-17 13:50:47 [INFO]     카드 발견: 17개
2026-03-17 13:50:47 [INFO]     카드 파싱 성공: 16건
2026-03-17 13:50:47 [INFO]     2022.07 p15: +2건 (페이지 16건)
2026-03-17 13:50:49 [INFO]     HTML 크기: 381930 bytes
2026-03-17 13:50:49 [INFO]     OaLkxeV3 포함: True
2026-03-17 13:50:49 [INFO]     GOWcekJV4 포함: True
2026-03-17 13:50:49 [INFO]     카드 발견: 16개
2026-03-17 13:50:49 [INFO]     카드 파싱 성공: 16건
2026-03-17 13:50:49 [INFO]     2022.07 p16: +8건 (페이지 16건)
2026-03-17 13:50:51 [INFO]     HTML 크기: 360446 bytes
2026-03-17 13:50:51 [INFO]     OaLkxeV3 포함: True
2026-03-17 13:50:51 [INFO]     GOWcekJV4 포함: True
2026-03-17 13:50:51 [INFO]     카드 발견: 12개
2026-03-17 13:50:51 [INFO]     카드 파싱 성공: 11건
2026-03-17 13:50:51 [INFO]     2022.07 p17: +3건 (페이지 11건)
2026-03-17 13:50:52 [INFO]     HTML 크기: 373951 bytes
2026-03-17 13:50:52 [INFO]     OaLkxeV3 포함: True
2026-03-17 13:50:52 [INFO]     GOWcekJV4 포함: True
2026-03-17 13:50:52 [INFO]     카드 발견: 15개
2026-03-17 13:50:52 [INFO]     카드 파싱 성공: 12건
2026-03-17 13:50:52 [INFO]     2022.07 p18: +2건 (페이지 12건)
2026-03-17 13:50:54 [INFO]     HTML 크기: 394541 bytes
2026-03-17 13:50:54 [INFO]     OaLkxeV3 포함: True
2026-03-17 13:50:54 [INFO]     GOWcekJV4 포함: True
2026-03-17 13:50:54 [INFO]     카드 발견: 20개
2026-03-17 13:50:54 [INFO]     카드 파싱 성공: 17건
2026-03-17 13:50:54 [INFO]     2022.07 p19: +4건 (페이지 17건)
2026-03-17 13:50:56 [INFO]     HTML 크기: 359739 bytes
2026-03-17 13:50:56 [INFO]     OaLkxeV3 포함: True
2026-03-17 13:50:56 [INFO]     GOWcekJV4 포함: True
2026-03-17 13:50:56 [INFO]     카드 발견: 12개
2026-03-17 13:50:56 [INFO]     카드 파싱 성공: 10건
2026-03-17 13:50:56 [INFO]     2022.07 p20: +4건 (페이지 10건)
2026-03-17 13:50:57 [INFO]     HTML 크기: 357797 bytes
2026-03-17 13:50:57 [INFO]     OaLkxeV3 포함: True
2026-03-17 13:50:57 [INFO]     GOWcekJV4 포함: True
2026-03-17 13:50:57 [INFO]     카드 발견: 11개
2026-03-17 13:50:57 [INFO]     카드 파싱 성공: 10건
2026-03-17 13:50:57 [INFO]     2022.07 p21: +3건 (페이지 10건)
2026-03-17 13:50:59 [INFO]     HTML 크기: 406846 bytes
2026-03-17 13:50:59 [INFO]     OaLkxeV3 포함: True
2026-03-17 13:50:59 [INFO]     GOWcekJV4 포함: True
2026-03-17 13:50:59 [INFO]     카드 발견: 22개
2026-03-17 13:50:59 [INFO]     카드 파싱 성공: 21건
2026-03-17 13:50:59 [INFO]     2022.07 p22: +4건 (페이지 21건)
2026-03-17 13:51:01 [INFO]     HTML 크기: 392485 bytes
2026-03-17 13:51:01 [INFO]     OaLkxeV3 포함: True
2026-03-17 13:51:01 [INFO]     GOWcekJV4 포함: True
2026-03-17 13:51:01 [INFO]     카드 발견: 19개
2026-03-17 13:51:01 [INFO]     카드 파싱 성공: 18건
2026-03-17 13:51:01 [INFO]     2022.07 p23: +6건 (페이지 18건)
2026-03-17 13:51:03 [INFO]     HTML 크기: 378959 bytes
2026-03-17 13:51:03 [INFO]     OaLkxeV3 포함: True
2026-03-17 13:51:03 [INFO]     GOWcekJV4 포함: True
2026-03-17 13:51:03 [INFO]     카드 발견: 16개
2026-03-17 13:51:03 [INFO]     카드 파싱 성공: 15건
2026-03-17 13:51:03 [INFO]     2022.07 p24: +4건 (페이지 15건)
2026-03-17 13:51:04 [INFO]     HTML 크기: 381653 bytes
2026-03-17 13:51:04 [INFO]     OaLkxeV3 포함: True
2026-03-17 13:51:04 [INFO]     GOWcekJV4 포함: True
2026-03-17 13:51:04 [INFO]     카드 발견: 17개
2026-03-17 13:51:04 [INFO]     카드 파싱 성공: 13건
2026-03-17 13:51:04 [INFO]     2022.07 p25: +3건 (페이지 13건)
2026-03-17 13:51:07 [INFO]     HTML 크기: 396233 bytes
2026-03-17 13:51:07 [INFO]     OaLkxeV3 포함: True
2026-03-17 13:51:07 [INFO]     GOWcekJV4 포함: True
2026-03-17 13:51:07 [INFO]     카드 발견: 20개
2026-03-17 13:51:07 [INFO]     카드 파싱 성공: 18건
2026-03-17 13:51:07 [INFO]     2022.07 p26: +2건 (페이지 18건)
2026-03-17 13:51:09 [INFO]     HTML 크기: 364153 bytes
2026-03-17 13:51:09 [INFO]     OaLkxeV3 포함: True
2026-03-17 13:51:09 [INFO]     GOWcekJV4 포함: True
2026-03-17 13:51:09 [INFO]     카드 발견: 13개
2026-03-17 13:51:09 [INFO]     카드 파싱 성공: 9건
2026-03-17 13:51:09 [INFO]     2022.07 p27: +5건 (페이지 9건)
2026-03-17 13:51:11 [INFO]     HTML 크기: 377351 bytes
2026-03-17 13:51:11 [INFO]     OaLkxeV3 포함: True
2026-03-17 13:51:11 [INFO]     GOWcekJV4 포함: True
2026-03-17 13:51:11 [INFO]     카드 발견: 16개
2026-03-17 13:51:11 [INFO]     카드 파싱 성공: 12건
2026-03-17 13:51:11 [INFO]     2022.07 p28: +6건 (페이지 12건)
2026-03-17 13:51:12 [INFO]     HTML 크기: 358268 bytes
2026-03-17 13:51:12 [INFO]     OaLkxeV3 포함: True
2026-03-17 13:51:12 [INFO]     GOWcekJV4 포함: True
2026-03-17 13:51:12 [INFO]     카드 발견: 11개
2026-03-17 13:51:12 [INFO]     카드 파싱 성공: 10건
2026-03-17 13:51:12 [INFO]     2022.07 p29: +1건 (페이지 10건)
2026-03-17 13:51:14 [INFO]     HTML 크기: 372093 bytes
2026-03-17 13:51:14 [INFO]     OaLkxeV3 포함: True
2026-03-17 13:51:14 [INFO]     GOWcekJV4 포함: True
2026-03-17 13:51:14 [INFO]     카드 발견: 15개
2026-03-17 13:51:14 [INFO]     카드 파싱 성공: 10건
2026-03-17 13:51:14 [INFO]     2022.07 p30: +3건 (페이지 10건)
2026-03-17 13:51:15 [INFO]     HTML 크기: 371571 bytes
2026-03-17 13:51:15 [INFO]     OaLkxeV3 포함: True
2026-03-17 13:51:15 [INFO]     GOWcekJV4 포함: True
2026-03-17 13:51:15 [INFO]     카드 발견: 15개
2026-03-17 13:51:16 [INFO]     카드 파싱 성공: 11건
2026-03-17 13:51:16 [INFO]     2022.07 p31: +3건 (페이지 11건)
2026-03-17 13:51:17 [INFO]     HTML 크기: 378138 bytes
2026-03-17 13:51:17 [INFO]     OaLkxeV3 포함: True
2026-03-17 13:51:17 [INFO]     GOWcekJV4 포함: True
2026-03-17 13:51:17 [INFO]     카드 발견: 16개
2026-03-17 13:51:17 [INFO]     카드 파싱 성공: 14건
2026-03-17 13:51:17 [INFO]     2022.07 p32: +7건 (페이지 14건)
2026-03-17 13:51:19 [INFO]     HTML 크기: 380148 bytes
2026-03-17 13:51:19 [INFO]     OaLkxeV3 포함: True
2026-03-17 13:51:19 [INFO]     GOWcekJV4 포함: True
2026-03-17 13:51:19 [INFO]     카드 발견: 18개
2026-03-17 13:51:19 [INFO]     카드 파싱 성공: 10건
2026-03-17 13:51:19 [INFO]     2022.07 p33: +3건 (페이지 10건)
2026-03-17 13:51:21 [INFO]     HTML 크기: 341235 bytes
2026-03-17 13:51:21 [INFO]     OaLkxeV3 포함: True
2026-03-17 13:51:21 [INFO]     GOWcekJV4 포함: True
2026-03-17 13:51:21 [INFO]     카드 발견: 8개
2026-03-17 13:51:21 [INFO]     카드 파싱 성공: 4건
2026-03-17 13:51:21 [INFO]     2022.07 p34: +2건 (페이지 4건)
2026-03-17 13:51:23 [INFO]     HTML 크기: 373295 bytes
2026-03-17 13:51:23 [INFO]     OaLkxeV3 포함: True
2026-03-17 13:51:23 [INFO]     GOWcekJV4 포함: True
2026-03-17 13:51:23 [INFO]     카드 발견: 16개
2026-03-17 13:51:23 [INFO]     카드 파싱 성공: 11건
2026-03-17 13:51:23 [INFO]     2022.07 p35: +8건 (페이지 11건)
2026-03-17 13:51:25 [INFO]     HTML 크기: 365185 bytes
2026-03-17 13:51:25 [INFO]     OaLkxeV3 포함: True
2026-03-17 13:51:25 [INFO]     GOWcekJV4 포함: True
2026-03-17 13:51:25 [INFO]     카드 발견: 14개
2026-03-17 13:51:25 [INFO]     카드 파싱 성공: 10건
2026-03-17 13:51:25 [INFO]     2022.07 p36: +4건 (페이지 10건)
2026-03-17 13:51:27 [INFO]     HTML 크기: 369079 bytes
2026-03-17 13:51:27 [INFO]     OaLkxeV3 포함: True
2026-03-17 13:51:27 [INFO]     GOWcekJV4 포함: True
2026-03-17 13:51:27 [INFO]     카드 발견: 15개
2026-03-17 13:51:27 [INFO]     카드 파싱 성공: 8건
2026-03-17 13:51:27 [INFO]     2022.07 p37: +5건 (페이지 8건)
2026-03-17 13:51:28 [INFO]     HTML 크기: 389289 bytes
2026-03-17 13:51:28 [INFO]     OaLkxeV3 포함: True
2026-03-17 13:51:28 [INFO]     GOWcekJV4 포함: True
2026-03-17 13:51:28 [INFO]     카드 발견: 20개
2026-03-17 13:51:28 [INFO]     카드 파싱 성공: 11건
2026-03-17 13:51:28 [INFO]     2022.07 p38: +4건 (페이지 11건)
2026-03-17 13:51:31 [INFO]     HTML 크기: 356036 bytes
2026-03-17 13:51:31 [INFO]     OaLkxeV3 포함: True
2026-03-17 13:51:31 [INFO]     GOWcekJV4 포함: True
2026-03-17 13:51:31 [INFO]     카드 발견: 12개
2026-03-17 13:51:31 [INFO]     카드 파싱 성공: 4건
2026-03-17 13:51:31 [INFO]     2022.07 p39: +0건 (페이지 4건)
2026-03-17 13:51:32 [INFO]   2022.07 완료: +189건 (누적 563개)
2026-03-17 13:51:33 [INFO]     HTML 크기: 411898 bytes
2026-03-17 13:51:33 [INFO]     OaLkxeV3 포함: True
2026-03-17 13:51:33 [INFO]     GOWcekJV4 포함: True
2026-03-17 13:51:33 [INFO]     카드 발견: 24개
2026-03-17 13:51:33 [INFO]     카드 파싱 성공: 19건
2026-03-17 13:51:33 [INFO]     2022.08 p1: +19건 (페이지 19건)
2026-03-17 13:51:35 [INFO]     HTML 크기: 333532 bytes
2026-03-17 13:51:35 [INFO]     OaLkxeV3 포함: True
2026-03-17 13:51:35 [INFO]     GOWcekJV4 포함: True
2026-03-17 13:51:35 [INFO]     카드 발견: 5개
2026-03-17 13:51:35 [INFO]     카드 파싱 성공: 5건
2026-03-17 13:51:35 [INFO]     2022.08 p2: +3건 (페이지 5건)
2026-03-17 13:51:37 [INFO]     HTML 크기: 307023 bytes
2026-03-17 13:51:37 [INFO]     OaLkxeV3 포함: False
2026-03-17 13:51:37 [INFO]     GOWcekJV4 포함: True
2026-03-17 13:51:37 [INFO]     카드 발견: 0개
2026-03-17 13:51:37 [INFO]     카드 파싱 0건 -> 링크 직접 수집 폴백
2026-03-17 13:51:37 [INFO]     CLS_NAVER_LINK 링크: 3개
2026-03-17 13:51:37 [INFO]     2022.08 p3: 0건 (연속 빈 1회)
2026-03-17 13:51:38 [INFO]     HTML 크기: 307153 bytes
2026-03-17 13:51:38 [INFO]     OaLkxeV3 포함: False
2026-03-17 13:51:38 [INFO]     GOWcekJV4 포함: True
2026-03-17 13:51:38 [INFO]     카드 발견: 0개
2026-03-17 13:51:38 [INFO]     카드 파싱 0건 -> 링크 직접 수집 폴백
2026-03-17 13:51:38 [INFO]     CLS_NAVER_LINK 링크: 3개
2026-03-17 13:51:38 [INFO]     2022.08 p4: 0건 (연속 빈 2회)
2026-03-17 13:51:40 [INFO]     HTML 크기: 306730 bytes
2026-03-17 13:51:40 [INFO]     OaLkxeV3 포함: False
2026-03-17 13:51:40 [INFO]     GOWcekJV4 포함: True
2026-03-17 13:51:40 [INFO]     카드 발견: 0개
2026-03-17 13:51:40 [INFO]     카드 파싱 0건 -> 링크 직접 수집 폴백
2026-03-17 13:51:40 [INFO]     CLS_NAVER_LINK 링크: 4개
2026-03-17 13:51:40 [INFO]     2022.08 p5: 0건 (연속 빈 3회)
2026-03-17 13:51:40 [INFO]   2022.08 완료: +22건 (누적 585개)
2026-03-17 13:51:41 [INFO]     HTML 크기: 403630 bytes
2026-03-17 13:51:41 [INFO]     OaLkxeV3 포함: True
2026-03-17 13:51:41 [INFO]     GOWcekJV4 포함: True
2026-03-17 13:51:41 [INFO]     카드 발견: 21개
2026-03-17 13:51:41 [INFO]     카드 파싱 성공: 20건
2026-03-17 13:51:41 [INFO]     2022.09 p1: +20건 (페이지 20건)
2026-03-17 13:51:43 [INFO]     HTML 크기: 337317 bytes
2026-03-17 13:51:43 [INFO]     OaLkxeV3 포함: True
2026-03-17 13:51:43 [INFO]     GOWcekJV4 포함: True
2026-03-17 13:51:43 [INFO]     카드 발견: 6개
2026-03-17 13:51:43 [INFO]     카드 파싱 성공: 6건
2026-03-17 13:51:43 [INFO]     2022.09 p2: +6건 (페이지 6건)
2026-03-17 13:51:45 [INFO]     HTML 크기: 330159 bytes
2026-03-17 13:51:45 [INFO]     OaLkxeV3 포함: True
2026-03-17 13:51:45 [INFO]     GOWcekJV4 포함: True
2026-03-17 13:51:45 [INFO]     카드 발견: 4개
2026-03-17 13:51:45 [INFO]     카드 파싱 성공: 4건
2026-03-17 13:51:45 [INFO]     2022.09 p3: +4건 (페이지 4건)
2026-03-17 13:51:46 [INFO]     HTML 크기: 339393 bytes
2026-03-17 13:51:46 [INFO]     OaLkxeV3 포함: True
2026-03-17 13:51:46 [INFO]     GOWcekJV4 포함: True
2026-03-17 13:51:46 [INFO]     카드 발견: 7개
2026-03-17 13:51:46 [INFO]     카드 파싱 성공: 7건
2026-03-17 13:51:46 [INFO]     2022.09 p4: +7건 (페이지 7건)
2026-03-17 13:51:48 [INFO]     HTML 크기: 326782 bytes
2026-03-17 13:51:48 [INFO]     OaLkxeV3 포함: True
2026-03-17 13:51:48 [INFO]     GOWcekJV4 포함: True
2026-03-17 13:51:48 [INFO]     카드 발견: 4개
2026-03-17 13:51:48 [INFO]     카드 파싱 성공: 2건
2026-03-17 13:51:48 [INFO]     2022.09 p5: +2건 (페이지 2건)
2026-03-17 13:51:50 [INFO]     HTML 크기: 322580 bytes
2026-03-17 13:51:50 [INFO]     OaLkxeV3 포함: True
2026-03-17 13:51:50 [INFO]     GOWcekJV4 포함: True
2026-03-17 13:51:50 [INFO]     카드 발견: 2개
2026-03-17 13:51:50 [INFO]     카드 파싱 성공: 2건
2026-03-17 13:51:50 [INFO]     2022.09 p6: +2건 (페이지 2건)
2026-03-17 13:51:52 [INFO]     HTML 크기: 310126 bytes
2026-03-17 13:51:52 [INFO]     OaLkxeV3 포함: False
2026-03-17 13:51:52 [INFO]     GOWcekJV4 포함: True
2026-03-17 13:51:52 [INFO]     카드 발견: 0개
2026-03-17 13:51:52 [INFO]     카드 파싱 0건 -> 링크 직접 수집 폴백
2026-03-17 13:51:52 [INFO]     CLS_NAVER_LINK 링크: 7개
2026-03-17 13:51:52 [INFO]     2022.09 p7: 0건 (연속 빈 1회)
2026-03-17 13:51:54 [INFO]     HTML 크기: 311676 bytes
2026-03-17 13:51:54 [INFO]     OaLkxeV3 포함: False
2026-03-17 13:51:54 [INFO]     GOWcekJV4 포함: True
2026-03-17 13:51:54 [INFO]     카드 발견: 0개
2026-03-17 13:51:54 [INFO]     카드 파싱 0건 -> 링크 직접 수집 폴백
2026-03-17 13:51:54 [INFO]     CLS_NAVER_LINK 링크: 8개
2026-03-17 13:51:54 [INFO]     2022.09 p8: 0건 (연속 빈 2회)
2026-03-17 13:51:56 [INFO]     HTML 크기: 307241 bytes
2026-03-17 13:51:56 [INFO]     OaLkxeV3 포함: False
2026-03-17 13:51:56 [INFO]     GOWcekJV4 포함: True
2026-03-17 13:51:56 [INFO]     카드 발견: 0개
2026-03-17 13:51:56 [INFO]     카드 파싱 0건 -> 링크 직접 수집 폴백
2026-03-17 13:51:56 [INFO]     CLS_NAVER_LINK 링크: 4개
2026-03-17 13:51:56 [INFO]     2022.09 p9: 0건 (연속 빈 3회)
2026-03-17 13:51:56 [INFO]   2022.09 완료: +41건 (누적 626개)
2026-03-17 13:51:57 [INFO]     HTML 크기: 395365 bytes
2026-03-17 13:51:57 [INFO]     OaLkxeV3 포함: True
2026-03-17 13:51:57 [INFO]     GOWcekJV4 포함: True
2026-03-17 13:51:57 [INFO]     카드 발견: 19개
2026-03-17 13:51:57 [INFO]     카드 파싱 성공: 18건
2026-03-17 13:51:57 [INFO]     2022.10 p1: +18건 (페이지 18건)
2026-03-17 13:51:59 [INFO]     HTML 크기: 324039 bytes
2026-03-17 13:51:59 [INFO]     OaLkxeV3 포함: True
2026-03-17 13:51:59 [INFO]     GOWcekJV4 포함: True
2026-03-17 13:51:59 [INFO]     카드 발견: 3개
2026-03-17 13:51:59 [INFO]     카드 파싱 성공: 2건
2026-03-17 13:51:59 [INFO]     2022.10 p2: +2건 (페이지 2건)
2026-03-17 13:52:00 [INFO]     HTML 크기: 363740 bytes
2026-03-17 13:52:00 [INFO]     OaLkxeV3 포함: True
2026-03-17 13:52:00 [INFO]     GOWcekJV4 포함: True
2026-03-17 13:52:00 [INFO]     카드 발견: 12개
2026-03-17 13:52:00 [INFO]     카드 파싱 성공: 12건
2026-03-17 13:52:00 [INFO]     2022.10 p3: +12건 (페이지 12건)
2026-03-17 13:52:03 [INFO]     HTML 크기: 321429 bytes
2026-03-17 13:52:03 [INFO]     OaLkxeV3 포함: True
2026-03-17 13:52:03 [INFO]     GOWcekJV4 포함: True
2026-03-17 13:52:03 [INFO]     카드 발견: 2개
2026-03-17 13:52:03 [INFO]     카드 파싱 성공: 2건
2026-03-17 13:52:03 [INFO]     2022.10 p4: +2건 (페이지 2건)
2026-03-17 13:52:04 [INFO]     HTML 크기: 339127 bytes
2026-03-17 13:52:04 [INFO]     OaLkxeV3 포함: True
2026-03-17 13:52:04 [INFO]     GOWcekJV4 포함: True
2026-03-17 13:52:04 [INFO]     카드 발견: 7개
2026-03-17 13:52:04 [INFO]     카드 파싱 성공: 6건
2026-03-17 13:52:04 [INFO]     2022.10 p5: +6건 (페이지 6건)
2026-03-17 13:52:07 [INFO]     HTML 크기: 384367 bytes
2026-03-17 13:52:07 [INFO]     OaLkxeV3 포함: True
2026-03-17 13:52:07 [INFO]     GOWcekJV4 포함: True
2026-03-17 13:52:07 [INFO]     카드 발견: 17개
2026-03-17 13:52:07 [INFO]     카드 파싱 성공: 15건
2026-03-17 13:52:07 [INFO]     2022.10 p6: +15건 (페이지 15건)
2026-03-17 13:52:08 [INFO]     HTML 크기: 337632 bytes
2026-03-17 13:52:08 [INFO]     OaLkxeV3 포함: True
2026-03-17 13:52:08 [INFO]     GOWcekJV4 포함: True
2026-03-17 13:52:08 [INFO]     카드 발견: 6개
2026-03-17 13:52:08 [INFO]     카드 파싱 성공: 6건
2026-03-17 13:52:08 [INFO]     2022.10 p7: +6건 (페이지 6건)
2026-03-17 13:52:10 [INFO]     HTML 크기: 332947 bytes
2026-03-17 13:52:10 [INFO]     OaLkxeV3 포함: True
2026-03-17 13:52:10 [INFO]     GOWcekJV4 포함: True
2026-03-17 13:52:10 [INFO]     카드 발견: 5개
2026-03-17 13:52:10 [INFO]     카드 파싱 성공: 5건
2026-03-17 13:52:10 [INFO]     2022.10 p8: +5건 (페이지 5건)
2026-03-17 13:52:12 [INFO]     HTML 크기: 314773 bytes
2026-03-17 13:52:12 [INFO]     OaLkxeV3 포함: True
2026-03-17 13:52:12 [INFO]     GOWcekJV4 포함: True
2026-03-17 13:52:12 [INFO]     카드 발견: 1개
2026-03-17 13:52:12 [INFO]     카드 파싱 성공: 1건
2026-03-17 13:52:12 [INFO]     2022.10 p9: +1건 (페이지 1건)
2026-03-17 13:52:13 [INFO]     HTML 크기: 309091 bytes
2026-03-17 13:52:13 [INFO]     OaLkxeV3 포함: False
2026-03-17 13:52:13 [INFO]     GOWcekJV4 포함: True
2026-03-17 13:52:13 [INFO]     카드 발견: 0개
2026-03-17 13:52:13 [INFO]     카드 파싱 0건 -> 링크 직접 수집 폴백
2026-03-17 13:52:13 [INFO]     CLS_NAVER_LINK 링크: 5개
2026-03-17 13:52:13 [INFO]     2022.10 p10: 0건 (연속 빈 1회)
2026-03-17 13:52:15 [INFO]     HTML 크기: 364248 bytes
2026-03-17 13:52:15 [INFO]     OaLkxeV3 포함: True
2026-03-17 13:52:15 [INFO]     GOWcekJV4 포함: True
2026-03-17 13:52:15 [INFO]     카드 발견: 13개
2026-03-17 13:52:15 [INFO]     카드 파싱 성공: 10건
2026-03-17 13:52:15 [INFO]     2022.10 p11: +5건 (페이지 10건)
2026-03-17 13:52:17 [INFO]     HTML 크기: 361210 bytes
2026-03-17 13:52:17 [INFO]     OaLkxeV3 포함: True
2026-03-17 13:52:17 [INFO]     GOWcekJV4 포함: True
2026-03-17 13:52:17 [INFO]     카드 발견: 12개
2026-03-17 13:52:17 [INFO]     카드 파싱 성공: 10건
2026-03-17 13:52:17 [INFO]     2022.10 p12: +2건 (페이지 10건)
2026-03-17 13:52:19 [INFO]     HTML 크기: 384435 bytes
2026-03-17 13:52:19 [INFO]     OaLkxeV3 포함: True
2026-03-17 13:52:19 [INFO]     GOWcekJV4 포함: True
2026-03-17 13:52:19 [INFO]     카드 발견: 17개
2026-03-17 13:52:19 [INFO]     카드 파싱 성공: 17건
2026-03-17 13:52:19 [INFO]     2022.10 p13: +6건 (페이지 17건)
2026-03-17 13:52:21 [INFO]     HTML 크기: 386764 bytes
2026-03-17 13:52:21 [INFO]     OaLkxeV3 포함: True
2026-03-17 13:52:21 [INFO]     GOWcekJV4 포함: True
2026-03-17 13:52:21 [INFO]     카드 발견: 17개
2026-03-17 13:52:21 [INFO]     카드 파싱 성공: 17건
2026-03-17 13:52:21 [INFO]     2022.10 p14: +3건 (페이지 17건)
2026-03-17 13:52:23 [INFO]     HTML 크기: 364445 bytes
2026-03-17 13:52:23 [INFO]     OaLkxeV3 포함: True
2026-03-17 13:52:23 [INFO]     GOWcekJV4 포함: True
2026-03-17 13:52:23 [INFO]     카드 발견: 12개
2026-03-17 13:52:23 [INFO]     카드 파싱 성공: 11건
2026-03-17 13:52:23 [INFO]     2022.10 p15: +2건 (페이지 11건)
2026-03-17 13:52:25 [INFO]     HTML 크기: 394836 bytes
2026-03-17 13:52:25 [INFO]     OaLkxeV3 포함: True
2026-03-17 13:52:25 [INFO]     GOWcekJV4 포함: True
2026-03-17 13:52:25 [INFO]     카드 발견: 20개
2026-03-17 13:52:25 [INFO]     카드 파싱 성공: 20건
2026-03-17 13:52:25 [INFO]     2022.10 p16: +4건 (페이지 20건)
2026-03-17 13:52:27 [INFO]     HTML 크기: 369581 bytes
2026-03-17 13:52:27 [INFO]     OaLkxeV3 포함: True
2026-03-17 13:52:27 [INFO]     GOWcekJV4 포함: True
2026-03-17 13:52:27 [INFO]     카드 발견: 14개
2026-03-17 13:52:27 [INFO]     카드 파싱 성공: 14건
2026-03-17 13:52:27 [INFO]     2022.10 p17: +5건 (페이지 14건)
2026-03-17 13:52:29 [INFO]     HTML 크기: 355064 bytes
2026-03-17 13:52:29 [INFO]     OaLkxeV3 포함: True
2026-03-17 13:52:29 [INFO]     GOWcekJV4 포함: True
2026-03-17 13:52:29 [INFO]     카드 발견: 10개
2026-03-17 13:52:29 [INFO]     카드 파싱 성공: 10건
2026-03-17 13:52:29 [INFO]     2022.10 p18: +2건 (페이지 10건)
2026-03-17 13:52:30 [INFO]     HTML 크기: 351189 bytes
2026-03-17 13:52:30 [INFO]     OaLkxeV3 포함: True
2026-03-17 13:52:30 [INFO]     GOWcekJV4 포함: True
2026-03-17 13:52:30 [INFO]     카드 발견: 10개
2026-03-17 13:52:30 [INFO]     카드 파싱 성공: 8건
2026-03-17 13:52:30 [INFO]     2022.10 p19: +1건 (페이지 8건)
2026-03-17 13:52:32 [INFO]     HTML 크기: 374315 bytes
2026-03-17 13:52:32 [INFO]     OaLkxeV3 포함: True
2026-03-17 13:52:32 [INFO]     GOWcekJV4 포함: True
2026-03-17 13:52:32 [INFO]     카드 발견: 15개
2026-03-17 13:52:32 [INFO]     카드 파싱 성공: 14건
2026-03-17 13:52:32 [INFO]     2022.10 p20: +4건 (페이지 14건)
2026-03-17 13:52:34 [INFO]     HTML 크기: 363420 bytes
2026-03-17 13:52:34 [INFO]     OaLkxeV3 포함: True
2026-03-17 13:52:34 [INFO]     GOWcekJV4 포함: True
2026-03-17 13:52:34 [INFO]     카드 발견: 12개
2026-03-17 13:52:34 [INFO]     카드 파싱 성공: 12건
2026-03-17 13:52:34 [INFO]     2022.10 p21: +3건 (페이지 12건)
2026-03-17 13:52:36 [INFO]     HTML 크기: 358552 bytes
2026-03-17 13:52:36 [INFO]     OaLkxeV3 포함: True
2026-03-17 13:52:36 [INFO]     GOWcekJV4 포함: True
2026-03-17 13:52:36 [INFO]     카드 발견: 11개
2026-03-17 13:52:36 [INFO]     카드 파싱 성공: 11건
2026-03-17 13:52:36 [INFO]     2022.10 p22: +4건 (페이지 11건)
2026-03-17 13:52:37 [INFO]     HTML 크기: 354014 bytes
2026-03-17 13:52:37 [INFO]     OaLkxeV3 포함: True
2026-03-17 13:52:37 [INFO]     GOWcekJV4 포함: True
2026-03-17 13:52:37 [INFO]     카드 발견: 11개
2026-03-17 13:52:37 [INFO]     카드 파싱 성공: 9건
2026-03-17 13:52:37 [INFO]     2022.10 p23: +3건 (페이지 9건)
2026-03-17 13:52:39 [INFO]     HTML 크기: 332888 bytes
2026-03-17 13:52:39 [INFO]     OaLkxeV3 포함: True
2026-03-17 13:52:39 [INFO]     GOWcekJV4 포함: True
2026-03-17 13:52:39 [INFO]     카드 발견: 5개
2026-03-17 13:52:39 [INFO]     카드 파싱 성공: 5건
2026-03-17 13:52:39 [INFO]     2022.10 p24: +2건 (페이지 5건)
2026-03-17 13:52:41 [INFO]     HTML 크기: 333129 bytes
2026-03-17 13:52:41 [INFO]     OaLkxeV3 포함: True
2026-03-17 13:52:41 [INFO]     GOWcekJV4 포함: True
2026-03-17 13:52:41 [INFO]     카드 발견: 6개
2026-03-17 13:52:41 [INFO]     카드 파싱 성공: 6건
2026-03-17 13:52:41 [INFO]     2022.10 p25: +4건 (페이지 6건)
2026-03-17 13:52:42 [INFO]     HTML 크기: 322440 bytes
2026-03-17 13:52:42 [INFO]     OaLkxeV3 포함: True
2026-03-17 13:52:43 [INFO]     GOWcekJV4 포함: True
2026-03-17 13:52:43 [INFO]     카드 발견: 3개
2026-03-17 13:52:43 [INFO]     카드 파싱 성공: 3건
2026-03-17 13:52:43 [INFO]     2022.10 p26: +2건 (페이지 3건)
2026-03-17 13:52:45 [INFO]     HTML 크기: 382013 bytes
2026-03-17 13:52:45 [INFO]     OaLkxeV3 포함: True
2026-03-17 13:52:45 [INFO]     GOWcekJV4 포함: True
2026-03-17 13:52:45 [INFO]     카드 발견: 17개
2026-03-17 13:52:45 [INFO]     카드 파싱 성공: 17건
2026-03-17 13:52:45 [INFO]     2022.10 p27: +15건 (페이지 17건)
2026-03-17 13:52:47 [INFO]     HTML 크기: 368408 bytes
2026-03-17 13:52:47 [INFO]     OaLkxeV3 포함: True
2026-03-17 13:52:47 [INFO]     GOWcekJV4 포함: True
2026-03-17 13:52:47 [INFO]     카드 발견: 14개
2026-03-17 13:52:47 [INFO]     카드 파싱 성공: 13건
2026-03-17 13:52:47 [INFO]     2022.10 p28: +4건 (페이지 13건)
2026-03-17 13:52:48 [INFO]     HTML 크기: 320368 bytes
2026-03-17 13:52:48 [INFO]     OaLkxeV3 포함: True
2026-03-17 13:52:48 [INFO]     GOWcekJV4 포함: True
2026-03-17 13:52:48 [INFO]     카드 발견: 3개
2026-03-17 13:52:48 [INFO]     카드 파싱 성공: 3건
2026-03-17 13:52:48 [INFO]     2022.10 p29: +3건 (페이지 3건)
2026-03-17 13:52:50 [INFO]     HTML 크기: 366008 bytes
2026-03-17 13:52:50 [INFO]     OaLkxeV3 포함: True
2026-03-17 13:52:50 [INFO]     GOWcekJV4 포함: True
2026-03-17 13:52:50 [INFO]     카드 발견: 14개
2026-03-17 13:52:50 [INFO]     카드 파싱 성공: 11건
2026-03-17 13:52:50 [INFO]     2022.10 p30: +5건 (페이지 11건)
2026-03-17 13:52:52 [INFO]     HTML 크기: 332736 bytes
2026-03-17 13:52:52 [INFO]     OaLkxeV3 포함: True
2026-03-17 13:52:52 [INFO]     GOWcekJV4 포함: True
2026-03-17 13:52:52 [INFO]     카드 발견: 5개
2026-03-17 13:52:52 [INFO]     카드 파싱 성공: 4건
2026-03-17 13:52:52 [INFO]     2022.10 p31: +2건 (페이지 4건)
2026-03-17 13:52:54 [INFO]     HTML 크기: 370244 bytes
2026-03-17 13:52:54 [INFO]     OaLkxeV3 포함: True
2026-03-17 13:52:54 [INFO]     GOWcekJV4 포함: True
2026-03-17 13:52:54 [INFO]     카드 발견: 14개
2026-03-17 13:52:54 [INFO]     카드 파싱 성공: 13건
2026-03-17 13:52:54 [INFO]     2022.10 p32: +6건 (페이지 13건)
2026-03-17 13:52:56 [INFO]     HTML 크기: 364867 bytes
2026-03-17 13:52:56 [INFO]     OaLkxeV3 포함: True
2026-03-17 13:52:56 [INFO]     GOWcekJV4 포함: True
2026-03-17 13:52:56 [INFO]     카드 발견: 13개
2026-03-17 13:52:56 [INFO]     카드 파싱 성공: 11건
2026-03-17 13:52:56 [INFO]     2022.10 p33: +3건 (페이지 11건)
2026-03-17 13:52:58 [INFO]     HTML 크기: 388364 bytes
2026-03-17 13:52:58 [INFO]     OaLkxeV3 포함: True
2026-03-17 13:52:58 [INFO]     GOWcekJV4 포함: True
2026-03-17 13:52:58 [INFO]     카드 발견: 19개
2026-03-17 13:52:58 [INFO]     카드 파싱 성공: 16건
2026-03-17 13:52:58 [INFO]     2022.10 p34: +8건 (페이지 16건)
2026-03-17 13:53:00 [INFO]     HTML 크기: 361630 bytes
2026-03-17 13:53:00 [INFO]     OaLkxeV3 포함: True
2026-03-17 13:53:00 [INFO]     GOWcekJV4 포함: True
2026-03-17 13:53:00 [INFO]     카드 발견: 13개
2026-03-17 13:53:00 [INFO]     카드 파싱 성공: 10건
2026-03-17 13:53:00 [INFO]     2022.10 p35: +5건 (페이지 10건)
2026-03-17 13:53:02 [INFO]     HTML 크기: 368897 bytes
2026-03-17 13:53:02 [INFO]     OaLkxeV3 포함: True
2026-03-17 13:53:02 [INFO]     GOWcekJV4 포함: True
2026-03-17 13:53:02 [INFO]     카드 발견: 14개
2026-03-17 13:53:02 [INFO]     카드 파싱 성공: 12건
2026-03-17 13:53:02 [INFO]     2022.10 p36: +4건 (페이지 12건)
2026-03-17 13:53:04 [INFO]     HTML 크기: 336110 bytes
2026-03-17 13:53:04 [INFO]     OaLkxeV3 포함: True
2026-03-17 13:53:04 [INFO]     GOWcekJV4 포함: True
2026-03-17 13:53:04 [INFO]     카드 발견: 6개
2026-03-17 13:53:04 [INFO]     카드 파싱 성공: 6건
2026-03-17 13:53:04 [INFO]     2022.10 p37: +2건 (페이지 6건)
2026-03-17 13:53:05 [INFO]     HTML 크기: 380825 bytes
2026-03-17 13:53:05 [INFO]     OaLkxeV3 포함: True
2026-03-17 13:53:05 [INFO]     GOWcekJV4 포함: True
2026-03-17 13:53:05 [INFO]     카드 발견: 18개
2026-03-17 13:53:05 [INFO]     카드 파싱 성공: 11건
2026-03-17 13:53:05 [INFO]     2022.10 p38: +5건 (페이지 11건)
2026-03-17 13:53:07 [INFO]     HTML 크기: 356151 bytes
2026-03-17 13:53:07 [INFO]     OaLkxeV3 포함: True
2026-03-17 13:53:07 [INFO]     GOWcekJV4 포함: True
2026-03-17 13:53:07 [INFO]     카드 발견: 11개
2026-03-17 13:53:07 [INFO]     카드 파싱 성공: 11건
2026-03-17 13:53:07 [INFO]     2022.10 p39: +2건 (페이지 11건)
2026-03-17 13:53:09 [INFO]     HTML 크기: 360905 bytes
2026-03-17 13:53:09 [INFO]     OaLkxeV3 포함: True
2026-03-17 13:53:09 [INFO]     GOWcekJV4 포함: True
2026-03-17 13:53:09 [INFO]     카드 발견: 12개
2026-03-17 13:53:09 [INFO]     카드 파싱 성공: 8건
2026-03-17 13:53:09 [INFO]     2022.10 p40: +1건 (페이지 8건)
2026-03-17 13:53:10 [INFO]   2022.10 완료: +184건 (누적 810개)
2026-03-17 13:53:11 [INFO]     HTML 크기: 382756 bytes
2026-03-17 13:53:11 [INFO]     OaLkxeV3 포함: True
2026-03-17 13:53:11 [INFO]     GOWcekJV4 포함: True
2026-03-17 13:53:11 [INFO]     카드 발견: 17개
2026-03-17 13:53:11 [INFO]     카드 파싱 성공: 11건
2026-03-17 13:53:11 [INFO]     2022.11 p1: +11건 (페이지 11건)
2026-03-17 13:53:13 [INFO]     HTML 크기: 371405 bytes
2026-03-17 13:53:13 [INFO]     OaLkxeV3 포함: True
2026-03-17 13:53:13 [INFO]     GOWcekJV4 포함: True
2026-03-17 13:53:13 [INFO]     카드 발견: 14개
2026-03-17 13:53:13 [INFO]     카드 파싱 성공: 12건
2026-03-17 13:53:13 [INFO]     2022.11 p2: +12건 (페이지 12건)
2026-03-17 13:53:15 [INFO]     HTML 크기: 331166 bytes
2026-03-17 13:53:15 [INFO]     OaLkxeV3 포함: True
2026-03-17 13:53:15 [INFO]     GOWcekJV4 포함: True
2026-03-17 13:53:15 [INFO]     카드 발견: 5개
2026-03-17 13:53:15 [INFO]     카드 파싱 성공: 5건
2026-03-17 13:53:15 [INFO]     2022.11 p3: +5건 (페이지 5건)
2026-03-17 13:53:17 [INFO]     HTML 크기: 306848 bytes
2026-03-17 13:53:17 [INFO]     OaLkxeV3 포함: False
2026-03-17 13:53:17 [INFO]     GOWcekJV4 포함: True
2026-03-17 13:53:17 [INFO]     카드 발견: 0개
2026-03-17 13:53:17 [INFO]     카드 파싱 0건 -> 링크 직접 수집 폴백
2026-03-17 13:53:17 [INFO]     CLS_NAVER_LINK 링크: 4개
2026-03-17 13:53:17 [INFO]     2022.11 p4: 0건 (연속 빈 1회)
2026-03-17 13:53:19 [INFO]     HTML 크기: 306945 bytes
2026-03-17 13:53:19 [INFO]     OaLkxeV3 포함: False
2026-03-17 13:53:19 [INFO]     GOWcekJV4 포함: True
2026-03-17 13:53:19 [INFO]     카드 발견: 0개
2026-03-17 13:53:19 [INFO]     카드 파싱 0건 -> 링크 직접 수집 폴백
2026-03-17 13:53:19 [INFO]     CLS_NAVER_LINK 링크: 4개
2026-03-17 13:53:19 [INFO]     2022.11 p5: 0건 (연속 빈 2회)
2026-03-17 13:53:20 [INFO]     HTML 크기: 308157 bytes
2026-03-17 13:53:20 [INFO]     OaLkxeV3 포함: False
2026-03-17 13:53:20 [INFO]     GOWcekJV4 포함: True
2026-03-17 13:53:20 [INFO]     카드 발견: 0개
2026-03-17 13:53:20 [INFO]     카드 파싱 0건 -> 링크 직접 수집 폴백
2026-03-17 13:53:20 [INFO]     CLS_NAVER_LINK 링크: 4개
2026-03-17 13:53:20 [INFO]     2022.11 p6: 0건 (연속 빈 3회)
2026-03-17 13:53:20 [INFO]   2022.11 완료: +28건 (누적 838개)
2026-03-17 13:53:21 [INFO]     HTML 크기: 403862 bytes
2026-03-17 13:53:21 [INFO]     OaLkxeV3 포함: True
2026-03-17 13:53:21 [INFO]     GOWcekJV4 포함: True
2026-03-17 13:53:21 [INFO]     카드 발견: 23개
2026-03-17 13:53:21 [INFO]     카드 파싱 성공: 14건
2026-03-17 13:53:21 [INFO]     2022.12 p1: +14건 (페이지 14건)
2026-03-17 13:53:23 [INFO]     HTML 크기: 340852 bytes
2026-03-17 13:53:23 [INFO]     OaLkxeV3 포함: True
2026-03-17 13:53:23 [INFO]     GOWcekJV4 포함: True
2026-03-17 13:53:23 [INFO]     카드 발견: 8개
2026-03-17 13:53:23 [INFO]     카드 파싱 성공: 5건
2026-03-17 13:53:23 [INFO]     2022.12 p2: +5건 (페이지 5건)
2026-03-17 13:53:25 [INFO]     HTML 크기: 332521 bytes
2026-03-17 13:53:25 [INFO]     OaLkxeV3 포함: True
2026-03-17 13:53:25 [INFO]     GOWcekJV4 포함: True
2026-03-17 13:53:25 [INFO]     카드 발견: 5개
2026-03-17 13:53:25 [INFO]     카드 파싱 성공: 5건
2026-03-17 13:53:25 [INFO]     2022.12 p3: +5건 (페이지 5건)
2026-03-17 13:53:27 [INFO]     HTML 크기: 367881 bytes
2026-03-17 13:53:27 [INFO]     OaLkxeV3 포함: True
2026-03-17 13:53:27 [INFO]     GOWcekJV4 포함: True
2026-03-17 13:53:27 [INFO]     카드 발견: 14개
2026-03-17 13:53:27 [INFO]     카드 파싱 성공: 10건
2026-03-17 13:53:27 [INFO]     2022.12 p4: +10건 (페이지 10건)
2026-03-17 13:53:28 [INFO]     HTML 크기: 347402 bytes
2026-03-17 13:53:28 [INFO]     OaLkxeV3 포함: True
2026-03-17 13:53:28 [INFO]     GOWcekJV4 포함: True
2026-03-17 13:53:28 [INFO]     카드 발견: 9개
2026-03-17 13:53:28 [INFO]     카드 파싱 성공: 7건
2026-03-17 13:53:28 [INFO]     2022.12 p5: +7건 (페이지 7건)
2026-03-17 13:53:30 [INFO]     HTML 크기: 328382 bytes
2026-03-17 13:53:30 [INFO]     OaLkxeV3 포함: True
2026-03-17 13:53:30 [INFO]     GOWcekJV4 포함: True
2026-03-17 13:53:30 [INFO]     카드 발견: 6개
2026-03-17 13:53:30 [INFO]     카드 파싱 성공: 1건
2026-03-17 13:53:30 [INFO]     2022.12 p6: +1건 (페이지 1건)
2026-03-17 13:53:32 [INFO]     HTML 크기: 325629 bytes
2026-03-17 13:53:32 [INFO]     OaLkxeV3 포함: True
2026-03-17 13:53:32 [INFO]     GOWcekJV4 포함: True
2026-03-17 13:53:32 [INFO]     카드 발견: 4개
2026-03-17 13:53:32 [INFO]     카드 파싱 성공: 4건
2026-03-17 13:53:32 [INFO]     2022.12 p7: +4건 (페이지 4건)
2026-03-17 13:53:33 [INFO]     HTML 크기: 310409 bytes
2026-03-17 13:53:33 [INFO]     OaLkxeV3 포함: False
2026-03-17 13:53:33 [INFO]     GOWcekJV4 포함: True
2026-03-17 13:53:33 [INFO]     카드 발견: 0개
2026-03-17 13:53:33 [INFO]     카드 파싱 0건 -> 링크 직접 수집 폴백
2026-03-17 13:53:33 [INFO]     CLS_NAVER_LINK 링크: 8개
2026-03-17 13:53:33 [INFO]     2022.12 p8: 0건 (연속 빈 1회)
2026-03-17 13:53:35 [INFO]     HTML 크기: 316798 bytes
2026-03-17 13:53:35 [INFO]     OaLkxeV3 포함: True
2026-03-17 13:53:35 [INFO]     GOWcekJV4 포함: True
2026-03-17 13:53:35 [INFO]     카드 발견: 2개
2026-03-17 13:53:35 [INFO]     카드 파싱 성공: 2건
2026-03-17 13:53:35 [INFO]     2022.12 p9: +2건 (페이지 2건)
2026-03-17 13:53:37 [INFO]     HTML 크기: 306464 bytes
2026-03-17 13:53:37 [INFO]     OaLkxeV3 포함: False
2026-03-17 13:53:37 [INFO]     GOWcekJV4 포함: True
2026-03-17 13:53:37 [INFO]     카드 발견: 0개
2026-03-17 13:53:37 [INFO]     카드 파싱 0건 -> 링크 직접 수집 폴백
2026-03-17 13:53:37 [INFO]     CLS_NAVER_LINK 링크: 4개
2026-03-17 13:53:37 [INFO]     2022.12 p10: 0건 (연속 빈 1회)
2026-03-17 13:53:39 [INFO]     HTML 크기: 413270 bytes
2026-03-17 13:53:39 [INFO]     OaLkxeV3 포함: True
2026-03-17 13:53:39 [INFO]     GOWcekJV4 포함: True
2026-03-17 13:53:39 [INFO]     카드 발견: 26개
2026-03-17 13:53:39 [INFO]     카드 파싱 성공: 15건
2026-03-17 13:53:39 [INFO]     2022.12 p11: +7건 (페이지 15건)
2026-03-17 13:53:41 [INFO]     HTML 크기: 405951 bytes
2026-03-17 13:53:41 [INFO]     OaLkxeV3 포함: True
2026-03-17 13:53:41 [INFO]     GOWcekJV4 포함: True
2026-03-17 13:53:41 [INFO]     카드 발견: 25개
2026-03-17 13:53:41 [INFO]     카드 파싱 성공: 9건
2026-03-17 13:53:41 [INFO]     2022.12 p12: +3건 (페이지 9건)
2026-03-17 13:53:44 [INFO]     HTML 크기: 384645 bytes
2026-03-17 13:53:44 [INFO]     OaLkxeV3 포함: True
2026-03-17 13:53:44 [INFO]     GOWcekJV4 포함: True
2026-03-17 13:53:44 [INFO]     카드 발견: 19개
2026-03-17 13:53:44 [INFO]     카드 파싱 성공: 8건
2026-03-17 13:53:44 [INFO]     2022.12 p13: +1건 (페이지 8건)
2026-03-17 13:53:45 [INFO]     HTML 크기: 394345 bytes
2026-03-17 13:53:45 [INFO]     OaLkxeV3 포함: True
2026-03-17 13:53:45 [INFO]     GOWcekJV4 포함: True
2026-03-17 13:53:45 [INFO]     카드 발견: 22개
2026-03-17 13:53:45 [INFO]     카드 파싱 성공: 9건
2026-03-17 13:53:45 [INFO]     2022.12 p14: +2건 (페이지 9건)
2026-03-17 13:53:48 [INFO]     HTML 크기: 401471 bytes
2026-03-17 13:53:48 [INFO]     OaLkxeV3 포함: True
2026-03-17 13:53:48 [INFO]     GOWcekJV4 포함: True
2026-03-17 13:53:48 [INFO]     카드 발견: 23개
2026-03-17 13:53:48 [INFO]     카드 파싱 성공: 11건
2026-03-17 13:53:48 [INFO]     2022.12 p15: +2건 (페이지 11건)
2026-03-17 13:53:50 [INFO]     HTML 크기: 388417 bytes
2026-03-17 13:53:50 [INFO]     OaLkxeV3 포함: True
2026-03-17 13:53:50 [INFO]     GOWcekJV4 포함: True
2026-03-17 13:53:50 [INFO]     카드 발견: 20개
2026-03-17 13:53:50 [INFO]     카드 파싱 성공: 9건
2026-03-17 13:53:50 [INFO]     2022.12 p16: +2건 (페이지 9건)
2026-03-17 13:53:51 [INFO]     HTML 크기: 350037 bytes
2026-03-17 13:53:51 [INFO]     OaLkxeV3 포함: True
2026-03-17 13:53:51 [INFO]     GOWcekJV4 포함: True
2026-03-17 13:53:51 [INFO]     카드 발견: 13개
2026-03-17 13:53:51 [INFO]     카드 파싱 성공: 1건
2026-03-17 13:53:51 [INFO]     2022.12 p17: +0건 (페이지 1건)
2026-03-17 13:53:52 [INFO]   2022.12 완료: +65건 (누적 903개)
2026-03-17 13:53:53 [INFO]     HTML 크기: 384948 bytes
2026-03-17 13:53:53 [INFO]     OaLkxeV3 포함: True
2026-03-17 13:53:53 [INFO]     GOWcekJV4 포함: True
2026-03-17 13:53:53 [INFO]     카드 발견: 17개
2026-03-17 13:53:53 [INFO]     카드 파싱 성공: 17건
2026-03-17 13:53:53 [INFO]     2023.01 p1: +17건 (페이지 17건)
2026-03-17 13:53:54 [INFO]     HTML 크기: 406313 bytes
2026-03-17 13:53:54 [INFO]     OaLkxeV3 포함: True
2026-03-17 13:53:54 [INFO]     GOWcekJV4 포함: True
2026-03-17 13:53:54 [INFO]     카드 발견: 22개
2026-03-17 13:53:54 [INFO]     카드 파싱 성공: 22건
2026-03-17 13:53:54 [INFO]     2023.01 p2: +22건 (페이지 22건)
2026-03-17 13:53:57 [INFO]     HTML 크기: 364238 bytes
2026-03-17 13:53:57 [INFO]     OaLkxeV3 포함: True
2026-03-17 13:53:57 [INFO]     GOWcekJV4 포함: True
2026-03-17 13:53:57 [INFO]     카드 발견: 12개
2026-03-17 13:53:57 [INFO]     카드 파싱 성공: 12건
2026-03-17 13:53:57 [INFO]     2023.01 p3: +12건 (페이지 12건)
2026-03-17 13:53:59 [INFO]     HTML 크기: 346779 bytes
2026-03-17 13:53:59 [INFO]     OaLkxeV3 포함: True
2026-03-17 13:53:59 [INFO]     GOWcekJV4 포함: True
2026-03-17 13:53:59 [INFO]     카드 발견: 8개
2026-03-17 13:53:59 [INFO]     카드 파싱 성공: 8건
2026-03-17 13:53:59 [INFO]     2023.01 p4: +8건 (페이지 8건)
2026-03-17 13:54:01 [INFO]     HTML 크기: 319938 bytes
2026-03-17 13:54:01 [INFO]     OaLkxeV3 포함: True
2026-03-17 13:54:01 [INFO]     GOWcekJV4 포함: True
2026-03-17 13:54:01 [INFO]     카드 발견: 2개
2026-03-17 13:54:01 [INFO]     카드 파싱 성공: 2건
2026-03-17 13:54:01 [INFO]     2023.01 p5: +2건 (페이지 2건)
2026-03-17 13:54:03 [INFO]     HTML 크기: 310260 bytes
2026-03-17 13:54:03 [INFO]     OaLkxeV3 포함: False
2026-03-17 13:54:03 [INFO]     GOWcekJV4 포함: True
2026-03-17 13:54:03 [INFO]     카드 발견: 0개
2026-03-17 13:54:03 [INFO]     카드 파싱 0건 -> 링크 직접 수집 폴백
2026-03-17 13:54:03 [INFO]     CLS_NAVER_LINK 링크: 8개
2026-03-17 13:54:03 [INFO]     2023.01 p6: 0건 (연속 빈 1회)
2026-03-17 13:54:05 [INFO]     HTML 크기: 308926 bytes
2026-03-17 13:54:05 [INFO]     OaLkxeV3 포함: False
2026-03-17 13:54:05 [INFO]     GOWcekJV4 포함: True
2026-03-17 13:54:05 [INFO]     카드 발견: 0개
2026-03-17 13:54:05 [INFO]     카드 파싱 0건 -> 링크 직접 수집 폴백
2026-03-17 13:54:05 [INFO]     CLS_NAVER_LINK 링크: 5개
2026-03-17 13:54:05 [INFO]     2023.01 p7: 0건 (연속 빈 2회)
2026-03-17 13:54:07 [INFO]     HTML 크기: 307524 bytes
2026-03-17 13:54:07 [INFO]     OaLkxeV3 포함: False
2026-03-17 13:54:07 [INFO]     GOWcekJV4 포함: True
2026-03-17 13:54:07 [INFO]     카드 발견: 0개
2026-03-17 13:54:07 [INFO]     카드 파싱 0건 -> 링크 직접 수집 폴백
2026-03-17 13:54:07 [INFO]     CLS_NAVER_LINK 링크: 5개
2026-03-17 13:54:07 [INFO]     2023.01 p8: 0건 (연속 빈 3회)
2026-03-17 13:54:07 [INFO]   2023.01 완료: +61건 (누적 964개)
2026-03-17 13:54:08 [INFO]     HTML 크기: 418902 bytes
2026-03-17 13:54:08 [INFO]     OaLkxeV3 포함: True
2026-03-17 13:54:08 [INFO]     GOWcekJV4 포함: True
2026-03-17 13:54:08 [INFO]     카드 발견: 25개
2026-03-17 13:54:08 [INFO]     카드 파싱 성공: 23건
2026-03-17 13:54:08 [INFO]     2023.02 p1: +23건 (페이지 23건)
2026-03-17 13:54:10 [INFO]     HTML 크기: 367615 bytes
2026-03-17 13:54:10 [INFO]     OaLkxeV3 포함: True
2026-03-17 13:54:10 [INFO]     GOWcekJV4 포함: True
2026-03-17 13:54:10 [INFO]     카드 발견: 13개
2026-03-17 13:54:10 [INFO]     카드 파싱 성공: 12건
2026-03-17 13:54:10 [INFO]     2023.02 p2: +12건 (페이지 12건)
2026-03-17 13:54:12 [INFO]     HTML 크기: 331012 bytes
2026-03-17 13:54:12 [INFO]     OaLkxeV3 포함: True
2026-03-17 13:54:12 [INFO]     GOWcekJV4 포함: True
2026-03-17 13:54:12 [INFO]     카드 발견: 4개
2026-03-17 13:54:12 [INFO]     카드 파싱 성공: 4건
2026-03-17 13:54:12 [INFO]     2023.02 p3: +4건 (페이지 4건)
2026-03-17 13:54:14 [INFO]     HTML 크기: 312702 bytes
2026-03-17 13:54:14 [INFO]     OaLkxeV3 포함: True
2026-03-17 13:54:14 [INFO]     GOWcekJV4 포함: True
2026-03-17 13:54:14 [INFO]     카드 발견: 1개
2026-03-17 13:54:14 [INFO]     카드 파싱 0건 -> 링크 직접 수집 폴백
2026-03-17 13:54:14 [INFO]     CLS_NAVER_LINK 링크: 7개
2026-03-17 13:54:14 [INFO]     2023.02 p4: +7건 (페이지 7건)
2026-03-17 13:54:16 [INFO]     HTML 크기: 307090 bytes
2026-03-17 13:54:16 [INFO]     OaLkxeV3 포함: False
2026-03-17 13:54:16 [INFO]     GOWcekJV4 포함: True
2026-03-17 13:54:16 [INFO]     카드 발견: 0개
2026-03-17 13:54:16 [INFO]     카드 파싱 0건 -> 링크 직접 수집 폴백
2026-03-17 13:54:16 [INFO]     CLS_NAVER_LINK 링크: 4개
2026-03-17 13:54:16 [INFO]     2023.02 p5: 0건 (연속 빈 1회)
2026-03-17 13:54:18 [INFO]     HTML 크기: 308143 bytes
2026-03-17 13:54:18 [INFO]     OaLkxeV3 포함: False
2026-03-17 13:54:18 [INFO]     GOWcekJV4 포함: True
2026-03-17 13:54:18 [INFO]     카드 발견: 0개
2026-03-17 13:54:18 [INFO]     카드 파싱 0건 -> 링크 직접 수집 폴백
2026-03-17 13:54:18 [INFO]     CLS_NAVER_LINK 링크: 4개
2026-03-17 13:54:18 [INFO]     2023.02 p6: 0건 (연속 빈 2회)
2026-03-17 13:54:20 [INFO]     HTML 크기: 303889 bytes
2026-03-17 13:54:20 [INFO]     OaLkxeV3 포함: False
2026-03-17 13:54:20 [INFO]     GOWcekJV4 포함: True
2026-03-17 13:54:20 [INFO]     카드 발견: 0개
2026-03-17 13:54:20 [INFO]     카드 파싱 0건 -> 링크 직접 수집 폴백
2026-03-17 13:54:20 [INFO]     CLS_NAVER_LINK 링크: 2개
2026-03-17 13:54:20 [INFO]     2023.02 p7: 0건 (연속 빈 3회)
2026-03-17 13:54:20 [INFO]   2023.02 완료: +46건 (누적 1010개)
2026-03-17 13:54:21 [INFO]     HTML 크기: 378195 bytes
2026-03-17 13:54:21 [INFO]     OaLkxeV3 포함: True
2026-03-17 13:54:21 [INFO]     GOWcekJV4 포함: True
2026-03-17 13:54:21 [INFO]     카드 발견: 15개
2026-03-17 13:54:21 [INFO]     카드 파싱 성공: 14건
2026-03-17 13:54:21 [INFO]     2023.03 p1: +14건 (페이지 14건)
2026-03-17 13:54:23 [INFO]     HTML 크기: 362480 bytes
2026-03-17 13:54:23 [INFO]     OaLkxeV3 포함: True
2026-03-17 13:54:23 [INFO]     GOWcekJV4 포함: True
2026-03-17 13:54:23 [INFO]     카드 발견: 12개
2026-03-17 13:54:23 [INFO]     카드 파싱 성공: 11건
2026-03-17 13:54:23 [INFO]     2023.03 p2: +9건 (페이지 11건)
2026-03-17 13:54:25 [INFO]     HTML 크기: 380398 bytes
2026-03-17 13:54:25 [INFO]     OaLkxeV3 포함: True
2026-03-17 13:54:25 [INFO]     GOWcekJV4 포함: True
2026-03-17 13:54:25 [INFO]     카드 발견: 16개
2026-03-17 13:54:25 [INFO]     카드 파싱 성공: 14건
2026-03-17 13:54:25 [INFO]     2023.03 p3: +14건 (페이지 14건)
2026-03-17 13:54:27 [INFO]     HTML 크기: 312218 bytes
2026-03-17 13:54:27 [INFO]     OaLkxeV3 포함: False
2026-03-17 13:54:27 [INFO]     GOWcekJV4 포함: True
2026-03-17 13:54:27 [INFO]     카드 발견: 0개
2026-03-17 13:54:27 [INFO]     카드 파싱 0건 -> 링크 직접 수집 폴백
2026-03-17 13:54:27 [INFO]     CLS_NAVER_LINK 링크: 9개
2026-03-17 13:54:27 [INFO]     2023.03 p4: 0건 (연속 빈 1회)
2026-03-17 13:54:29 [INFO]     HTML 크기: 319037 bytes
2026-03-17 13:54:29 [INFO]     OaLkxeV3 포함: True
2026-03-17 13:54:29 [INFO]     GOWcekJV4 포함: True
2026-03-17 13:54:29 [INFO]     카드 발견: 2개
2026-03-17 13:54:29 [INFO]     카드 파싱 성공: 2건
2026-03-17 13:54:29 [INFO]     2023.03 p5: +2건 (페이지 2건)
2026-03-17 13:54:31 [INFO]     HTML 크기: 312874 bytes
2026-03-17 13:54:31 [INFO]     OaLkxeV3 포함: True
2026-03-17 13:54:31 [INFO]     GOWcekJV4 포함: True
2026-03-17 13:54:31 [INFO]     카드 발견: 1개
2026-03-17 13:54:31 [INFO]     카드 파싱 성공: 1건
2026-03-17 13:54:31 [INFO]     2023.03 p6: +1건 (페이지 1건)
2026-03-17 13:54:32 [INFO]     HTML 크기: 307307 bytes
2026-03-17 13:54:32 [INFO]     OaLkxeV3 포함: False
2026-03-17 13:54:32 [INFO]     GOWcekJV4 포함: True
2026-03-17 13:54:32 [INFO]     카드 발견: 0개
2026-03-17 13:54:32 [INFO]     카드 파싱 0건 -> 링크 직접 수집 폴백
2026-03-17 13:54:32 [INFO]     CLS_NAVER_LINK 링크: 4개
2026-03-17 13:54:32 [INFO]     2023.03 p7: 0건 (연속 빈 1회)
2026-03-17 13:54:35 [INFO]     HTML 크기: 306388 bytes
2026-03-17 13:54:35 [INFO]     OaLkxeV3 포함: False
2026-03-17 13:54:35 [INFO]     GOWcekJV4 포함: True
2026-03-17 13:54:35 [INFO]     카드 발견: 0개
2026-03-17 13:54:35 [INFO]     카드 파싱 0건 -> 링크 직접 수집 폴백
2026-03-17 13:54:35 [INFO]     CLS_NAVER_LINK 링크: 3개
2026-03-17 13:54:35 [INFO]     2023.03 p8: 0건 (연속 빈 2회)
2026-03-17 13:54:37 [INFO]     HTML 크기: 307189 bytes
2026-03-17 13:54:37 [INFO]     OaLkxeV3 포함: False
2026-03-17 13:54:37 [INFO]     GOWcekJV4 포함: True
2026-03-17 13:54:37 [INFO]     카드 발견: 0개
2026-03-17 13:54:37 [INFO]     카드 파싱 0건 -> 링크 직접 수집 폴백
2026-03-17 13:54:37 [INFO]     CLS_NAVER_LINK 링크: 4개
2026-03-17 13:54:37 [INFO]     2023.03 p9: 0건 (연속 빈 3회)
2026-03-17 13:54:37 [INFO]   2023.03 완료: +40건 (누적 1050개)
2026-03-17 13:54:37 [INFO]     HTML 크기: 330295 bytes
2026-03-17 13:54:37 [INFO]     OaLkxeV3 포함: True
2026-03-17 13:54:37 [INFO]     GOWcekJV4 포함: True
2026-03-17 13:54:37 [INFO]     카드 발견: 4개
2026-03-17 13:54:37 [INFO]     카드 파싱 성공: 4건
2026-03-17 13:54:37 [INFO]     2023.04 p1: +4건 (페이지 4건)
2026-03-17 13:54:40 [INFO]     HTML 크기: 388459 bytes
2026-03-17 13:54:40 [INFO]     OaLkxeV3 포함: True
2026-03-17 13:54:40 [INFO]     GOWcekJV4 포함: True
2026-03-17 13:54:40 [INFO]     카드 발견: 18개
2026-03-17 13:54:40 [INFO]     카드 파싱 성공: 18건
2026-03-17 13:54:40 [INFO]     2023.04 p2: +18건 (페이지 18건)
2026-03-17 13:54:41 [INFO]     HTML 크기: 390256 bytes
2026-03-17 13:54:41 [INFO]     OaLkxeV3 포함: True
2026-03-17 13:54:41 [INFO]     GOWcekJV4 포함: True
2026-03-17 13:54:41 [INFO]     카드 발견: 18개
2026-03-17 13:54:41 [INFO]     카드 파싱 성공: 18건
2026-03-17 13:54:41 [INFO]     2023.04 p3: +18건 (페이지 18건)
2026-03-17 13:54:43 [INFO]     HTML 크기: 345519 bytes
2026-03-17 13:54:43 [INFO]     OaLkxeV3 포함: True
2026-03-17 13:54:43 [INFO]     GOWcekJV4 포함: True
2026-03-17 13:54:43 [INFO]     카드 발견: 8개
2026-03-17 13:54:43 [INFO]     카드 파싱 성공: 8건
2026-03-17 13:54:43 [INFO]     2023.04 p4: +8건 (페이지 8건)
2026-03-17 13:54:45 [INFO]     HTML 크기: 345282 bytes
2026-03-17 13:54:45 [INFO]     OaLkxeV3 포함: True
2026-03-17 13:54:45 [INFO]     GOWcekJV4 포함: True
2026-03-17 13:54:45 [INFO]     카드 발견: 8개
2026-03-17 13:54:45 [INFO]     카드 파싱 성공: 7건
2026-03-17 13:54:45 [INFO]     2023.04 p5: +7건 (페이지 7건)
2026-03-17 13:54:47 [INFO]     HTML 크기: 365694 bytes
2026-03-17 13:54:47 [INFO]     OaLkxeV3 포함: True
2026-03-17 13:54:47 [INFO]     GOWcekJV4 포함: True
2026-03-17 13:54:47 [INFO]     카드 발견: 12개
2026-03-17 13:54:47 [INFO]     카드 파싱 성공: 12건
2026-03-17 13:54:47 [INFO]     2023.04 p6: +12건 (페이지 12건)
2026-03-17 13:54:49 [INFO]     HTML 크기: 382423 bytes
2026-03-17 13:54:49 [INFO]     OaLkxeV3 포함: True
2026-03-17 13:54:49 [INFO]     GOWcekJV4 포함: True
2026-03-17 13:54:49 [INFO]     카드 발견: 16개
2026-03-17 13:54:49 [INFO]     카드 파싱 성공: 16건
2026-03-17 13:54:49 [INFO]     2023.04 p7: +16건 (페이지 16건)
2026-03-17 13:54:50 [INFO]     HTML 크기: 332673 bytes
2026-03-17 13:54:50 [INFO]     OaLkxeV3 포함: True
2026-03-17 13:54:50 [INFO]     GOWcekJV4 포함: True
2026-03-17 13:54:50 [INFO]     카드 발견: 5개
2026-03-17 13:54:50 [INFO]     카드 파싱 성공: 5건
2026-03-17 13:54:50 [INFO]     2023.04 p8: +5건 (페이지 5건)
2026-03-17 13:54:52 [INFO]     HTML 크기: 367669 bytes
2026-03-17 13:54:52 [INFO]     OaLkxeV3 포함: True
2026-03-17 13:54:52 [INFO]     GOWcekJV4 포함: True
2026-03-17 13:54:52 [INFO]     카드 발견: 13개
2026-03-17 13:54:52 [INFO]     카드 파싱 성공: 13건
2026-03-17 13:54:52 [INFO]     2023.04 p9: +13건 (페이지 13건)
2026-03-17 13:54:54 [INFO]     HTML 크기: 348407 bytes
2026-03-17 13:54:54 [INFO]     OaLkxeV3 포함: True
2026-03-17 13:54:54 [INFO]     GOWcekJV4 포함: True
2026-03-17 13:54:54 [INFO]     카드 발견: 9개
2026-03-17 13:54:54 [INFO]     카드 파싱 성공: 8건
2026-03-17 13:54:54 [INFO]     2023.04 p10: +8건 (페이지 8건)
2026-03-17 13:54:56 [INFO]     HTML 크기: 336892 bytes
2026-03-17 13:54:56 [INFO]     OaLkxeV3 포함: True
2026-03-17 13:54:56 [INFO]     GOWcekJV4 포함: True
2026-03-17 13:54:56 [INFO]     카드 발견: 6개
2026-03-17 13:54:56 [INFO]     카드 파싱 성공: 5건
2026-03-17 13:54:56 [INFO]     2023.04 p11: +1건 (페이지 5건)
2026-03-17 13:54:58 [INFO]     HTML 크기: 367544 bytes
2026-03-17 13:54:58 [INFO]     OaLkxeV3 포함: True
2026-03-17 13:54:58 [INFO]     GOWcekJV4 포함: True
2026-03-17 13:54:58 [INFO]     카드 발견: 13개
2026-03-17 13:54:58 [INFO]     카드 파싱 성공: 10건
2026-03-17 13:54:58 [INFO]     2023.04 p12: +1건 (페이지 10건)
2026-03-17 13:55:00 [INFO]     HTML 크기: 365913 bytes
2026-03-17 13:55:00 [INFO]     OaLkxeV3 포함: True
2026-03-17 13:55:00 [INFO]     GOWcekJV4 포함: True
2026-03-17 13:55:00 [INFO]     카드 발견: 13개
2026-03-17 13:55:00 [INFO]     카드 파싱 성공: 10건
2026-03-17 13:55:00 [INFO]     2023.04 p13: +6건 (페이지 10건)
2026-03-17 13:55:02 [INFO]     HTML 크기: 382610 bytes
2026-03-17 13:55:02 [INFO]     OaLkxeV3 포함: True
2026-03-17 13:55:02 [INFO]     GOWcekJV4 포함: True
2026-03-17 13:55:02 [INFO]     카드 발견: 17개
2026-03-17 13:55:02 [INFO]     카드 파싱 성공: 14건
2026-03-17 13:55:02 [INFO]     2023.04 p14: +3건 (페이지 14건)
2026-03-17 13:55:04 [INFO]     HTML 크기: 397510 bytes
2026-03-17 13:55:04 [INFO]     OaLkxeV3 포함: True
2026-03-17 13:55:04 [INFO]     GOWcekJV4 포함: True
2026-03-17 13:55:04 [INFO]     카드 발견: 20개
2026-03-17 13:55:04 [INFO]     카드 파싱 성공: 17건
2026-03-17 13:55:04 [INFO]     2023.04 p15: +6건 (페이지 17건)
2026-03-17 13:55:06 [INFO]     HTML 크기: 409140 bytes
2026-03-17 13:55:06 [INFO]     OaLkxeV3 포함: True
2026-03-17 13:55:06 [INFO]     GOWcekJV4 포함: True
2026-03-17 13:55:06 [INFO]     카드 발견: 24개
2026-03-17 13:55:06 [INFO]     카드 파싱 성공: 16건
2026-03-17 13:55:06 [INFO]     2023.04 p16: +3건 (페이지 16건)
2026-03-17 13:55:08 [INFO]     HTML 크기: 374760 bytes
2026-03-17 13:55:08 [INFO]     OaLkxeV3 포함: True
2026-03-17 13:55:08 [INFO]     GOWcekJV4 포함: True
2026-03-17 13:55:08 [INFO]     카드 발견: 16개
2026-03-17 13:55:08 [INFO]     카드 파싱 성공: 8건
2026-03-17 13:55:08 [INFO]     2023.04 p17: +1건 (페이지 8건)
2026-03-17 13:55:10 [INFO]     HTML 크기: 337458 bytes
2026-03-17 13:55:10 [INFO]     OaLkxeV3 포함: True
2026-03-17 13:55:10 [INFO]     GOWcekJV4 포함: True
2026-03-17 13:55:10 [INFO]     카드 발견: 6개
2026-03-17 13:55:10 [INFO]     카드 파싱 성공: 5건
2026-03-17 13:55:10 [INFO]     2023.04 p18: +1건 (페이지 5건)
2026-03-17 13:55:11 [INFO]     HTML 크기: 345190 bytes
2026-03-17 13:55:11 [INFO]     OaLkxeV3 포함: True
2026-03-17 13:55:11 [INFO]     GOWcekJV4 포함: True
2026-03-17 13:55:11 [INFO]     카드 발견: 9개
2026-03-17 13:55:11 [INFO]     카드 파싱 성공: 5건
2026-03-17 13:55:11 [INFO]     2023.04 p19: +0건 (페이지 5건)
2026-03-17 13:55:12 [INFO]   2023.04 완료: +131건 (누적 1181개)
2026-03-17 13:55:13 [INFO]     HTML 크기: 403655 bytes
2026-03-17 13:55:13 [INFO]     OaLkxeV3 포함: True
2026-03-17 13:55:13 [INFO]     GOWcekJV4 포함: True
2026-03-17 13:55:13 [INFO]     카드 발견: 21개
2026-03-17 13:55:13 [INFO]     카드 파싱 성공: 19건
2026-03-17 13:55:13 [INFO]     2023.05 p1: +19건 (페이지 19건)
2026-03-17 13:55:15 [INFO]     HTML 크기: 346547 bytes
2026-03-17 13:55:15 [INFO]     OaLkxeV3 포함: True
2026-03-17 13:55:15 [INFO]     GOWcekJV4 포함: True
2026-03-17 13:55:15 [INFO]     카드 발견: 8개
2026-03-17 13:55:15 [INFO]     카드 파싱 성공: 7건
2026-03-17 13:55:15 [INFO]     2023.05 p2: +7건 (페이지 7건)
2026-03-17 13:55:17 [INFO]     HTML 크기: 333254 bytes
2026-03-17 13:55:17 [INFO]     OaLkxeV3 포함: True
2026-03-17 13:55:17 [INFO]     GOWcekJV4 포함: True
2026-03-17 13:55:17 [INFO]     카드 발견: 5개
2026-03-17 13:55:17 [INFO]     카드 파싱 성공: 5건
2026-03-17 13:55:17 [INFO]     2023.05 p3: +5건 (페이지 5건)
2026-03-17 13:55:19 [INFO]     HTML 크기: 313476 bytes
2026-03-17 13:55:19 [INFO]     OaLkxeV3 포함: True
2026-03-17 13:55:19 [INFO]     GOWcekJV4 포함: True
2026-03-17 13:55:19 [INFO]     카드 발견: 1개
2026-03-17 13:55:19 [INFO]     카드 파싱 0건 -> 링크 직접 수집 폴백
2026-03-17 13:55:19 [INFO]     CLS_NAVER_LINK 링크: 7개
2026-03-17 13:55:19 [INFO]     2023.05 p4: +7건 (페이지 7건)
2026-03-17 13:55:20 [INFO]     HTML 크기: 305666 bytes
2026-03-17 13:55:20 [INFO]     OaLkxeV3 포함: False
2026-03-17 13:55:20 [INFO]     GOWcekJV4 포함: True
2026-03-17 13:55:20 [INFO]     카드 발견: 0개
2026-03-17 13:55:20 [INFO]     카드 파싱 0건 -> 링크 직접 수집 폴백
2026-03-17 13:55:20 [INFO]     CLS_NAVER_LINK 링크: 2개
2026-03-17 13:55:20 [INFO]     2023.05 p5: 0건 (연속 빈 1회)
2026-03-17 13:55:23 [INFO]     HTML 크기: 304958 bytes
2026-03-17 13:55:23 [INFO]     OaLkxeV3 포함: False
2026-03-17 13:55:23 [INFO]     GOWcekJV4 포함: True
2026-03-17 13:55:23 [INFO]     카드 발견: 0개
2026-03-17 13:55:23 [INFO]     카드 파싱 0건 -> 링크 직접 수집 폴백
2026-03-17 13:55:23 [INFO]     CLS_NAVER_LINK 링크: 1개
2026-03-17 13:55:23 [INFO]     2023.05 p6: 0건 (연속 빈 2회)
2026-03-17 13:55:24 [INFO]     HTML 크기: 305201 bytes
2026-03-17 13:55:24 [INFO]     OaLkxeV3 포함: False
2026-03-17 13:55:24 [INFO]     GOWcekJV4 포함: True
2026-03-17 13:55:24 [INFO]     카드 발견: 0개
2026-03-17 13:55:24 [INFO]     카드 파싱 0건 -> 링크 직접 수집 폴백
2026-03-17 13:55:24 [INFO]     CLS_NAVER_LINK 링크: 2개
2026-03-17 13:55:24 [INFO]     2023.05 p7: 0건 (연속 빈 3회)
2026-03-17 13:55:24 [INFO]   2023.05 완료: +38건 (누적 1219개)
2026-03-17 13:55:25 [INFO]     HTML 크기: 420502 bytes
2026-03-17 13:55:25 [INFO]     OaLkxeV3 포함: True
2026-03-17 13:55:25 [INFO]     GOWcekJV4 포함: True
2026-03-17 13:55:25 [INFO]     카드 발견: 25개
2026-03-17 13:55:25 [INFO]     카드 파싱 성공: 25건
2026-03-17 13:55:25 [INFO]     2023.06 p1: +25건 (페이지 25건)
2026-03-17 13:55:27 [INFO]     HTML 크기: 352622 bytes
2026-03-17 13:55:27 [INFO]     OaLkxeV3 포함: True
2026-03-17 13:55:27 [INFO]     GOWcekJV4 포함: True
2026-03-17 13:55:27 [INFO]     카드 발견: 9개
2026-03-17 13:55:27 [INFO]     카드 파싱 성공: 9건
2026-03-17 13:55:27 [INFO]     2023.06 p2: +9건 (페이지 9건)
2026-03-17 13:55:29 [INFO]     HTML 크기: 341246 bytes
2026-03-17 13:55:29 [INFO]     OaLkxeV3 포함: True
2026-03-17 13:55:29 [INFO]     GOWcekJV4 포함: True
2026-03-17 13:55:29 [INFO]     카드 발견: 7개
2026-03-17 13:55:29 [INFO]     카드 파싱 성공: 7건
2026-03-17 13:55:29 [INFO]     2023.06 p3: +7건 (페이지 7건)
2026-03-17 13:55:31 [INFO]     HTML 크기: 332949 bytes
2026-03-17 13:55:31 [INFO]     OaLkxeV3 포함: True
2026-03-17 13:55:31 [INFO]     GOWcekJV4 포함: True
2026-03-17 13:55:31 [INFO]     카드 발견: 5개
2026-03-17 13:55:31 [INFO]     카드 파싱 성공: 5건
2026-03-17 13:55:31 [INFO]     2023.06 p4: +5건 (페이지 5건)
2026-03-17 13:55:33 [INFO]     HTML 크기: 312434 bytes
2026-03-17 13:55:33 [INFO]     OaLkxeV3 포함: False
2026-03-17 13:55:33 [INFO]     GOWcekJV4 포함: True
2026-03-17 13:55:33 [INFO]     카드 발견: 0개
2026-03-17 13:55:33 [INFO]     카드 파싱 0건 -> 링크 직접 수집 폴백
2026-03-17 13:55:33 [INFO]     CLS_NAVER_LINK 링크: 9개
2026-03-17 13:55:33 [INFO]     2023.06 p5: 0건 (연속 빈 1회)
2026-03-17 13:55:34 [INFO]     HTML 크기: 308508 bytes
2026-03-17 13:55:34 [INFO]     OaLkxeV3 포함: False
2026-03-17 13:55:34 [INFO]     GOWcekJV4 포함: True
2026-03-17 13:55:34 [INFO]     카드 발견: 0개
2026-03-17 13:55:34 [INFO]     카드 파싱 0건 -> 링크 직접 수집 폴백
2026-03-17 13:55:34 [INFO]     CLS_NAVER_LINK 링크: 5개
2026-03-17 13:55:34 [INFO]     2023.06 p6: 0건 (연속 빈 2회)
2026-03-17 13:55:36 [INFO]     HTML 크기: 308223 bytes
2026-03-17 13:55:36 [INFO]     OaLkxeV3 포함: False
2026-03-17 13:55:36 [INFO]     GOWcekJV4 포함: True
2026-03-17 13:55:36 [INFO]     카드 발견: 0개
2026-03-17 13:55:36 [INFO]     카드 파싱 0건 -> 링크 직접 수집 폴백
2026-03-17 13:55:36 [INFO]     CLS_NAVER_LINK 링크: 5개
2026-03-17 13:55:36 [INFO]     2023.06 p7: 0건 (연속 빈 3회)
2026-03-17 13:55:36 [INFO]   2023.06 완료: +46건 (누적 1265개)
2026-03-17 13:55:37 [INFO]     HTML 크기: 381353 bytes
2026-03-17 13:55:37 [INFO]     OaLkxeV3 포함: True
2026-03-17 13:55:37 [INFO]     GOWcekJV4 포함: True
2026-03-17 13:55:37 [INFO]     카드 발견: 18개
2026-03-17 13:55:37 [INFO]     카드 파싱 성공: 9건
2026-03-17 13:55:37 [INFO]     2023.07 p1: +9건 (페이지 9건)
2026-03-17 13:55:39 [INFO]     HTML 크기: 326252 bytes
2026-03-17 13:55:39 [INFO]     OaLkxeV3 포함: True
2026-03-17 13:55:39 [INFO]     GOWcekJV4 포함: True
2026-03-17 13:55:39 [INFO]     카드 발견: 5개
2026-03-17 13:55:39 [INFO]     카드 파싱 성공: 1건
2026-03-17 13:55:39 [INFO]     2023.07 p2: +1건 (페이지 1건)
2026-03-17 13:55:41 [INFO]     HTML 크기: 339584 bytes
2026-03-17 13:55:41 [INFO]     OaLkxeV3 포함: True
2026-03-17 13:55:41 [INFO]     GOWcekJV4 포함: True
2026-03-17 13:55:41 [INFO]     카드 발견: 7개
2026-03-17 13:55:41 [INFO]     카드 파싱 성공: 5건
2026-03-17 13:55:41 [INFO]     2023.07 p3: +5건 (페이지 5건)
2026-03-17 13:55:43 [INFO]     HTML 크기: 333279 bytes
2026-03-17 13:55:43 [INFO]     OaLkxeV3 포함: True
2026-03-17 13:55:43 [INFO]     GOWcekJV4 포함: True
2026-03-17 13:55:43 [INFO]     카드 발견: 5개
2026-03-17 13:55:43 [INFO]     카드 파싱 성공: 5건
2026-03-17 13:55:43 [INFO]     2023.07 p4: +5건 (페이지 5건)
2026-03-17 13:55:44 [INFO]     HTML 크기: 324840 bytes
2026-03-17 13:55:44 [INFO]     OaLkxeV3 포함: True
2026-03-17 13:55:44 [INFO]     GOWcekJV4 포함: True
2026-03-17 13:55:44 [INFO]     카드 발견: 4개
2026-03-17 13:55:44 [INFO]     카드 파싱 성공: 4건
2026-03-17 13:55:44 [INFO]     2023.07 p5: +4건 (페이지 4건)
2026-03-17 13:55:46 [INFO]     HTML 크기: 325845 bytes
2026-03-17 13:55:46 [INFO]     OaLkxeV3 포함: True
2026-03-17 13:55:46 [INFO]     GOWcekJV4 포함: True
2026-03-17 13:55:46 [INFO]     카드 발견: 4개
2026-03-17 13:55:46 [INFO]     카드 파싱 성공: 4건
2026-03-17 13:55:46 [INFO]     2023.07 p6: +4건 (페이지 4건)
2026-03-17 13:55:48 [INFO]     HTML 크기: 344592 bytes
2026-03-17 13:55:48 [INFO]     OaLkxeV3 포함: True
2026-03-17 13:55:48 [INFO]     GOWcekJV4 포함: True
2026-03-17 13:55:48 [INFO]     카드 발견: 8개
2026-03-17 13:55:48 [INFO]     카드 파싱 성공: 8건
2026-03-17 13:55:48 [INFO]     2023.07 p7: +8건 (페이지 8건)
2026-03-17 13:55:50 [INFO]     HTML 크기: 328658 bytes
2026-03-17 13:55:50 [INFO]     OaLkxeV3 포함: True
2026-03-17 13:55:50 [INFO]     GOWcekJV4 포함: True
2026-03-17 13:55:50 [INFO]     카드 발견: 4개
2026-03-17 13:55:50 [INFO]     카드 파싱 성공: 4건
2026-03-17 13:55:50 [INFO]     2023.07 p8: +4건 (페이지 4건)
2026-03-17 13:55:52 [INFO]     HTML 크기: 317218 bytes
2026-03-17 13:55:52 [INFO]     OaLkxeV3 포함: True
2026-03-17 13:55:52 [INFO]     GOWcekJV4 포함: True
2026-03-17 13:55:52 [INFO]     카드 발견: 1개
2026-03-17 13:55:52 [INFO]     카드 파싱 성공: 1건
2026-03-17 13:55:52 [INFO]     2023.07 p9: +1건 (페이지 1건)
2026-03-17 13:55:54 [INFO]     HTML 크기: 344125 bytes
2026-03-17 13:55:54 [INFO]     OaLkxeV3 포함: True
2026-03-17 13:55:54 [INFO]     GOWcekJV4 포함: True
2026-03-17 13:55:54 [INFO]     카드 발견: 8개
2026-03-17 13:55:54 [INFO]     카드 파싱 성공: 8건
2026-03-17 13:55:54 [INFO]     2023.07 p10: +8건 (페이지 8건)
2026-03-17 13:55:56 [INFO]     HTML 크기: 367732 bytes
2026-03-17 13:55:56 [INFO]     OaLkxeV3 포함: True
2026-03-17 13:55:56 [INFO]     GOWcekJV4 포함: True
2026-03-17 13:55:56 [INFO]     카드 발견: 16개
2026-03-17 13:55:56 [INFO]     카드 파싱 성공: 3건
2026-03-17 13:55:56 [INFO]     2023.07 p11: +3건 (페이지 3건)
2026-03-17 13:55:57 [INFO]     HTML 크기: 407674 bytes
2026-03-17 13:55:57 [INFO]     OaLkxeV3 포함: True
2026-03-17 13:55:57 [INFO]     GOWcekJV4 포함: True
2026-03-17 13:55:57 [INFO]     카드 발견: 26개
2026-03-17 13:55:57 [INFO]     카드 파싱 성공: 9건
2026-03-17 13:55:57 [INFO]     2023.07 p12: +3건 (페이지 9건)
2026-03-17 13:56:00 [INFO]     HTML 크기: 417049 bytes
2026-03-17 13:56:00 [INFO]     OaLkxeV3 포함: True
2026-03-17 13:56:00 [INFO]     GOWcekJV4 포함: True
2026-03-17 13:56:00 [INFO]     카드 발견: 28개
2026-03-17 13:56:00 [INFO]     카드 파싱 성공: 14건
2026-03-17 13:56:00 [INFO]     2023.07 p13: +5건 (페이지 14건)
2026-03-17 13:56:01 [INFO]     HTML 크기: 407341 bytes
2026-03-17 13:56:01 [INFO]     OaLkxeV3 포함: True
2026-03-17 13:56:01 [INFO]     GOWcekJV4 포함: True
2026-03-17 13:56:01 [INFO]     카드 발견: 25개
2026-03-17 13:56:01 [INFO]     카드 파싱 성공: 16건
2026-03-17 13:56:01 [INFO]     2023.07 p14: +4건 (페이지 16건)
2026-03-17 13:56:03 [INFO]     HTML 크기: 383651 bytes
2026-03-17 13:56:03 [INFO]     OaLkxeV3 포함: True
2026-03-17 13:56:03 [INFO]     GOWcekJV4 포함: True
2026-03-17 13:56:03 [INFO]     카드 발견: 18개
2026-03-17 13:56:03 [INFO]     카드 파싱 성공: 15건
2026-03-17 13:56:03 [INFO]     2023.07 p15: +4건 (페이지 15건)
2026-03-17 13:56:05 [INFO]     HTML 크기: 352481 bytes
2026-03-17 13:56:05 [INFO]     OaLkxeV3 포함: True
2026-03-17 13:56:05 [INFO]     GOWcekJV4 포함: True
2026-03-17 13:56:05 [INFO]     카드 발견: 10개
2026-03-17 13:56:05 [INFO]     카드 파싱 성공: 9건
2026-03-17 13:56:05 [INFO]     2023.07 p16: +4건 (페이지 9건)
2026-03-17 13:56:07 [INFO]     HTML 크기: 380598 bytes
2026-03-17 13:56:07 [INFO]     OaLkxeV3 포함: True
2026-03-17 13:56:07 [INFO]     GOWcekJV4 포함: True
2026-03-17 13:56:07 [INFO]     카드 발견: 18개
2026-03-17 13:56:07 [INFO]     카드 파싱 성공: 12건
2026-03-17 13:56:07 [INFO]     2023.07 p17: +2건 (페이지 12건)
2026-03-17 13:56:09 [INFO]     HTML 크기: 388968 bytes
2026-03-17 13:56:09 [INFO]     OaLkxeV3 포함: True
2026-03-17 13:56:09 [INFO]     GOWcekJV4 포함: True
2026-03-17 13:56:09 [INFO]     카드 발견: 19개
2026-03-17 13:56:09 [INFO]     카드 파싱 성공: 14건
2026-03-17 13:56:09 [INFO]     2023.07 p18: +2건 (페이지 14건)
2026-03-17 13:56:11 [INFO]     HTML 크기: 381233 bytes
2026-03-17 13:56:11 [INFO]     OaLkxeV3 포함: True
2026-03-17 13:56:11 [INFO]     GOWcekJV4 포함: True
2026-03-17 13:56:11 [INFO]     카드 발견: 18개
2026-03-17 13:56:11 [INFO]     카드 파싱 성공: 11건
2026-03-17 13:56:11 [INFO]     2023.07 p19: +4건 (페이지 11건)
2026-03-17 13:56:13 [INFO]     HTML 크기: 334260 bytes
2026-03-17 13:56:13 [INFO]     OaLkxeV3 포함: True
2026-03-17 13:56:13 [INFO]     GOWcekJV4 포함: True
2026-03-17 13:56:13 [INFO]     카드 발견: 6개
2026-03-17 13:56:13 [INFO]     카드 파싱 성공: 6건
2026-03-17 13:56:13 [INFO]     2023.07 p20: +4건 (페이지 6건)
2026-03-17 13:56:15 [INFO]     HTML 크기: 373276 bytes
2026-03-17 13:56:15 [INFO]     OaLkxeV3 포함: True
2026-03-17 13:56:15 [INFO]     GOWcekJV4 포함: True
2026-03-17 13:56:15 [INFO]     카드 발견: 16개
2026-03-17 13:56:15 [INFO]     카드 파싱 성공: 10건
2026-03-17 13:56:15 [INFO]     2023.07 p21: +5건 (페이지 10건)
2026-03-17 13:56:17 [INFO]     HTML 크기: 380033 bytes
2026-03-17 13:56:17 [INFO]     OaLkxeV3 포함: True
2026-03-17 13:56:17 [INFO]     GOWcekJV4 포함: True
2026-03-17 13:56:17 [INFO]     카드 발견: 17개
2026-03-17 13:56:17 [INFO]     카드 파싱 성공: 14건
2026-03-17 13:56:17 [INFO]     2023.07 p22: +6건 (페이지 14건)
2026-03-17 13:56:18 [INFO]     HTML 크기: 376260 bytes
2026-03-17 13:56:18 [INFO]     OaLkxeV3 포함: True
2026-03-17 13:56:18 [INFO]     GOWcekJV4 포함: True
2026-03-17 13:56:18 [INFO]     카드 발견: 16개
2026-03-17 13:56:18 [INFO]     카드 파싱 성공: 13건
2026-03-17 13:56:18 [INFO]     2023.07 p23: +1건 (페이지 13건)
2026-03-17 13:56:20 [INFO]     HTML 크기: 366821 bytes
2026-03-17 13:56:20 [INFO]     OaLkxeV3 포함: True
2026-03-17 13:56:20 [INFO]     GOWcekJV4 포함: True
2026-03-17 13:56:20 [INFO]     카드 발견: 14개
2026-03-17 13:56:20 [INFO]     카드 파싱 성공: 11건
2026-03-17 13:56:20 [INFO]     2023.07 p24: +3건 (페이지 11건)
2026-03-17 13:56:22 [INFO]     HTML 크기: 368786 bytes
2026-03-17 13:56:22 [INFO]     OaLkxeV3 포함: True
2026-03-17 13:56:22 [INFO]     GOWcekJV4 포함: True
2026-03-17 13:56:22 [INFO]     카드 발견: 14개
2026-03-17 13:56:22 [INFO]     카드 파싱 성공: 11건
2026-03-17 13:56:22 [INFO]     2023.07 p25: +3건 (페이지 11건)
2026-03-17 13:56:23 [INFO]     HTML 크기: 354023 bytes
2026-03-17 13:56:23 [INFO]     OaLkxeV3 포함: True
2026-03-17 13:56:23 [INFO]     GOWcekJV4 포함: True
2026-03-17 13:56:23 [INFO]     카드 발견: 10개
2026-03-17 13:56:23 [INFO]     카드 파싱 성공: 9건
2026-03-17 13:56:23 [INFO]     2023.07 p26: +4건 (페이지 9건)
2026-03-17 13:56:25 [INFO]     HTML 크기: 332554 bytes
2026-03-17 13:56:25 [INFO]     OaLkxeV3 포함: True
2026-03-17 13:56:25 [INFO]     GOWcekJV4 포함: True
2026-03-17 13:56:25 [INFO]     카드 발견: 5개
2026-03-17 13:56:25 [INFO]     카드 파싱 성공: 4건
2026-03-17 13:56:25 [INFO]     2023.07 p27: +0건 (페이지 4건)
2026-03-17 13:56:26 [INFO]   2023.07 완료: +106건 (누적 1371개)
2026-03-17 13:56:27 [INFO]     HTML 크기: 389019 bytes
2026-03-17 13:56:27 [INFO]     OaLkxeV3 포함: True
2026-03-17 13:56:27 [INFO]     GOWcekJV4 포함: True
2026-03-17 13:56:27 [INFO]     카드 발견: 18개
2026-03-17 13:56:27 [INFO]     카드 파싱 성공: 16건
2026-03-17 13:56:27 [INFO]     2023.08 p1: +16건 (페이지 16건)
2026-03-17 13:56:29 [INFO]     HTML 크기: 366910 bytes
2026-03-17 13:56:29 [INFO]     OaLkxeV3 포함: True
2026-03-17 13:56:29 [INFO]     GOWcekJV4 포함: True
2026-03-17 13:56:29 [INFO]     카드 발견: 13개
2026-03-17 13:56:29 [INFO]     카드 파싱 성공: 11건
2026-03-17 13:56:29 [INFO]     2023.08 p2: +11건 (페이지 11건)
2026-03-17 13:56:30 [INFO]     HTML 크기: 332050 bytes
2026-03-17 13:56:30 [INFO]     OaLkxeV3 포함: True
2026-03-17 13:56:30 [INFO]     GOWcekJV4 포함: True
2026-03-17 13:56:30 [INFO]     카드 발견: 5개
2026-03-17 13:56:30 [INFO]     카드 파싱 성공: 5건
2026-03-17 13:56:30 [INFO]     2023.08 p3: +5건 (페이지 5건)
2026-03-17 13:56:32 [INFO]     HTML 크기: 308212 bytes
2026-03-17 13:56:32 [INFO]     OaLkxeV3 포함: False
2026-03-17 13:56:32 [INFO]     GOWcekJV4 포함: True
2026-03-17 13:56:32 [INFO]     카드 발견: 0개
2026-03-17 13:56:32 [INFO]     카드 파싱 0건 -> 링크 직접 수집 폴백
2026-03-17 13:56:32 [INFO]     CLS_NAVER_LINK 링크: 4개
2026-03-17 13:56:32 [INFO]     2023.08 p4: 0건 (연속 빈 1회)
2026-03-17 13:56:34 [INFO]     HTML 크기: 307653 bytes
2026-03-17 13:56:34 [INFO]     OaLkxeV3 포함: False
2026-03-17 13:56:34 [INFO]     GOWcekJV4 포함: True
2026-03-17 13:56:34 [INFO]     카드 발견: 0개
2026-03-17 13:56:34 [INFO]     카드 파싱 0건 -> 링크 직접 수집 폴백
2026-03-17 13:56:34 [INFO]     CLS_NAVER_LINK 링크: 3개
2026-03-17 13:56:34 [INFO]     2023.08 p5: 0건 (연속 빈 2회)
2026-03-17 13:56:35 [INFO]     HTML 크기: 305977 bytes
2026-03-17 13:56:35 [INFO]     OaLkxeV3 포함: False
2026-03-17 13:56:35 [INFO]     GOWcekJV4 포함: True
2026-03-17 13:56:35 [INFO]     카드 발견: 0개
2026-03-17 13:56:35 [INFO]     카드 파싱 0건 -> 링크 직접 수집 폴백
2026-03-17 13:56:35 [INFO]     CLS_NAVER_LINK 링크: 2개
2026-03-17 13:56:35 [INFO]     2023.08 p6: 0건 (연속 빈 3회)
2026-03-17 13:56:35 [INFO]   2023.08 완료: +32건 (누적 1403개)
2026-03-17 13:56:36 [INFO]     HTML 크기: 375734 bytes
2026-03-17 13:56:36 [INFO]     OaLkxeV3 포함: True
2026-03-17 13:56:36 [INFO]     GOWcekJV4 포함: True
2026-03-17 13:56:36 [INFO]     카드 발견: 15개
2026-03-17 13:56:36 [INFO]     카드 파싱 성공: 14건
2026-03-17 13:56:36 [INFO]     2023.09 p1: +14건 (페이지 14건)
2026-03-17 13:56:38 [INFO]     HTML 크기: 361431 bytes
2026-03-17 13:56:38 [INFO]     OaLkxeV3 포함: True
2026-03-17 13:56:38 [INFO]     GOWcekJV4 포함: True
2026-03-17 13:56:38 [INFO]     카드 발견: 12개
2026-03-17 13:56:38 [INFO]     카드 파싱 성공: 12건
2026-03-17 13:56:38 [INFO]     2023.09 p2: +12건 (페이지 12건)
2026-03-17 13:56:40 [INFO]     HTML 크기: 373940 bytes
2026-03-17 13:56:40 [INFO]     OaLkxeV3 포함: True
2026-03-17 13:56:40 [INFO]     GOWcekJV4 포함: True
2026-03-17 13:56:40 [INFO]     카드 발견: 16개
2026-03-17 13:56:40 [INFO]     카드 파싱 성공: 11건
2026-03-17 13:56:40 [INFO]     2023.09 p3: +11건 (페이지 11건)
2026-03-17 13:56:42 [INFO]     HTML 크기: 320646 bytes
2026-03-17 13:56:42 [INFO]     OaLkxeV3 포함: True
2026-03-17 13:56:42 [INFO]     GOWcekJV4 포함: True
2026-03-17 13:56:42 [INFO]     카드 발견: 2개
2026-03-17 13:56:42 [INFO]     카드 파싱 성공: 2건
2026-03-17 13:56:42 [INFO]     2023.09 p4: +2건 (페이지 2건)
2026-03-17 13:56:43 [INFO]     HTML 크기: 315313 bytes
2026-03-17 13:56:43 [INFO]     OaLkxeV3 포함: True
2026-03-17 13:56:43 [INFO]     GOWcekJV4 포함: True
2026-03-17 13:56:43 [INFO]     카드 발견: 1개
2026-03-17 13:56:43 [INFO]     카드 파싱 성공: 1건
2026-03-17 13:56:43 [INFO]     2023.09 p5: +1건 (페이지 1건)
2026-03-17 13:56:45 [INFO]     HTML 크기: 308708 bytes
2026-03-17 13:56:45 [INFO]     OaLkxeV3 포함: False
2026-03-17 13:56:45 [INFO]     GOWcekJV4 포함: True
2026-03-17 13:56:45 [INFO]     카드 발견: 0개
2026-03-17 13:56:45 [INFO]     카드 파싱 0건 -> 링크 직접 수집 폴백
2026-03-17 13:56:45 [INFO]     CLS_NAVER_LINK 링크: 5개
2026-03-17 13:56:45 [INFO]     2023.09 p6: 0건 (연속 빈 1회)
2026-03-17 13:56:47 [INFO]     HTML 크기: 305490 bytes
2026-03-17 13:56:47 [INFO]     OaLkxeV3 포함: False
2026-03-17 13:56:47 [INFO]     GOWcekJV4 포함: True
2026-03-17 13:56:47 [INFO]     카드 발견: 0개
2026-03-17 13:56:47 [INFO]     카드 파싱 0건 -> 링크 직접 수집 폴백
2026-03-17 13:56:47 [INFO]     CLS_NAVER_LINK 링크: 2개
2026-03-17 13:56:47 [INFO]     2023.09 p7: 0건 (연속 빈 2회)
2026-03-17 13:56:49 [INFO]     HTML 크기: 305454 bytes
2026-03-17 13:56:49 [INFO]     OaLkxeV3 포함: False
2026-03-17 13:56:49 [INFO]     GOWcekJV4 포함: True
2026-03-17 13:56:49 [INFO]     카드 발견: 0개
2026-03-17 13:56:49 [INFO]     카드 파싱 0건 -> 링크 직접 수집 폴백
2026-03-17 13:56:49 [INFO]     CLS_NAVER_LINK 링크: 1개
2026-03-17 13:56:49 [INFO]     2023.09 p8: 0건 (연속 빈 3회)
2026-03-17 13:56:49 [INFO]   2023.09 완료: +40건 (누적 1443개)
2026-03-17 13:56:50 [INFO]     HTML 크기: 419559 bytes
2026-03-17 13:56:50 [INFO]     OaLkxeV3 포함: True
2026-03-17 13:56:50 [INFO]     GOWcekJV4 포함: True
2026-03-17 13:56:50 [INFO]     카드 발견: 25개
2026-03-17 13:56:50 [INFO]     카드 파싱 성공: 25건
2026-03-17 13:56:50 [INFO]     2023.10 p1: +25건 (페이지 25건)
2026-03-17 13:56:51 [INFO]     HTML 크기: 391612 bytes
2026-03-17 13:56:51 [INFO]     OaLkxeV3 포함: True
2026-03-17 13:56:51 [INFO]     GOWcekJV4 포함: True
2026-03-17 13:56:51 [INFO]     카드 발견: 18개
2026-03-17 13:56:51 [INFO]     카드 파싱 성공: 18건
2026-03-17 13:56:51 [INFO]     2023.10 p2: +18건 (페이지 18건)
2026-03-17 13:56:53 [INFO]     HTML 크기: 338359 bytes
2026-03-17 13:56:53 [INFO]     OaLkxeV3 포함: True
2026-03-17 13:56:53 [INFO]     GOWcekJV4 포함: True
2026-03-17 13:56:53 [INFO]     카드 발견: 6개
2026-03-17 13:56:53 [INFO]     카드 파싱 성공: 6건
2026-03-17 13:56:53 [INFO]     2023.10 p3: +6건 (페이지 6건)
2026-03-17 13:56:55 [INFO]     HTML 크기: 330737 bytes
2026-03-17 13:56:55 [INFO]     OaLkxeV3 포함: True
2026-03-17 13:56:55 [INFO]     GOWcekJV4 포함: True
2026-03-17 13:56:55 [INFO]     카드 발견: 4개
2026-03-17 13:56:55 [INFO]     카드 파싱 성공: 4건
2026-03-17 13:56:55 [INFO]     2023.10 p4: +4건 (페이지 4건)
2026-03-17 13:56:57 [INFO]     HTML 크기: 319549 bytes
2026-03-17 13:56:57 [INFO]     OaLkxeV3 포함: True
2026-03-17 13:56:57 [INFO]     GOWcekJV4 포함: True
2026-03-17 13:56:57 [INFO]     카드 발견: 3개
2026-03-17 13:56:57 [INFO]     카드 파싱 성공: 3건
2026-03-17 13:56:57 [INFO]     2023.10 p5: +3건 (페이지 3건)
2026-03-17 13:56:58 [INFO]     HTML 크기: 306655 bytes
2026-03-17 13:56:58 [INFO]     OaLkxeV3 포함: False
2026-03-17 13:56:58 [INFO]     GOWcekJV4 포함: True
2026-03-17 13:56:58 [INFO]     카드 발견: 0개
2026-03-17 13:56:58 [INFO]     카드 파싱 0건 -> 링크 직접 수집 폴백
2026-03-17 13:56:58 [INFO]     CLS_NAVER_LINK 링크: 4개
2026-03-17 13:56:58 [INFO]     2023.10 p6: 0건 (연속 빈 1회)
2026-03-17 13:57:00 [INFO]     HTML 크기: 304470 bytes
2026-03-17 13:57:00 [INFO]     OaLkxeV3 포함: False
2026-03-17 13:57:00 [INFO]     GOWcekJV4 포함: True
2026-03-17 13:57:00 [INFO]     카드 발견: 0개
2026-03-17 13:57:00 [INFO]     카드 파싱 0건 -> 링크 직접 수집 폴백
2026-03-17 13:57:00 [INFO]     CLS_NAVER_LINK 링크: 2개
2026-03-17 13:57:00 [INFO]     2023.10 p7: 0건 (연속 빈 2회)
2026-03-17 13:57:02 [INFO]     HTML 크기: 304202 bytes
2026-03-17 13:57:02 [INFO]     OaLkxeV3 포함: False
2026-03-17 13:57:02 [INFO]     GOWcekJV4 포함: True
2026-03-17 13:57:02 [INFO]     카드 발견: 0개
2026-03-17 13:57:02 [INFO]     카드 파싱 0건 -> 링크 직접 수집 폴백
2026-03-17 13:57:02 [INFO]     CLS_NAVER_LINK 링크: 2개
2026-03-17 13:57:02 [INFO]     2023.10 p8: 0건 (연속 빈 3회)
2026-03-17 13:57:02 [INFO]   2023.10 완료: +56건 (누적 1499개)
2026-03-17 13:57:03 [INFO]     HTML 크기: 405327 bytes
2026-03-17 13:57:03 [INFO]     OaLkxeV3 포함: True
2026-03-17 13:57:03 [INFO]     GOWcekJV4 포함: True
2026-03-17 13:57:03 [INFO]     카드 발견: 22개
2026-03-17 13:57:03 [INFO]     카드 파싱 성공: 19건
2026-03-17 13:57:03 [INFO]     2023.11 p1: +19건 (페이지 19건)
2026-03-17 13:57:05 [INFO]     HTML 크기: 401096 bytes
2026-03-17 13:57:05 [INFO]     OaLkxeV3 포함: True
2026-03-17 13:57:05 [INFO]     GOWcekJV4 포함: True
2026-03-17 13:57:05 [INFO]     카드 발견: 21개
2026-03-17 13:57:05 [INFO]     카드 파싱 성공: 19건
2026-03-17 13:57:05 [INFO]     2023.11 p2: +19건 (페이지 19건)
2026-03-17 13:57:06 [INFO]     HTML 크기: 310202 bytes
2026-03-17 13:57:06 [INFO]     OaLkxeV3 포함: False
2026-03-17 13:57:06 [INFO]     GOWcekJV4 포함: True
2026-03-17 13:57:06 [INFO]     카드 발견: 0개
2026-03-17 13:57:06 [INFO]     카드 파싱 0건 -> 링크 직접 수집 폴백
2026-03-17 13:57:06 [INFO]     CLS_NAVER_LINK 링크: 6개
2026-03-17 13:57:07 [INFO]     2023.11 p3: 0건 (연속 빈 1회)
2026-03-17 13:57:08 [INFO]     HTML 크기: 339570 bytes
2026-03-17 13:57:08 [INFO]     OaLkxeV3 포함: True
2026-03-17 13:57:08 [INFO]     GOWcekJV4 포함: True
2026-03-17 13:57:08 [INFO]     카드 발견: 7개
2026-03-17 13:57:08 [INFO]     카드 파싱 성공: 5건
2026-03-17 13:57:08 [INFO]     2023.11 p4: +5건 (페이지 5건)
2026-03-17 13:57:10 [INFO]     HTML 크기: 314675 bytes
2026-03-17 13:57:10 [INFO]     OaLkxeV3 포함: True
2026-03-17 13:57:10 [INFO]     GOWcekJV4 포함: True
2026-03-17 13:57:10 [INFO]     카드 발견: 1개
2026-03-17 13:57:10 [INFO]     카드 파싱 성공: 1건
2026-03-17 13:57:10 [INFO]     2023.11 p5: +1건 (페이지 1건)
2026-03-17 13:57:12 [INFO]     HTML 크기: 310091 bytes
2026-03-17 13:57:12 [INFO]     OaLkxeV3 포함: False
2026-03-17 13:57:12 [INFO]     GOWcekJV4 포함: True
2026-03-17 13:57:12 [INFO]     카드 발견: 0개
2026-03-17 13:57:12 [INFO]     카드 파싱 0건 -> 링크 직접 수집 폴백
2026-03-17 13:57:12 [INFO]     CLS_NAVER_LINK 링크: 7개
2026-03-17 13:57:12 [INFO]     2023.11 p6: 0건 (연속 빈 1회)
2026-03-17 13:57:14 [INFO]     HTML 크기: 304816 bytes
2026-03-17 13:57:14 [INFO]     OaLkxeV3 포함: False
2026-03-17 13:57:14 [INFO]     GOWcekJV4 포함: True
2026-03-17 13:57:14 [INFO]     카드 발견: 0개
2026-03-17 13:57:14 [INFO]     카드 파싱 0건 -> 링크 직접 수집 폴백
2026-03-17 13:57:14 [INFO]     CLS_NAVER_LINK 링크: 2개
2026-03-17 13:57:14 [INFO]     2023.11 p7: 0건 (연속 빈 2회)
2026-03-17 13:57:16 [INFO]     HTML 크기: 306389 bytes
2026-03-17 13:57:16 [INFO]     OaLkxeV3 포함: False
2026-03-17 13:57:16 [INFO]     GOWcekJV4 포함: True
2026-03-17 13:57:16 [INFO]     카드 발견: 0개
2026-03-17 13:57:16 [INFO]     카드 파싱 0건 -> 링크 직접 수집 폴백
2026-03-17 13:57:16 [INFO]     CLS_NAVER_LINK 링크: 4개
2026-03-17 13:57:16 [INFO]     2023.11 p8: 0건 (연속 빈 3회)
2026-03-17 13:57:16 [INFO]   2023.11 완료: +44건 (누적 1543개)
2026-03-17 13:57:17 [INFO]     HTML 크기: 358255 bytes
2026-03-17 13:57:17 [INFO]     OaLkxeV3 포함: True
2026-03-17 13:57:17 [INFO]     GOWcekJV4 포함: True
2026-03-17 13:57:17 [INFO]     카드 발견: 11개
2026-03-17 13:57:17 [INFO]     카드 파싱 성공: 10건
2026-03-17 13:57:17 [INFO]     2023.12 p1: +10건 (페이지 10건)
2026-03-17 13:57:19 [INFO]     HTML 크기: 397215 bytes
2026-03-17 13:57:19 [INFO]     OaLkxeV3 포함: True
2026-03-17 13:57:19 [INFO]     GOWcekJV4 포함: True
2026-03-17 13:57:19 [INFO]     카드 발견: 20개
2026-03-17 13:57:19 [INFO]     카드 파싱 성공: 18건
2026-03-17 13:57:19 [INFO]     2023.12 p2: +18건 (페이지 18건)
2026-03-17 13:57:21 [INFO]     HTML 크기: 332408 bytes
2026-03-17 13:57:21 [INFO]     OaLkxeV3 포함: True
2026-03-17 13:57:21 [INFO]     GOWcekJV4 포함: True
2026-03-17 13:57:21 [INFO]     카드 발견: 5개
2026-03-17 13:57:21 [INFO]     카드 파싱 성공: 5건
2026-03-17 13:57:21 [INFO]     2023.12 p3: +5건 (페이지 5건)
2026-03-17 13:57:22 [INFO]     HTML 크기: 356302 bytes
2026-03-17 13:57:22 [INFO]     OaLkxeV3 포함: True
2026-03-17 13:57:22 [INFO]     GOWcekJV4 포함: True
2026-03-17 13:57:22 [INFO]     카드 발견: 11개
2026-03-17 13:57:22 [INFO]     카드 파싱 성공: 8건
2026-03-17 13:57:22 [INFO]     2023.12 p4: +8건 (페이지 8건)
2026-03-17 13:57:24 [INFO]     HTML 크기: 376428 bytes
2026-03-17 13:57:24 [INFO]     OaLkxeV3 포함: True
2026-03-17 13:57:24 [INFO]     GOWcekJV4 포함: True
2026-03-17 13:57:24 [INFO]     카드 발견: 15개
2026-03-17 13:57:24 [INFO]     카드 파싱 성공: 13건
2026-03-17 13:57:24 [INFO]     2023.12 p5: +13건 (페이지 13건)
2026-03-17 13:57:26 [INFO]     HTML 크기: 350069 bytes
2026-03-17 13:57:26 [INFO]     OaLkxeV3 포함: True
2026-03-17 13:57:26 [INFO]     GOWcekJV4 포함: True
2026-03-17 13:57:26 [INFO]     카드 발견: 9개
2026-03-17 13:57:26 [INFO]     카드 파싱 성공: 9건
2026-03-17 13:57:26 [INFO]     2023.12 p6: +9건 (페이지 9건)
2026-03-17 13:57:28 [INFO]     HTML 크기: 318812 bytes
2026-03-17 13:57:28 [INFO]     OaLkxeV3 포함: True
2026-03-17 13:57:28 [INFO]     GOWcekJV4 포함: True
2026-03-17 13:57:28 [INFO]     카드 발견: 2개
2026-03-17 13:57:28 [INFO]     카드 파싱 성공: 2건
2026-03-17 13:57:28 [INFO]     2023.12 p7: +2건 (페이지 2건)
2026-03-17 13:57:30 [INFO]     HTML 크기: 312618 bytes
2026-03-17 13:57:30 [INFO]     OaLkxeV3 포함: False
2026-03-17 13:57:30 [INFO]     GOWcekJV4 포함: True
2026-03-17 13:57:30 [INFO]     카드 발견: 0개
2026-03-17 13:57:30 [INFO]     카드 파싱 0건 -> 링크 직접 수집 폴백
2026-03-17 13:57:30 [INFO]     CLS_NAVER_LINK 링크: 10개
2026-03-17 13:57:30 [INFO]     2023.12 p8: 0건 (연속 빈 1회)
2026-03-17 13:57:32 [INFO]     HTML 크기: 320936 bytes
2026-03-17 13:57:32 [INFO]     OaLkxeV3 포함: True
2026-03-17 13:57:32 [INFO]     GOWcekJV4 포함: True
2026-03-17 13:57:32 [INFO]     카드 발견: 2개
2026-03-17 13:57:32 [INFO]     카드 파싱 성공: 2건
2026-03-17 13:57:32 [INFO]     2023.12 p9: +2건 (페이지 2건)
2026-03-17 13:57:33 [INFO]     HTML 크기: 315865 bytes
2026-03-17 13:57:33 [INFO]     OaLkxeV3 포함: True
2026-03-17 13:57:33 [INFO]     GOWcekJV4 포함: True
2026-03-17 13:57:33 [INFO]     카드 발견: 1개
2026-03-17 13:57:33 [INFO]     카드 파싱 성공: 1건
2026-03-17 13:57:33 [INFO]     2023.12 p10: +1건 (페이지 1건)
2026-03-17 13:57:35 [INFO]     HTML 크기: 380991 bytes
2026-03-17 13:57:35 [INFO]     OaLkxeV3 포함: True
2026-03-17 13:57:35 [INFO]     GOWcekJV4 포함: True
2026-03-17 13:57:35 [INFO]     카드 발견: 17개
2026-03-17 13:57:35 [INFO]     카드 파싱 성공: 14건
2026-03-17 13:57:35 [INFO]     2023.12 p11: +6건 (페이지 14건)
2026-03-17 13:57:37 [INFO]     HTML 크기: 410890 bytes
2026-03-17 13:57:37 [INFO]     OaLkxeV3 포함: True
2026-03-17 13:57:37 [INFO]     GOWcekJV4 포함: True
2026-03-17 13:57:37 [INFO]     카드 발견: 24개
2026-03-17 13:57:37 [INFO]     카드 파싱 성공: 19건
2026-03-17 13:57:37 [INFO]     2023.12 p12: +8건 (페이지 19건)
2026-03-17 13:57:39 [INFO]     HTML 크기: 415249 bytes
2026-03-17 13:57:39 [INFO]     OaLkxeV3 포함: True
2026-03-17 13:57:39 [INFO]     GOWcekJV4 포함: True
2026-03-17 13:57:39 [INFO]     카드 발견: 26개
2026-03-17 13:57:39 [INFO]     카드 파싱 성공: 19건
2026-03-17 13:57:39 [INFO]     2023.12 p13: +5건 (페이지 19건)
2026-03-17 13:57:41 [INFO]     HTML 크기: 380083 bytes
2026-03-17 13:57:41 [INFO]     OaLkxeV3 포함: True
2026-03-17 13:57:41 [INFO]     GOWcekJV4 포함: True
2026-03-17 13:57:41 [INFO]     카드 발견: 18개
2026-03-17 13:57:41 [INFO]     카드 파싱 성공: 7건
2026-03-17 13:57:41 [INFO]     2023.12 p14: +2건 (페이지 7건)
2026-03-17 13:57:43 [INFO]     HTML 크기: 385019 bytes
2026-03-17 13:57:43 [INFO]     OaLkxeV3 포함: True
2026-03-17 13:57:43 [INFO]     GOWcekJV4 포함: True
2026-03-17 13:57:43 [INFO]     카드 발견: 20개
2026-03-17 13:57:43 [INFO]     카드 파싱 성공: 7건
2026-03-17 13:57:43 [INFO]     2023.12 p15: +2건 (페이지 7건)
2026-03-17 13:57:45 [INFO]     HTML 크기: 441784 bytes
2026-03-17 13:57:45 [INFO]     OaLkxeV3 포함: True
2026-03-17 13:57:45 [INFO]     GOWcekJV4 포함: True
2026-03-17 13:57:45 [INFO]     카드 발견: 36개
2026-03-17 13:57:45 [INFO]     카드 파싱 성공: 13건
2026-03-17 13:57:45 [INFO]     2023.12 p16: +4건 (페이지 13건)
2026-03-17 13:57:47 [INFO]     HTML 크기: 415875 bytes
2026-03-17 13:57:47 [INFO]     OaLkxeV3 포함: True
2026-03-17 13:57:47 [INFO]     GOWcekJV4 포함: True
2026-03-17 13:57:47 [INFO]     카드 발견: 28개
2026-03-17 13:57:47 [INFO]     카드 파싱 성공: 10건
2026-03-17 13:57:47 [INFO]     2023.12 p17: +2건 (페이지 10건)
2026-03-17 13:57:49 [INFO]     HTML 크기: 391158 bytes
2026-03-17 13:57:49 [INFO]     OaLkxeV3 포함: True
2026-03-17 13:57:49 [INFO]     GOWcekJV4 포함: True
2026-03-17 13:57:49 [INFO]     카드 발견: 21개
2026-03-17 13:57:49 [INFO]     카드 파싱 성공: 10건
2026-03-17 13:57:49 [INFO]     2023.12 p18: +0건 (페이지 10건)
2026-03-17 13:57:50 [INFO]   2023.12 완료: +97건 (누적 1640개)
2026-03-17 13:57:51 [INFO]     HTML 크기: 446662 bytes
2026-03-17 13:57:51 [INFO]     OaLkxeV3 포함: True
2026-03-17 13:57:51 [INFO]     GOWcekJV4 포함: True
2026-03-17 13:57:51 [INFO]     카드 발견: 31개
2026-03-17 13:57:51 [INFO]     카드 파싱 성공: 31건
2026-03-17 13:57:51 [INFO]     2024.01 p1: +31건 (페이지 31건)
2026-03-17 13:57:53 [INFO]     HTML 크기: 376822 bytes
2026-03-17 13:57:53 [INFO]     OaLkxeV3 포함: True
2026-03-17 13:57:53 [INFO]     GOWcekJV4 포함: True
2026-03-17 13:57:53 [INFO]     카드 발견: 15개
2026-03-17 13:57:53 [INFO]     카드 파싱 성공: 14건
2026-03-17 13:57:53 [INFO]     2024.01 p2: +14건 (페이지 14건)
2026-03-17 13:57:55 [INFO]     HTML 크기: 341543 bytes
2026-03-17 13:57:55 [INFO]     OaLkxeV3 포함: True
2026-03-17 13:57:55 [INFO]     GOWcekJV4 포함: True
2026-03-17 13:57:55 [INFO]     카드 발견: 7개
2026-03-17 13:57:55 [INFO]     카드 파싱 성공: 7건
2026-03-17 13:57:55 [INFO]     2024.01 p3: +7건 (페이지 7건)
2026-03-17 13:57:57 [INFO]     HTML 크기: 331480 bytes
2026-03-17 13:57:57 [INFO]     OaLkxeV3 포함: True
2026-03-17 13:57:57 [INFO]     GOWcekJV4 포함: True
2026-03-17 13:57:57 [INFO]     카드 발견: 5개
2026-03-17 13:57:57 [INFO]     카드 파싱 성공: 5건
2026-03-17 13:57:57 [INFO]     2024.01 p4: +5건 (페이지 5건)
2026-03-17 13:57:59 [INFO]     HTML 크기: 310373 bytes
2026-03-17 13:57:59 [INFO]     OaLkxeV3 포함: False
2026-03-17 13:57:59 [INFO]     GOWcekJV4 포함: True
2026-03-17 13:57:59 [INFO]     카드 발견: 0개
2026-03-17 13:57:59 [INFO]     카드 파싱 0건 -> 링크 직접 수집 폴백
2026-03-17 13:57:59 [INFO]     CLS_NAVER_LINK 링크: 8개
2026-03-17 13:57:59 [INFO]     2024.01 p5: 0건 (연속 빈 1회)
2026-03-17 13:58:01 [INFO]     HTML 크기: 309160 bytes
2026-03-17 13:58:01 [INFO]     OaLkxeV3 포함: False
2026-03-17 13:58:01 [INFO]     GOWcekJV4 포함: True
2026-03-17 13:58:01 [INFO]     카드 발견: 0개
2026-03-17 13:58:01 [INFO]     카드 파싱 0건 -> 링크 직접 수집 폴백
2026-03-17 13:58:01 [INFO]     CLS_NAVER_LINK 링크: 7개
2026-03-17 13:58:01 [INFO]     2024.01 p6: 0건 (연속 빈 2회)
2026-03-17 13:58:03 [INFO]     HTML 크기: 306844 bytes
2026-03-17 13:58:03 [INFO]     OaLkxeV3 포함: False
2026-03-17 13:58:03 [INFO]     GOWcekJV4 포함: True
2026-03-17 13:58:03 [INFO]     카드 발견: 0개
2026-03-17 13:58:03 [INFO]     카드 파싱 0건 -> 링크 직접 수집 폴백
2026-03-17 13:58:03 [INFO]     CLS_NAVER_LINK 링크: 4개
2026-03-17 13:58:03 [INFO]     2024.01 p7: 0건 (연속 빈 3회)
2026-03-17 13:58:03 [INFO]   2024.01 완료: +57건 (누적 1697개)
2026-03-17 13:58:04 [INFO]     HTML 크기: 427179 bytes
2026-03-17 13:58:04 [INFO]     OaLkxeV3 포함: True
2026-03-17 13:58:04 [INFO]     GOWcekJV4 포함: True
2026-03-17 13:58:04 [INFO]     카드 발견: 27개
2026-03-17 13:58:04 [INFO]     카드 파싱 성공: 25건
2026-03-17 13:58:04 [INFO]     2024.02 p1: +25건 (페이지 25건)
2026-03-17 13:58:06 [INFO]     HTML 크기: 344086 bytes
2026-03-17 13:58:06 [INFO]     OaLkxeV3 포함: True
2026-03-17 13:58:06 [INFO]     GOWcekJV4 포함: True
2026-03-17 13:58:06 [INFO]     카드 발견: 7개
2026-03-17 13:58:06 [INFO]     카드 파싱 성공: 7건
2026-03-17 13:58:06 [INFO]     2024.02 p2: +7건 (페이지 7건)
2026-03-17 13:58:08 [INFO]     HTML 크기: 364500 bytes
2026-03-17 13:58:08 [INFO]     OaLkxeV3 포함: True
2026-03-17 13:58:08 [INFO]     GOWcekJV4 포함: True
2026-03-17 13:58:08 [INFO]     카드 발견: 12개
2026-03-17 13:58:08 [INFO]     카드 파싱 성공: 12건
2026-03-17 13:58:08 [INFO]     2024.02 p3: +12건 (페이지 12건)
2026-03-17 13:58:10 [INFO]     HTML 크기: 339024 bytes
2026-03-17 13:58:10 [INFO]     OaLkxeV3 포함: True
2026-03-17 13:58:10 [INFO]     GOWcekJV4 포함: True
2026-03-17 13:58:10 [INFO]     카드 발견: 6개
2026-03-17 13:58:10 [INFO]     카드 파싱 성공: 6건
2026-03-17 13:58:10 [INFO]     2024.02 p4: +6건 (페이지 6건)
2026-03-17 13:58:12 [INFO]     HTML 크기: 315164 bytes
2026-03-17 13:58:12 [INFO]     OaLkxeV3 포함: True
2026-03-17 13:58:12 [INFO]     GOWcekJV4 포함: True
2026-03-17 13:58:12 [INFO]     카드 발견: 1개
2026-03-17 13:58:12 [INFO]     카드 파싱 성공: 1건
2026-03-17 13:58:12 [INFO]     2024.02 p5: +1건 (페이지 1건)
2026-03-17 13:58:14 [INFO]     HTML 크기: 310519 bytes
2026-03-17 13:58:14 [INFO]     OaLkxeV3 포함: False
2026-03-17 13:58:14 [INFO]     GOWcekJV4 포함: True
2026-03-17 13:58:14 [INFO]     카드 발견: 0개
2026-03-17 13:58:14 [INFO]     카드 파싱 0건 -> 링크 직접 수집 폴백
2026-03-17 13:58:14 [INFO]     CLS_NAVER_LINK 링크: 8개
2026-03-17 13:58:14 [INFO]     2024.02 p6: 0건 (연속 빈 1회)
2026-03-17 13:58:16 [INFO]     HTML 크기: 309459 bytes
2026-03-17 13:58:16 [INFO]     OaLkxeV3 포함: False
2026-03-17 13:58:16 [INFO]     GOWcekJV4 포함: True
2026-03-17 13:58:16 [INFO]     카드 발견: 0개
2026-03-17 13:58:16 [INFO]     카드 파싱 0건 -> 링크 직접 수집 폴백
2026-03-17 13:58:16 [INFO]     CLS_NAVER_LINK 링크: 5개
2026-03-17 13:58:16 [INFO]     2024.02 p7: 0건 (연속 빈 2회)
2026-03-17 13:58:17 [INFO]     HTML 크기: 309123 bytes
2026-03-17 13:58:17 [INFO]     OaLkxeV3 포함: False
2026-03-17 13:58:17 [INFO]     GOWcekJV4 포함: True
2026-03-17 13:58:17 [INFO]     카드 발견: 0개
2026-03-17 13:58:17 [INFO]     카드 파싱 0건 -> 링크 직접 수집 폴백
2026-03-17 13:58:17 [INFO]     CLS_NAVER_LINK 링크: 7개
2026-03-17 13:58:17 [INFO]     2024.02 p8: 0건 (연속 빈 3회)
2026-03-17 13:58:17 [INFO]   2024.02 완료: +51건 (누적 1748개)
2026-03-17 13:58:18 [INFO]     HTML 크기: 403682 bytes
2026-03-17 13:58:18 [INFO]     OaLkxeV3 포함: True
2026-03-17 13:58:18 [INFO]     GOWcekJV4 포함: True
2026-03-17 13:58:18 [INFO]     카드 발견: 21개
2026-03-17 13:58:18 [INFO]     카드 파싱 성공: 19건
2026-03-17 13:58:18 [INFO]     2024.03 p1: +19건 (페이지 19건)
2026-03-17 13:58:20 [INFO]     HTML 크기: 359374 bytes
2026-03-17 13:58:20 [INFO]     OaLkxeV3 포함: True
2026-03-17 13:58:20 [INFO]     GOWcekJV4 포함: True
2026-03-17 13:58:20 [INFO]     카드 발견: 11개
2026-03-17 13:58:20 [INFO]     카드 파싱 성공: 11건
2026-03-17 13:58:20 [INFO]     2024.03 p2: +11건 (페이지 11건)
2026-03-17 13:58:22 [INFO]     HTML 크기: 341521 bytes
2026-03-17 13:58:22 [INFO]     OaLkxeV3 포함: True
2026-03-17 13:58:22 [INFO]     GOWcekJV4 포함: True
2026-03-17 13:58:22 [INFO]     카드 발견: 7개
2026-03-17 13:58:22 [INFO]     카드 파싱 성공: 7건
2026-03-17 13:58:22 [INFO]     2024.03 p3: +7건 (페이지 7건)
2026-03-17 13:58:24 [INFO]     HTML 크기: 319103 bytes
2026-03-17 13:58:24 [INFO]     OaLkxeV3 포함: True
2026-03-17 13:58:24 [INFO]     GOWcekJV4 포함: True
2026-03-17 13:58:24 [INFO]     카드 발견: 2개
2026-03-17 13:58:24 [INFO]     카드 파싱 성공: 2건
2026-03-17 13:58:24 [INFO]     2024.03 p4: +2건 (페이지 2건)
2026-03-17 13:58:26 [INFO]     HTML 크기: 315410 bytes
2026-03-17 13:58:26 [INFO]     OaLkxeV3 포함: True
2026-03-17 13:58:26 [INFO]     GOWcekJV4 포함: True
2026-03-17 13:58:26 [INFO]     카드 발견: 1개
2026-03-17 13:58:26 [INFO]     카드 파싱 0건 -> 링크 직접 수집 폴백
2026-03-17 13:58:26 [INFO]     CLS_NAVER_LINK 링크: 7개
2026-03-17 13:58:26 [INFO]     2024.03 p5: +7건 (페이지 7건)
2026-03-17 13:58:28 [INFO]     HTML 크기: 310503 bytes
2026-03-17 13:58:28 [INFO]     OaLkxeV3 포함: False
2026-03-17 13:58:28 [INFO]     GOWcekJV4 포함: True
2026-03-17 13:58:28 [INFO]     카드 발견: 0개
2026-03-17 13:58:28 [INFO]     카드 파싱 0건 -> 링크 직접 수집 폴백
2026-03-17 13:58:28 [INFO]     CLS_NAVER_LINK 링크: 7개
2026-03-17 13:58:28 [INFO]     2024.03 p6: 0건 (연속 빈 1회)
2026-03-17 13:58:30 [INFO]     HTML 크기: 307140 bytes
2026-03-17 13:58:30 [INFO]     OaLkxeV3 포함: False
2026-03-17 13:58:30 [INFO]     GOWcekJV4 포함: True
2026-03-17 13:58:30 [INFO]     카드 발견: 0개
2026-03-17 13:58:30 [INFO]     카드 파싱 0건 -> 링크 직접 수집 폴백
2026-03-17 13:58:30 [INFO]     CLS_NAVER_LINK 링크: 5개
2026-03-17 13:58:30 [INFO]     2024.03 p7: 0건 (연속 빈 2회)
2026-03-17 13:58:32 [INFO]     HTML 크기: 307927 bytes
2026-03-17 13:58:32 [INFO]     OaLkxeV3 포함: False
2026-03-17 13:58:32 [INFO]     GOWcekJV4 포함: True
2026-03-17 13:58:32 [INFO]     카드 발견: 0개
2026-03-17 13:58:32 [INFO]     카드 파싱 0건 -> 링크 직접 수집 폴백
2026-03-17 13:58:32 [INFO]     CLS_NAVER_LINK 링크: 6개
2026-03-17 13:58:32 [INFO]     2024.03 p8: 0건 (연속 빈 3회)
2026-03-17 13:58:32 [INFO]   2024.03 완료: +46건 (누적 1794개)
2026-03-17 13:58:32 [INFO]     HTML 크기: 438063 bytes
2026-03-17 13:58:32 [INFO]     OaLkxeV3 포함: True
2026-03-17 13:58:32 [INFO]     GOWcekJV4 포함: True
2026-03-17 13:58:32 [INFO]     카드 발견: 29개
2026-03-17 13:58:32 [INFO]     카드 파싱 성공: 29건
2026-03-17 13:58:32 [INFO]     2024.04 p1: +29건 (페이지 29건)
2026-03-17 13:58:34 [INFO]     HTML 크기: 404860 bytes
2026-03-17 13:58:34 [INFO]     OaLkxeV3 포함: True
2026-03-17 13:58:34 [INFO]     GOWcekJV4 포함: True
2026-03-17 13:58:34 [INFO]     카드 발견: 21개
2026-03-17 13:58:34 [INFO]     카드 파싱 성공: 20건
2026-03-17 13:58:34 [INFO]     2024.04 p2: +17건 (페이지 20건)
2026-03-17 13:58:36 [INFO]     HTML 크기: 376854 bytes
2026-03-17 13:58:36 [INFO]     OaLkxeV3 포함: True
2026-03-17 13:58:36 [INFO]     GOWcekJV4 포함: True
2026-03-17 13:58:36 [INFO]     카드 발견: 15개
2026-03-17 13:58:36 [INFO]     카드 파싱 성공: 14건
2026-03-17 13:58:36 [INFO]     2024.04 p3: +14건 (페이지 14건)
2026-03-17 13:58:38 [INFO]     HTML 크기: 312115 bytes
2026-03-17 13:58:38 [INFO]     OaLkxeV3 포함: False
2026-03-17 13:58:38 [INFO]     GOWcekJV4 포함: True
2026-03-17 13:58:38 [INFO]     카드 발견: 0개
2026-03-17 13:58:38 [INFO]     카드 파싱 0건 -> 링크 직접 수집 폴백
2026-03-17 13:58:38 [INFO]     CLS_NAVER_LINK 링크: 10개
2026-03-17 13:58:38 [INFO]     2024.04 p4: 0건 (연속 빈 1회)
2026-03-17 13:58:40 [INFO]     HTML 크기: 316967 bytes
2026-03-17 13:58:40 [INFO]     OaLkxeV3 포함: True
2026-03-17 13:58:40 [INFO]     GOWcekJV4 포함: True
2026-03-17 13:58:40 [INFO]     카드 발견: 1개
2026-03-17 13:58:40 [INFO]     카드 파싱 성공: 1건
2026-03-17 13:58:40 [INFO]     2024.04 p5: +1건 (페이지 1건)
2026-03-17 13:58:42 [INFO]     HTML 크기: 316355 bytes
2026-03-17 13:58:42 [INFO]     OaLkxeV3 포함: True
2026-03-17 13:58:42 [INFO]     GOWcekJV4 포함: True
2026-03-17 13:58:42 [INFO]     카드 발견: 2개
2026-03-17 13:58:42 [INFO]     카드 파싱 성공: 2건
2026-03-17 13:58:42 [INFO]     2024.04 p6: +2건 (페이지 2건)
2026-03-17 13:58:43 [INFO]     HTML 크기: 304258 bytes
2026-03-17 13:58:43 [INFO]     OaLkxeV3 포함: False
2026-03-17 13:58:43 [INFO]     GOWcekJV4 포함: True
2026-03-17 13:58:43 [INFO]     카드 발견: 0개
2026-03-17 13:58:43 [INFO]     카드 파싱 0건 -> 링크 직접 수집 폴백
2026-03-17 13:58:43 [INFO]     CLS_NAVER_LINK 링크: 1개
2026-03-17 13:58:43 [INFO]     2024.04 p7: 0건 (연속 빈 1회)
2026-03-17 13:58:45 [INFO]     HTML 크기: 307605 bytes
2026-03-17 13:58:45 [INFO]     OaLkxeV3 포함: False
2026-03-17 13:58:45 [INFO]     GOWcekJV4 포함: True
2026-03-17 13:58:45 [INFO]     카드 발견: 0개
2026-03-17 13:58:45 [INFO]     카드 파싱 0건 -> 링크 직접 수집 폴백
2026-03-17 13:58:45 [INFO]     CLS_NAVER_LINK 링크: 5개
2026-03-17 13:58:45 [INFO]     2024.04 p8: 0건 (연속 빈 2회)
2026-03-17 13:58:47 [INFO]     HTML 크기: 307456 bytes
2026-03-17 13:58:47 [INFO]     OaLkxeV3 포함: False
2026-03-17 13:58:47 [INFO]     GOWcekJV4 포함: True
2026-03-17 13:58:47 [INFO]     카드 발견: 0개
2026-03-17 13:58:47 [INFO]     카드 파싱 0건 -> 링크 직접 수집 폴백
2026-03-17 13:58:47 [INFO]     CLS_NAVER_LINK 링크: 4개
2026-03-17 13:58:47 [INFO]     2024.04 p9: 0건 (연속 빈 3회)
2026-03-17 13:58:47 [INFO]   2024.04 완료: +63건 (누적 1857개)
2026-03-17 13:58:48 [INFO]     HTML 크기: 402873 bytes
2026-03-17 13:58:48 [INFO]     OaLkxeV3 포함: True
2026-03-17 13:58:48 [INFO]     GOWcekJV4 포함: True
2026-03-17 13:58:48 [INFO]     카드 발견: 22개
2026-03-17 13:58:48 [INFO]     카드 파싱 성공: 19건
2026-03-17 13:58:48 [INFO]     2024.05 p1: +19건 (페이지 19건)
2026-03-17 13:58:50 [INFO]     HTML 크기: 338169 bytes
2026-03-17 13:58:50 [INFO]     OaLkxeV3 포함: True
2026-03-17 13:58:50 [INFO]     GOWcekJV4 포함: True
2026-03-17 13:58:50 [INFO]     카드 발견: 6개
2026-03-17 13:58:50 [INFO]     카드 파싱 성공: 6건
2026-03-17 13:58:50 [INFO]     2024.05 p2: +6건 (페이지 6건)
2026-03-17 13:58:52 [INFO]     HTML 크기: 377749 bytes
2026-03-17 13:58:52 [INFO]     OaLkxeV3 포함: True
2026-03-17 13:58:52 [INFO]     GOWcekJV4 포함: True
2026-03-17 13:58:52 [INFO]     카드 발견: 15개
2026-03-17 13:58:52 [INFO]     카드 파싱 성공: 15건
2026-03-17 13:58:52 [INFO]     2024.05 p3: +15건 (페이지 15건)
2026-03-17 13:58:54 [INFO]     HTML 크기: 384105 bytes
2026-03-17 13:58:54 [INFO]     OaLkxeV3 포함: True
2026-03-17 13:58:54 [INFO]     GOWcekJV4 포함: True
2026-03-17 13:58:54 [INFO]     카드 발견: 17개
2026-03-17 13:58:54 [INFO]     카드 파싱 성공: 17건
2026-03-17 13:58:54 [INFO]     2024.05 p4: +17건 (페이지 17건)
2026-03-17 13:58:56 [INFO]     HTML 크기: 338203 bytes
2026-03-17 13:58:56 [INFO]     OaLkxeV3 포함: True
2026-03-17 13:58:56 [INFO]     GOWcekJV4 포함: True
2026-03-17 13:58:56 [INFO]     카드 발견: 6개
2026-03-17 13:58:56 [INFO]     카드 파싱 성공: 5건
2026-03-17 13:58:56 [INFO]     2024.05 p5: +5건 (페이지 5건)
2026-03-17 13:58:58 [INFO]     HTML 크기: 312666 bytes
2026-03-17 13:58:58 [INFO]     OaLkxeV3 포함: False
2026-03-17 13:58:58 [INFO]     GOWcekJV4 포함: True
2026-03-17 13:58:58 [INFO]     카드 발견: 0개
2026-03-17 13:58:58 [INFO]     카드 파싱 0건 -> 링크 직접 수집 폴백
2026-03-17 13:58:58 [INFO]     CLS_NAVER_LINK 링크: 8개
2026-03-17 13:58:58 [INFO]     2024.05 p6: 0건 (연속 빈 1회)
2026-03-17 13:59:00 [INFO]     HTML 크기: 311276 bytes
2026-03-17 13:59:00 [INFO]     OaLkxeV3 포함: False
2026-03-17 13:59:00 [INFO]     GOWcekJV4 포함: True
2026-03-17 13:59:00 [INFO]     카드 발견: 0개
2026-03-17 13:59:00 [INFO]     카드 파싱 0건 -> 링크 직접 수집 폴백
2026-03-17 13:59:00 [INFO]     CLS_NAVER_LINK 링크: 9개
2026-03-17 13:59:00 [INFO]     2024.05 p7: 0건 (연속 빈 2회)
2026-03-17 13:59:01 [INFO]     HTML 크기: 311910 bytes
2026-03-17 13:59:01 [INFO]     OaLkxeV3 포함: False
2026-03-17 13:59:01 [INFO]     GOWcekJV4 포함: True
2026-03-17 13:59:01 [INFO]     카드 발견: 0개
2026-03-17 13:59:01 [INFO]     카드 파싱 0건 -> 링크 직접 수집 폴백
2026-03-17 13:59:01 [INFO]     CLS_NAVER_LINK 링크: 10개
2026-03-17 13:59:01 [INFO]     2024.05 p8: 0건 (연속 빈 3회)
2026-03-17 13:59:01 [INFO]   2024.05 완료: +62건 (누적 1919개)
2026-03-17 13:59:02 [INFO]     HTML 크기: 431174 bytes
2026-03-17 13:59:02 [INFO]     OaLkxeV3 포함: True
2026-03-17 13:59:02 [INFO]     GOWcekJV4 포함: True
2026-03-17 13:59:02 [INFO]     카드 발견: 28개
2026-03-17 13:59:02 [INFO]     카드 파싱 성공: 25건
2026-03-17 13:59:02 [INFO]     2024.06 p1: +25건 (페이지 25건)
2026-03-17 13:59:04 [INFO]     HTML 크기: 329375 bytes
2026-03-17 13:59:04 [INFO]     OaLkxeV3 포함: True
2026-03-17 13:59:04 [INFO]     GOWcekJV4 포함: True
2026-03-17 13:59:04 [INFO]     카드 발견: 4개
2026-03-17 13:59:04 [INFO]     카드 파싱 성공: 4건
2026-03-17 13:59:04 [INFO]     2024.06 p2: +1건 (페이지 4건)
2026-03-17 13:59:06 [INFO]     HTML 크기: 306668 bytes
2026-03-17 13:59:06 [INFO]     OaLkxeV3 포함: False
2026-03-17 13:59:06 [INFO]     GOWcekJV4 포함: True
2026-03-17 13:59:06 [INFO]     카드 발견: 0개
2026-03-17 13:59:06 [INFO]     카드 파싱 0건 -> 링크 직접 수집 폴백
2026-03-17 13:59:06 [INFO]     CLS_NAVER_LINK 링크: 4개
2026-03-17 13:59:06 [INFO]     2024.06 p3: 0건 (연속 빈 1회)
2026-03-17 13:59:07 [INFO]     HTML 크기: 308657 bytes
2026-03-17 13:59:07 [INFO]     OaLkxeV3 포함: False
2026-03-17 13:59:07 [INFO]     GOWcekJV4 포함: True
2026-03-17 13:59:07 [INFO]     카드 발견: 0개
2026-03-17 13:59:07 [INFO]     카드 파싱 0건 -> 링크 직접 수집 폴백
2026-03-17 13:59:07 [INFO]     CLS_NAVER_LINK 링크: 7개
2026-03-17 13:59:07 [INFO]     2024.06 p4: 0건 (연속 빈 2회)
2026-03-17 13:59:09 [INFO]     HTML 크기: 309923 bytes
2026-03-17 13:59:09 [INFO]     OaLkxeV3 포함: False
2026-03-17 13:59:09 [INFO]     GOWcekJV4 포함: True
2026-03-17 13:59:09 [INFO]     카드 발견: 0개
2026-03-17 13:59:09 [INFO]     카드 파싱 0건 -> 링크 직접 수집 폴백
2026-03-17 13:59:09 [INFO]     CLS_NAVER_LINK 링크: 7개
2026-03-17 13:59:09 [INFO]     2024.06 p5: 0건 (연속 빈 3회)
2026-03-17 13:59:09 [INFO]   2024.06 완료: +26건 (누적 1945개)
2026-03-17 13:59:10 [INFO]     HTML 크기: 412554 bytes
2026-03-17 13:59:10 [INFO]     OaLkxeV3 포함: True
2026-03-17 13:59:10 [INFO]     GOWcekJV4 포함: True
2026-03-17 13:59:10 [INFO]     카드 발견: 23개
2026-03-17 13:59:10 [INFO]     카드 파싱 성공: 23건
2026-03-17 13:59:10 [INFO]     2024.07 p1: +23건 (페이지 23건)
2026-03-17 13:59:12 [INFO]     HTML 크기: 365752 bytes
2026-03-17 13:59:12 [INFO]     OaLkxeV3 포함: True
2026-03-17 13:59:12 [INFO]     GOWcekJV4 포함: True
2026-03-17 13:59:12 [INFO]     카드 발견: 12개
2026-03-17 13:59:12 [INFO]     카드 파싱 성공: 12건
2026-03-17 13:59:12 [INFO]     2024.07 p2: +12건 (페이지 12건)
2026-03-17 13:59:14 [INFO]     HTML 크기: 367720 bytes
2026-03-17 13:59:14 [INFO]     OaLkxeV3 포함: True
2026-03-17 13:59:14 [INFO]     GOWcekJV4 포함: True
2026-03-17 13:59:14 [INFO]     카드 발견: 13개
2026-03-17 13:59:14 [INFO]     카드 파싱 성공: 13건
2026-03-17 13:59:14 [INFO]     2024.07 p3: +13건 (페이지 13건)
2026-03-17 13:59:16 [INFO]     HTML 크기: 328035 bytes
2026-03-17 13:59:16 [INFO]     OaLkxeV3 포함: True
2026-03-17 13:59:16 [INFO]     GOWcekJV4 포함: True
2026-03-17 13:59:16 [INFO]     카드 발견: 4개
2026-03-17 13:59:16 [INFO]     카드 파싱 성공: 4건
2026-03-17 13:59:16 [INFO]     2024.07 p4: +4건 (페이지 4건)
2026-03-17 13:59:17 [INFO]     HTML 크기: 317013 bytes
2026-03-17 13:59:17 [INFO]     OaLkxeV3 포함: True
2026-03-17 13:59:17 [INFO]     GOWcekJV4 포함: True
2026-03-17 13:59:17 [INFO]     카드 발견: 1개
2026-03-17 13:59:17 [INFO]     카드 파싱 성공: 1건
2026-03-17 13:59:17 [INFO]     2024.07 p5: +1건 (페이지 1건)
2026-03-17 13:59:19 [INFO]     HTML 크기: 317410 bytes
2026-03-17 13:59:19 [INFO]     OaLkxeV3 포함: True
2026-03-17 13:59:19 [INFO]     GOWcekJV4 포함: True
2026-03-17 13:59:19 [INFO]     카드 발견: 2개
2026-03-17 13:59:19 [INFO]     카드 파싱 성공: 2건
2026-03-17 13:59:19 [INFO]     2024.07 p6: +2건 (페이지 2건)
2026-03-17 13:59:21 [INFO]     HTML 크기: 307234 bytes
2026-03-17 13:59:21 [INFO]     OaLkxeV3 포함: False
2026-03-17 13:59:21 [INFO]     GOWcekJV4 포함: True
2026-03-17 13:59:21 [INFO]     카드 발견: 0개
2026-03-17 13:59:21 [INFO]     카드 파싱 0건 -> 링크 직접 수집 폴백
2026-03-17 13:59:21 [INFO]     CLS_NAVER_LINK 링크: 4개
2026-03-17 13:59:21 [INFO]     2024.07 p7: 0건 (연속 빈 1회)
2026-03-17 13:59:24 [INFO]     HTML 크기: 308916 bytes
2026-03-17 13:59:24 [INFO]     OaLkxeV3 포함: False
2026-03-17 13:59:24 [INFO]     GOWcekJV4 포함: True
2026-03-17 13:59:24 [INFO]     카드 발견: 0개
2026-03-17 13:59:24 [INFO]     카드 파싱 0건 -> 링크 직접 수집 폴백
2026-03-17 13:59:24 [INFO]     CLS_NAVER_LINK 링크: 6개
2026-03-17 13:59:24 [INFO]     2024.07 p8: 0건 (연속 빈 2회)
2026-03-17 13:59:26 [INFO]     HTML 크기: 304636 bytes
2026-03-17 13:59:26 [INFO]     OaLkxeV3 포함: False
2026-03-17 13:59:26 [INFO]     GOWcekJV4 포함: True
2026-03-17 13:59:26 [INFO]     카드 발견: 0개
2026-03-17 13:59:26 [INFO]     카드 파싱 0건 -> 링크 직접 수집 폴백
2026-03-17 13:59:26 [INFO]     CLS_NAVER_LINK 링크: 2개
2026-03-17 13:59:26 [INFO]     2024.07 p9: 0건 (연속 빈 3회)
2026-03-17 13:59:26 [INFO]   2024.07 완료: +55건 (누적 2000개)
2026-03-17 13:59:26 [INFO]     HTML 크기: 422008 bytes
2026-03-17 13:59:26 [INFO]     OaLkxeV3 포함: True
2026-03-17 13:59:26 [INFO]     GOWcekJV4 포함: True
2026-03-17 13:59:26 [INFO]     카드 발견: 27개
2026-03-17 13:59:26 [INFO]     카드 파싱 성공: 19건
2026-03-17 13:59:26 [INFO]     2024.08 p1: +19건 (페이지 19건)
2026-03-17 13:59:28 [INFO]     HTML 크기: 345453 bytes
2026-03-17 13:59:28 [INFO]     OaLkxeV3 포함: True
2026-03-17 13:59:28 [INFO]     GOWcekJV4 포함: True
2026-03-17 13:59:28 [INFO]     카드 발견: 8개
2026-03-17 13:59:28 [INFO]     카드 파싱 성공: 7건
2026-03-17 13:59:28 [INFO]     2024.08 p2: +5건 (페이지 7건)
2026-03-17 13:59:30 [INFO]     HTML 크기: 347367 bytes
2026-03-17 13:59:30 [INFO]     OaLkxeV3 포함: True
2026-03-17 13:59:30 [INFO]     GOWcekJV4 포함: True
2026-03-17 13:59:30 [INFO]     카드 발견: 9개
2026-03-17 13:59:30 [INFO]     카드 파싱 성공: 7건
2026-03-17 13:59:30 [INFO]     2024.08 p3: +7건 (페이지 7건)
2026-03-17 13:59:32 [INFO]     HTML 크기: 316664 bytes
2026-03-17 13:59:32 [INFO]     OaLkxeV3 포함: True
2026-03-17 13:59:32 [INFO]     GOWcekJV4 포함: True
2026-03-17 13:59:32 [INFO]     카드 발견: 1개
2026-03-17 13:59:32 [INFO]     카드 파싱 성공: 1건
2026-03-17 13:59:32 [INFO]     2024.08 p4: +1건 (페이지 1건)
2026-03-17 13:59:33 [INFO]     HTML 크기: 318295 bytes
2026-03-17 13:59:33 [INFO]     OaLkxeV3 포함: True
2026-03-17 13:59:33 [INFO]     GOWcekJV4 포함: True
2026-03-17 13:59:33 [INFO]     카드 발견: 2개
2026-03-17 13:59:33 [INFO]     카드 파싱 성공: 2건
2026-03-17 13:59:33 [INFO]     2024.08 p5: +2건 (페이지 2건)
2026-03-17 13:59:35 [INFO]     HTML 크기: 307670 bytes
2026-03-17 13:59:35 [INFO]     OaLkxeV3 포함: False
2026-03-17 13:59:35 [INFO]     GOWcekJV4 포함: True
2026-03-17 13:59:35 [INFO]     카드 발견: 0개
2026-03-17 13:59:35 [INFO]     카드 파싱 0건 -> 링크 직접 수집 폴백
2026-03-17 13:59:35 [INFO]     CLS_NAVER_LINK 링크: 3개
2026-03-17 13:59:35 [INFO]     2024.08 p6: 0건 (연속 빈 1회)
2026-03-17 13:59:37 [INFO]     HTML 크기: 309552 bytes
2026-03-17 13:59:37 [INFO]     OaLkxeV3 포함: False
2026-03-17 13:59:37 [INFO]     GOWcekJV4 포함: True
2026-03-17 13:59:37 [INFO]     카드 발견: 0개
2026-03-17 13:59:37 [INFO]     카드 파싱 0건 -> 링크 직접 수집 폴백
2026-03-17 13:59:37 [INFO]     CLS_NAVER_LINK 링크: 6개
2026-03-17 13:59:37 [INFO]     2024.08 p7: 0건 (연속 빈 2회)
2026-03-17 13:59:39 [INFO]     HTML 크기: 308464 bytes
2026-03-17 13:59:39 [INFO]     OaLkxeV3 포함: False
2026-03-17 13:59:39 [INFO]     GOWcekJV4 포함: True
2026-03-17 13:59:39 [INFO]     카드 발견: 0개
2026-03-17 13:59:39 [INFO]     카드 파싱 0건 -> 링크 직접 수집 폴백
2026-03-17 13:59:39 [INFO]     CLS_NAVER_LINK 링크: 5개
2026-03-17 13:59:39 [INFO]     2024.08 p8: 0건 (연속 빈 3회)
2026-03-17 13:59:39 [INFO]   2024.08 완료: +34건 (누적 2034개)
2026-03-17 13:59:40 [INFO]     HTML 크기: 398474 bytes
2026-03-17 13:59:40 [INFO]     OaLkxeV3 포함: True
2026-03-17 13:59:40 [INFO]     GOWcekJV4 포함: True
2026-03-17 13:59:40 [INFO]     카드 발견: 21개
2026-03-17 13:59:40 [INFO]     카드 파싱 성공: 15건
2026-03-17 13:59:40 [INFO]     2024.09 p1: +15건 (페이지 15건)
2026-03-17 13:59:42 [INFO]     HTML 크기: 329491 bytes
2026-03-17 13:59:42 [INFO]     OaLkxeV3 포함: True
2026-03-17 13:59:42 [INFO]     GOWcekJV4 포함: True
2026-03-17 13:59:42 [INFO]     카드 발견: 5개
2026-03-17 13:59:42 [INFO]     카드 파싱 성공: 1건
2026-03-17 13:59:42 [INFO]     2024.09 p2: +0건 (페이지 1건)
2026-03-17 13:59:43 [INFO]   2024.09 완료: +15건 (누적 2049개)
2026-03-17 13:59:44 [INFO]     HTML 크기: 397214 bytes
2026-03-17 13:59:44 [INFO]     OaLkxeV3 포함: True
2026-03-17 13:59:44 [INFO]     GOWcekJV4 포함: True
2026-03-17 13:59:44 [INFO]     카드 발견: 20개
2026-03-17 13:59:44 [INFO]     카드 파싱 성공: 20건
2026-03-17 13:59:44 [INFO]     2024.10 p1: +20건 (페이지 20건)
2026-03-17 13:59:46 [INFO]     HTML 크기: 411547 bytes
2026-03-17 13:59:46 [INFO]     OaLkxeV3 포함: True
2026-03-17 13:59:46 [INFO]     GOWcekJV4 포함: True
2026-03-17 13:59:46 [INFO]     카드 발견: 23개
2026-03-17 13:59:46 [INFO]     카드 파싱 성공: 23건
2026-03-17 13:59:46 [INFO]     2024.10 p2: +20건 (페이지 23건)
2026-03-17 13:59:48 [INFO]     HTML 크기: 364474 bytes
2026-03-17 13:59:48 [INFO]     OaLkxeV3 포함: True
2026-03-17 13:59:48 [INFO]     GOWcekJV4 포함: True
2026-03-17 13:59:48 [INFO]     카드 발견: 12개
2026-03-17 13:59:48 [INFO]     카드 파싱 성공: 12건
2026-03-17 13:59:48 [INFO]     2024.10 p3: +12건 (페이지 12건)
2026-03-17 13:59:49 [INFO]     HTML 크기: 366352 bytes
2026-03-17 13:59:49 [INFO]     OaLkxeV3 포함: True
2026-03-17 13:59:49 [INFO]     GOWcekJV4 포함: True
2026-03-17 13:59:49 [INFO]     카드 발견: 13개
2026-03-17 13:59:49 [INFO]     카드 파싱 성공: 10건
2026-03-17 13:59:49 [INFO]     2024.10 p4: +10건 (페이지 10건)
2026-03-17 13:59:51 [INFO]     HTML 크기: 346650 bytes
2026-03-17 13:59:51 [INFO]     OaLkxeV3 포함: True
2026-03-17 13:59:51 [INFO]     GOWcekJV4 포함: True
2026-03-17 13:59:51 [INFO]     카드 발견: 8개
2026-03-17 13:59:51 [INFO]     카드 파싱 성공: 8건
2026-03-17 13:59:51 [INFO]     2024.10 p5: +8건 (페이지 8건)
2026-03-17 13:59:53 [INFO]     HTML 크기: 326213 bytes
2026-03-17 13:59:53 [INFO]     OaLkxeV3 포함: True
2026-03-17 13:59:53 [INFO]     GOWcekJV4 포함: True
2026-03-17 13:59:53 [INFO]     카드 발견: 4개
2026-03-17 13:59:53 [INFO]     카드 파싱 성공: 2건
2026-03-17 13:59:53 [INFO]     2024.10 p6: +2건 (페이지 2건)
2026-03-17 13:59:55 [INFO]     HTML 크기: 315094 bytes
2026-03-17 13:59:55 [INFO]     OaLkxeV3 포함: True
2026-03-17 13:59:55 [INFO]     GOWcekJV4 포함: True
2026-03-17 13:59:55 [INFO]     카드 발견: 1개
2026-03-17 13:59:55 [INFO]     카드 파싱 성공: 1건
2026-03-17 13:59:55 [INFO]     2024.10 p7: +1건 (페이지 1건)
2026-03-17 13:59:57 [INFO]     HTML 크기: 306572 bytes
2026-03-17 13:59:57 [INFO]     OaLkxeV3 포함: False
2026-03-17 13:59:57 [INFO]     GOWcekJV4 포함: True
2026-03-17 13:59:57 [INFO]     카드 발견: 0개
2026-03-17 13:59:57 [INFO]     카드 파싱 0건 -> 링크 직접 수집 폴백
2026-03-17 13:59:57 [INFO]     CLS_NAVER_LINK 링크: 3개
2026-03-17 13:59:57 [INFO]     2024.10 p8: 0건 (연속 빈 1회)
2026-03-17 13:59:59 [INFO]     HTML 크기: 304653 bytes
2026-03-17 13:59:59 [INFO]     OaLkxeV3 포함: False
2026-03-17 13:59:59 [INFO]     GOWcekJV4 포함: True
2026-03-17 13:59:59 [INFO]     카드 발견: 0개
2026-03-17 13:59:59 [INFO]     카드 파싱 0건 -> 링크 직접 수집 폴백
2026-03-17 13:59:59 [INFO]     CLS_NAVER_LINK 링크: 3개
2026-03-17 13:59:59 [INFO]     2024.10 p9: 0건 (연속 빈 2회)
2026-03-17 14:00:01 [INFO]     HTML 크기: 311557 bytes
2026-03-17 14:00:01 [INFO]     OaLkxeV3 포함: False
2026-03-17 14:00:01 [INFO]     GOWcekJV4 포함: True
2026-03-17 14:00:01 [INFO]     카드 발견: 0개
2026-03-17 14:00:01 [INFO]     카드 파싱 0건 -> 링크 직접 수집 폴백
2026-03-17 14:00:01 [INFO]     CLS_NAVER_LINK 링크: 7개
2026-03-17 14:00:01 [INFO]     2024.10 p10: 0건 (연속 빈 3회)
2026-03-17 14:00:01 [INFO]   2024.10 완료: +73건 (누적 2122개)
2026-03-17 14:00:01 [INFO]     HTML 크기: 436019 bytes
2026-03-17 14:00:01 [INFO]     OaLkxeV3 포함: True
2026-03-17 14:00:01 [INFO]     GOWcekJV4 포함: True
2026-03-17 14:00:01 [INFO]     카드 발견: 29개
2026-03-17 14:00:01 [INFO]     카드 파싱 성공: 27건
2026-03-17 14:00:01 [INFO]     2024.11 p1: +27건 (페이지 27건)
2026-03-17 14:00:03 [INFO]     HTML 크기: 343197 bytes
2026-03-17 14:00:03 [INFO]     OaLkxeV3 포함: True
2026-03-17 14:00:03 [INFO]     GOWcekJV4 포함: True
2026-03-17 14:00:03 [INFO]     카드 발견: 8개
2026-03-17 14:00:03 [INFO]     카드 파싱 성공: 6건
2026-03-17 14:00:03 [INFO]     2024.11 p2: +6건 (페이지 6건)
2026-03-17 14:00:05 [INFO]     HTML 크기: 329150 bytes
2026-03-17 14:00:05 [INFO]     OaLkxeV3 포함: True
2026-03-17 14:00:05 [INFO]     GOWcekJV4 포함: True
2026-03-17 14:00:05 [INFO]     카드 발견: 4개
2026-03-17 14:00:05 [INFO]     카드 파싱 성공: 4건
2026-03-17 14:00:05 [INFO]     2024.11 p3: +4건 (페이지 4건)
2026-03-17 14:00:07 [INFO]     HTML 크기: 327756 bytes
2026-03-17 14:00:07 [INFO]     OaLkxeV3 포함: True
2026-03-17 14:00:07 [INFO]     GOWcekJV4 포함: True
2026-03-17 14:00:07 [INFO]     카드 발견: 4개
2026-03-17 14:00:07 [INFO]     카드 파싱 성공: 4건
2026-03-17 14:00:07 [INFO]     2024.11 p4: +4건 (페이지 4건)
2026-03-17 14:00:09 [INFO]     HTML 크기: 338609 bytes
2026-03-17 14:00:09 [INFO]     OaLkxeV3 포함: True
2026-03-17 14:00:09 [INFO]     GOWcekJV4 포함: True
2026-03-17 14:00:09 [INFO]     카드 발견: 6개
2026-03-17 14:00:09 [INFO]     카드 파싱 성공: 6건
2026-03-17 14:00:09 [INFO]     2024.11 p5: +6건 (페이지 6건)
2026-03-17 14:00:11 [INFO]     HTML 크기: 308649 bytes
2026-03-17 14:00:11 [INFO]     OaLkxeV3 포함: False
2026-03-17 14:00:11 [INFO]     GOWcekJV4 포함: True
2026-03-17 14:00:11 [INFO]     카드 발견: 0개
2026-03-17 14:00:11 [INFO]     카드 파싱 0건 -> 링크 직접 수집 폴백
2026-03-17 14:00:11 [INFO]     CLS_NAVER_LINK 링크: 8개
2026-03-17 14:00:11 [INFO]     2024.11 p6: 0건 (연속 빈 1회)
2026-03-17 14:00:13 [INFO]     HTML 크기: 307639 bytes
2026-03-17 14:00:13 [INFO]     OaLkxeV3 포함: False
2026-03-17 14:00:13 [INFO]     GOWcekJV4 포함: True
2026-03-17 14:00:13 [INFO]     카드 발견: 0개
2026-03-17 14:00:13 [INFO]     카드 파싱 0건 -> 링크 직접 수집 폴백
2026-03-17 14:00:13 [INFO]     CLS_NAVER_LINK 링크: 5개
2026-03-17 14:00:13 [INFO]     2024.11 p7: 0건 (연속 빈 2회)
2026-03-17 14:00:15 [INFO]     HTML 크기: 308634 bytes
2026-03-17 14:00:15 [INFO]     OaLkxeV3 포함: False
2026-03-17 14:00:15 [INFO]     GOWcekJV4 포함: True
2026-03-17 14:00:15 [INFO]     카드 발견: 0개
2026-03-17 14:00:15 [INFO]     카드 파싱 0건 -> 링크 직접 수집 폴백
2026-03-17 14:00:15 [INFO]     CLS_NAVER_LINK 링크: 5개
2026-03-17 14:00:15 [INFO]     2024.11 p8: 0건 (연속 빈 3회)
2026-03-17 14:00:15 [INFO]   2024.11 완료: +47건 (누적 2169개)
2026-03-17 14:00:15 [INFO]     HTML 크기: 407655 bytes
2026-03-17 14:00:15 [INFO]     OaLkxeV3 포함: True
2026-03-17 14:00:15 [INFO]     GOWcekJV4 포함: True
2026-03-17 14:00:15 [INFO]     카드 발견: 22개
2026-03-17 14:00:15 [INFO]     카드 파싱 성공: 21건
2026-03-17 14:00:15 [INFO]     2024.12 p1: +21건 (페이지 21건)
2026-03-17 14:00:17 [INFO]     HTML 크기: 342333 bytes
2026-03-17 14:00:17 [INFO]     OaLkxeV3 포함: True
2026-03-17 14:00:17 [INFO]     GOWcekJV4 포함: True
2026-03-17 14:00:17 [INFO]     카드 발견: 8개
2026-03-17 14:00:17 [INFO]     카드 파싱 성공: 5건
2026-03-17 14:00:17 [INFO]     2024.12 p2: +5건 (페이지 5건)
2026-03-17 14:00:19 [INFO]     HTML 크기: 306025 bytes
2026-03-17 14:00:19 [INFO]     OaLkxeV3 포함: False
2026-03-17 14:00:19 [INFO]     GOWcekJV4 포함: True
2026-03-17 14:00:19 [INFO]     카드 발견: 0개
2026-03-17 14:00:19 [INFO]     카드 파싱 0건 -> 링크 직접 수집 폴백
2026-03-17 14:00:19 [INFO]     CLS_NAVER_LINK 링크: 2개
2026-03-17 14:00:19 [INFO]     2024.12 p3: 0건 (연속 빈 1회)
2026-03-17 14:00:20 [INFO]     HTML 크기: 307509 bytes
2026-03-17 14:00:20 [INFO]     OaLkxeV3 포함: False
2026-03-17 14:00:20 [INFO]     GOWcekJV4 포함: True
2026-03-17 14:00:20 [INFO]     카드 발견: 0개
2026-03-17 14:00:20 [INFO]     카드 파싱 0건 -> 링크 직접 수집 폴백
2026-03-17 14:00:20 [INFO]     CLS_NAVER_LINK 링크: 4개
2026-03-17 14:00:20 [INFO]     2024.12 p4: 0건 (연속 빈 2회)
2026-03-17 14:00:22 [INFO]     HTML 크기: 305683 bytes
2026-03-17 14:00:22 [INFO]     OaLkxeV3 포함: False
2026-03-17 14:00:22 [INFO]     GOWcekJV4 포함: True
2026-03-17 14:00:22 [INFO]     카드 발견: 0개
2026-03-17 14:00:22 [INFO]     카드 파싱 0건 -> 링크 직접 수집 폴백
2026-03-17 14:00:22 [INFO]     CLS_NAVER_LINK 링크: 2개
2026-03-17 14:00:22 [INFO]     2024.12 p5: 0건 (연속 빈 3회)
2026-03-17 14:00:22 [INFO]   2024.12 완료: +26건 (누적 2195개)
2026-03-17 14:00:23 [INFO]     HTML 크기: 439725 bytes
2026-03-17 14:00:23 [INFO]     OaLkxeV3 포함: True
2026-03-17 14:00:23 [INFO]     GOWcekJV4 포함: True
2026-03-17 14:00:23 [INFO]     카드 발견: 30개
2026-03-17 14:00:23 [INFO]     카드 파싱 성공: 30건
2026-03-17 14:00:23 [INFO]     2025.01 p1: +30건 (페이지 30건)
2026-03-17 14:00:25 [INFO]     HTML 크기: 397674 bytes
2026-03-17 14:00:25 [INFO]     OaLkxeV3 포함: True
2026-03-17 14:00:25 [INFO]     GOWcekJV4 포함: True
2026-03-17 14:00:25 [INFO]     카드 발견: 20개
2026-03-17 14:00:25 [INFO]     카드 파싱 성공: 20건
2026-03-17 14:00:25 [INFO]     2025.01 p2: +17건 (페이지 20건)
2026-03-17 14:00:27 [INFO]     HTML 크기: 359065 bytes
2026-03-17 14:00:27 [INFO]     OaLkxeV3 포함: True
2026-03-17 14:00:27 [INFO]     GOWcekJV4 포함: True
2026-03-17 14:00:27 [INFO]     카드 발견: 11개
2026-03-17 14:00:27 [INFO]     카드 파싱 성공: 11건
2026-03-17 14:00:27 [INFO]     2025.01 p3: +11건 (페이지 11건)
2026-03-17 14:00:29 [INFO]     HTML 크기: 335104 bytes
2026-03-17 14:00:29 [INFO]     OaLkxeV3 포함: True
2026-03-17 14:00:29 [INFO]     GOWcekJV4 포함: True
2026-03-17 14:00:29 [INFO]     카드 발견: 6개
2026-03-17 14:00:29 [INFO]     카드 파싱 성공: 5건
2026-03-17 14:00:29 [INFO]     2025.01 p4: +5건 (페이지 5건)
2026-03-17 14:00:30 [INFO]     HTML 크기: 309306 bytes
2026-03-17 14:00:30 [INFO]     OaLkxeV3 포함: False
2026-03-17 14:00:30 [INFO]     GOWcekJV4 포함: True
2026-03-17 14:00:30 [INFO]     카드 발견: 0개
2026-03-17 14:00:30 [INFO]     카드 파싱 0건 -> 링크 직접 수집 폴백
2026-03-17 14:00:30 [INFO]     CLS_NAVER_LINK 링크: 5개
2026-03-17 14:00:31 [INFO]     2025.01 p5: 0건 (연속 빈 1회)
2026-03-17 14:00:33 [INFO]     HTML 크기: 310601 bytes
2026-03-17 14:00:33 [INFO]     OaLkxeV3 포함: False
2026-03-17 14:00:33 [INFO]     GOWcekJV4 포함: True
2026-03-17 14:00:33 [INFO]     카드 발견: 0개
2026-03-17 14:00:33 [INFO]     카드 파싱 0건 -> 링크 직접 수집 폴백
2026-03-17 14:00:33 [INFO]     CLS_NAVER_LINK 링크: 7개
2026-03-17 14:00:33 [INFO]     2025.01 p6: 0건 (연속 빈 2회)
2026-03-17 14:00:34 [INFO]     HTML 크기: 307351 bytes
2026-03-17 14:00:34 [INFO]     OaLkxeV3 포함: False
2026-03-17 14:00:34 [INFO]     GOWcekJV4 포함: True
2026-03-17 14:00:34 [INFO]     카드 발견: 0개
2026-03-17 14:00:34 [INFO]     카드 파싱 0건 -> 링크 직접 수집 폴백
2026-03-17 14:00:34 [INFO]     CLS_NAVER_LINK 링크: 4개
2026-03-17 14:00:34 [INFO]     2025.01 p7: 0건 (연속 빈 3회)
2026-03-17 14:00:34 [INFO]   2025.01 완료: +63건 (누적 2258개)
2026-03-17 14:00:35 [INFO]     HTML 크기: 376533 bytes
2026-03-17 14:00:35 [INFO]     OaLkxeV3 포함: True
2026-03-17 14:00:35 [INFO]     GOWcekJV4 포함: True
2026-03-17 14:00:35 [INFO]     카드 발견: 15개
2026-03-17 14:00:35 [INFO]     카드 파싱 성공: 13건
2026-03-17 14:00:35 [INFO]     2025.02 p1: +13건 (페이지 13건)
2026-03-17 14:00:37 [INFO]     HTML 크기: 344555 bytes
2026-03-17 14:00:37 [INFO]     OaLkxeV3 포함: True
2026-03-17 14:00:37 [INFO]     GOWcekJV4 포함: True
2026-03-17 14:00:37 [INFO]     카드 발견: 8개
2026-03-17 14:00:37 [INFO]     카드 파싱 성공: 5건
2026-03-17 14:00:37 [INFO]     2025.02 p2: +5건 (페이지 5건)
2026-03-17 14:00:39 [INFO]     HTML 크기: 363459 bytes
2026-03-17 14:00:39 [INFO]     OaLkxeV3 포함: True
2026-03-17 14:00:39 [INFO]     GOWcekJV4 포함: True
2026-03-17 14:00:39 [INFO]     카드 발견: 13개
2026-03-17 14:00:39 [INFO]     카드 파싱 성공: 12건
2026-03-17 14:00:39 [INFO]     2025.02 p3: +12건 (페이지 12건)
2026-03-17 14:00:40 [INFO]     HTML 크기: 323937 bytes
2026-03-17 14:00:40 [INFO]     OaLkxeV3 포함: True
2026-03-17 14:00:40 [INFO]     GOWcekJV4 포함: True
2026-03-17 14:00:40 [INFO]     카드 발견: 3개
2026-03-17 14:00:40 [INFO]     카드 파싱 성공: 3건
2026-03-17 14:00:40 [INFO]     2025.02 p4: +3건 (페이지 3건)
2026-03-17 14:00:42 [INFO]     HTML 크기: 306439 bytes
2026-03-17 14:00:42 [INFO]     OaLkxeV3 포함: False
2026-03-17 14:00:42 [INFO]     GOWcekJV4 포함: True
2026-03-17 14:00:42 [INFO]     카드 발견: 0개
2026-03-17 14:00:42 [INFO]     카드 파싱 0건 -> 링크 직접 수집 폴백
2026-03-17 14:00:42 [INFO]     CLS_NAVER_LINK 링크: 2개
2026-03-17 14:00:42 [INFO]     2025.02 p5: 0건 (연속 빈 1회)
2026-03-17 14:00:44 [INFO]     HTML 크기: 308075 bytes
2026-03-17 14:00:44 [INFO]     OaLkxeV3 포함: False
2026-03-17 14:00:44 [INFO]     GOWcekJV4 포함: True
2026-03-17 14:00:44 [INFO]     카드 발견: 0개
2026-03-17 14:00:44 [INFO]     카드 파싱 0건 -> 링크 직접 수집 폴백
2026-03-17 14:00:44 [INFO]     CLS_NAVER_LINK 링크: 5개
2026-03-17 14:00:44 [INFO]     2025.02 p6: 0건 (연속 빈 2회)
2026-03-17 14:00:46 [INFO]     HTML 크기: 307601 bytes
2026-03-17 14:00:46 [INFO]     OaLkxeV3 포함: False
2026-03-17 14:00:46 [INFO]     GOWcekJV4 포함: True
2026-03-17 14:00:46 [INFO]     카드 발견: 0개
2026-03-17 14:00:46 [INFO]     카드 파싱 0건 -> 링크 직접 수집 폴백
2026-03-17 14:00:46 [INFO]     CLS_NAVER_LINK 링크: 3개
2026-03-17 14:00:46 [INFO]     2025.02 p7: 0건 (연속 빈 3회)
2026-03-17 14:00:46 [INFO]   2025.02 완료: +33건 (누적 2291개)
2026-03-17 14:00:47 [INFO]     HTML 크기: 364507 bytes
2026-03-17 14:00:47 [INFO]     OaLkxeV3 포함: True
2026-03-17 14:00:47 [INFO]     GOWcekJV4 포함: True
2026-03-17 14:00:47 [INFO]     카드 발견: 12개
2026-03-17 14:00:47 [INFO]     카드 파싱 성공: 12건
2026-03-17 14:00:47 [INFO]     2025.03 p1: +12건 (페이지 12건)
2026-03-17 14:00:49 [INFO]     HTML 크기: 352504 bytes
2026-03-17 14:00:49 [INFO]     OaLkxeV3 포함: True
2026-03-17 14:00:49 [INFO]     GOWcekJV4 포함: True
2026-03-17 14:00:49 [INFO]     카드 발견: 10개
2026-03-17 14:00:49 [INFO]     카드 파싱 성공: 8건
2026-03-17 14:00:49 [INFO]     2025.03 p2: +8건 (페이지 8건)
2026-03-17 14:00:51 [INFO]     HTML 크기: 318011 bytes
2026-03-17 14:00:51 [INFO]     OaLkxeV3 포함: True
2026-03-17 14:00:51 [INFO]     GOWcekJV4 포함: True
2026-03-17 14:00:51 [INFO]     카드 발견: 1개
2026-03-17 14:00:51 [INFO]     카드 파싱 성공: 1건
2026-03-17 14:00:51 [INFO]     2025.03 p3: +1건 (페이지 1건)
2026-03-17 14:00:53 [INFO]     HTML 크기: 307084 bytes
2026-03-17 14:00:53 [INFO]     OaLkxeV3 포함: False
2026-03-17 14:00:53 [INFO]     GOWcekJV4 포함: True
2026-03-17 14:00:53 [INFO]     카드 발견: 0개
2026-03-17 14:00:53 [INFO]     카드 파싱 0건 -> 링크 직접 수집 폴백
2026-03-17 14:00:53 [INFO]     CLS_NAVER_LINK 링크: 5개
2026-03-17 14:00:53 [INFO]     2025.03 p4: 0건 (연속 빈 1회)
2026-03-17 14:00:55 [INFO]     HTML 크기: 307047 bytes
2026-03-17 14:00:55 [INFO]     OaLkxeV3 포함: False
2026-03-17 14:00:55 [INFO]     GOWcekJV4 포함: True
2026-03-17 14:00:55 [INFO]     카드 발견: 0개
2026-03-17 14:00:55 [INFO]     카드 파싱 0건 -> 링크 직접 수집 폴백
2026-03-17 14:00:55 [INFO]     CLS_NAVER_LINK 링크: 7개
2026-03-17 14:00:55 [INFO]     2025.03 p5: 0건 (연속 빈 2회)
2026-03-17 14:00:57 [INFO]     HTML 크기: 304361 bytes
2026-03-17 14:00:57 [INFO]     OaLkxeV3 포함: False
2026-03-17 14:00:57 [INFO]     GOWcekJV4 포함: True
2026-03-17 14:00:57 [INFO]     카드 발견: 0개
2026-03-17 14:00:57 [INFO]     카드 파싱 0건 -> 링크 직접 수집 폴백
2026-03-17 14:00:57 [INFO]     CLS_NAVER_LINK 링크: 1개
2026-03-17 14:00:57 [INFO]     2025.03 p6: 0건 (연속 빈 3회)
2026-03-17 14:00:57 [INFO]   2025.03 완료: +21건 (누적 2312개)
2026-03-17 14:00:57 [INFO]     HTML 크기: 401132 bytes
2026-03-17 14:00:57 [INFO]     OaLkxeV3 포함: True
2026-03-17 14:00:57 [INFO]     GOWcekJV4 포함: True
2026-03-17 14:00:57 [INFO]     카드 발견: 21개
2026-03-17 14:00:57 [INFO]     카드 파싱 성공: 21건
2026-03-17 14:00:57 [INFO]     2025.04 p1: +21건 (페이지 21건)
2026-03-17 14:00:59 [INFO]     HTML 크기: 372788 bytes
2026-03-17 14:00:59 [INFO]     OaLkxeV3 포함: True
2026-03-17 14:00:59 [INFO]     GOWcekJV4 포함: True
2026-03-17 14:00:59 [INFO]     카드 발견: 14개
2026-03-17 14:00:59 [INFO]     카드 파싱 성공: 14건
2026-03-17 14:00:59 [INFO]     2025.04 p2: +14건 (페이지 14건)
2026-03-17 14:01:02 [INFO]     HTML 크기: 357462 bytes
2026-03-17 14:01:02 [INFO]     OaLkxeV3 포함: True
2026-03-17 14:01:02 [INFO]     GOWcekJV4 포함: True
2026-03-17 14:01:02 [INFO]     카드 발견: 11개
2026-03-17 14:01:02 [INFO]     카드 파싱 성공: 9건
2026-03-17 14:01:02 [INFO]     2025.04 p3: +9건 (페이지 9건)
2026-03-17 14:01:03 [INFO]     HTML 크기: 324801 bytes
2026-03-17 14:01:03 [INFO]     OaLkxeV3 포함: True
2026-03-17 14:01:03 [INFO]     GOWcekJV4 포함: True
2026-03-17 14:01:03 [INFO]     카드 발견: 3개
2026-03-17 14:01:03 [INFO]     카드 파싱 성공: 3건
2026-03-17 14:01:03 [INFO]     2025.04 p4: +3건 (페이지 3건)
2026-03-17 14:01:05 [INFO]     HTML 크기: 309840 bytes
2026-03-17 14:01:05 [INFO]     OaLkxeV3 포함: False
2026-03-17 14:01:05 [INFO]     GOWcekJV4 포함: True
2026-03-17 14:01:05 [INFO]     카드 발견: 0개
2026-03-17 14:01:05 [INFO]     카드 파싱 0건 -> 링크 직접 수집 폴백
2026-03-17 14:01:05 [INFO]     CLS_NAVER_LINK 링크: 8개
2026-03-17 14:01:05 [INFO]     2025.04 p5: 0건 (연속 빈 1회)
2026-03-17 14:01:07 [INFO]     HTML 크기: 306260 bytes
2026-03-17 14:01:07 [INFO]     OaLkxeV3 포함: False
2026-03-17 14:01:07 [INFO]     GOWcekJV4 포함: True
2026-03-17 14:01:07 [INFO]     카드 발견: 0개
2026-03-17 14:01:07 [INFO]     카드 파싱 0건 -> 링크 직접 수집 폴백
2026-03-17 14:01:07 [INFO]     CLS_NAVER_LINK 링크: 3개
2026-03-17 14:01:07 [INFO]     2025.04 p6: 0건 (연속 빈 2회)
2026-03-17 14:01:09 [INFO]     HTML 크기: 309255 bytes
2026-03-17 14:01:09 [INFO]     OaLkxeV3 포함: False
2026-03-17 14:01:09 [INFO]     GOWcekJV4 포함: True
2026-03-17 14:01:09 [INFO]     카드 발견: 0개
2026-03-17 14:01:09 [INFO]     카드 파싱 0건 -> 링크 직접 수집 폴백
2026-03-17 14:01:09 [INFO]     CLS_NAVER_LINK 링크: 6개
2026-03-17 14:01:09 [INFO]     2025.04 p7: 0건 (연속 빈 3회)
2026-03-17 14:01:09 [INFO]   2025.04 완료: +47건 (누적 2359개)
2026-03-17 14:01:09 [INFO]     HTML 크기: 337750 bytes
2026-03-17 14:01:09 [INFO]     OaLkxeV3 포함: True
2026-03-17 14:01:09 [INFO]     GOWcekJV4 포함: True
2026-03-17 14:01:09 [INFO]     카드 발견: 7개
2026-03-17 14:01:09 [INFO]     카드 파싱 성공: 3건
2026-03-17 14:01:09 [INFO]     2025.05 p1: +3건 (페이지 3건)
2026-03-17 14:01:11 [INFO]     HTML 크기: 356503 bytes
2026-03-17 14:01:11 [INFO]     OaLkxeV3 포함: True
2026-03-17 14:01:11 [INFO]     GOWcekJV4 포함: True
2026-03-17 14:01:11 [INFO]     카드 발견: 11개
2026-03-17 14:01:11 [INFO]     카드 파싱 성공: 10건
2026-03-17 14:01:11 [INFO]     2025.05 p2: +10건 (페이지 10건)
2026-03-17 14:01:13 [INFO]     HTML 크기: 374094 bytes
2026-03-17 14:01:13 [INFO]     OaLkxeV3 포함: True
2026-03-17 14:01:13 [INFO]     GOWcekJV4 포함: True
2026-03-17 14:01:13 [INFO]     카드 발견: 15개
2026-03-17 14:01:13 [INFO]     카드 파싱 성공: 12건
2026-03-17 14:01:13 [INFO]     2025.05 p3: +12건 (페이지 12건)
2026-03-17 14:01:15 [INFO]     HTML 크기: 355752 bytes
2026-03-17 14:01:15 [INFO]     OaLkxeV3 포함: True
2026-03-17 14:01:15 [INFO]     GOWcekJV4 포함: True
2026-03-17 14:01:15 [INFO]     카드 발견: 11개
2026-03-17 14:01:15 [INFO]     카드 파싱 성공: 7건
2026-03-17 14:01:15 [INFO]     2025.05 p4: +7건 (페이지 7건)
2026-03-17 14:01:17 [INFO]     HTML 크기: 376289 bytes
2026-03-17 14:01:17 [INFO]     OaLkxeV3 포함: True
2026-03-17 14:01:17 [INFO]     GOWcekJV4 포함: True
2026-03-17 14:01:17 [INFO]     카드 발견: 16개
2026-03-17 14:01:17 [INFO]     카드 파싱 성공: 15건
2026-03-17 14:01:17 [INFO]     2025.05 p5: +15건 (페이지 15건)
2026-03-17 14:01:19 [INFO]     HTML 크기: 330195 bytes
2026-03-17 14:01:19 [INFO]     OaLkxeV3 포함: True
2026-03-17 14:01:19 [INFO]     GOWcekJV4 포함: True
2026-03-17 14:01:19 [INFO]     카드 발견: 5개
2026-03-17 14:01:19 [INFO]     카드 파싱 성공: 4건
2026-03-17 14:01:19 [INFO]     2025.05 p6: +4건 (페이지 4건)
2026-03-17 14:01:21 [INFO]     HTML 크기: 342463 bytes
2026-03-17 14:01:21 [INFO]     OaLkxeV3 포함: True
2026-03-17 14:01:21 [INFO]     GOWcekJV4 포함: True
2026-03-17 14:01:21 [INFO]     카드 발견: 8개
2026-03-17 14:01:21 [INFO]     카드 파싱 성공: 6건
2026-03-17 14:01:21 [INFO]     2025.05 p7: +6건 (페이지 6건)
2026-03-17 14:01:23 [INFO]     HTML 크기: 315557 bytes
2026-03-17 14:01:23 [INFO]     OaLkxeV3 포함: True
2026-03-17 14:01:23 [INFO]     GOWcekJV4 포함: True
2026-03-17 14:01:23 [INFO]     카드 발견: 2개
2026-03-17 14:01:23 [INFO]     카드 파싱 성공: 2건
2026-03-17 14:01:23 [INFO]     2025.05 p8: +2건 (페이지 2건)
2026-03-17 14:01:25 [INFO]     HTML 크기: 325081 bytes
2026-03-17 14:01:25 [INFO]     OaLkxeV3 포함: True
2026-03-17 14:01:25 [INFO]     GOWcekJV4 포함: True
2026-03-17 14:01:25 [INFO]     카드 발견: 4개
2026-03-17 14:01:25 [INFO]     카드 파싱 성공: 3건
2026-03-17 14:01:25 [INFO]     2025.05 p9: +3건 (페이지 3건)
2026-03-17 14:01:27 [INFO]     HTML 크기: 309074 bytes
2026-03-17 14:01:27 [INFO]     OaLkxeV3 포함: False
2026-03-17 14:01:27 [INFO]     GOWcekJV4 포함: True
2026-03-17 14:01:27 [INFO]     카드 발견: 0개
2026-03-17 14:01:27 [INFO]     카드 파싱 0건 -> 링크 직접 수집 폴백
2026-03-17 14:01:27 [INFO]     CLS_NAVER_LINK 링크: 7개
2026-03-17 14:01:27 [INFO]     2025.05 p10: 0건 (연속 빈 1회)
2026-03-17 14:01:29 [INFO]     HTML 크기: 420215 bytes
2026-03-17 14:01:29 [INFO]     OaLkxeV3 포함: True
2026-03-17 14:01:29 [INFO]     GOWcekJV4 포함: True
2026-03-17 14:01:29 [INFO]     카드 발견: 27개
2026-03-17 14:01:29 [INFO]     카드 파싱 성공: 18건
2026-03-17 14:01:29 [INFO]     2025.05 p11: +10건 (페이지 18건)
2026-03-17 14:01:31 [INFO]     HTML 크기: 414565 bytes
2026-03-17 14:01:31 [INFO]     OaLkxeV3 포함: True
2026-03-17 14:01:31 [INFO]     GOWcekJV4 포함: True
2026-03-17 14:01:31 [INFO]     카드 발견: 26개
2026-03-17 14:01:31 [INFO]     카드 파싱 성공: 17건
2026-03-17 14:01:31 [INFO]     2025.05 p12: +2건 (페이지 17건)
2026-03-17 14:01:33 [INFO]     HTML 크기: 356535 bytes
2026-03-17 14:01:33 [INFO]     OaLkxeV3 포함: True
2026-03-17 14:01:33 [INFO]     GOWcekJV4 포함: True
2026-03-17 14:01:33 [INFO]     카드 발견: 11개
2026-03-17 14:01:33 [INFO]     카드 파싱 성공: 11건
2026-03-17 14:01:33 [INFO]     2025.05 p13: +0건 (페이지 11건)
2026-03-17 14:01:34 [INFO]   2025.05 완료: +74건 (누적 2433개)
2026-03-17 14:01:35 [INFO]     HTML 크기: 353876 bytes
2026-03-17 14:01:35 [INFO]     OaLkxeV3 포함: True
2026-03-17 14:01:35 [INFO]     GOWcekJV4 포함: True
2026-03-17 14:01:35 [INFO]     카드 발견: 10개
2026-03-17 14:01:35 [INFO]     카드 파싱 성공: 9건
2026-03-17 14:01:35 [INFO]     2025.06 p1: +9건 (페이지 9건)
2026-03-17 14:01:37 [INFO]     HTML 크기: 344940 bytes
2026-03-17 14:01:37 [INFO]     OaLkxeV3 포함: True
2026-03-17 14:01:37 [INFO]     GOWcekJV4 포함: True
2026-03-17 14:01:37 [INFO]     카드 발견: 8개
2026-03-17 14:01:37 [INFO]     카드 파싱 성공: 6건
2026-03-17 14:01:37 [INFO]     2025.06 p2: +6건 (페이지 6건)
2026-03-17 14:01:38 [INFO]     HTML 크기: 337000 bytes
2026-03-17 14:01:38 [INFO]     OaLkxeV3 포함: True
2026-03-17 14:01:38 [INFO]     GOWcekJV4 포함: True
2026-03-17 14:01:38 [INFO]     카드 발견: 7개
2026-03-17 14:01:38 [INFO]     카드 파싱 성공: 4건
2026-03-17 14:01:38 [INFO]     2025.06 p3: +4건 (페이지 4건)
2026-03-17 14:01:40 [INFO]     HTML 크기: 320638 bytes
2026-03-17 14:01:40 [INFO]     OaLkxeV3 포함: True
2026-03-17 14:01:40 [INFO]     GOWcekJV4 포함: True
2026-03-17 14:01:40 [INFO]     카드 발견: 3개
2026-03-17 14:01:40 [INFO]     카드 파싱 성공: 1건
2026-03-17 14:01:40 [INFO]     2025.06 p4: +1건 (페이지 1건)
2026-03-17 14:01:42 [INFO]     HTML 크기: 320192 bytes
2026-03-17 14:01:42 [INFO]     OaLkxeV3 포함: True
2026-03-17 14:01:42 [INFO]     GOWcekJV4 포함: True
2026-03-17 14:01:42 [INFO]     카드 발견: 2개
2026-03-17 14:01:42 [INFO]     카드 파싱 성공: 2건
2026-03-17 14:01:42 [INFO]     2025.06 p5: +2건 (페이지 2건)
2026-03-17 14:01:43 [INFO]     HTML 크기: 347174 bytes
2026-03-17 14:01:43 [INFO]     OaLkxeV3 포함: True
2026-03-17 14:01:43 [INFO]     GOWcekJV4 포함: True
2026-03-17 14:01:43 [INFO]     카드 발견: 9개
2026-03-17 14:01:43 [INFO]     카드 파싱 성공: 9건
2026-03-17 14:01:43 [INFO]     2025.06 p6: +9건 (페이지 9건)
2026-03-17 14:01:45 [INFO]     HTML 크기: 353038 bytes
2026-03-17 14:01:45 [INFO]     OaLkxeV3 포함: True
2026-03-17 14:01:45 [INFO]     GOWcekJV4 포함: True
2026-03-17 14:01:45 [INFO]     카드 발견: 10개
2026-03-17 14:01:45 [INFO]     카드 파싱 성공: 10건
2026-03-17 14:01:45 [INFO]     2025.06 p7: +10건 (페이지 10건)
2026-03-17 14:01:47 [INFO]     HTML 크기: 354777 bytes
2026-03-17 14:01:47 [INFO]     OaLkxeV3 포함: True
2026-03-17 14:01:47 [INFO]     GOWcekJV4 포함: True
2026-03-17 14:01:47 [INFO]     카드 발견: 11개
2026-03-17 14:01:47 [INFO]     카드 파싱 성공: 11건
2026-03-17 14:01:47 [INFO]     2025.06 p8: +11건 (페이지 11건)
2026-03-17 14:01:49 [INFO]     HTML 크기: 329719 bytes
2026-03-17 14:01:49 [INFO]     OaLkxeV3 포함: True
2026-03-17 14:01:49 [INFO]     GOWcekJV4 포함: True
2026-03-17 14:01:49 [INFO]     카드 발견: 5개
2026-03-17 14:01:49 [INFO]     카드 파싱 성공: 4건
2026-03-17 14:01:49 [INFO]     2025.06 p9: +4건 (페이지 4건)
2026-03-17 14:01:51 [INFO]     HTML 크기: 314742 bytes
2026-03-17 14:01:51 [INFO]     OaLkxeV3 포함: True
2026-03-17 14:01:51 [INFO]     GOWcekJV4 포함: True
2026-03-17 14:01:51 [INFO]     카드 발견: 2개
2026-03-17 14:01:51 [INFO]     카드 파싱 성공: 2건
2026-03-17 14:01:51 [INFO]     2025.06 p10: +2건 (페이지 2건)
2026-03-17 14:01:53 [INFO]     HTML 크기: 380316 bytes
2026-03-17 14:01:53 [INFO]     OaLkxeV3 포함: True
2026-03-17 14:01:53 [INFO]     GOWcekJV4 포함: True
2026-03-17 14:01:53 [INFO]     카드 발견: 19개
2026-03-17 14:01:53 [INFO]     카드 파싱 성공: 3건
2026-03-17 14:01:53 [INFO]     2025.06 p11: +2건 (페이지 3건)
2026-03-17 14:01:55 [INFO]     HTML 크기: 393231 bytes
2026-03-17 14:01:55 [INFO]     OaLkxeV3 포함: True
2026-03-17 14:01:55 [INFO]     GOWcekJV4 포함: True
2026-03-17 14:01:55 [INFO]     카드 발견: 22개
2026-03-17 14:01:55 [INFO]     카드 파싱 성공: 3건
2026-03-17 14:01:55 [INFO]     2025.06 p12: +0건 (페이지 3건)
2026-03-17 14:01:56 [INFO]   2025.06 완료: +60건 (누적 2493개)
2026-03-17 14:01:57 [INFO]     HTML 크기: 367013 bytes
2026-03-17 14:01:57 [INFO]     OaLkxeV3 포함: True
2026-03-17 14:01:57 [INFO]     GOWcekJV4 포함: True
2026-03-17 14:01:57 [INFO]     카드 발견: 13개
2026-03-17 14:01:57 [INFO]     카드 파싱 성공: 12건
2026-03-17 14:01:57 [INFO]     2025.07 p1: +12건 (페이지 12건)
2026-03-17 14:01:59 [INFO]     HTML 크기: 427653 bytes
2026-03-17 14:01:59 [INFO]     OaLkxeV3 포함: True
2026-03-17 14:01:59 [INFO]     GOWcekJV4 포함: True
2026-03-17 14:01:59 [INFO]     카드 발견: 27개
2026-03-17 14:01:59 [INFO]     카드 파싱 성공: 26건
2026-03-17 14:01:59 [INFO]     2025.07 p2: +26건 (페이지 26건)
2026-03-17 14:02:00 [INFO]     HTML 크기: 350448 bytes
2026-03-17 14:02:00 [INFO]     OaLkxeV3 포함: True
2026-03-17 14:02:00 [INFO]     GOWcekJV4 포함: True
2026-03-17 14:02:00 [INFO]     카드 발견: 9개
2026-03-17 14:02:00 [INFO]     카드 파싱 성공: 9건
2026-03-17 14:02:00 [INFO]     2025.07 p3: +9건 (페이지 9건)
2026-03-17 14:02:02 [INFO]     HTML 크기: 354688 bytes
2026-03-17 14:02:02 [INFO]     OaLkxeV3 포함: True
2026-03-17 14:02:02 [INFO]     GOWcekJV4 포함: True
2026-03-17 14:02:02 [INFO]     카드 발견: 10개
2026-03-17 14:02:02 [INFO]     카드 파싱 성공: 10건
2026-03-17 14:02:02 [INFO]     2025.07 p4: +10건 (페이지 10건)
2026-03-17 14:02:04 [INFO]     HTML 크기: 314763 bytes
2026-03-17 14:02:04 [INFO]     OaLkxeV3 포함: True
2026-03-17 14:02:04 [INFO]     GOWcekJV4 포함: True
2026-03-17 14:02:04 [INFO]     카드 발견: 1개
2026-03-17 14:02:04 [INFO]     카드 파싱 성공: 1건
2026-03-17 14:02:04 [INFO]     2025.07 p5: +1건 (페이지 1건)
2026-03-17 14:02:06 [INFO]     HTML 크기: 322288 bytes
2026-03-17 14:02:06 [INFO]     OaLkxeV3 포함: True
2026-03-17 14:02:06 [INFO]     GOWcekJV4 포함: True
2026-03-17 14:02:06 [INFO]     카드 발견: 3개
2026-03-17 14:02:06 [INFO]     카드 파싱 성공: 3건
2026-03-17 14:02:06 [INFO]     2025.07 p6: +3건 (페이지 3건)
2026-03-17 14:02:08 [INFO]     HTML 크기: 316996 bytes
2026-03-17 14:02:08 [INFO]     OaLkxeV3 포함: True
2026-03-17 14:02:08 [INFO]     GOWcekJV4 포함: True
2026-03-17 14:02:08 [INFO]     카드 발견: 1개
2026-03-17 14:02:08 [INFO]     카드 파싱 성공: 1건
2026-03-17 14:02:08 [INFO]     2025.07 p7: +1건 (페이지 1건)
2026-03-17 14:02:10 [INFO]     HTML 크기: 310628 bytes
2026-03-17 14:02:10 [INFO]     OaLkxeV3 포함: False
2026-03-17 14:02:10 [INFO]     GOWcekJV4 포함: True
2026-03-17 14:02:10 [INFO]     카드 발견: 0개
2026-03-17 14:02:10 [INFO]     카드 파싱 0건 -> 링크 직접 수집 폴백
2026-03-17 14:02:10 [INFO]     CLS_NAVER_LINK 링크: 9개
2026-03-17 14:02:10 [INFO]     2025.07 p8: 0건 (연속 빈 1회)
2026-03-17 14:02:12 [INFO]     HTML 크기: 327990 bytes
2026-03-17 14:02:12 [INFO]     OaLkxeV3 포함: True
2026-03-17 14:02:12 [INFO]     GOWcekJV4 포함: True
2026-03-17 14:02:12 [INFO]     카드 발견: 4개
2026-03-17 14:02:12 [INFO]     카드 파싱 성공: 4건
2026-03-17 14:02:12 [INFO]     2025.07 p9: +4건 (페이지 4건)
2026-03-17 14:02:14 [INFO]     HTML 크기: 312057 bytes
2026-03-17 14:02:14 [INFO]     OaLkxeV3 포함: False
2026-03-17 14:02:14 [INFO]     GOWcekJV4 포함: True
2026-03-17 14:02:14 [INFO]     카드 발견: 0개
2026-03-17 14:02:14 [INFO]     카드 파싱 0건 -> 링크 직접 수집 폴백
2026-03-17 14:02:14 [INFO]     CLS_NAVER_LINK 링크: 9개
2026-03-17 14:02:14 [INFO]     2025.07 p10: 0건 (연속 빈 1회)
2026-03-17 14:02:16 [INFO]     HTML 크기: 376685 bytes
2026-03-17 14:02:16 [INFO]     OaLkxeV3 포함: True
2026-03-17 14:02:16 [INFO]     GOWcekJV4 포함: True
2026-03-17 14:02:16 [INFO]     카드 발견: 16개
2026-03-17 14:02:16 [INFO]     카드 파싱 성공: 11건
2026-03-17 14:02:16 [INFO]     2025.07 p11: +9건 (페이지 11건)
2026-03-17 14:02:18 [INFO]     HTML 크기: 370720 bytes
2026-03-17 14:02:18 [INFO]     OaLkxeV3 포함: True
2026-03-17 14:02:18 [INFO]     GOWcekJV4 포함: True
2026-03-17 14:02:18 [INFO]     카드 발견: 16개
2026-03-17 14:02:18 [INFO]     카드 파싱 성공: 4건
2026-03-17 14:02:18 [INFO]     2025.07 p12: +1건 (페이지 4건)
2026-03-17 14:02:19 [INFO]     HTML 크기: 405474 bytes
2026-03-17 14:02:19 [INFO]     OaLkxeV3 포함: True
2026-03-17 14:02:19 [INFO]     GOWcekJV4 포함: True
2026-03-17 14:02:19 [INFO]     카드 발견: 25개
2026-03-17 14:02:19 [INFO]     카드 파싱 성공: 11건
2026-03-17 14:02:19 [INFO]     2025.07 p13: +6건 (페이지 11건)
2026-03-17 14:02:21 [INFO]     HTML 크기: 417342 bytes
2026-03-17 14:02:21 [INFO]     OaLkxeV3 포함: True
2026-03-17 14:02:21 [INFO]     GOWcekJV4 포함: True
2026-03-17 14:02:21 [INFO]     카드 발견: 29개
2026-03-17 14:02:21 [INFO]     카드 파싱 성공: 9건
2026-03-17 14:02:21 [INFO]     2025.07 p14: +3건 (페이지 9건)
2026-03-17 14:02:23 [INFO]     HTML 크기: 381500 bytes
2026-03-17 14:02:23 [INFO]     OaLkxeV3 포함: True
2026-03-17 14:02:23 [INFO]     GOWcekJV4 포함: True
2026-03-17 14:02:23 [INFO]     카드 발견: 19개
2026-03-17 14:02:23 [INFO]     카드 파싱 성공: 6건
2026-03-17 14:02:23 [INFO]     2025.07 p15: +3건 (페이지 6건)
2026-03-17 14:02:25 [INFO]     HTML 크기: 390400 bytes
2026-03-17 14:02:25 [INFO]     OaLkxeV3 포함: True
2026-03-17 14:02:25 [INFO]     GOWcekJV4 포함: True
2026-03-17 14:02:25 [INFO]     카드 발견: 22개
2026-03-17 14:02:25 [INFO]     카드 파싱 성공: 6건
2026-03-17 14:02:25 [INFO]     2025.07 p16: +3건 (페이지 6건)
2026-03-17 14:02:27 [INFO]     HTML 크기: 399578 bytes
2026-03-17 14:02:27 [INFO]     OaLkxeV3 포함: True
2026-03-17 14:02:27 [INFO]     GOWcekJV4 포함: True
2026-03-17 14:02:27 [INFO]     카드 발견: 24개
2026-03-17 14:02:27 [INFO]     카드 파싱 성공: 8건
2026-03-17 14:02:27 [INFO]     2025.07 p17: +2건 (페이지 8건)
2026-03-17 14:02:28 [INFO]     HTML 크기: 371986 bytes
2026-03-17 14:02:28 [INFO]     OaLkxeV3 포함: True
2026-03-17 14:02:28 [INFO]     GOWcekJV4 포함: True
2026-03-17 14:02:28 [INFO]     카드 발견: 16개
2026-03-17 14:02:28 [INFO]     카드 파싱 성공: 10건
2026-03-17 14:02:28 [INFO]     2025.07 p18: +2건 (페이지 10건)
2026-03-17 14:02:30 [INFO]     HTML 크기: 383971 bytes
2026-03-17 14:02:30 [INFO]     OaLkxeV3 포함: True
2026-03-17 14:02:30 [INFO]     GOWcekJV4 포함: True
2026-03-17 14:02:30 [INFO]     카드 발견: 20개
2026-03-17 14:02:30 [INFO]     카드 파싱 성공: 6건
2026-03-17 14:02:30 [INFO]     2025.07 p19: +3건 (페이지 6건)
2026-03-17 14:02:32 [INFO]     HTML 크기: 384227 bytes
2026-03-17 14:02:32 [INFO]     OaLkxeV3 포함: True
2026-03-17 14:02:32 [INFO]     GOWcekJV4 포함: True
2026-03-17 14:02:32 [INFO]     카드 발견: 20개
2026-03-17 14:02:32 [INFO]     카드 파싱 성공: 6건
2026-03-17 14:02:32 [INFO]     2025.07 p20: +0건 (페이지 6건)
2026-03-17 14:02:34 [INFO]   2025.07 완료: +98건 (누적 2591개)
2026-03-17 14:02:34 [INFO]     HTML 크기: 393662 bytes
2026-03-17 14:02:34 [INFO]     OaLkxeV3 포함: True
2026-03-17 14:02:34 [INFO]     GOWcekJV4 포함: True
2026-03-17 14:02:34 [INFO]     카드 발견: 21개
2026-03-17 14:02:34 [INFO]     카드 파싱 성공: 11건
2026-03-17 14:02:34 [INFO]     2025.08 p1: +11건 (페이지 11건)
2026-03-17 14:02:36 [INFO]     HTML 크기: 378553 bytes
2026-03-17 14:02:36 [INFO]     OaLkxeV3 포함: True
2026-03-17 14:02:36 [INFO]     GOWcekJV4 포함: True
2026-03-17 14:02:36 [INFO]     카드 발견: 16개
2026-03-17 14:02:36 [INFO]     카드 파싱 성공: 12건
2026-03-17 14:02:36 [INFO]     2025.08 p2: +11건 (페이지 12건)
2026-03-17 14:02:38 [INFO]     HTML 크기: 345981 bytes
2026-03-17 14:02:38 [INFO]     OaLkxeV3 포함: True
2026-03-17 14:02:38 [INFO]     GOWcekJV4 포함: True
2026-03-17 14:02:38 [INFO]     카드 발견: 9개
2026-03-17 14:02:38 [INFO]     카드 파싱 성공: 8건
2026-03-17 14:02:38 [INFO]     2025.08 p3: +8건 (페이지 8건)
2026-03-17 14:02:40 [INFO]     HTML 크기: 369135 bytes
2026-03-17 14:02:40 [INFO]     OaLkxeV3 포함: True
2026-03-17 14:02:40 [INFO]     GOWcekJV4 포함: True
2026-03-17 14:02:40 [INFO]     카드 발견: 14개
2026-03-17 14:02:40 [INFO]     카드 파싱 성공: 12건
2026-03-17 14:02:40 [INFO]     2025.08 p4: +12건 (페이지 12건)
2026-03-17 14:02:42 [INFO]     HTML 크기: 338182 bytes
2026-03-17 14:02:42 [INFO]     OaLkxeV3 포함: True
2026-03-17 14:02:42 [INFO]     GOWcekJV4 포함: True
2026-03-17 14:02:42 [INFO]     카드 발견: 6개
2026-03-17 14:02:42 [INFO]     카드 파싱 성공: 6건
2026-03-17 14:02:42 [INFO]     2025.08 p5: +6건 (페이지 6건)
2026-03-17 14:02:44 [INFO]     HTML 크기: 334266 bytes
2026-03-17 14:02:44 [INFO]     OaLkxeV3 포함: True
2026-03-17 14:02:44 [INFO]     GOWcekJV4 포함: True
2026-03-17 14:02:44 [INFO]     카드 발견: 6개
2026-03-17 14:02:44 [INFO]     카드 파싱 성공: 4건
2026-03-17 14:02:44 [INFO]     2025.08 p6: +4건 (페이지 4건)
2026-03-17 14:02:46 [INFO]     HTML 크기: 331831 bytes
2026-03-17 14:02:46 [INFO]     OaLkxeV3 포함: True
2026-03-17 14:02:46 [INFO]     GOWcekJV4 포함: True
2026-03-17 14:02:46 [INFO]     카드 발견: 5개
2026-03-17 14:02:46 [INFO]     카드 파싱 성공: 5건
2026-03-17 14:02:46 [INFO]     2025.08 p7: +5건 (페이지 5건)
2026-03-17 14:02:48 [INFO]     HTML 크기: 320012 bytes
2026-03-17 14:02:48 [INFO]     OaLkxeV3 포함: True
2026-03-17 14:02:48 [INFO]     GOWcekJV4 포함: True
2026-03-17 14:02:48 [INFO]     카드 발견: 3개
2026-03-17 14:02:48 [INFO]     카드 파싱 0건 -> 링크 직접 수집 폴백
2026-03-17 14:02:48 [INFO]     CLS_NAVER_LINK 링크: 6개
2026-03-17 14:02:48 [INFO]     2025.08 p8: +6건 (페이지 6건)
2026-03-17 14:02:50 [INFO]     HTML 크기: 310153 bytes
2026-03-17 14:02:50 [INFO]     OaLkxeV3 포함: False
2026-03-17 14:02:50 [INFO]     GOWcekJV4 포함: True
2026-03-17 14:02:50 [INFO]     카드 발견: 0개
2026-03-17 14:02:50 [INFO]     카드 파싱 0건 -> 링크 직접 수집 폴백
2026-03-17 14:02:50 [INFO]     CLS_NAVER_LINK 링크: 6개
2026-03-17 14:02:50 [INFO]     2025.08 p9: 0건 (연속 빈 1회)
2026-03-17 14:02:52 [INFO]     HTML 크기: 308244 bytes
2026-03-17 14:02:52 [INFO]     OaLkxeV3 포함: False
2026-03-17 14:02:52 [INFO]     GOWcekJV4 포함: True
2026-03-17 14:02:52 [INFO]     카드 발견: 0개
2026-03-17 14:02:52 [INFO]     카드 파싱 0건 -> 링크 직접 수집 폴백
2026-03-17 14:02:52 [INFO]     CLS_NAVER_LINK 링크: 5개
2026-03-17 14:02:52 [INFO]     2025.08 p10: 0건 (연속 빈 2회)
2026-03-17 14:02:54 [INFO]     HTML 크기: 417078 bytes
2026-03-17 14:02:54 [INFO]     OaLkxeV3 포함: True
2026-03-17 14:02:54 [INFO]     GOWcekJV4 포함: True
2026-03-17 14:02:54 [INFO]     카드 발견: 27개
2026-03-17 14:02:54 [INFO]     카드 파싱 성공: 16건
2026-03-17 14:02:54 [INFO]     2025.08 p11: +5건 (페이지 16건)
2026-03-17 14:02:56 [INFO]     HTML 크기: 381621 bytes
2026-03-17 14:02:56 [INFO]     OaLkxeV3 포함: True
2026-03-17 14:02:56 [INFO]     GOWcekJV4 포함: True
2026-03-17 14:02:56 [INFO]     카드 발견: 18개
2026-03-17 14:02:56 [INFO]     카드 파싱 성공: 8건
2026-03-17 14:02:56 [INFO]     2025.08 p12: +0건 (페이지 8건)
2026-03-17 14:02:57 [INFO]   2025.08 완료: +68건 (누적 2659개)
2026-03-17 14:02:58 [INFO]     HTML 크기: 431236 bytes
2026-03-17 14:02:58 [INFO]     OaLkxeV3 포함: True
2026-03-17 14:02:58 [INFO]     GOWcekJV4 포함: True
2026-03-17 14:02:58 [INFO]     카드 발견: 28개
2026-03-17 14:02:58 [INFO]     카드 파싱 성공: 26건
2026-03-17 14:02:58 [INFO]     2025.09 p1: +26건 (페이지 26건)
2026-03-17 14:02:59 [INFO]     HTML 크기: 352629 bytes
2026-03-17 14:02:59 [INFO]     OaLkxeV3 포함: True
2026-03-17 14:02:59 [INFO]     GOWcekJV4 포함: True
2026-03-17 14:02:59 [INFO]     카드 발견: 11개
2026-03-17 14:02:59 [INFO]     카드 파싱 성공: 7건
2026-03-17 14:02:59 [INFO]     2025.09 p2: +7건 (페이지 7건)
2026-03-17 14:03:01 [INFO]     HTML 크기: 308184 bytes
2026-03-17 14:03:01 [INFO]     OaLkxeV3 포함: False
2026-03-17 14:03:01 [INFO]     GOWcekJV4 포함: True
2026-03-17 14:03:01 [INFO]     카드 발견: 0개
2026-03-17 14:03:01 [INFO]     카드 파싱 0건 -> 링크 직접 수집 폴백
2026-03-17 14:03:01 [INFO]     CLS_NAVER_LINK 링크: 6개
2026-03-17 14:03:01 [INFO]     2025.09 p3: 0건 (연속 빈 1회)
2026-03-17 14:03:03 [INFO]     HTML 크기: 306060 bytes
2026-03-17 14:03:03 [INFO]     OaLkxeV3 포함: False
2026-03-17 14:03:03 [INFO]     GOWcekJV4 포함: True
2026-03-17 14:03:03 [INFO]     카드 발견: 0개
2026-03-17 14:03:03 [INFO]     카드 파싱 0건 -> 링크 직접 수집 폴백
2026-03-17 14:03:03 [INFO]     CLS_NAVER_LINK 링크: 2개
2026-03-17 14:03:03 [INFO]     2025.09 p4: 0건 (연속 빈 2회)
2026-03-17 14:03:05 [INFO]     HTML 크기: 307091 bytes
2026-03-17 14:03:05 [INFO]     OaLkxeV3 포함: False
2026-03-17 14:03:05 [INFO]     GOWcekJV4 포함: True
2026-03-17 14:03:05 [INFO]     카드 발견: 0개
2026-03-17 14:03:05 [INFO]     카드 파싱 0건 -> 링크 직접 수집 폴백
2026-03-17 14:03:05 [INFO]     CLS_NAVER_LINK 링크: 4개
2026-03-17 14:03:05 [INFO]     2025.09 p5: 0건 (연속 빈 3회)
2026-03-17 14:03:05 [INFO]   2025.09 완료: +33건 (누적 2692개)
2026-03-17 14:03:05 [INFO]     HTML 크기: 409313 bytes
2026-03-17 14:03:05 [INFO]     OaLkxeV3 포함: True
2026-03-17 14:03:05 [INFO]     GOWcekJV4 포함: True
2026-03-17 14:03:05 [INFO]     카드 발견: 23개
2026-03-17 14:03:05 [INFO]     카드 파싱 성공: 22건
2026-03-17 14:03:05 [INFO]     2025.10 p1: +22건 (페이지 22건)
2026-03-17 14:03:07 [INFO]     HTML 크기: 390910 bytes
2026-03-17 14:03:07 [INFO]     OaLkxeV3 포함: True
2026-03-17 14:03:07 [INFO]     GOWcekJV4 포함: True
2026-03-17 14:03:07 [INFO]     카드 발견: 19개
2026-03-17 14:03:07 [INFO]     카드 파싱 성공: 17건
2026-03-17 14:03:07 [INFO]     2025.10 p2: +15건 (페이지 17건)
2026-03-17 14:03:09 [INFO]     HTML 크기: 377448 bytes
2026-03-17 14:03:09 [INFO]     OaLkxeV3 포함: True
2026-03-17 14:03:09 [INFO]     GOWcekJV4 포함: True
2026-03-17 14:03:09 [INFO]     카드 발견: 15개
2026-03-17 14:03:09 [INFO]     카드 파싱 성공: 15건
2026-03-17 14:03:09 [INFO]     2025.10 p3: +15건 (페이지 15건)
2026-03-17 14:03:11 [INFO]     HTML 크기: 352587 bytes
2026-03-17 14:03:11 [INFO]     OaLkxeV3 포함: True
2026-03-17 14:03:11 [INFO]     GOWcekJV4 포함: True
2026-03-17 14:03:11 [INFO]     카드 발견: 9개
2026-03-17 14:03:11 [INFO]     카드 파싱 성공: 9건
2026-03-17 14:03:11 [INFO]     2025.10 p4: +9건 (페이지 9건)
2026-03-17 14:03:13 [INFO]     HTML 크기: 345009 bytes
2026-03-17 14:03:13 [INFO]     OaLkxeV3 포함: True
2026-03-17 14:03:13 [INFO]     GOWcekJV4 포함: True
2026-03-17 14:03:13 [INFO]     카드 발견: 8개
2026-03-17 14:03:13 [INFO]     카드 파싱 성공: 8건
2026-03-17 14:03:13 [INFO]     2025.10 p5: +8건 (페이지 8건)
2026-03-17 14:03:15 [INFO]     HTML 크기: 315852 bytes
2026-03-17 14:03:15 [INFO]     OaLkxeV3 포함: True
2026-03-17 14:03:15 [INFO]     GOWcekJV4 포함: True
2026-03-17 14:03:15 [INFO]     카드 발견: 1개
2026-03-17 14:03:15 [INFO]     카드 파싱 성공: 1건
2026-03-17 14:03:15 [INFO]     2025.10 p6: +1건 (페이지 1건)
2026-03-17 14:03:17 [INFO]     HTML 크기: 314073 bytes
2026-03-17 14:03:17 [INFO]     OaLkxeV3 포함: True
2026-03-17 14:03:17 [INFO]     GOWcekJV4 포함: True
2026-03-17 14:03:17 [INFO]     카드 발견: 1개
2026-03-17 14:03:17 [INFO]     카드 파싱 성공: 1건
2026-03-17 14:03:17 [INFO]     2025.10 p7: +1건 (페이지 1건)
2026-03-17 14:03:19 [INFO]     HTML 크기: 307877 bytes
2026-03-17 14:03:19 [INFO]     OaLkxeV3 포함: False
2026-03-17 14:03:19 [INFO]     GOWcekJV4 포함: True
2026-03-17 14:03:19 [INFO]     카드 발견: 0개
2026-03-17 14:03:19 [INFO]     카드 파싱 0건 -> 링크 직접 수집 폴백
2026-03-17 14:03:19 [INFO]     CLS_NAVER_LINK 링크: 6개
2026-03-17 14:03:19 [INFO]     2025.10 p8: 0건 (연속 빈 1회)
2026-03-17 14:03:21 [INFO]     HTML 크기: 307388 bytes
2026-03-17 14:03:21 [INFO]     OaLkxeV3 포함: False
2026-03-17 14:03:21 [INFO]     GOWcekJV4 포함: True
2026-03-17 14:03:21 [INFO]     카드 발견: 0개
2026-03-17 14:03:21 [INFO]     카드 파싱 0건 -> 링크 직접 수집 폴백
2026-03-17 14:03:21 [INFO]     CLS_NAVER_LINK 링크: 4개
2026-03-17 14:03:21 [INFO]     2025.10 p9: 0건 (연속 빈 2회)
2026-03-17 14:03:24 [INFO]     HTML 크기: 307746 bytes
2026-03-17 14:03:24 [INFO]     OaLkxeV3 포함: False
2026-03-17 14:03:24 [INFO]     GOWcekJV4 포함: True
2026-03-17 14:03:24 [INFO]     카드 발견: 0개
2026-03-17 14:03:24 [INFO]     카드 파싱 0건 -> 링크 직접 수집 폴백
2026-03-17 14:03:24 [INFO]     CLS_NAVER_LINK 링크: 4개
2026-03-17 14:03:24 [INFO]     2025.10 p10: 0건 (연속 빈 3회)
2026-03-17 14:03:24 [INFO]   2025.10 완료: +71건 (누적 2763개)
2026-03-17 14:03:24 [INFO]     HTML 크기: 372250 bytes
2026-03-17 14:03:24 [INFO]     OaLkxeV3 포함: True
2026-03-17 14:03:24 [INFO]     GOWcekJV4 포함: True
2026-03-17 14:03:24 [INFO]     카드 발견: 14개
2026-03-17 14:03:24 [INFO]     카드 파싱 성공: 11건
2026-03-17 14:03:24 [INFO]     2025.11 p1: +11건 (페이지 11건)
2026-03-17 14:03:26 [INFO]     HTML 크기: 393464 bytes
2026-03-17 14:03:26 [INFO]     OaLkxeV3 포함: True
2026-03-17 14:03:26 [INFO]     GOWcekJV4 포함: True
2026-03-17 14:03:26 [INFO]     카드 발견: 19개
2026-03-17 14:03:26 [INFO]     카드 파싱 성공: 19건
2026-03-17 14:03:26 [INFO]     2025.11 p2: +16건 (페이지 19건)
2026-03-17 14:03:28 [INFO]     HTML 크기: 362531 bytes
2026-03-17 14:03:28 [INFO]     OaLkxeV3 포함: True
2026-03-17 14:03:28 [INFO]     GOWcekJV4 포함: True
2026-03-17 14:03:28 [INFO]     카드 발견: 12개
2026-03-17 14:03:28 [INFO]     카드 파싱 성공: 12건
2026-03-17 14:03:28 [INFO]     2025.11 p3: +12건 (페이지 12건)
2026-03-17 14:03:30 [INFO]     HTML 크기: 396072 bytes
2026-03-17 14:03:30 [INFO]     OaLkxeV3 포함: True
2026-03-17 14:03:30 [INFO]     GOWcekJV4 포함: True
2026-03-17 14:03:30 [INFO]     카드 발견: 21개
2026-03-17 14:03:30 [INFO]     카드 파싱 성공: 17건
2026-03-17 14:03:30 [INFO]     2025.11 p4: +17건 (페이지 17건)
2026-03-17 14:03:32 [INFO]     HTML 크기: 313753 bytes
2026-03-17 14:03:32 [INFO]     OaLkxeV3 포함: True
2026-03-17 14:03:32 [INFO]     GOWcekJV4 포함: True
2026-03-17 14:03:32 [INFO]     카드 발견: 1개
2026-03-17 14:03:32 [INFO]     카드 파싱 성공: 1건
2026-03-17 14:03:32 [INFO]     2025.11 p5: +1건 (페이지 1건)
2026-03-17 14:03:33 [INFO]     HTML 크기: 340809 bytes
2026-03-17 14:03:33 [INFO]     OaLkxeV3 포함: True
2026-03-17 14:03:33 [INFO]     GOWcekJV4 포함: True
2026-03-17 14:03:33 [INFO]     카드 발견: 7개
2026-03-17 14:03:33 [INFO]     카드 파싱 성공: 6건
2026-03-17 14:03:33 [INFO]     2025.11 p6: +6건 (페이지 6건)
2026-03-17 14:03:35 [INFO]     HTML 크기: 337118 bytes
2026-03-17 14:03:35 [INFO]     OaLkxeV3 포함: True
2026-03-17 14:03:35 [INFO]     GOWcekJV4 포함: True
2026-03-17 14:03:35 [INFO]     카드 발견: 6개
2026-03-17 14:03:35 [INFO]     카드 파싱 성공: 6건
2026-03-17 14:03:35 [INFO]     2025.11 p7: +6건 (페이지 6건)
2026-03-17 14:03:37 [INFO]     HTML 크기: 330051 bytes
2026-03-17 14:03:37 [INFO]     OaLkxeV3 포함: True
2026-03-17 14:03:37 [INFO]     GOWcekJV4 포함: True
2026-03-17 14:03:37 [INFO]     카드 발견: 4개
2026-03-17 14:03:37 [INFO]     카드 파싱 성공: 4건
2026-03-17 14:03:37 [INFO]     2025.11 p8: +4건 (페이지 4건)
2026-03-17 14:03:39 [INFO]     HTML 크기: 309658 bytes
2026-03-17 14:03:39 [INFO]     OaLkxeV3 포함: False
2026-03-17 14:03:39 [INFO]     GOWcekJV4 포함: True
2026-03-17 14:03:39 [INFO]     카드 발견: 0개
2026-03-17 14:03:39 [INFO]     카드 파싱 0건 -> 링크 직접 수집 폴백
2026-03-17 14:03:39 [INFO]     CLS_NAVER_LINK 링크: 7개
2026-03-17 14:03:39 [INFO]     2025.11 p9: 0건 (연속 빈 1회)
2026-03-17 14:03:41 [INFO]     HTML 크기: 313201 bytes
2026-03-17 14:03:41 [INFO]     OaLkxeV3 포함: True
2026-03-17 14:03:41 [INFO]     GOWcekJV4 포함: True
2026-03-17 14:03:41 [INFO]     카드 발견: 1개
2026-03-17 14:03:41 [INFO]     카드 파싱 성공: 1건
2026-03-17 14:03:41 [INFO]     2025.11 p10: +1건 (페이지 1건)
2026-03-17 14:03:43 [INFO]     HTML 크기: 416840 bytes
2026-03-17 14:03:43 [INFO]     OaLkxeV3 포함: True
2026-03-17 14:03:43 [INFO]     GOWcekJV4 포함: True
2026-03-17 14:03:43 [INFO]     카드 발견: 26개
2026-03-17 14:03:43 [INFO]     카드 파싱 성공: 18건
2026-03-17 14:03:43 [INFO]     2025.11 p11: +13건 (페이지 18건)
2026-03-17 14:03:45 [INFO]     HTML 크기: 412397 bytes
2026-03-17 14:03:45 [INFO]     OaLkxeV3 포함: True
2026-03-17 14:03:45 [INFO]     GOWcekJV4 포함: True
2026-03-17 14:03:45 [INFO]     카드 발견: 25개
2026-03-17 14:03:45 [INFO]     카드 파싱 성공: 17건
2026-03-17 14:03:45 [INFO]     2025.11 p12: +10건 (페이지 17건)
2026-03-17 14:03:46 [INFO]     HTML 크기: 385042 bytes
2026-03-17 14:03:46 [INFO]     OaLkxeV3 포함: True
2026-03-17 14:03:46 [INFO]     GOWcekJV4 포함: True
2026-03-17 14:03:46 [INFO]     카드 발견: 17개
2026-03-17 14:03:46 [INFO]     카드 파싱 성공: 17건
2026-03-17 14:03:46 [INFO]     2025.11 p13: +4건 (페이지 17건)
2026-03-17 14:03:48 [INFO]     HTML 크기: 375933 bytes
2026-03-17 14:03:48 [INFO]     OaLkxeV3 포함: True
2026-03-17 14:03:48 [INFO]     GOWcekJV4 포함: True
2026-03-17 14:03:48 [INFO]     카드 발견: 17개
2026-03-17 14:03:48 [INFO]     카드 파싱 성공: 7건
2026-03-17 14:03:48 [INFO]     2025.11 p14: +2건 (페이지 7건)
2026-03-17 14:03:50 [INFO]     HTML 크기: 383024 bytes
2026-03-17 14:03:50 [INFO]     OaLkxeV3 포함: True
2026-03-17 14:03:50 [INFO]     GOWcekJV4 포함: True
2026-03-17 14:03:50 [INFO]     카드 발견: 18개
2026-03-17 14:03:50 [INFO]     카드 파싱 성공: 12건
2026-03-17 14:03:50 [INFO]     2025.11 p15: +3건 (페이지 12건)
2026-03-17 14:03:52 [INFO]     HTML 크기: 377045 bytes
2026-03-17 14:03:52 [INFO]     OaLkxeV3 포함: True
2026-03-17 14:03:52 [INFO]     GOWcekJV4 포함: True
2026-03-17 14:03:52 [INFO]     카드 발견: 16개
2026-03-17 14:03:52 [INFO]     카드 파싱 성공: 14건
2026-03-17 14:03:52 [INFO]     2025.11 p16: +4건 (페이지 14건)
2026-03-17 14:03:54 [INFO]     HTML 크기: 394554 bytes
2026-03-17 14:03:54 [INFO]     OaLkxeV3 포함: True
2026-03-17 14:03:54 [INFO]     GOWcekJV4 포함: True
2026-03-17 14:03:54 [INFO]     카드 발견: 21개
2026-03-17 14:03:54 [INFO]     카드 파싱 성공: 13건
2026-03-17 14:03:54 [INFO]     2025.11 p17: +7건 (페이지 13건)
2026-03-17 14:03:56 [INFO]     HTML 크기: 414169 bytes
2026-03-17 14:03:56 [INFO]     OaLkxeV3 포함: True
2026-03-17 14:03:56 [INFO]     GOWcekJV4 포함: True
2026-03-17 14:03:56 [INFO]     카드 발견: 25개
2026-03-17 14:03:56 [INFO]     카드 파싱 성공: 18건
2026-03-17 14:03:56 [INFO]     2025.11 p18: +5건 (페이지 18건)
2026-03-17 14:03:58 [INFO]     HTML 크기: 395333 bytes
2026-03-17 14:03:58 [INFO]     OaLkxeV3 포함: True
2026-03-17 14:03:58 [INFO]     GOWcekJV4 포함: True
2026-03-17 14:03:58 [INFO]     카드 발견: 20개
2026-03-17 14:03:58 [INFO]     카드 파싱 성공: 17건
2026-03-17 14:03:58 [INFO]     2025.11 p19: +3건 (페이지 17건)
2026-03-17 14:03:59 [INFO]     HTML 크기: 420997 bytes
2026-03-17 14:03:59 [INFO]     OaLkxeV3 포함: True
2026-03-17 14:03:59 [INFO]     GOWcekJV4 포함: True
2026-03-17 14:03:59 [INFO]     카드 발견: 26개
2026-03-17 14:03:59 [INFO]     카드 파싱 성공: 25건
2026-03-17 14:03:59 [INFO]     2025.11 p20: +9건 (페이지 25건)
2026-03-17 14:04:01 [INFO]     HTML 크기: 390984 bytes
2026-03-17 14:04:01 [INFO]     OaLkxeV3 포함: True
2026-03-17 14:04:01 [INFO]     GOWcekJV4 포함: True
2026-03-17 14:04:01 [INFO]     카드 발견: 20개
2026-03-17 14:04:01 [INFO]     카드 파싱 성공: 14건
2026-03-17 14:04:01 [INFO]     2025.11 p21: +1건 (페이지 14건)
2026-03-17 14:04:03 [INFO]     HTML 크기: 380233 bytes
2026-03-17 14:04:03 [INFO]     OaLkxeV3 포함: True
2026-03-17 14:04:03 [INFO]     GOWcekJV4 포함: True
2026-03-17 14:04:03 [INFO]     카드 발견: 18개
2026-03-17 14:04:03 [INFO]     카드 파싱 성공: 9건
2026-03-17 14:04:03 [INFO]     2025.11 p22: +3건 (페이지 9건)
2026-03-17 14:04:05 [INFO]     HTML 크기: 394541 bytes
2026-03-17 14:04:05 [INFO]     OaLkxeV3 포함: True
2026-03-17 14:04:05 [INFO]     GOWcekJV4 포함: True
2026-03-17 14:04:05 [INFO]     카드 발견: 21개
2026-03-17 14:04:05 [INFO]     카드 파싱 성공: 13건
2026-03-17 14:04:05 [INFO]     2025.11 p23: +3건 (페이지 13건)
2026-03-17 14:04:07 [INFO]     HTML 크기: 378556 bytes
2026-03-17 14:04:07 [INFO]     OaLkxeV3 포함: True
2026-03-17 14:04:07 [INFO]     GOWcekJV4 포함: True
2026-03-17 14:04:07 [INFO]     카드 발견: 18개
2026-03-17 14:04:07 [INFO]     카드 파싱 성공: 11건
2026-03-17 14:04:07 [INFO]     2025.11 p24: +4건 (페이지 11건)
2026-03-17 14:04:09 [INFO]     HTML 크기: 367407 bytes
2026-03-17 14:04:09 [INFO]     OaLkxeV3 포함: True
2026-03-17 14:04:09 [INFO]     GOWcekJV4 포함: True
2026-03-17 14:04:09 [INFO]     카드 발견: 14개
2026-03-17 14:04:09 [INFO]     카드 파싱 성공: 10건
2026-03-17 14:04:09 [INFO]     2025.11 p25: +4건 (페이지 10건)
2026-03-17 14:04:11 [INFO]     HTML 크기: 386229 bytes
2026-03-17 14:04:11 [INFO]     OaLkxeV3 포함: True
2026-03-17 14:04:11 [INFO]     GOWcekJV4 포함: True
2026-03-17 14:04:11 [INFO]     카드 발견: 18개
2026-03-17 14:04:11 [INFO]     카드 파싱 성공: 12건
2026-03-17 14:04:11 [INFO]     2025.11 p26: +3건 (페이지 12건)
2026-03-17 14:04:13 [INFO]     HTML 크기: 392618 bytes
2026-03-17 14:04:13 [INFO]     OaLkxeV3 포함: True
2026-03-17 14:04:13 [INFO]     GOWcekJV4 포함: True
2026-03-17 14:04:13 [INFO]     카드 발견: 21개
2026-03-17 14:04:13 [INFO]     카드 파싱 성공: 12건
2026-03-17 14:04:13 [INFO]     2025.11 p27: +7건 (페이지 12건)
2026-03-17 14:04:15 [INFO]     HTML 크기: 392669 bytes
2026-03-17 14:04:15 [INFO]     OaLkxeV3 포함: True
2026-03-17 14:04:15 [INFO]     GOWcekJV4 포함: True
2026-03-17 14:04:15 [INFO]     카드 발견: 21개
2026-03-17 14:04:15 [INFO]     카드 파싱 성공: 12건
2026-03-17 14:04:15 [INFO]     2025.11 p28: +6건 (페이지 12건)
2026-03-17 14:04:17 [INFO]     HTML 크기: 349106 bytes
2026-03-17 14:04:17 [INFO]     OaLkxeV3 포함: True
2026-03-17 14:04:17 [INFO]     GOWcekJV4 포함: True
2026-03-17 14:04:17 [INFO]     카드 발견: 11개
2026-03-17 14:04:17 [INFO]     카드 파싱 성공: 4건
2026-03-17 14:04:17 [INFO]     2025.11 p29: +0건 (페이지 4건)
2026-03-17 14:04:18 [INFO]   2025.11 완료: +165건 (누적 2928개)
2026-03-17 14:04:19 [INFO]     HTML 크기: 363553 bytes
2026-03-17 14:04:19 [INFO]     OaLkxeV3 포함: True
2026-03-17 14:04:19 [INFO]     GOWcekJV4 포함: True
2026-03-17 14:04:19 [INFO]     카드 발견: 12개
2026-03-17 14:04:19 [INFO]     카드 파싱 성공: 12건
2026-03-17 14:04:19 [INFO]     2025.12 p1: +12건 (페이지 12건)
2026-03-17 14:04:20 [INFO]     HTML 크기: 402220 bytes
2026-03-17 14:04:20 [INFO]     OaLkxeV3 포함: True
2026-03-17 14:04:20 [INFO]     GOWcekJV4 포함: True
2026-03-17 14:04:20 [INFO]     카드 발견: 21개
2026-03-17 14:04:20 [INFO]     카드 파싱 성공: 17건
2026-03-17 14:04:20 [INFO]     2025.12 p2: +16건 (페이지 17건)
2026-03-17 14:04:23 [INFO]     HTML 크기: 363552 bytes
2026-03-17 14:04:23 [INFO]     OaLkxeV3 포함: True
2026-03-17 14:04:23 [INFO]     GOWcekJV4 포함: True
2026-03-17 14:04:23 [INFO]     카드 발견: 12개
2026-03-17 14:04:23 [INFO]     카드 파싱 성공: 12건
2026-03-17 14:04:23 [INFO]     2025.12 p3: +12건 (페이지 12건)
2026-03-17 14:04:25 [INFO]     HTML 크기: 323620 bytes
2026-03-17 14:04:25 [INFO]     OaLkxeV3 포함: True
2026-03-17 14:04:25 [INFO]     GOWcekJV4 포함: True
2026-03-17 14:04:25 [INFO]     카드 발견: 3개
2026-03-17 14:04:25 [INFO]     카드 파싱 성공: 3건
2026-03-17 14:04:25 [INFO]     2025.12 p4: +3건 (페이지 3건)
2026-03-17 14:04:27 [INFO]     HTML 크기: 345573 bytes
2026-03-17 14:04:27 [INFO]     OaLkxeV3 포함: True
2026-03-17 14:04:27 [INFO]     GOWcekJV4 포함: True
2026-03-17 14:04:27 [INFO]     카드 발견: 8개
2026-03-17 14:04:27 [INFO]     카드 파싱 성공: 7건
2026-03-17 14:04:27 [INFO]     2025.12 p5: +7건 (페이지 7건)
2026-03-17 14:04:28 [INFO]     HTML 크기: 333429 bytes
2026-03-17 14:04:28 [INFO]     OaLkxeV3 포함: True
2026-03-17 14:04:28 [INFO]     GOWcekJV4 포함: True
2026-03-17 14:04:28 [INFO]     카드 발견: 5개
2026-03-17 14:04:28 [INFO]     카드 파싱 성공: 4건
2026-03-17 14:04:28 [INFO]     2025.12 p6: +4건 (페이지 4건)
2026-03-17 14:04:30 [INFO]     HTML 크기: 314505 bytes
2026-03-17 14:04:30 [INFO]     OaLkxeV3 포함: True
2026-03-17 14:04:30 [INFO]     GOWcekJV4 포함: True
2026-03-17 14:04:30 [INFO]     카드 발견: 1개
2026-03-17 14:04:30 [INFO]     카드 파싱 성공: 1건
2026-03-17 14:04:30 [INFO]     2025.12 p7: +1건 (페이지 1건)
2026-03-17 14:04:32 [INFO]     HTML 크기: 315253 bytes
2026-03-17 14:04:32 [INFO]     OaLkxeV3 포함: True
2026-03-17 14:04:32 [INFO]     GOWcekJV4 포함: True
2026-03-17 14:04:32 [INFO]     카드 발견: 1개
2026-03-17 14:04:32 [INFO]     카드 파싱 성공: 1건
2026-03-17 14:04:32 [INFO]     2025.12 p8: +1건 (페이지 1건)
2026-03-17 14:04:34 [INFO]     HTML 크기: 316956 bytes
2026-03-17 14:04:34 [INFO]     OaLkxeV3 포함: True
2026-03-17 14:04:34 [INFO]     GOWcekJV4 포함: True
2026-03-17 14:04:34 [INFO]     카드 발견: 2개
2026-03-17 14:04:34 [INFO]     카드 파싱 성공: 2건
2026-03-17 14:04:34 [INFO]     2025.12 p9: +2건 (페이지 2건)
2026-03-17 14:04:36 [INFO]     HTML 크기: 322277 bytes
2026-03-17 14:04:36 [INFO]     OaLkxeV3 포함: True
2026-03-17 14:04:36 [INFO]     GOWcekJV4 포함: True
2026-03-17 14:04:36 [INFO]     카드 발견: 3개
2026-03-17 14:04:36 [INFO]     카드 파싱 성공: 3건
2026-03-17 14:04:36 [INFO]     2025.12 p10: +3건 (페이지 3건)
2026-03-17 14:04:38 [INFO]     HTML 크기: 379173 bytes
2026-03-17 14:04:38 [INFO]     OaLkxeV3 포함: True
2026-03-17 14:04:38 [INFO]     GOWcekJV4 포함: True
2026-03-17 14:04:38 [INFO]     카드 발견: 19개
2026-03-17 14:04:38 [INFO]     카드 파싱 성공: 5건
2026-03-17 14:04:38 [INFO]     2025.12 p11: +4건 (페이지 5건)
2026-03-17 14:04:40 [INFO]     HTML 크기: 361475 bytes
2026-03-17 14:04:40 [INFO]     OaLkxeV3 포함: True
2026-03-17 14:04:40 [INFO]     GOWcekJV4 포함: True
2026-03-17 14:04:40 [INFO]     카드 발견: 13개
2026-03-17 14:04:40 [INFO]     카드 파싱 성공: 6건
2026-03-17 14:04:40 [INFO]     2025.12 p12: +2건 (페이지 6건)
2026-03-17 14:04:42 [INFO]     HTML 크기: 380864 bytes
2026-03-17 14:04:42 [INFO]     OaLkxeV3 포함: True
2026-03-17 14:04:42 [INFO]     GOWcekJV4 포함: True
2026-03-17 14:04:42 [INFO]     카드 발견: 18개
2026-03-17 14:04:42 [INFO]     카드 파싱 성공: 7건
2026-03-17 14:04:42 [INFO]     2025.12 p13: +1건 (페이지 7건)
2026-03-17 14:04:44 [INFO]     HTML 크기: 390540 bytes
2026-03-17 14:04:44 [INFO]     OaLkxeV3 포함: True
2026-03-17 14:04:44 [INFO]     GOWcekJV4 포함: True
2026-03-17 14:04:44 [INFO]     카드 발견: 21개
2026-03-17 14:04:44 [INFO]     카드 파싱 성공: 7건
2026-03-17 14:04:44 [INFO]     2025.12 p14: +2건 (페이지 7건)
2026-03-17 14:04:46 [INFO]     HTML 크기: 417602 bytes
2026-03-17 14:04:46 [INFO]     OaLkxeV3 포함: True
2026-03-17 14:04:46 [INFO]     GOWcekJV4 포함: True
2026-03-17 14:04:46 [INFO]     카드 발견: 28개
2026-03-17 14:04:46 [INFO]     카드 파싱 성공: 12건
2026-03-17 14:04:46 [INFO]     2025.12 p15: +4건 (페이지 12건)
2026-03-17 14:04:48 [INFO]     HTML 크기: 386321 bytes
2026-03-17 14:04:48 [INFO]     OaLkxeV3 포함: True
2026-03-17 14:04:48 [INFO]     GOWcekJV4 포함: True
2026-03-17 14:04:48 [INFO]     카드 발견: 21개
2026-03-17 14:04:48 [INFO]     카드 파싱 성공: 4건
2026-03-17 14:04:48 [INFO]     2025.12 p16: +2건 (페이지 4건)
2026-03-17 14:04:50 [INFO]     HTML 크기: 380885 bytes
2026-03-17 14:04:50 [INFO]     OaLkxeV3 포함: True
2026-03-17 14:04:50 [INFO]     GOWcekJV4 포함: True
2026-03-17 14:04:50 [INFO]     카드 발견: 19개
2026-03-17 14:04:50 [INFO]     카드 파싱 성공: 5건
2026-03-17 14:04:50 [INFO]     2025.12 p17: +1건 (페이지 5건)
2026-03-17 14:04:52 [INFO]     HTML 크기: 380845 bytes
2026-03-17 14:04:52 [INFO]     OaLkxeV3 포함: True
2026-03-17 14:04:52 [INFO]     GOWcekJV4 포함: True
2026-03-17 14:04:52 [INFO]     카드 발견: 19개
2026-03-17 14:04:52 [INFO]     카드 파싱 성공: 5건
2026-03-17 14:04:52 [INFO]     2025.12 p18: +1건 (페이지 5건)
2026-03-17 14:04:54 [INFO]     HTML 크기: 409946 bytes
2026-03-17 14:04:54 [INFO]     OaLkxeV3 포함: True
2026-03-17 14:04:54 [INFO]     GOWcekJV4 포함: True
2026-03-17 14:04:54 [INFO]     카드 발견: 28개
2026-03-17 14:04:54 [INFO]     카드 파싱 성공: 5건
2026-03-17 14:04:54 [INFO]     2025.12 p19: +0건 (페이지 5건)
2026-03-17 14:04:55 [INFO]   2025.12 완료: +78건 (누적 3006개)
2026-03-17 14:04:55 [INFO] [Phase 1] 완료 - 후보 URL: 3006개
2026-03-17 14:04:55 [INFO] 
[Phase 2] 본문 스크래핑 (후보 3006건, 목표 추가 7000건)
2026-03-17 14:11:13 [INFO] 체크포인트 저장: 200건
2026-03-17 14:17:47 [INFO] 체크포인트 저장: 400건
2026-03-17 14:24:32 [INFO] 체크포인트 저장: 600건
2026-03-17 14:30:59 [INFO] 체크포인트 저장: 800건
2026-03-17 14:37:36 [INFO] 체크포인트 저장: 1000건
2026-03-17 14:43:31 [INFO] 체크포인트 저장: 1200건
2026-03-17 14:48:58 [INFO] 체크포인트 저장: 1400건
2026-03-17 14:54:15 [INFO] 체크포인트 저장: 1600건
2026-03-17 14:59:53 [INFO] 체크포인트 저장: 1800건
2026-03-17 15:05:11 [INFO] 체크포인트 저장: 2000건
2026-03-17 15:10:27 [INFO] 체크포인트 저장: 2200건
2026-03-17 15:15:43 [INFO] 체크포인트 저장: 2400건
2026-03-17 15:21:06 [INFO] 체크포인트 저장: 2600건
2026-03-17 15:26:36 [INFO] 체크포인트 저장: 2800건
2026-03-17 15:29:40 [INFO] [Phase 2] 완료 - 최종: 2913건
2026-03-17 15:29:40 [INFO] 저장 완료: C:\Users\wf\Downloads\졸작\naver_samsung_news_raw.csv
2026-03-17 15:29:40 [INFO] ============================================================
2026-03-17 15:29:40 [INFO] 완료 | 2913건 | 101분 33초
2026-03-17 15:29:40 [INFO] ============================================================
2026-03-23 10:06:45 [INFO] ============================================================
2026-03-23 10:06:45 [INFO] 네이버 뉴스 크롤러
2026-03-23 10:06:45 [INFO]   검색어 : 삼성전자 | 기간: 2022-01-01 ~ 2025-12-31 | 목표: 7000건
2026-03-23 10:06:45 [INFO] ============================================================
2026-03-23 10:06:45 [INFO] 총 48개월 | 이미 수집: 0건
2026-03-23 10:06:45 [INFO] 
[Phase 1] URL 수집 시작
2026-03-23 10:06:45 [INFO]     HTML 크기: 353557 bytes
2026-03-23 10:06:45 [INFO]     OaLkxeV3 포함: False
2026-03-23 10:06:45 [INFO]     GOWcekJV4 포함: False
2026-03-23 10:06:45 [INFO]     카드 발견: 0개
2026-03-23 10:06:45 [INFO]     카드 파싱 0건 -> 링크 직접 수집 폴백
2026-03-23 10:06:45 [INFO]     CLS_NAVER_LINK 링크: 0개
2026-03-23 10:06:45 [INFO]     2022.01 p1: 0건 (연속 빈 1회)
2026-03-23 10:06:47 [INFO]     HTML 크기: 382414 bytes
2026-03-23 10:06:47 [INFO]     OaLkxeV3 포함: False
2026-03-23 10:06:47 [INFO]     GOWcekJV4 포함: False
2026-03-23 10:06:47 [INFO]     카드 발견: 0개
2026-03-23 10:06:47 [INFO]     카드 파싱 0건 -> 링크 직접 수집 폴백
2026-03-23 10:06:47 [INFO]     CLS_NAVER_LINK 링크: 0개
2026-03-23 10:06:47 [INFO]     2022.01 p2: 0건 (연속 빈 2회)
2026-03-23 10:06:49 [INFO]     HTML 크기: 368809 bytes
2026-03-23 10:06:49 [INFO]     OaLkxeV3 포함: False
2026-03-23 10:06:49 [INFO]     GOWcekJV4 포함: False
2026-03-23 10:06:49 [INFO]     카드 발견: 0개
2026-03-23 10:06:49 [INFO]     카드 파싱 0건 -> 링크 직접 수집 폴백
2026-03-23 10:06:49 [INFO]     CLS_NAVER_LINK 링크: 0개
2026-03-23 10:06:49 [INFO]     2022.01 p3: 0건 (연속 빈 3회)
2026-03-23 10:06:49 [INFO]   2022.01 완료: +0건 (누적 0개)
2026-03-23 10:06:49 [INFO]     HTML 크기: 411150 bytes
2026-03-23 10:06:49 [INFO]     OaLkxeV3 포함: False
2026-03-23 10:06:49 [INFO]     GOWcekJV4 포함: False
2026-03-23 10:06:49 [INFO]     카드 발견: 0개
2026-03-23 10:06:49 [INFO]     카드 파싱 0건 -> 링크 직접 수집 폴백
2026-03-23 10:06:49 [INFO]     CLS_NAVER_LINK 링크: 0개
2026-03-23 10:06:49 [INFO]     2022.02 p1: 0건 (연속 빈 1회)
2026-03-23 10:06:51 [INFO]     HTML 크기: 406892 bytes
2026-03-23 10:06:51 [INFO]     OaLkxeV3 포함: False
2026-03-23 10:06:51 [INFO]     GOWcekJV4 포함: False
2026-03-23 10:06:51 [INFO]     카드 발견: 0개
2026-03-23 10:06:51 [INFO]     카드 파싱 0건 -> 링크 직접 수집 폴백
2026-03-23 10:06:51 [INFO]     CLS_NAVER_LINK 링크: 0개
2026-03-23 10:06:51 [INFO]     2022.02 p2: 0건 (연속 빈 2회)
2026-03-23 10:06:52 [INFO] 중단 - 수집된 URL로 Phase 2 진행
2026-03-23 10:06:52 [INFO] [Phase 1] 완료 - 후보 URL: 0개
2026-03-23 10:06:52 [ERROR] URL 수집 0건!
  가능한 원인:
  1) 네이버 클래스명 변경 -> CLS_CARD / CLS_TITLE 확인
  2) 봇 차단 -> SLEEP_MIN/MAX 늘리기
  3) 네트워크 오류 -> crawler.log 확인
2026-03-23 10:06:52 [WARNING] 수집 0건 - CSV 저장 생략
2026-03-23 10:06:52 [INFO] ============================================================
2026-03-23 10:06:52 [INFO] 완료 | 0건 | 0분 6초
2026-03-23 10:06:52 [INFO] ============================================================
2026-03-23 10:12:20 [INFO] ============================================================
2026-03-23 10:12:20 [INFO] 네이버 뉴스 크롤러
2026-03-23 10:12:20 [INFO]   검색어 : 삼성전자 | 기간: 2022-01-01 ~ 2025-12-31 | 목표: 7000건
2026-03-23 10:12:20 [INFO] ============================================================
2026-03-23 10:12:20 [INFO] 총 48개월 | 이미 수집: 0건
2026-03-23 10:12:20 [INFO] 
[Phase 1] URL 수집 시작
2026-03-23 10:12:21 [INFO]     HTML 크기: 353558 bytes
2026-03-23 10:12:21 [INFO]     OaLkxeV3 포함: False
2026-03-23 10:12:21 [INFO]     GOWcekJV4 포함: False
2026-03-23 10:12:21 [INFO]     카드 발견: 10개
2026-03-23 10:12:21 [INFO]     카드 파싱 성공: 9건
2026-03-23 10:12:21 [INFO]     2022.01 p1: +9건 (페이지 9건)
2026-03-23 10:12:23 [INFO]     HTML 크기: 382415 bytes
2026-03-23 10:12:23 [INFO]     OaLkxeV3 포함: False
2026-03-23 10:12:23 [INFO]     GOWcekJV4 포함: False
2026-03-23 10:12:23 [INFO]     카드 발견: 10개
2026-03-23 10:12:23 [INFO]     카드 파싱 성공: 9건
2026-03-23 10:12:23 [INFO]     2022.01 p2: +7건 (페이지 9건)
2026-03-23 10:12:24 [INFO]     HTML 크기: 368810 bytes
2026-03-23 10:12:24 [INFO]     OaLkxeV3 포함: False
2026-03-23 10:12:24 [INFO]     GOWcekJV4 포함: False
2026-03-23 10:12:24 [INFO]     카드 발견: 10개
2026-03-23 10:12:24 [INFO]     카드 파싱 성공: 10건
2026-03-23 10:12:24 [INFO]     2022.01 p3: +10건 (페이지 10건)
2026-03-23 10:12:26 [INFO]     HTML 크기: 324938 bytes
2026-03-23 10:12:26 [INFO]     OaLkxeV3 포함: False
2026-03-23 10:12:26 [INFO]     GOWcekJV4 포함: False
2026-03-23 10:12:26 [INFO]     카드 발견: 10개
2026-03-23 10:12:26 [INFO]     카드 파싱 성공: 9건
2026-03-23 10:12:26 [INFO]     2022.01 p4: +9건 (페이지 9건)
2026-03-23 10:12:28 [INFO]     HTML 크기: 368275 bytes
2026-03-23 10:12:28 [INFO]     OaLkxeV3 포함: False
2026-03-23 10:12:28 [INFO]     GOWcekJV4 포함: False
2026-03-23 10:12:28 [INFO]     카드 발견: 10개
2026-03-23 10:12:28 [INFO]     카드 파싱 성공: 10건
2026-03-23 10:12:28 [INFO]     2022.01 p5: +10건 (페이지 10건)
2026-03-23 10:12:29 [INFO]     HTML 크기: 331343 bytes
2026-03-23 10:12:29 [INFO]     OaLkxeV3 포함: False
2026-03-23 10:12:29 [INFO]     GOWcekJV4 포함: False
2026-03-23 10:12:29 [INFO]     카드 발견: 10개
2026-03-23 10:12:29 [INFO]     카드 파싱 성공: 9건
2026-03-23 10:12:29 [INFO]     2022.01 p6: +9건 (페이지 9건)
2026-03-23 10:12:31 [INFO]     HTML 크기: 320481 bytes
2026-03-23 10:12:31 [INFO]     OaLkxeV3 포함: False
2026-03-23 10:12:31 [INFO]     GOWcekJV4 포함: False
2026-03-23 10:12:31 [INFO]     카드 발견: 10개
2026-03-23 10:12:31 [INFO]     카드 파싱 성공: 9건
2026-03-23 10:12:31 [INFO]     2022.01 p7: +9건 (페이지 9건)
2026-03-23 10:12:33 [INFO]     HTML 크기: 321755 bytes
2026-03-23 10:12:33 [INFO]     OaLkxeV3 포함: False
2026-03-23 10:12:33 [INFO]     GOWcekJV4 포함: False
2026-03-23 10:12:33 [INFO]     카드 발견: 10개
2026-03-23 10:12:33 [INFO]     카드 파싱 성공: 7건
2026-03-23 10:12:33 [INFO]     2022.01 p8: +7건 (페이지 7건)
2026-03-23 10:12:35 [INFO]     HTML 크기: 337657 bytes
2026-03-23 10:12:35 [INFO]     OaLkxeV3 포함: False
2026-03-23 10:12:35 [INFO]     GOWcekJV4 포함: False
2026-03-23 10:12:35 [INFO]     카드 발견: 10개
2026-03-23 10:12:35 [INFO]     카드 파싱 성공: 10건
2026-03-23 10:12:35 [INFO]     2022.01 p9: +10건 (페이지 10건)
2026-03-23 10:12:37 [INFO]     HTML 크기: 336711 bytes
2026-03-23 10:12:37 [INFO]     OaLkxeV3 포함: False
2026-03-23 10:12:37 [INFO]     GOWcekJV4 포함: False
2026-03-23 10:12:37 [INFO]     카드 발견: 10개
2026-03-23 10:12:37 [INFO]     카드 파싱 성공: 9건
2026-03-23 10:12:37 [INFO]     2022.01 p10: +9건 (페이지 9건)
2026-03-23 10:12:39 [INFO]     HTML 크기: 418872 bytes
2026-03-23 10:12:39 [INFO]     OaLkxeV3 포함: False
2026-03-23 10:12:39 [INFO]     GOWcekJV4 포함: False
2026-03-23 10:12:39 [INFO]     카드 발견: 10개
2026-03-23 10:12:39 [INFO]     카드 파싱 성공: 10건
2026-03-23 10:12:39 [INFO]     2022.01 p11: +6건 (페이지 10건)
2026-03-23 10:12:40 [INFO]     HTML 크기: 415126 bytes
2026-03-23 10:12:40 [INFO]     OaLkxeV3 포함: False
2026-03-23 10:12:40 [INFO]     GOWcekJV4 포함: False
2026-03-23 10:12:40 [INFO]     카드 발견: 10개
2026-03-23 10:12:40 [INFO]     카드 파싱 성공: 10건
2026-03-23 10:12:40 [INFO]     2022.01 p12: +5건 (페이지 10건)
2026-03-23 10:12:42 [INFO]     HTML 크기: 414140 bytes
2026-03-23 10:12:42 [INFO]     OaLkxeV3 포함: False
2026-03-23 10:12:42 [INFO]     GOWcekJV4 포함: False
2026-03-23 10:12:42 [INFO]     카드 발견: 10개
2026-03-23 10:12:42 [INFO]     카드 파싱 성공: 9건
2026-03-23 10:12:42 [INFO]     2022.01 p13: +6건 (페이지 9건)
2026-03-23 10:12:44 [INFO]     HTML 크기: 409081 bytes
2026-03-23 10:12:44 [INFO]     OaLkxeV3 포함: False
2026-03-23 10:12:44 [INFO]     GOWcekJV4 포함: False
2026-03-23 10:12:44 [INFO]     카드 발견: 10개
2026-03-23 10:12:44 [INFO]     카드 파싱 성공: 10건
2026-03-23 10:12:44 [INFO]     2022.01 p14: +2건 (페이지 10건)
2026-03-23 10:12:46 [INFO]     HTML 크기: 359742 bytes
2026-03-23 10:12:46 [INFO]     OaLkxeV3 포함: False
2026-03-23 10:12:46 [INFO]     GOWcekJV4 포함: False
2026-03-23 10:12:46 [INFO]     카드 발견: 10개
2026-03-23 10:12:46 [INFO]     카드 파싱 성공: 8건
2026-03-23 10:12:46 [INFO]     2022.01 p15: +6건 (페이지 8건)
2026-03-23 10:12:47 [INFO]     HTML 크기: 408297 bytes
2026-03-23 10:12:47 [INFO]     OaLkxeV3 포함: False
2026-03-23 10:12:47 [INFO]     GOWcekJV4 포함: False
2026-03-23 10:12:47 [INFO]     카드 발견: 10개
2026-03-23 10:12:47 [INFO]     카드 파싱 성공: 8건
2026-03-23 10:12:47 [INFO]     2022.01 p16: +6건 (페이지 8건)
2026-03-23 10:12:49 [INFO]     HTML 크기: 357256 bytes
2026-03-23 10:12:49 [INFO]     OaLkxeV3 포함: False
2026-03-23 10:12:49 [INFO]     GOWcekJV4 포함: False
2026-03-23 10:12:49 [INFO]     카드 발견: 10개
2026-03-23 10:12:49 [INFO]     카드 파싱 성공: 8건
2026-03-23 10:12:49 [INFO]     2022.01 p17: +3건 (페이지 8건)
2026-03-23 10:12:51 [INFO]     HTML 크기: 414213 bytes
2026-03-23 10:12:51 [INFO]     OaLkxeV3 포함: False
2026-03-23 10:12:51 [INFO]     GOWcekJV4 포함: False
2026-03-23 10:12:51 [INFO]     카드 발견: 10개
2026-03-23 10:12:51 [INFO]     카드 파싱 성공: 10건
2026-03-23 10:12:51 [INFO]     2022.01 p18: +8건 (페이지 10건)
2026-03-23 10:12:53 [INFO]     HTML 크기: 414525 bytes
2026-03-23 10:12:53 [INFO]     OaLkxeV3 포함: False
2026-03-23 10:12:53 [INFO]     GOWcekJV4 포함: False
2026-03-23 10:12:53 [INFO]     카드 발견: 10개
2026-03-23 10:12:53 [INFO]     카드 파싱 성공: 9건
2026-03-23 10:12:53 [INFO]     2022.01 p19: +5건 (페이지 9건)
2026-03-23 10:12:54 [INFO]     HTML 크기: 374474 bytes
2026-03-23 10:12:54 [INFO]     OaLkxeV3 포함: False
2026-03-23 10:12:54 [INFO]     GOWcekJV4 포함: False
2026-03-23 10:12:54 [INFO]     카드 발견: 10개
2026-03-23 10:12:54 [INFO]     카드 파싱 성공: 8건
2026-03-23 10:12:54 [INFO]     2022.01 p20: +4건 (페이지 8건)
2026-03-23 10:12:56 [INFO]     HTML 크기: 399622 bytes
2026-03-23 10:12:56 [INFO]     OaLkxeV3 포함: False
2026-03-23 10:12:56 [INFO]     GOWcekJV4 포함: False
2026-03-23 10:12:56 [INFO]     카드 발견: 10개
2026-03-23 10:12:56 [INFO]     카드 파싱 성공: 9건
2026-03-23 10:12:56 [INFO]     2022.01 p21: +6건 (페이지 9건)
2026-03-23 10:12:58 [INFO]     HTML 크기: 357872 bytes
2026-03-23 10:12:58 [INFO]     OaLkxeV3 포함: False
2026-03-23 10:12:58 [INFO]     GOWcekJV4 포함: False
2026-03-23 10:12:58 [INFO]     카드 발견: 10개
2026-03-23 10:12:58 [INFO]     카드 파싱 성공: 10건
2026-03-23 10:12:58 [INFO]     2022.01 p22: +4건 (페이지 10건)
2026-03-23 10:12:59 [INFO]     HTML 크기: 392321 bytes
2026-03-23 10:12:59 [INFO]     OaLkxeV3 포함: False
2026-03-23 10:12:59 [INFO]     GOWcekJV4 포함: False
2026-03-23 10:12:59 [INFO]     카드 발견: 10개
2026-03-23 10:12:59 [INFO]     카드 파싱 성공: 8건
2026-03-23 10:12:59 [INFO]     2022.01 p23: +5건 (페이지 8건)
2026-03-23 10:13:01 [INFO]     HTML 크기: 394649 bytes
2026-03-23 10:13:01 [INFO]     OaLkxeV3 포함: False
2026-03-23 10:13:01 [INFO]     GOWcekJV4 포함: False
2026-03-23 10:13:01 [INFO]     카드 발견: 10개
2026-03-23 10:13:01 [INFO]     카드 파싱 성공: 6건
2026-03-23 10:13:01 [INFO]     2022.01 p24: +4건 (페이지 6건)
2026-03-23 10:13:03 [INFO]     HTML 크기: 378073 bytes
2026-03-23 10:13:03 [INFO]     OaLkxeV3 포함: False
2026-03-23 10:13:03 [INFO]     GOWcekJV4 포함: False
2026-03-23 10:13:03 [INFO]     카드 발견: 10개
2026-03-23 10:13:03 [INFO]     카드 파싱 성공: 7건
2026-03-23 10:13:03 [INFO]     2022.01 p25: +4건 (페이지 7건)
2026-03-23 10:13:04 [INFO]     HTML 크기: 364529 bytes
2026-03-23 10:13:04 [INFO]     OaLkxeV3 포함: False
2026-03-23 10:13:04 [INFO]     GOWcekJV4 포함: False
2026-03-23 10:13:04 [INFO]     카드 발견: 10개
2026-03-23 10:13:04 [INFO]     카드 파싱 성공: 8건
2026-03-23 10:13:04 [INFO]     2022.01 p26: +4건 (페이지 8건)
2026-03-23 10:13:06 [INFO]     HTML 크기: 343032 bytes
2026-03-23 10:13:06 [INFO]     OaLkxeV3 포함: False
2026-03-23 10:13:06 [INFO]     GOWcekJV4 포함: False
2026-03-23 10:13:06 [INFO]     카드 발견: 10개
2026-03-23 10:13:06 [INFO]     카드 파싱 성공: 10건
2026-03-23 10:13:06 [INFO]     2022.01 p27: +6건 (페이지 10건)
2026-03-23 10:13:08 [INFO]     HTML 크기: 403060 bytes
2026-03-23 10:13:08 [INFO]     OaLkxeV3 포함: False
2026-03-23 10:13:08 [INFO]     GOWcekJV4 포함: False
2026-03-23 10:13:08 [INFO]     카드 발견: 10개
2026-03-23 10:13:08 [INFO]     카드 파싱 성공: 7건
2026-03-23 10:13:08 [INFO]     2022.01 p28: +6건 (페이지 7건)
2026-03-23 10:13:10 [INFO]     HTML 크기: 394709 bytes
2026-03-23 10:13:10 [INFO]     OaLkxeV3 포함: False
2026-03-23 10:13:10 [INFO]     GOWcekJV4 포함: False
2026-03-23 10:13:10 [INFO]     카드 발견: 10개
2026-03-23 10:13:10 [INFO]     카드 파싱 성공: 9건
2026-03-23 10:13:10 [INFO]     2022.01 p29: +8건 (페이지 9건)
2026-03-23 10:13:11 [INFO]     HTML 크기: 387522 bytes
2026-03-23 10:13:11 [INFO]     OaLkxeV3 포함: False
2026-03-23 10:13:11 [INFO]     GOWcekJV4 포함: False
2026-03-23 10:13:11 [INFO]     카드 발견: 10개
2026-03-23 10:13:11 [INFO]     카드 파싱 성공: 7건
2026-03-23 10:13:11 [INFO]     2022.01 p30: +2건 (페이지 7건)
2026-03-23 10:13:13 [INFO]     HTML 크기: 384204 bytes
2026-03-23 10:13:13 [INFO]     OaLkxeV3 포함: False
2026-03-23 10:13:13 [INFO]     GOWcekJV4 포함: False
2026-03-23 10:13:13 [INFO]     카드 발견: 10개
2026-03-23 10:13:13 [INFO]     카드 파싱 성공: 9건
2026-03-23 10:13:13 [INFO]     2022.01 p31: +7건 (페이지 9건)
2026-03-23 10:13:15 [INFO]     HTML 크기: 390628 bytes
2026-03-23 10:13:15 [INFO]     OaLkxeV3 포함: False
2026-03-23 10:13:15 [INFO]     GOWcekJV4 포함: False
2026-03-23 10:13:15 [INFO]     카드 발견: 10개
2026-03-23 10:13:15 [INFO]     카드 파싱 성공: 7건
2026-03-23 10:13:15 [INFO]     2022.01 p32: +5건 (페이지 7건)
2026-03-23 10:13:16 [INFO]     HTML 크기: 371359 bytes
2026-03-23 10:13:16 [INFO]     OaLkxeV3 포함: False
2026-03-23 10:13:16 [INFO]     GOWcekJV4 포함: False
2026-03-23 10:13:16 [INFO]     카드 발견: 10개
2026-03-23 10:13:16 [INFO]     카드 파싱 성공: 9건
2026-03-23 10:13:16 [INFO]     2022.01 p33: +4건 (페이지 9건)
2026-03-23 10:13:18 [INFO]     HTML 크기: 364329 bytes
2026-03-23 10:13:18 [INFO]     OaLkxeV3 포함: False
2026-03-23 10:13:18 [INFO]     GOWcekJV4 포함: False
2026-03-23 10:13:18 [INFO]     카드 발견: 10개
2026-03-23 10:13:18 [INFO]     카드 파싱 성공: 9건
2026-03-23 10:13:18 [INFO]     2022.01 p34: +4건 (페이지 9건)
2026-03-23 10:13:19 [INFO]     HTML 크기: 404057 bytes
2026-03-23 10:13:19 [INFO]     OaLkxeV3 포함: False
2026-03-23 10:13:19 [INFO]     GOWcekJV4 포함: False
2026-03-23 10:13:19 [INFO]     카드 발견: 10개
2026-03-23 10:13:19 [INFO]     카드 파싱 성공: 6건
2026-03-23 10:13:19 [INFO]     2022.01 p35: +3건 (페이지 6건)
2026-03-23 10:13:20 [INFO]     HTML 크기: 407139 bytes
2026-03-23 10:13:20 [INFO]     OaLkxeV3 포함: False
2026-03-23 10:13:20 [INFO]     GOWcekJV4 포함: False
2026-03-23 10:13:20 [INFO]     카드 발견: 10개
2026-03-23 10:13:20 [INFO]     카드 파싱 성공: 6건
2026-03-23 10:13:20 [INFO]     2022.01 p36: +5건 (페이지 6건)
2026-03-23 10:13:22 [INFO]     HTML 크기: 391044 bytes
2026-03-23 10:13:22 [INFO]     OaLkxeV3 포함: False
2026-03-23 10:13:22 [INFO]     GOWcekJV4 포함: False
2026-03-23 10:13:22 [INFO]     카드 발견: 10개
2026-03-23 10:13:22 [INFO]     카드 파싱 성공: 7건
2026-03-23 10:13:22 [INFO]     2022.01 p37: +4건 (페이지 7건)
2026-03-23 10:13:24 [INFO]     HTML 크기: 390887 bytes
2026-03-23 10:13:24 [INFO]     OaLkxeV3 포함: False
2026-03-23 10:13:24 [INFO]     GOWcekJV4 포함: False
2026-03-23 10:13:24 [INFO]     카드 발견: 10개
2026-03-23 10:13:24 [INFO]     카드 파싱 성공: 9건
2026-03-23 10:13:24 [INFO]     2022.01 p38: +6건 (페이지 9건)
2026-03-23 10:13:26 [INFO]     HTML 크기: 374316 bytes
2026-03-23 10:13:26 [INFO]     OaLkxeV3 포함: False
2026-03-23 10:13:26 [INFO]     GOWcekJV4 포함: False
2026-03-23 10:13:26 [INFO]     카드 발견: 10개
2026-03-23 10:13:26 [INFO]     카드 파싱 성공: 7건
2026-03-23 10:13:26 [INFO]     2022.01 p39: +4건 (페이지 7건)
2026-03-23 10:13:27 [INFO]     HTML 크기: 379036 bytes
2026-03-23 10:13:27 [INFO]     OaLkxeV3 포함: False
2026-03-23 10:13:27 [INFO]     GOWcekJV4 포함: False
2026-03-23 10:13:27 [INFO]     카드 발견: 10개
2026-03-23 10:13:27 [INFO]     카드 파싱 성공: 8건
2026-03-23 10:13:27 [INFO]     2022.01 p40: +6건 (페이지 8건)
2026-03-23 10:13:28 [INFO]   2022.01 완료: +237건 (누적 237개)
2026-03-23 10:13:29 [INFO]     HTML 크기: 411151 bytes
2026-03-23 10:13:29 [INFO]     OaLkxeV3 포함: False
2026-03-23 10:13:29 [INFO]     GOWcekJV4 포함: False
2026-03-23 10:13:29 [INFO]     카드 발견: 10개
2026-03-23 10:13:29 [INFO]     카드 파싱 성공: 10건
2026-03-23 10:13:29 [INFO]     2022.02 p1: +10건 (페이지 10건)
2026-03-23 10:13:31 [INFO]     HTML 크기: 406901 bytes
2026-03-23 10:13:31 [INFO]     OaLkxeV3 포함: False
2026-03-23 10:13:31 [INFO]     GOWcekJV4 포함: False
2026-03-23 10:13:31 [INFO]     카드 발견: 10개
2026-03-23 10:13:31 [INFO]     카드 파싱 성공: 10건
2026-03-23 10:13:31 [INFO]     2022.02 p2: +10건 (페이지 10건)
2026-03-23 10:13:32 [INFO]     HTML 크기: 326917 bytes
2026-03-23 10:13:32 [INFO]     OaLkxeV3 포함: False
2026-03-23 10:13:32 [INFO]     GOWcekJV4 포함: False
2026-03-23 10:13:32 [INFO]     카드 발견: 10개
2026-03-23 10:13:32 [INFO]     카드 파싱 성공: 7건
2026-03-23 10:13:32 [INFO]     2022.02 p3: +7건 (페이지 7건)
2026-03-23 10:13:34 [INFO]     HTML 크기: 304789 bytes
2026-03-23 10:13:34 [INFO]     OaLkxeV3 포함: False
2026-03-23 10:13:34 [INFO]     GOWcekJV4 포함: False
2026-03-23 10:13:34 [INFO]     카드 발견: 10개
2026-03-23 10:13:34 [INFO]     카드 파싱 성공: 3건
2026-03-23 10:13:34 [INFO]     2022.02 p4: +3건 (페이지 3건)
2026-03-23 10:13:35 [INFO]     HTML 크기: 307219 bytes
2026-03-23 10:13:35 [INFO]     OaLkxeV3 포함: False
2026-03-23 10:13:35 [INFO]     GOWcekJV4 포함: False
2026-03-23 10:13:35 [INFO]     카드 발견: 10개
2026-03-23 10:13:35 [INFO]     카드 파싱 성공: 5건
2026-03-23 10:13:35 [INFO]     2022.02 p5: +5건 (페이지 5건)
2026-03-23 10:13:37 [INFO]     HTML 크기: 308174 bytes
2026-03-23 10:13:37 [INFO]     OaLkxeV3 포함: False
2026-03-23 10:13:37 [INFO]     GOWcekJV4 포함: False
2026-03-23 10:13:37 [INFO]     카드 발견: 10개
2026-03-23 10:13:37 [INFO]     카드 파싱 성공: 6건
2026-03-23 10:13:37 [INFO]     2022.02 p6: +6건 (페이지 6건)
2026-03-23 10:13:38 [INFO]     HTML 크기: 308401 bytes
2026-03-23 10:13:38 [INFO]     OaLkxeV3 포함: False
2026-03-23 10:13:38 [INFO]     GOWcekJV4 포함: False
2026-03-23 10:13:38 [INFO]     카드 발견: 10개
2026-03-23 10:13:38 [INFO]     카드 파싱 성공: 5건
2026-03-23 10:13:38 [INFO]     2022.02 p7: +5건 (페이지 5건)
2026-03-23 10:13:40 [INFO]     HTML 크기: 308655 bytes
2026-03-23 10:13:40 [INFO]     OaLkxeV3 포함: False
2026-03-23 10:13:40 [INFO]     GOWcekJV4 포함: False
2026-03-23 10:13:40 [INFO]     카드 발견: 10개
2026-03-23 10:13:40 [INFO]     카드 파싱 성공: 8건
2026-03-23 10:13:40 [INFO]     2022.02 p8: +8건 (페이지 8건)
2026-03-23 10:13:41 [INFO]     HTML 크기: 307429 bytes
2026-03-23 10:13:41 [INFO]     OaLkxeV3 포함: False
2026-03-23 10:13:41 [INFO]     GOWcekJV4 포함: False
2026-03-23 10:13:41 [INFO]     카드 발견: 10개
2026-03-23 10:13:41 [INFO]     카드 파싱 성공: 5건
2026-03-23 10:13:41 [INFO]     2022.02 p9: +5건 (페이지 5건)
2026-03-23 10:13:43 [INFO]     HTML 크기: 308331 bytes
2026-03-23 10:13:43 [INFO]     OaLkxeV3 포함: False
2026-03-23 10:13:43 [INFO]     GOWcekJV4 포함: False
2026-03-23 10:13:43 [INFO]     카드 발견: 10개
2026-03-23 10:13:43 [INFO]     카드 파싱 성공: 6건
2026-03-23 10:13:43 [INFO]     2022.02 p10: +6건 (페이지 6건)
2026-03-23 10:13:45 [INFO]     HTML 크기: 412556 bytes
2026-03-23 10:13:45 [INFO]     OaLkxeV3 포함: False
2026-03-23 10:13:45 [INFO]     GOWcekJV4 포함: False
2026-03-23 10:13:45 [INFO]     카드 발견: 10개
2026-03-23 10:13:45 [INFO]     카드 파싱 성공: 5건
2026-03-23 10:13:45 [INFO]     2022.02 p11: +5건 (페이지 5건)
2026-03-23 10:13:46 [INFO]     HTML 크기: 417649 bytes
2026-03-23 10:13:46 [INFO]     OaLkxeV3 포함: False
2026-03-23 10:13:46 [INFO]     GOWcekJV4 포함: False
2026-03-23 10:13:46 [INFO]     카드 발견: 10개
2026-03-23 10:13:46 [INFO]     카드 파싱 성공: 6건
2026-03-23 10:13:46 [INFO]     2022.02 p12: +2건 (페이지 6건)
2026-03-23 10:13:48 [INFO]     HTML 크기: 421816 bytes
2026-03-23 10:13:48 [INFO]     OaLkxeV3 포함: False
2026-03-23 10:13:48 [INFO]     GOWcekJV4 포함: False
2026-03-23 10:13:48 [INFO]     카드 발견: 10개
2026-03-23 10:13:48 [INFO]     카드 파싱 성공: 7건
2026-03-23 10:13:48 [INFO]     2022.02 p13: +2건 (페이지 7건)
2026-03-23 10:13:50 [INFO]     HTML 크기: 430528 bytes
2026-03-23 10:13:50 [INFO]     OaLkxeV3 포함: False
2026-03-23 10:13:50 [INFO]     GOWcekJV4 포함: False
2026-03-23 10:13:50 [INFO]     카드 발견: 10개
2026-03-23 10:13:50 [INFO]     카드 파싱 성공: 6건
2026-03-23 10:13:50 [INFO]     2022.02 p14: +5건 (페이지 6건)
2026-03-23 10:13:52 [INFO]     HTML 크기: 431425 bytes
2026-03-23 10:13:52 [INFO]     OaLkxeV3 포함: False
2026-03-23 10:13:52 [INFO]     GOWcekJV4 포함: False
2026-03-23 10:13:52 [INFO]     카드 발견: 10개
2026-03-23 10:13:52 [INFO]     카드 파싱 성공: 6건
2026-03-23 10:13:52 [INFO]     2022.02 p15: +2건 (페이지 6건)
2026-03-23 10:13:53 [INFO]     HTML 크기: 425015 bytes
2026-03-23 10:13:53 [INFO]     OaLkxeV3 포함: False
2026-03-23 10:13:53 [INFO]     GOWcekJV4 포함: False
2026-03-23 10:13:53 [INFO]     카드 발견: 10개
2026-03-23 10:13:53 [INFO]     카드 파싱 성공: 6건
2026-03-23 10:13:53 [INFO]     2022.02 p16: +2건 (페이지 6건)
2026-03-23 10:13:55 [INFO]     HTML 크기: 402926 bytes
2026-03-23 10:13:55 [INFO]     OaLkxeV3 포함: False
2026-03-23 10:13:55 [INFO]     GOWcekJV4 포함: False
2026-03-23 10:13:55 [INFO]     카드 발견: 10개
2026-03-23 10:13:55 [INFO]     카드 파싱 성공: 5건
2026-03-23 10:13:55 [INFO]     2022.02 p17: +3건 (페이지 5건)
2026-03-23 10:13:57 [INFO]     HTML 크기: 378161 bytes
2026-03-23 10:13:57 [INFO]     OaLkxeV3 포함: False
2026-03-23 10:13:57 [INFO]     GOWcekJV4 포함: False
2026-03-23 10:13:57 [INFO]     카드 발견: 10개
2026-03-23 10:13:57 [INFO]     카드 파싱 성공: 5건
2026-03-23 10:13:57 [INFO]     2022.02 p18: +2건 (페이지 5건)
2026-03-23 10:13:58 [INFO]     HTML 크기: 386547 bytes
2026-03-23 10:13:58 [INFO]     OaLkxeV3 포함: False
2026-03-23 10:13:58 [INFO]     GOWcekJV4 포함: False
2026-03-23 10:13:58 [INFO]     카드 발견: 10개
2026-03-23 10:13:58 [INFO]     카드 파싱 성공: 6건
2026-03-23 10:13:58 [INFO]     2022.02 p19: +3건 (페이지 6건)
2026-03-23 10:14:00 [INFO]     HTML 크기: 405761 bytes
2026-03-23 10:14:00 [INFO]     OaLkxeV3 포함: False
2026-03-23 10:14:00 [INFO]     GOWcekJV4 포함: False
2026-03-23 10:14:00 [INFO]     카드 발견: 10개
2026-03-23 10:14:00 [INFO]     카드 파싱 성공: 8건
2026-03-23 10:14:00 [INFO]     2022.02 p20: +4건 (페이지 8건)
2026-03-23 10:14:02 [INFO]     HTML 크기: 401026 bytes
2026-03-23 10:14:02 [INFO]     OaLkxeV3 포함: False
2026-03-23 10:14:02 [INFO]     GOWcekJV4 포함: False
2026-03-23 10:14:02 [INFO]     카드 발견: 10개
2026-03-23 10:14:02 [INFO]     카드 파싱 성공: 7건
2026-03-23 10:14:02 [INFO]     2022.02 p21: +1건 (페이지 7건)
2026-03-23 10:14:03 [INFO]     HTML 크기: 389499 bytes
2026-03-23 10:14:03 [INFO]     OaLkxeV3 포함: False
2026-03-23 10:14:03 [INFO]     GOWcekJV4 포함: False
2026-03-23 10:14:03 [INFO]     카드 발견: 10개
2026-03-23 10:14:03 [INFO]     카드 파싱 성공: 6건
2026-03-23 10:14:03 [INFO]     2022.02 p22: +1건 (페이지 6건)
2026-03-23 10:14:05 [INFO]     HTML 크기: 366321 bytes
2026-03-23 10:14:05 [INFO]     OaLkxeV3 포함: False
2026-03-23 10:14:05 [INFO]     GOWcekJV4 포함: False
2026-03-23 10:14:05 [INFO]     카드 발견: 10개
2026-03-23 10:14:05 [INFO]     카드 파싱 성공: 5건
2026-03-23 10:14:05 [INFO]     2022.02 p23: +4건 (페이지 5건)
2026-03-23 10:14:07 [INFO]     HTML 크기: 384655 bytes
2026-03-23 10:14:07 [INFO]     OaLkxeV3 포함: False
2026-03-23 10:14:07 [INFO]     GOWcekJV4 포함: False
2026-03-23 10:14:07 [INFO]     카드 발견: 10개
2026-03-23 10:14:07 [INFO]     카드 파싱 성공: 7건
2026-03-23 10:14:07 [INFO]     2022.02 p24: +4건 (페이지 7건)
2026-03-23 10:14:09 [INFO]     HTML 크기: 402430 bytes
2026-03-23 10:14:09 [INFO]     OaLkxeV3 포함: False
2026-03-23 10:14:09 [INFO]     GOWcekJV4 포함: False
2026-03-23 10:14:09 [INFO]     카드 발견: 10개
2026-03-23 10:14:09 [INFO]     카드 파싱 성공: 9건
2026-03-23 10:14:09 [INFO]     2022.02 p25: +3건 (페이지 9건)
2026-03-23 10:14:10 [INFO]     HTML 크기: 406554 bytes
2026-03-23 10:14:10 [INFO]     OaLkxeV3 포함: False
2026-03-23 10:14:10 [INFO]     GOWcekJV4 포함: False
2026-03-23 10:14:10 [INFO]     카드 발견: 10개
2026-03-23 10:14:10 [INFO]     카드 파싱 성공: 7건
2026-03-23 10:14:10 [INFO]     2022.02 p26: +3건 (페이지 7건)
2026-03-23 10:14:12 [INFO]     HTML 크기: 388403 bytes
2026-03-23 10:14:12 [INFO]     OaLkxeV3 포함: False
2026-03-23 10:14:12 [INFO]     GOWcekJV4 포함: False
2026-03-23 10:14:12 [INFO]     카드 발견: 10개
2026-03-23 10:14:12 [INFO]     카드 파싱 성공: 7건
2026-03-23 10:14:12 [INFO]     2022.02 p27: +5건 (페이지 7건)
2026-03-23 10:14:14 [INFO]     HTML 크기: 382622 bytes
2026-03-23 10:14:14 [INFO]     OaLkxeV3 포함: False
2026-03-23 10:14:14 [INFO]     GOWcekJV4 포함: False
2026-03-23 10:14:14 [INFO]     카드 발견: 10개
2026-03-23 10:14:14 [INFO]     카드 파싱 성공: 7건
2026-03-23 10:14:14 [INFO]     2022.02 p28: +4건 (페이지 7건)
2026-03-23 10:14:15 [INFO]     HTML 크기: 374972 bytes
2026-03-23 10:14:15 [INFO]     OaLkxeV3 포함: False
2026-03-23 10:14:15 [INFO]     GOWcekJV4 포함: False
2026-03-23 10:14:15 [INFO]     카드 발견: 10개
2026-03-23 10:14:15 [INFO]     카드 파싱 성공: 8건
2026-03-23 10:14:15 [INFO]     2022.02 p29: +2건 (페이지 8건)
2026-03-23 10:14:17 [INFO]     HTML 크기: 359845 bytes
2026-03-23 10:14:17 [INFO]     OaLkxeV3 포함: False
2026-03-23 10:14:17 [INFO]     GOWcekJV4 포함: False
2026-03-23 10:14:17 [INFO]     카드 발견: 10개
2026-03-23 10:14:17 [INFO]     카드 파싱 성공: 6건
2026-03-23 10:14:17 [INFO]     2022.02 p30: +3건 (페이지 6건)
2026-03-23 10:14:19 [INFO]     HTML 크기: 357963 bytes
2026-03-23 10:14:19 [INFO]     OaLkxeV3 포함: False
2026-03-23 10:14:19 [INFO]     GOWcekJV4 포함: False
2026-03-23 10:14:19 [INFO]     카드 발견: 10개
2026-03-23 10:14:19 [INFO]     카드 파싱 성공: 7건
2026-03-23 10:14:19 [INFO]     2022.02 p31: +7건 (페이지 7건)
2026-03-23 10:14:21 [INFO]     HTML 크기: 385312 bytes
2026-03-23 10:14:21 [INFO]     OaLkxeV3 포함: False
2026-03-23 10:14:21 [INFO]     GOWcekJV4 포함: False
2026-03-23 10:14:21 [INFO]     카드 발견: 10개
2026-03-23 10:14:21 [INFO]     카드 파싱 성공: 9건
2026-03-23 10:14:21 [INFO]     2022.02 p32: +5건 (페이지 9건)
2026-03-23 10:14:23 [INFO]     HTML 크기: 385205 bytes
2026-03-23 10:14:23 [INFO]     OaLkxeV3 포함: False
2026-03-23 10:14:23 [INFO]     GOWcekJV4 포함: False
2026-03-23 10:14:23 [INFO]     카드 발견: 10개
2026-03-23 10:14:23 [INFO]     카드 파싱 성공: 9건
2026-03-23 10:14:23 [INFO]     2022.02 p33: +5건 (페이지 9건)
2026-03-23 10:14:25 [INFO]     HTML 크기: 403781 bytes
2026-03-23 10:14:25 [INFO]     OaLkxeV3 포함: False
2026-03-23 10:14:25 [INFO]     GOWcekJV4 포함: False
2026-03-23 10:14:25 [INFO]     카드 발견: 10개
2026-03-23 10:14:25 [INFO]     카드 파싱 성공: 9건
2026-03-23 10:14:25 [INFO]     2022.02 p34: +6건 (페이지 9건)
2026-03-23 10:14:26 [INFO]     HTML 크기: 380658 bytes
2026-03-23 10:14:26 [INFO]     OaLkxeV3 포함: False
2026-03-23 10:14:26 [INFO]     GOWcekJV4 포함: False
2026-03-23 10:14:26 [INFO]     카드 발견: 10개
2026-03-23 10:14:26 [INFO]     카드 파싱 성공: 7건
2026-03-23 10:14:26 [INFO]     2022.02 p35: +4건 (페이지 7건)
2026-03-23 10:14:27 [INFO]     HTML 크기: 378631 bytes
2026-03-23 10:14:27 [INFO]     OaLkxeV3 포함: False
2026-03-23 10:14:27 [INFO]     GOWcekJV4 포함: False
2026-03-23 10:14:27 [INFO]     카드 발견: 10개
2026-03-23 10:14:27 [INFO]     카드 파싱 성공: 6건
2026-03-23 10:14:27 [INFO]     2022.02 p36: +0건 (페이지 6건)
2026-03-23 10:14:29 [INFO]   2022.02 완료: +152건 (누적 389개)
2026-03-23 10:14:29 [INFO]     HTML 크기: 416598 bytes
2026-03-23 10:14:29 [INFO]     OaLkxeV3 포함: False
2026-03-23 10:14:29 [INFO]     GOWcekJV4 포함: False
2026-03-23 10:14:29 [INFO]     카드 발견: 10개
2026-03-23 10:14:29 [INFO]     카드 파싱 성공: 10건
2026-03-23 10:14:29 [INFO]     2022.03 p1: +10건 (페이지 10건)
2026-03-23 10:14:31 [INFO]     HTML 크기: 372602 bytes
2026-03-23 10:14:31 [INFO]     OaLkxeV3 포함: False
2026-03-23 10:14:31 [INFO]     GOWcekJV4 포함: False
2026-03-23 10:14:31 [INFO]     카드 발견: 10개
2026-03-23 10:14:31 [INFO]     카드 파싱 성공: 10건
2026-03-23 10:14:31 [INFO]     2022.03 p2: +9건 (페이지 10건)
2026-03-23 10:14:32 [INFO]     HTML 크기: 329945 bytes
2026-03-23 10:14:32 [INFO]     OaLkxeV3 포함: False
2026-03-23 10:14:32 [INFO]     GOWcekJV4 포함: False
2026-03-23 10:14:32 [INFO]     카드 발견: 10개
2026-03-23 10:14:32 [INFO]     카드 파싱 성공: 10건
2026-03-23 10:14:32 [INFO]     2022.03 p3: +10건 (페이지 10건)
2026-03-23 10:14:34 [INFO]     HTML 크기: 315521 bytes
2026-03-23 10:14:34 [INFO]     OaLkxeV3 포함: False
2026-03-23 10:14:34 [INFO]     GOWcekJV4 포함: False
2026-03-23 10:14:34 [INFO]     카드 발견: 10개
2026-03-23 10:14:34 [INFO]     카드 파싱 성공: 8건
2026-03-23 10:14:34 [INFO]     2022.03 p4: +8건 (페이지 8건)
2026-03-23 10:14:35 [INFO]     HTML 크기: 307661 bytes
2026-03-23 10:14:35 [INFO]     OaLkxeV3 포함: False
2026-03-23 10:14:35 [INFO]     GOWcekJV4 포함: False
2026-03-23 10:14:35 [INFO]     카드 발견: 10개
2026-03-23 10:14:35 [INFO]     카드 파싱 성공: 5건
2026-03-23 10:14:35 [INFO]     2022.03 p5: +5건 (페이지 5건)
2026-03-23 10:14:37 [INFO]     HTML 크기: 305649 bytes
2026-03-23 10:14:37 [INFO]     OaLkxeV3 포함: False
2026-03-23 10:14:37 [INFO]     GOWcekJV4 포함: False
2026-03-23 10:14:37 [INFO]     카드 발견: 10개
2026-03-23 10:14:37 [INFO]     카드 파싱 성공: 2건
2026-03-23 10:14:37 [INFO]     2022.03 p6: +2건 (페이지 2건)
2026-03-23 10:14:39 [INFO]     HTML 크기: 305813 bytes
2026-03-23 10:14:39 [INFO]     OaLkxeV3 포함: False
2026-03-23 10:14:39 [INFO]     GOWcekJV4 포함: False
2026-03-23 10:14:39 [INFO]     카드 발견: 10개
2026-03-23 10:14:39 [INFO]     카드 파싱 성공: 2건
2026-03-23 10:14:39 [INFO]     2022.03 p7: +2건 (페이지 2건)
2026-03-23 10:14:41 [INFO]     HTML 크기: 307347 bytes
2026-03-23 10:14:41 [INFO]     OaLkxeV3 포함: False
2026-03-23 10:14:41 [INFO]     GOWcekJV4 포함: False
2026-03-23 10:14:41 [INFO]     카드 발견: 10개
2026-03-23 10:14:41 [INFO]     카드 파싱 성공: 7건
2026-03-23 10:14:41 [INFO]     2022.03 p8: +7건 (페이지 7건)
2026-03-23 10:14:43 [INFO]     HTML 크기: 305513 bytes
2026-03-23 10:14:43 [INFO]     OaLkxeV3 포함: False
2026-03-23 10:14:43 [INFO]     GOWcekJV4 포함: False
2026-03-23 10:14:43 [INFO]     카드 발견: 10개
2026-03-23 10:14:43 [INFO]     카드 파싱 성공: 2건
2026-03-23 10:14:43 [INFO]     2022.03 p9: +2건 (페이지 2건)
2026-03-23 10:14:45 [INFO]     HTML 크기: 307751 bytes
2026-03-23 10:14:45 [INFO]     OaLkxeV3 포함: False
2026-03-23 10:14:45 [INFO]     GOWcekJV4 포함: False
2026-03-23 10:14:45 [INFO]     카드 발견: 10개
2026-03-23 10:14:45 [INFO]     카드 파싱 성공: 4건
2026-03-23 10:14:45 [INFO]     2022.03 p10: +4건 (페이지 4건)
2026-03-23 10:14:47 [INFO]     HTML 크기: 411835 bytes
2026-03-23 10:14:47 [INFO]     OaLkxeV3 포함: False
2026-03-23 10:14:47 [INFO]     GOWcekJV4 포함: False
2026-03-23 10:14:47 [INFO]     카드 발견: 10개
2026-03-23 10:14:47 [INFO]     카드 파싱 성공: 7건
2026-03-23 10:14:47 [INFO]     2022.03 p11: +4건 (페이지 7건)
2026-03-23 10:14:48 [INFO]     HTML 크기: 426328 bytes
2026-03-23 10:14:48 [INFO]     OaLkxeV3 포함: False
2026-03-23 10:14:48 [INFO]     GOWcekJV4 포함: False
2026-03-23 10:14:48 [INFO]     카드 발견: 10개
2026-03-23 10:14:48 [INFO]     카드 파싱 성공: 8건
2026-03-23 10:14:48 [INFO]     2022.03 p12: +5건 (페이지 8건)
2026-03-23 10:14:50 [INFO]     HTML 크기: 405948 bytes
2026-03-23 10:14:50 [INFO]     OaLkxeV3 포함: False
2026-03-23 10:14:50 [INFO]     GOWcekJV4 포함: False
2026-03-23 10:14:50 [INFO]     카드 발견: 10개
2026-03-23 10:14:50 [INFO]     카드 파싱 성공: 8건
2026-03-23 10:14:50 [INFO]     2022.03 p13: +2건 (페이지 8건)
2026-03-23 10:14:51 [INFO]     HTML 크기: 401920 bytes
2026-03-23 10:14:51 [INFO]     OaLkxeV3 포함: False
2026-03-23 10:14:51 [INFO]     GOWcekJV4 포함: False
2026-03-23 10:14:51 [INFO]     카드 발견: 10개
2026-03-23 10:14:51 [INFO]     카드 파싱 성공: 7건
2026-03-23 10:14:51 [INFO]     2022.03 p14: +2건 (페이지 7건)
2026-03-23 10:14:53 [INFO]     HTML 크기: 397118 bytes
2026-03-23 10:14:53 [INFO]     OaLkxeV3 포함: False
2026-03-23 10:14:53 [INFO]     GOWcekJV4 포함: False
2026-03-23 10:14:53 [INFO]     카드 발견: 10개
2026-03-23 10:14:53 [INFO]     카드 파싱 성공: 7건
2026-03-23 10:14:53 [INFO]     2022.03 p15: +3건 (페이지 7건)
2026-03-23 10:14:55 [INFO]     HTML 크기: 385128 bytes
2026-03-23 10:14:55 [INFO]     OaLkxeV3 포함: False
2026-03-23 10:14:55 [INFO]     GOWcekJV4 포함: False
2026-03-23 10:14:55 [INFO]     카드 발견: 10개
2026-03-23 10:14:55 [INFO]     카드 파싱 성공: 5건
2026-03-23 10:14:55 [INFO]     2022.03 p16: +1건 (페이지 5건)
2026-03-23 10:14:56 [INFO]     HTML 크기: 407116 bytes
2026-03-23 10:14:56 [INFO]     OaLkxeV3 포함: False
2026-03-23 10:14:56 [INFO]     GOWcekJV4 포함: False
2026-03-23 10:14:56 [INFO]     카드 발견: 10개
2026-03-23 10:14:56 [INFO]     카드 파싱 성공: 8건
2026-03-23 10:14:56 [INFO]     2022.03 p17: +4건 (페이지 8건)
2026-03-23 10:14:58 [INFO]     HTML 크기: 423089 bytes
2026-03-23 10:14:58 [INFO]     OaLkxeV3 포함: False
2026-03-23 10:14:58 [INFO]     GOWcekJV4 포함: False
2026-03-23 10:14:58 [INFO]     카드 발견: 10개
2026-03-23 10:14:58 [INFO]     카드 파싱 성공: 8건
2026-03-23 10:14:58 [INFO]     2022.03 p18: +2건 (페이지 8건)
2026-03-23 10:15:00 [INFO]     HTML 크기: 414151 bytes
2026-03-23 10:15:00 [INFO]     OaLkxeV3 포함: False
2026-03-23 10:15:00 [INFO]     GOWcekJV4 포함: False
2026-03-23 10:15:00 [INFO]     카드 발견: 10개
2026-03-23 10:15:00 [INFO]     카드 파싱 성공: 9건
2026-03-23 10:15:00 [INFO]     2022.03 p19: +7건 (페이지 9건)
2026-03-23 10:15:01 [INFO]     HTML 크기: 433368 bytes
2026-03-23 10:15:01 [INFO]     OaLkxeV3 포함: False
2026-03-23 10:15:01 [INFO]     GOWcekJV4 포함: False
2026-03-23 10:15:01 [INFO]     카드 발견: 10개
2026-03-23 10:15:01 [INFO]     카드 파싱 성공: 7건
2026-03-23 10:15:01 [INFO]     2022.03 p20: +2건 (페이지 7건)
2026-03-23 10:15:03 [INFO]     HTML 크기: 432854 bytes
2026-03-23 10:15:03 [INFO]     OaLkxeV3 포함: False
2026-03-23 10:15:03 [INFO]     GOWcekJV4 포함: False
2026-03-23 10:15:03 [INFO]     카드 발견: 10개
2026-03-23 10:15:03 [INFO]     카드 파싱 성공: 7건
2026-03-23 10:15:03 [INFO]     2022.03 p21: +3건 (페이지 7건)
2026-03-23 10:15:05 [INFO]     HTML 크기: 425941 bytes
2026-03-23 10:15:05 [INFO]     OaLkxeV3 포함: False
2026-03-23 10:15:05 [INFO]     GOWcekJV4 포함: False
2026-03-23 10:15:05 [INFO]     카드 발견: 10개
2026-03-23 10:15:05 [INFO]     카드 파싱 성공: 6건
2026-03-23 10:15:05 [INFO]     2022.03 p22: +1건 (페이지 6건)
2026-03-23 10:15:06 [INFO]     HTML 크기: 429575 bytes
2026-03-23 10:15:06 [INFO]     OaLkxeV3 포함: False
2026-03-23 10:15:06 [INFO]     GOWcekJV4 포함: False
2026-03-23 10:15:06 [INFO]     카드 발견: 10개
2026-03-23 10:15:06 [INFO]     카드 파싱 성공: 5건
2026-03-23 10:15:06 [INFO]     2022.03 p23: +2건 (페이지 5건)
2026-03-23 10:15:08 [INFO]     HTML 크기: 425186 bytes
2026-03-23 10:15:08 [INFO]     OaLkxeV3 포함: False
2026-03-23 10:15:08 [INFO]     GOWcekJV4 포함: False
2026-03-23 10:15:08 [INFO]     카드 발견: 10개
2026-03-23 10:15:08 [INFO]     카드 파싱 성공: 3건
2026-03-23 10:15:08 [INFO]     2022.03 p24: +2건 (페이지 3건)
2026-03-23 10:15:10 [INFO]     HTML 크기: 442475 bytes
2026-03-23 10:15:10 [INFO]     OaLkxeV3 포함: False
2026-03-23 10:15:10 [INFO]     GOWcekJV4 포함: False
2026-03-23 10:15:10 [INFO]     카드 발견: 10개
2026-03-23 10:15:10 [INFO]     카드 파싱 성공: 8건
2026-03-23 10:15:10 [INFO]     2022.03 p25: +4건 (페이지 8건)
2026-03-23 10:15:11 [INFO]     HTML 크기: 425761 bytes
2026-03-23 10:15:11 [INFO]     OaLkxeV3 포함: False
2026-03-23 10:15:11 [INFO]     GOWcekJV4 포함: False
2026-03-23 10:15:11 [INFO]     카드 발견: 10개
2026-03-23 10:15:11 [INFO]     카드 파싱 성공: 7건
2026-03-23 10:15:11 [INFO]     2022.03 p26: +2건 (페이지 7건)
2026-03-23 10:15:13 [INFO]     HTML 크기: 395404 bytes
2026-03-23 10:15:13 [INFO]     OaLkxeV3 포함: False
2026-03-23 10:15:13 [INFO]     GOWcekJV4 포함: False
2026-03-23 10:15:13 [INFO]     카드 발견: 10개
2026-03-23 10:15:13 [INFO]     카드 파싱 성공: 6건
2026-03-23 10:15:13 [INFO]     2022.03 p27: +3건 (페이지 6건)
2026-03-23 10:15:14 [INFO]     HTML 크기: 407693 bytes
2026-03-23 10:15:14 [INFO]     OaLkxeV3 포함: False
2026-03-23 10:15:14 [INFO]     GOWcekJV4 포함: False
2026-03-23 10:15:14 [INFO]     카드 발견: 10개
2026-03-23 10:15:14 [INFO]     카드 파싱 성공: 4건
2026-03-23 10:15:14 [INFO]     2022.03 p28: +0건 (페이지 4건)
2026-03-23 10:15:15 [INFO]   2022.03 완료: +108건 (누적 497개)
2026-03-23 10:15:16 [INFO]     HTML 크기: 384737 bytes
2026-03-23 10:15:16 [INFO]     OaLkxeV3 포함: False
2026-03-23 10:15:16 [INFO]     GOWcekJV4 포함: False
2026-03-23 10:15:16 [INFO]     카드 발견: 10개
2026-03-23 10:15:16 [INFO]     카드 파싱 성공: 10건
2026-03-23 10:15:16 [INFO]     2022.04 p1: +10건 (페이지 10건)
2026-03-23 10:15:17 [INFO]     HTML 크기: 358760 bytes
2026-03-23 10:15:17 [INFO]     OaLkxeV3 포함: False
2026-03-23 10:15:17 [INFO]     GOWcekJV4 포함: False
2026-03-23 10:15:17 [INFO]     카드 발견: 10개
2026-03-23 10:15:17 [INFO]     카드 파싱 성공: 10건
2026-03-23 10:15:17 [INFO]     2022.04 p2: +7건 (페이지 10건)
2026-03-23 10:15:19 [INFO]     HTML 크기: 330371 bytes
2026-03-23 10:15:19 [INFO]     OaLkxeV3 포함: False
2026-03-23 10:15:19 [INFO]     GOWcekJV4 포함: False
2026-03-23 10:15:19 [INFO]     카드 발견: 10개
2026-03-23 10:15:19 [INFO]     카드 파싱 성공: 10건
2026-03-23 10:15:19 [INFO]     2022.04 p3: +10건 (페이지 10건)
2026-03-23 10:15:21 [INFO]     HTML 크기: 346702 bytes
2026-03-23 10:15:21 [INFO]     OaLkxeV3 포함: False
2026-03-23 10:15:21 [INFO]     GOWcekJV4 포함: False
2026-03-23 10:15:21 [INFO]     카드 발견: 10개
2026-03-23 10:15:21 [INFO]     카드 파싱 성공: 10건
2026-03-23 10:15:21 [INFO]     2022.04 p4: +10건 (페이지 10건)
2026-03-23 10:15:23 [INFO]     HTML 크기: 322342 bytes
2026-03-23 10:15:23 [INFO]     OaLkxeV3 포함: False
2026-03-23 10:15:23 [INFO]     GOWcekJV4 포함: False
2026-03-23 10:15:23 [INFO]     카드 발견: 10개
2026-03-23 10:15:23 [INFO]     카드 파싱 성공: 10건
2026-03-23 10:15:23 [INFO]     2022.04 p5: +10건 (페이지 10건)
2026-03-23 10:15:24 [INFO]     HTML 크기: 320687 bytes
2026-03-23 10:15:24 [INFO]     OaLkxeV3 포함: False
2026-03-23 10:15:24 [INFO]     GOWcekJV4 포함: False
2026-03-23 10:15:24 [INFO]     카드 발견: 10개
2026-03-23 10:15:24 [INFO]     카드 파싱 성공: 10건
2026-03-23 10:15:24 [INFO]     2022.04 p6: +10건 (페이지 10건)
2026-03-23 10:15:26 [INFO]     HTML 크기: 321083 bytes
2026-03-23 10:15:26 [INFO]     OaLkxeV3 포함: False
2026-03-23 10:15:26 [INFO]     GOWcekJV4 포함: False
2026-03-23 10:15:26 [INFO]     카드 발견: 10개
2026-03-23 10:15:26 [INFO]     카드 파싱 성공: 9건
2026-03-23 10:15:26 [INFO]     2022.04 p7: +9건 (페이지 9건)
2026-03-23 10:15:28 [INFO]     HTML 크기: 323551 bytes
2026-03-23 10:15:28 [INFO]     OaLkxeV3 포함: False
2026-03-23 10:15:28 [INFO]     GOWcekJV4 포함: False
2026-03-23 10:15:28 [INFO]     카드 발견: 10개
2026-03-23 10:15:28 [INFO]     카드 파싱 성공: 9건
2026-03-23 10:15:28 [INFO]     2022.04 p8: +9건 (페이지 9건)
2026-03-23 10:15:29 [INFO]     HTML 크기: 311983 bytes
2026-03-23 10:15:29 [INFO]     OaLkxeV3 포함: False
2026-03-23 10:15:29 [INFO]     GOWcekJV4 포함: False
2026-03-23 10:15:29 [INFO]     카드 발견: 10개
2026-03-23 10:15:29 [INFO]     카드 파싱 성공: 9건
2026-03-23 10:15:29 [INFO]     2022.04 p9: +9건 (페이지 9건)
2026-03-23 10:15:31 [INFO]     HTML 크기: 311891 bytes
2026-03-23 10:15:31 [INFO]     OaLkxeV3 포함: False
2026-03-23 10:15:31 [INFO]     GOWcekJV4 포함: False
2026-03-23 10:15:31 [INFO]     카드 발견: 10개
2026-03-23 10:15:31 [INFO]     카드 파싱 성공: 9건
2026-03-23 10:15:31 [INFO]     2022.04 p10: +9건 (페이지 9건)
2026-03-23 10:15:32 [INFO]     HTML 크기: 377513 bytes
2026-03-23 10:15:32 [INFO]     OaLkxeV3 포함: False
2026-03-23 10:15:32 [INFO]     GOWcekJV4 포함: False
2026-03-23 10:15:32 [INFO]     카드 발견: 10개
2026-03-23 10:15:32 [INFO]     카드 파싱 성공: 9건
2026-03-23 10:15:32 [INFO]     2022.04 p11: +4건 (페이지 9건)
2026-03-23 10:15:34 [INFO]     HTML 크기: 376839 bytes
2026-03-23 10:15:34 [INFO]     OaLkxeV3 포함: False
2026-03-23 10:15:34 [INFO]     GOWcekJV4 포함: False
2026-03-23 10:15:34 [INFO]     카드 발견: 10개
2026-03-23 10:15:34 [INFO]     카드 파싱 성공: 9건
2026-03-23 10:15:34 [INFO]     2022.04 p12: +6건 (페이지 9건)
2026-03-23 10:15:36 [INFO]     HTML 크기: 399654 bytes
2026-03-23 10:15:36 [INFO]     OaLkxeV3 포함: False
2026-03-23 10:15:36 [INFO]     GOWcekJV4 포함: False
2026-03-23 10:15:36 [INFO]     카드 발견: 10개
2026-03-23 10:15:36 [INFO]     카드 파싱 성공: 9건
2026-03-23 10:15:36 [INFO]     2022.04 p13: +7건 (페이지 9건)
2026-03-23 10:15:37 [INFO]     HTML 크기: 408666 bytes
2026-03-23 10:15:37 [INFO]     OaLkxeV3 포함: False
2026-03-23 10:15:37 [INFO]     GOWcekJV4 포함: False
2026-03-23 10:15:37 [INFO]     카드 발견: 10개
2026-03-23 10:15:37 [INFO]     카드 파싱 성공: 10건
2026-03-23 10:15:37 [INFO]     2022.04 p14: +5건 (페이지 10건)
2026-03-23 10:15:39 [INFO]     HTML 크기: 389500 bytes
2026-03-23 10:15:39 [INFO]     OaLkxeV3 포함: False
2026-03-23 10:15:39 [INFO]     GOWcekJV4 포함: False
2026-03-23 10:15:39 [INFO]     카드 발견: 10개
2026-03-23 10:15:39 [INFO]     카드 파싱 성공: 10건
2026-03-23 10:15:39 [INFO]     2022.04 p15: +4건 (페이지 10건)
2026-03-23 10:15:41 [INFO]     HTML 크기: 367471 bytes
2026-03-23 10:15:41 [INFO]     OaLkxeV3 포함: False
2026-03-23 10:15:41 [INFO]     GOWcekJV4 포함: False
2026-03-23 10:15:41 [INFO]     카드 발견: 10개
2026-03-23 10:15:41 [INFO]     카드 파싱 성공: 10건
2026-03-23 10:15:41 [INFO]     2022.04 p16: +1건 (페이지 10건)
2026-03-23 10:15:43 [INFO]     HTML 크기: 342881 bytes
2026-03-23 10:15:43 [INFO]     OaLkxeV3 포함: False
2026-03-23 10:15:43 [INFO]     GOWcekJV4 포함: False
2026-03-23 10:15:43 [INFO]     카드 발견: 10개
2026-03-23 10:15:43 [INFO]     카드 파싱 성공: 9건
2026-03-23 10:15:43 [INFO]     2022.04 p17: +1건 (페이지 9건)
2026-03-23 10:15:45 [INFO]     HTML 크기: 382083 bytes
2026-03-23 10:15:45 [INFO]     OaLkxeV3 포함: False
2026-03-23 10:15:45 [INFO]     GOWcekJV4 포함: False
2026-03-23 10:15:45 [INFO]     카드 발견: 10개
2026-03-23 10:15:45 [INFO]     카드 파싱 성공: 7건
2026-03-23 10:15:45 [INFO]     2022.04 p18: +1건 (페이지 7건)
2026-03-23 10:15:46 [INFO]     HTML 크기: 345422 bytes
2026-03-23 10:15:46 [INFO]     OaLkxeV3 포함: False
2026-03-23 10:15:46 [INFO]     GOWcekJV4 포함: False
2026-03-23 10:15:46 [INFO]     카드 발견: 10개
2026-03-23 10:15:46 [INFO]     카드 파싱 성공: 8건
2026-03-23 10:15:46 [INFO]     2022.04 p19: +4건 (페이지 8건)
2026-03-23 10:15:48 [INFO]     HTML 크기: 384485 bytes
2026-03-23 10:15:48 [INFO]     OaLkxeV3 포함: False
2026-03-23 10:15:48 [INFO]     GOWcekJV4 포함: False
2026-03-23 10:15:48 [INFO]     카드 발견: 10개
2026-03-23 10:15:48 [INFO]     카드 파싱 성공: 10건
2026-03-23 10:15:48 [INFO]     2022.04 p20: +3건 (페이지 10건)
2026-03-23 10:15:49 [INFO]     HTML 크기: 376169 bytes
2026-03-23 10:15:49 [INFO]     OaLkxeV3 포함: False
2026-03-23 10:15:49 [INFO]     GOWcekJV4 포함: False
2026-03-23 10:15:49 [INFO]     카드 발견: 10개
2026-03-23 10:15:49 [INFO]     카드 파싱 성공: 8건
2026-03-23 10:15:49 [INFO]     2022.04 p21: +2건 (페이지 8건)
2026-03-23 10:15:51 [INFO]     HTML 크기: 389122 bytes
2026-03-23 10:15:51 [INFO]     OaLkxeV3 포함: False
2026-03-23 10:15:51 [INFO]     GOWcekJV4 포함: False
2026-03-23 10:15:51 [INFO]     카드 발견: 10개
2026-03-23 10:15:51 [INFO]     카드 파싱 성공: 8건
2026-03-23 10:15:51 [INFO]     2022.04 p22: +4건 (페이지 8건)
2026-03-23 10:15:52 [INFO]     HTML 크기: 368557 bytes
2026-03-23 10:15:52 [INFO]     OaLkxeV3 포함: False
2026-03-23 10:15:52 [INFO]     GOWcekJV4 포함: False
2026-03-23 10:15:52 [INFO]     카드 발견: 10개
2026-03-23 10:15:52 [INFO]     카드 파싱 성공: 6건
2026-03-23 10:15:52 [INFO]     2022.04 p23: +2건 (페이지 6건)
2026-03-23 10:15:54 [INFO]     HTML 크기: 382115 bytes
2026-03-23 10:15:54 [INFO]     OaLkxeV3 포함: False
2026-03-23 10:15:54 [INFO]     GOWcekJV4 포함: False
2026-03-23 10:15:54 [INFO]     카드 발견: 10개
2026-03-23 10:15:54 [INFO]     카드 파싱 성공: 6건
2026-03-23 10:15:54 [INFO]     2022.04 p24: +6건 (페이지 6건)
2026-03-23 10:15:55 [INFO]     HTML 크기: 384619 bytes
2026-03-23 10:15:55 [INFO]     OaLkxeV3 포함: False
2026-03-23 10:15:55 [INFO]     GOWcekJV4 포함: False
2026-03-23 10:15:55 [INFO]     카드 발견: 10개
2026-03-23 10:15:55 [INFO]     카드 파싱 성공: 9건
2026-03-23 10:15:55 [INFO]     2022.04 p25: +6건 (페이지 9건)
2026-03-23 10:15:57 [INFO]     HTML 크기: 385384 bytes
2026-03-23 10:15:57 [INFO]     OaLkxeV3 포함: False
2026-03-23 10:15:57 [INFO]     GOWcekJV4 포함: False
2026-03-23 10:15:57 [INFO]     카드 발견: 10개
2026-03-23 10:15:57 [INFO]     카드 파싱 성공: 8건
2026-03-23 10:15:57 [INFO]     2022.04 p26: +5건 (페이지 8건)
2026-03-23 10:15:59 [INFO]     HTML 크기: 406534 bytes
2026-03-23 10:15:59 [INFO]     OaLkxeV3 포함: False
2026-03-23 10:15:59 [INFO]     GOWcekJV4 포함: False
2026-03-23 10:15:59 [INFO]     카드 발견: 10개
2026-03-23 10:15:59 [INFO]     카드 파싱 성공: 10건
2026-03-23 10:15:59 [INFO]     2022.04 p27: +5건 (페이지 10건)
2026-03-23 10:16:01 [INFO]     HTML 크기: 419311 bytes
2026-03-23 10:16:01 [INFO]     OaLkxeV3 포함: False
2026-03-23 10:16:01 [INFO]     GOWcekJV4 포함: False
2026-03-23 10:16:01 [INFO]     카드 발견: 10개
2026-03-23 10:16:01 [INFO]     카드 파싱 성공: 8건
2026-03-23 10:16:01 [INFO]     2022.04 p28: +2건 (페이지 8건)
2026-03-23 10:16:02 [INFO]     HTML 크기: 409808 bytes
2026-03-23 10:16:02 [INFO]     OaLkxeV3 포함: False
2026-03-23 10:16:02 [INFO]     GOWcekJV4 포함: False
2026-03-23 10:16:02 [INFO]     카드 발견: 10개
2026-03-23 10:16:02 [INFO]     카드 파싱 성공: 6건
2026-03-23 10:16:02 [INFO]     2022.04 p29: +2건 (페이지 6건)
2026-03-23 10:16:04 [INFO]     HTML 크기: 369078 bytes
2026-03-23 10:16:04 [INFO]     OaLkxeV3 포함: False
2026-03-23 10:16:04 [INFO]     GOWcekJV4 포함: False
2026-03-23 10:16:04 [INFO]     카드 발견: 10개
2026-03-23 10:16:04 [INFO]     카드 파싱 성공: 7건
2026-03-23 10:16:04 [INFO]     2022.04 p30: +2건 (페이지 7건)
2026-03-23 10:16:05 [INFO]     HTML 크기: 349756 bytes
2026-03-23 10:16:05 [INFO]     OaLkxeV3 포함: False
2026-03-23 10:16:05 [INFO]     GOWcekJV4 포함: False
2026-03-23 10:16:05 [INFO]     카드 발견: 10개
2026-03-23 10:16:05 [INFO]     카드 파싱 성공: 7건
2026-03-23 10:16:05 [INFO]     2022.04 p31: +4건 (페이지 7건)
2026-03-23 10:16:07 [INFO]     HTML 크기: 346740 bytes
2026-03-23 10:16:07 [INFO]     OaLkxeV3 포함: False
2026-03-23 10:16:07 [INFO]     GOWcekJV4 포함: False
2026-03-23 10:16:07 [INFO]     카드 발견: 10개
2026-03-23 10:16:07 [INFO]     카드 파싱 성공: 7건
2026-03-23 10:16:07 [INFO]     2022.04 p32: +2건 (페이지 7건)
2026-03-23 10:16:09 [INFO]     HTML 크기: 372270 bytes
2026-03-23 10:16:09 [INFO]     OaLkxeV3 포함: False
2026-03-23 10:16:09 [INFO]     GOWcekJV4 포함: False
2026-03-23 10:16:09 [INFO]     카드 발견: 10개
2026-03-23 10:16:09 [INFO]     카드 파싱 성공: 5건
2026-03-23 10:16:09 [INFO]     2022.04 p33: +3건 (페이지 5건)
2026-03-23 10:16:11 [INFO]     HTML 크기: 372661 bytes
2026-03-23 10:16:11 [INFO]     OaLkxeV3 포함: False
2026-03-23 10:16:11 [INFO]     GOWcekJV4 포함: False
2026-03-23 10:16:11 [INFO]     카드 발견: 10개
2026-03-23 10:16:11 [INFO]     카드 파싱 성공: 6건
2026-03-23 10:16:11 [INFO]     2022.04 p34: +3건 (페이지 6건)
2026-03-23 10:16:12 [INFO]     HTML 크기: 358483 bytes
2026-03-23 10:16:12 [INFO]     OaLkxeV3 포함: False
2026-03-23 10:16:12 [INFO]     GOWcekJV4 포함: False
2026-03-23 10:16:12 [INFO]     카드 발견: 10개
2026-03-23 10:16:12 [INFO]     카드 파싱 성공: 6건
2026-03-23 10:16:12 [INFO]     2022.04 p35: +3건 (페이지 6건)
2026-03-23 10:16:14 [INFO]     HTML 크기: 357982 bytes
2026-03-23 10:16:14 [INFO]     OaLkxeV3 포함: False
2026-03-23 10:16:14 [INFO]     GOWcekJV4 포함: False
2026-03-23 10:16:14 [INFO]     카드 발견: 10개
2026-03-23 10:16:14 [INFO]     카드 파싱 성공: 9건
2026-03-23 10:16:14 [INFO]     2022.04 p36: +5건 (페이지 9건)
2026-03-23 10:16:15 [INFO]     HTML 크기: 351238 bytes
2026-03-23 10:16:15 [INFO]     OaLkxeV3 포함: False
2026-03-23 10:16:15 [INFO]     GOWcekJV4 포함: False
2026-03-23 10:16:15 [INFO]     카드 발견: 10개
2026-03-23 10:16:15 [INFO]     카드 파싱 성공: 7건
2026-03-23 10:16:15 [INFO]     2022.04 p37: +4건 (페이지 7건)
2026-03-23 10:16:17 [INFO]     HTML 크기: 365317 bytes
2026-03-23 10:16:17 [INFO]     OaLkxeV3 포함: False
2026-03-23 10:16:17 [INFO]     GOWcekJV4 포함: False
2026-03-23 10:16:17 [INFO]     카드 발견: 10개
2026-03-23 10:16:17 [INFO]     카드 파싱 성공: 7건
2026-03-23 10:16:17 [INFO]     2022.04 p38: +3건 (페이지 7건)
2026-03-23 10:16:18 [INFO]     HTML 크기: 362024 bytes
2026-03-23 10:16:18 [INFO]     OaLkxeV3 포함: False
2026-03-23 10:16:18 [INFO]     GOWcekJV4 포함: False
2026-03-23 10:16:18 [INFO]     카드 발견: 10개
2026-03-23 10:16:18 [INFO]     카드 파싱 성공: 6건
2026-03-23 10:16:18 [INFO]     2022.04 p39: +6건 (페이지 6건)
2026-03-23 10:16:20 [INFO]     HTML 크기: 372697 bytes
2026-03-23 10:16:20 [INFO]     OaLkxeV3 포함: False
2026-03-23 10:16:20 [INFO]     GOWcekJV4 포함: False
2026-03-23 10:16:20 [INFO]     카드 발견: 10개
2026-03-23 10:16:20 [INFO]     카드 파싱 성공: 5건
2026-03-23 10:16:20 [INFO]     2022.04 p40: +3건 (페이지 5건)
2026-03-23 10:16:21 [INFO]   2022.04 완료: +201건 (누적 698개)
2026-03-23 10:16:21 [INFO]     HTML 크기: 382398 bytes
2026-03-23 10:16:21 [INFO]     OaLkxeV3 포함: False
2026-03-23 10:16:21 [INFO]     GOWcekJV4 포함: False
2026-03-23 10:16:21 [INFO]     카드 발견: 10개
2026-03-23 10:16:21 [INFO]     카드 파싱 성공: 9건
2026-03-23 10:16:21 [INFO]     2022.05 p1: +9건 (페이지 9건)
2026-03-23 10:16:23 [INFO]     HTML 크기: 325293 bytes
2026-03-23 10:16:23 [INFO]     OaLkxeV3 포함: False
2026-03-23 10:16:23 [INFO]     GOWcekJV4 포함: False
2026-03-23 10:16:23 [INFO]     카드 발견: 10개
2026-03-23 10:16:23 [INFO]     카드 파싱 성공: 9건
2026-03-23 10:16:23 [INFO]     2022.05 p2: +6건 (페이지 9건)
2026-03-23 10:16:25 [INFO]     HTML 크기: 318046 bytes
2026-03-23 10:16:25 [INFO]     OaLkxeV3 포함: False
2026-03-23 10:16:25 [INFO]     GOWcekJV4 포함: False
2026-03-23 10:16:25 [INFO]     카드 발견: 10개
2026-03-23 10:16:25 [INFO]     카드 파싱 성공: 7건
2026-03-23 10:16:25 [INFO]     2022.05 p3: +7건 (페이지 7건)
2026-03-23 10:16:27 [INFO]     HTML 크기: 323853 bytes
2026-03-23 10:16:27 [INFO]     OaLkxeV3 포함: False
2026-03-23 10:16:27 [INFO]     GOWcekJV4 포함: False
2026-03-23 10:16:27 [INFO]     카드 발견: 10개
2026-03-23 10:16:27 [INFO]     카드 파싱 성공: 6건
2026-03-23 10:16:27 [INFO]     2022.05 p4: +6건 (페이지 6건)
2026-03-23 10:16:29 [INFO]     HTML 크기: 316007 bytes
2026-03-23 10:16:29 [INFO]     OaLkxeV3 포함: False
2026-03-23 10:16:29 [INFO]     GOWcekJV4 포함: False
2026-03-23 10:16:29 [INFO]     카드 발견: 10개
2026-03-23 10:16:29 [INFO]     카드 파싱 성공: 8건
2026-03-23 10:16:29 [INFO]     2022.05 p5: +8건 (페이지 8건)
2026-03-23 10:16:30 [INFO]     HTML 크기: 324427 bytes
2026-03-23 10:16:30 [INFO]     OaLkxeV3 포함: False
2026-03-23 10:16:30 [INFO]     GOWcekJV4 포함: False
2026-03-23 10:16:30 [INFO]     카드 발견: 10개
2026-03-23 10:16:30 [INFO]     카드 파싱 성공: 5건
2026-03-23 10:16:30 [INFO]     2022.05 p6: +5건 (페이지 5건)
2026-03-23 10:16:32 [INFO]     HTML 크기: 304871 bytes
2026-03-23 10:16:32 [INFO]     OaLkxeV3 포함: False
2026-03-23 10:16:32 [INFO]     GOWcekJV4 포함: False
2026-03-23 10:16:32 [INFO]     카드 발견: 10개
2026-03-23 10:16:32 [INFO]     카드 파싱 성공: 2건
2026-03-23 10:16:32 [INFO]     2022.05 p7: +2건 (페이지 2건)
2026-03-23 10:16:33 [INFO]     HTML 크기: 307938 bytes
2026-03-23 10:16:33 [INFO]     OaLkxeV3 포함: False
2026-03-23 10:16:33 [INFO]     GOWcekJV4 포함: False
2026-03-23 10:16:33 [INFO]     카드 발견: 10개
2026-03-23 10:16:33 [INFO]     카드 파싱 성공: 6건
2026-03-23 10:16:33 [INFO]     2022.05 p8: +6건 (페이지 6건)
2026-03-23 10:16:35 [INFO]     HTML 크기: 307651 bytes
2026-03-23 10:16:35 [INFO]     OaLkxeV3 포함: False
2026-03-23 10:16:35 [INFO]     GOWcekJV4 포함: False
2026-03-23 10:16:35 [INFO]     카드 발견: 10개
2026-03-23 10:16:35 [INFO]     카드 파싱 성공: 6건
2026-03-23 10:16:35 [INFO]     2022.05 p9: +6건 (페이지 6건)
2026-03-23 10:16:36 [INFO]     HTML 크기: 305591 bytes
2026-03-23 10:16:36 [INFO]     OaLkxeV3 포함: False
2026-03-23 10:16:36 [INFO]     GOWcekJV4 포함: False
2026-03-23 10:16:36 [INFO]     카드 발견: 10개
2026-03-23 10:16:36 [INFO]     카드 파싱 성공: 2건
2026-03-23 10:16:36 [INFO]     2022.05 p10: +2건 (페이지 2건)
2026-03-23 10:16:38 [INFO]     HTML 크기: 417296 bytes
2026-03-23 10:16:38 [INFO]     OaLkxeV3 포함: False
2026-03-23 10:16:38 [INFO]     GOWcekJV4 포함: False
2026-03-23 10:16:38 [INFO]     카드 발견: 10개
2026-03-23 10:16:38 [INFO]     카드 파싱 성공: 7건
2026-03-23 10:16:38 [INFO]     2022.05 p11: +4건 (페이지 7건)
2026-03-23 10:16:40 [INFO]     HTML 크기: 403816 bytes
2026-03-23 10:16:40 [INFO]     OaLkxeV3 포함: False
2026-03-23 10:16:40 [INFO]     GOWcekJV4 포함: False
2026-03-23 10:16:40 [INFO]     카드 발견: 10개
2026-03-23 10:16:40 [INFO]     카드 파싱 성공: 7건
2026-03-23 10:16:40 [INFO]     2022.05 p12: +1건 (페이지 7건)
2026-03-23 10:16:42 [INFO]     HTML 크기: 411527 bytes
2026-03-23 10:16:42 [INFO]     OaLkxeV3 포함: False
2026-03-23 10:16:42 [INFO]     GOWcekJV4 포함: False
2026-03-23 10:16:42 [INFO]     카드 발견: 10개
2026-03-23 10:16:42 [INFO]     카드 파싱 성공: 7건
2026-03-23 10:16:42 [INFO]     2022.05 p13: +1건 (페이지 7건)
2026-03-23 10:16:43 [INFO]     HTML 크기: 424583 bytes
2026-03-23 10:16:43 [INFO]     OaLkxeV3 포함: False
2026-03-23 10:16:43 [INFO]     GOWcekJV4 포함: False
2026-03-23 10:16:43 [INFO]     카드 발견: 10개
2026-03-23 10:16:43 [INFO]     카드 파싱 성공: 8건
2026-03-23 10:16:43 [INFO]     2022.05 p14: +3건 (페이지 8건)
2026-03-23 10:16:45 [INFO]     HTML 크기: 377573 bytes
2026-03-23 10:16:45 [INFO]     OaLkxeV3 포함: False
2026-03-23 10:16:45 [INFO]     GOWcekJV4 포함: False
2026-03-23 10:16:45 [INFO]     카드 발견: 10개
2026-03-23 10:16:45 [INFO]     카드 파싱 성공: 5건
2026-03-23 10:16:45 [INFO]     2022.05 p15: +1건 (페이지 5건)
2026-03-23 10:16:47 [INFO]     HTML 크기: 380291 bytes
2026-03-23 10:16:47 [INFO]     OaLkxeV3 포함: False
2026-03-23 10:16:47 [INFO]     GOWcekJV4 포함: False
2026-03-23 10:16:47 [INFO]     카드 발견: 10개
2026-03-23 10:16:47 [INFO]     카드 파싱 성공: 5건
2026-03-23 10:16:47 [INFO]     2022.05 p16: +1건 (페이지 5건)
2026-03-23 10:16:49 [INFO]     HTML 크기: 395486 bytes
2026-03-23 10:16:49 [INFO]     OaLkxeV3 포함: False
2026-03-23 10:16:49 [INFO]     GOWcekJV4 포함: False
2026-03-23 10:16:49 [INFO]     카드 발견: 10개
2026-03-23 10:16:49 [INFO]     카드 파싱 성공: 5건
2026-03-23 10:16:49 [INFO]     2022.05 p17: +2건 (페이지 5건)
2026-03-23 10:16:51 [INFO]     HTML 크기: 410838 bytes
2026-03-23 10:16:51 [INFO]     OaLkxeV3 포함: False
2026-03-23 10:16:51 [INFO]     GOWcekJV4 포함: False
2026-03-23 10:16:51 [INFO]     카드 발견: 10개
2026-03-23 10:16:51 [INFO]     카드 파싱 성공: 7건
2026-03-23 10:16:51 [INFO]     2022.05 p18: +2건 (페이지 7건)
2026-03-23 10:16:53 [INFO]     HTML 크기: 398364 bytes
2026-03-23 10:16:53 [INFO]     OaLkxeV3 포함: False
2026-03-23 10:16:53 [INFO]     GOWcekJV4 포함: False
2026-03-23 10:16:53 [INFO]     카드 발견: 10개
2026-03-23 10:16:53 [INFO]     카드 파싱 성공: 6건
2026-03-23 10:16:53 [INFO]     2022.05 p19: +1건 (페이지 6건)
2026-03-23 10:16:55 [INFO]     HTML 크기: 399512 bytes
2026-03-23 10:16:55 [INFO]     OaLkxeV3 포함: False
2026-03-23 10:16:55 [INFO]     GOWcekJV4 포함: False
2026-03-23 10:16:55 [INFO]     카드 발견: 10개
2026-03-23 10:16:55 [INFO]     카드 파싱 성공: 7건
2026-03-23 10:16:55 [INFO]     2022.05 p20: +0건 (페이지 7건)
2026-03-23 10:16:56 [INFO]   2022.05 완료: +73건 (누적 771개)
2026-03-23 10:16:56 [INFO]     HTML 크기: 459107 bytes
2026-03-23 10:16:56 [INFO]     OaLkxeV3 포함: False
2026-03-23 10:16:56 [INFO]     GOWcekJV4 포함: False
2026-03-23 10:16:56 [INFO]     카드 발견: 10개
2026-03-23 10:16:56 [INFO]     카드 파싱 성공: 9건
2026-03-23 10:16:56 [INFO]     2022.06 p1: +9건 (페이지 9건)
2026-03-23 10:16:58 [INFO]     HTML 크기: 334812 bytes
2026-03-23 10:16:58 [INFO]     OaLkxeV3 포함: False
2026-03-23 10:16:58 [INFO]     GOWcekJV4 포함: False
2026-03-23 10:16:58 [INFO]     카드 발견: 10개
2026-03-23 10:16:58 [INFO]     카드 파싱 성공: 5건
2026-03-23 10:16:58 [INFO]     2022.06 p2: +5건 (페이지 5건)
2026-03-23 10:16:59 [INFO]     HTML 크기: 305857 bytes
2026-03-23 10:16:59 [INFO]     OaLkxeV3 포함: False
2026-03-23 10:16:59 [INFO]     GOWcekJV4 포함: False
2026-03-23 10:16:59 [INFO]     카드 발견: 10개
2026-03-23 10:16:59 [INFO]     카드 파싱 성공: 2건
2026-03-23 10:16:59 [INFO]     2022.06 p3: +2건 (페이지 2건)
2026-03-23 10:17:01 [INFO]     HTML 크기: 305539 bytes
2026-03-23 10:17:01 [INFO]     OaLkxeV3 포함: False
2026-03-23 10:17:01 [INFO]     GOWcekJV4 포함: False
2026-03-23 10:17:01 [INFO]     카드 발견: 10개
2026-03-23 10:17:01 [INFO]     카드 파싱 성공: 2건
2026-03-23 10:17:01 [INFO]     2022.06 p4: +2건 (페이지 2건)
2026-03-23 10:17:02 [INFO]     HTML 크기: 308117 bytes
2026-03-23 10:17:02 [INFO]     OaLkxeV3 포함: False
2026-03-23 10:17:02 [INFO]     GOWcekJV4 포함: False
2026-03-23 10:17:02 [INFO]     카드 발견: 10개
2026-03-23 10:17:02 [INFO]     카드 파싱 성공: 4건
2026-03-23 10:17:02 [INFO]     2022.06 p5: +4건 (페이지 4건)
2026-03-23 10:17:04 [INFO]     HTML 크기: 306585 bytes
2026-03-23 10:17:04 [INFO]     OaLkxeV3 포함: False
2026-03-23 10:17:04 [INFO]     GOWcekJV4 포함: False
2026-03-23 10:17:04 [INFO]     카드 발견: 10개
2026-03-23 10:17:04 [INFO]     카드 파싱 성공: 4건
2026-03-23 10:17:04 [INFO]     2022.06 p6: +4건 (페이지 4건)
2026-03-23 10:17:06 [INFO]     HTML 크기: 307134 bytes
2026-03-23 10:17:06 [INFO]     OaLkxeV3 포함: False
2026-03-23 10:17:06 [INFO]     GOWcekJV4 포함: False
2026-03-23 10:17:06 [INFO]     카드 발견: 10개
2026-03-23 10:17:06 [INFO]     카드 파싱 성공: 4건
2026-03-23 10:17:06 [INFO]     2022.06 p7: +4건 (페이지 4건)
2026-03-23 10:17:07 [INFO]     HTML 크기: 304242 bytes
2026-03-23 10:17:07 [INFO]     OaLkxeV3 포함: False
2026-03-23 10:17:07 [INFO]     GOWcekJV4 포함: False
2026-03-23 10:17:07 [INFO]     카드 발견: 10개
2026-03-23 10:17:07 [INFO]     카드 파싱 성공: 1건
2026-03-23 10:17:07 [INFO]     2022.06 p8: +1건 (페이지 1건)
2026-03-23 10:17:09 [INFO]     HTML 크기: 308185 bytes
2026-03-23 10:17:09 [INFO]     OaLkxeV3 포함: False
2026-03-23 10:17:09 [INFO]     GOWcekJV4 포함: False
2026-03-23 10:17:09 [INFO]     카드 발견: 10개
2026-03-23 10:17:09 [INFO]     카드 파싱 성공: 4건
2026-03-23 10:17:09 [INFO]     2022.06 p9: +4건 (페이지 4건)
2026-03-23 10:17:10 [INFO]     HTML 크기: 305311 bytes
2026-03-23 10:17:10 [INFO]     OaLkxeV3 포함: False
2026-03-23 10:17:10 [INFO]     GOWcekJV4 포함: False
2026-03-23 10:17:10 [INFO]     카드 발견: 10개
2026-03-23 10:17:10 [INFO]     카드 파싱 성공: 2건
2026-03-23 10:17:10 [INFO]     2022.06 p10: +2건 (페이지 2건)
2026-03-23 10:17:12 [INFO]     HTML 크기: 395795 bytes
2026-03-23 10:17:12 [INFO]     OaLkxeV3 포함: False
2026-03-23 10:17:12 [INFO]     GOWcekJV4 포함: False
2026-03-23 10:17:12 [INFO]     카드 발견: 10개
2026-03-23 10:17:12 [INFO]     카드 파싱 성공: 5건
2026-03-23 10:17:12 [INFO]     2022.06 p11: +4건 (페이지 5건)
2026-03-23 10:17:14 [INFO]     HTML 크기: 394854 bytes
2026-03-23 10:17:14 [INFO]     OaLkxeV3 포함: False
2026-03-23 10:17:14 [INFO]     GOWcekJV4 포함: False
2026-03-23 10:17:14 [INFO]     카드 발견: 10개
2026-03-23 10:17:14 [INFO]     카드 파싱 성공: 6건
2026-03-23 10:17:14 [INFO]     2022.06 p12: +3건 (페이지 6건)
2026-03-23 10:17:16 [INFO]     HTML 크기: 412666 bytes
2026-03-23 10:17:16 [INFO]     OaLkxeV3 포함: False
2026-03-23 10:17:16 [INFO]     GOWcekJV4 포함: False
2026-03-23 10:17:16 [INFO]     카드 발견: 10개
2026-03-23 10:17:16 [INFO]     카드 파싱 성공: 6건
2026-03-23 10:17:16 [INFO]     2022.06 p13: +0건 (페이지 6건)
2026-03-23 10:17:17 [INFO]   2022.06 완료: +44건 (누적 815개)
2026-03-23 10:17:18 [INFO]     HTML 크기: 364930 bytes
2026-03-23 10:17:18 [INFO]     OaLkxeV3 포함: False
2026-03-23 10:17:18 [INFO]     GOWcekJV4 포함: False
2026-03-23 10:17:18 [INFO]     카드 발견: 10개
2026-03-23 10:17:18 [INFO]     카드 파싱 성공: 10건
2026-03-23 10:17:18 [INFO]     2022.07 p1: +10건 (페이지 10건)
2026-03-23 10:17:19 [INFO]     HTML 크기: 338693 bytes
2026-03-23 10:17:19 [INFO]     OaLkxeV3 포함: False
2026-03-23 10:17:19 [INFO]     GOWcekJV4 포함: False
2026-03-23 10:17:19 [INFO]     카드 발견: 10개
2026-03-23 10:17:19 [INFO]     카드 파싱 성공: 10건
2026-03-23 10:17:19 [INFO]     2022.07 p2: +9건 (페이지 10건)
2026-03-23 10:17:21 [INFO]     HTML 크기: 333936 bytes
2026-03-23 10:17:21 [INFO]     OaLkxeV3 포함: False
2026-03-23 10:17:21 [INFO]     GOWcekJV4 포함: False
2026-03-23 10:17:21 [INFO]     카드 발견: 10개
2026-03-23 10:17:21 [INFO]     카드 파싱 성공: 9건
2026-03-23 10:17:21 [INFO]     2022.07 p3: +9건 (페이지 9건)
2026-03-23 10:17:23 [INFO]     HTML 크기: 346279 bytes
2026-03-23 10:17:23 [INFO]     OaLkxeV3 포함: False
2026-03-23 10:17:23 [INFO]     GOWcekJV4 포함: False
2026-03-23 10:17:23 [INFO]     카드 발견: 10개
2026-03-23 10:17:23 [INFO]     카드 파싱 성공: 8건
2026-03-23 10:17:23 [INFO]     2022.07 p4: +8건 (페이지 8건)
2026-03-23 10:17:24 [INFO]     HTML 크기: 355431 bytes
2026-03-23 10:17:24 [INFO]     OaLkxeV3 포함: False
2026-03-23 10:17:24 [INFO]     GOWcekJV4 포함: False
2026-03-23 10:17:24 [INFO]     카드 발견: 10개
2026-03-23 10:17:24 [INFO]     카드 파싱 성공: 9건
2026-03-23 10:17:24 [INFO]     2022.07 p5: +9건 (페이지 9건)
2026-03-23 10:17:26 [INFO]     HTML 크기: 341562 bytes
2026-03-23 10:17:26 [INFO]     OaLkxeV3 포함: False
2026-03-23 10:17:26 [INFO]     GOWcekJV4 포함: False
2026-03-23 10:17:26 [INFO]     카드 발견: 10개
2026-03-23 10:17:26 [INFO]     카드 파싱 성공: 9건
2026-03-23 10:17:26 [INFO]     2022.07 p6: +9건 (페이지 9건)
2026-03-23 10:17:28 [INFO]     HTML 크기: 324960 bytes
2026-03-23 10:17:28 [INFO]     OaLkxeV3 포함: False
2026-03-23 10:17:28 [INFO]     GOWcekJV4 포함: False
2026-03-23 10:17:28 [INFO]     카드 발견: 10개
2026-03-23 10:17:28 [INFO]     카드 파싱 성공: 6건
2026-03-23 10:17:28 [INFO]     2022.07 p7: +6건 (페이지 6건)
2026-03-23 10:17:29 [INFO]     HTML 크기: 346917 bytes
2026-03-23 10:17:29 [INFO]     OaLkxeV3 포함: False
2026-03-23 10:17:29 [INFO]     GOWcekJV4 포함: False
2026-03-23 10:17:29 [INFO]     카드 발견: 10개
2026-03-23 10:17:29 [INFO]     카드 파싱 성공: 10건
2026-03-23 10:17:29 [INFO]     2022.07 p8: +10건 (페이지 10건)
2026-03-23 10:17:31 [INFO]     HTML 크기: 352964 bytes
2026-03-23 10:17:31 [INFO]     OaLkxeV3 포함: False
2026-03-23 10:17:31 [INFO]     GOWcekJV4 포함: False
2026-03-23 10:17:31 [INFO]     카드 발견: 10개
2026-03-23 10:17:31 [INFO]     카드 파싱 성공: 10건
2026-03-23 10:17:31 [INFO]     2022.07 p9: +10건 (페이지 10건)
2026-03-23 10:17:33 [INFO]     HTML 크기: 328416 bytes
2026-03-23 10:17:33 [INFO]     OaLkxeV3 포함: False
2026-03-23 10:17:33 [INFO]     GOWcekJV4 포함: False
2026-03-23 10:17:33 [INFO]     카드 발견: 10개
2026-03-23 10:17:33 [INFO]     카드 파싱 성공: 9건
2026-03-23 10:17:33 [INFO]     2022.07 p10: +9건 (페이지 9건)
2026-03-23 10:17:35 [INFO]     HTML 크기: 380867 bytes
2026-03-23 10:17:35 [INFO]     OaLkxeV3 포함: False
2026-03-23 10:17:35 [INFO]     GOWcekJV4 포함: False
2026-03-23 10:17:35 [INFO]     카드 발견: 10개
2026-03-23 10:17:35 [INFO]     카드 파싱 성공: 8건
2026-03-23 10:17:35 [INFO]     2022.07 p11: +5건 (페이지 8건)
2026-03-23 10:17:36 [INFO]     HTML 크기: 370084 bytes
2026-03-23 10:17:36 [INFO]     OaLkxeV3 포함: False
2026-03-23 10:17:36 [INFO]     GOWcekJV4 포함: False
2026-03-23 10:17:36 [INFO]     카드 발견: 10개
2026-03-23 10:17:36 [INFO]     카드 파싱 성공: 9건
2026-03-23 10:17:36 [INFO]     2022.07 p12: +3건 (페이지 9건)
2026-03-23 10:17:38 [INFO]     HTML 크기: 374155 bytes
2026-03-23 10:17:38 [INFO]     OaLkxeV3 포함: False
2026-03-23 10:17:38 [INFO]     GOWcekJV4 포함: False
2026-03-23 10:17:38 [INFO]     카드 발견: 10개
2026-03-23 10:17:38 [INFO]     카드 파싱 성공: 9건
2026-03-23 10:17:38 [INFO]     2022.07 p13: +2건 (페이지 9건)
2026-03-23 10:17:40 [INFO]     HTML 크기: 408755 bytes
2026-03-23 10:17:40 [INFO]     OaLkxeV3 포함: False
2026-03-23 10:17:40 [INFO]     GOWcekJV4 포함: False
2026-03-23 10:17:40 [INFO]     카드 발견: 10개
2026-03-23 10:17:40 [INFO]     카드 파싱 성공: 8건
2026-03-23 10:17:40 [INFO]     2022.07 p14: +3건 (페이지 8건)
2026-03-23 10:17:42 [INFO]     HTML 크기: 410591 bytes
2026-03-23 10:17:42 [INFO]     OaLkxeV3 포함: False
2026-03-23 10:17:42 [INFO]     GOWcekJV4 포함: False
2026-03-23 10:17:42 [INFO]     카드 발견: 10개
2026-03-23 10:17:42 [INFO]     카드 파싱 성공: 9건
2026-03-23 10:17:42 [INFO]     2022.07 p15: +3건 (페이지 9건)
2026-03-23 10:17:43 [INFO]     HTML 크기: 404992 bytes
2026-03-23 10:17:43 [INFO]     OaLkxeV3 포함: False
2026-03-23 10:17:43 [INFO]     GOWcekJV4 포함: False
2026-03-23 10:17:43 [INFO]     카드 발견: 10개
2026-03-23 10:17:43 [INFO]     카드 파싱 성공: 8건
2026-03-23 10:17:43 [INFO]     2022.07 p16: +6건 (페이지 8건)
2026-03-23 10:17:45 [INFO]     HTML 크기: 377077 bytes
2026-03-23 10:17:45 [INFO]     OaLkxeV3 포함: False
2026-03-23 10:17:45 [INFO]     GOWcekJV4 포함: False
2026-03-23 10:17:45 [INFO]     카드 발견: 10개
2026-03-23 10:17:45 [INFO]     카드 파싱 성공: 10건
2026-03-23 10:17:45 [INFO]     2022.07 p17: +3건 (페이지 10건)
2026-03-23 10:17:47 [INFO]     HTML 크기: 361561 bytes
2026-03-23 10:17:47 [INFO]     OaLkxeV3 포함: False
2026-03-23 10:17:47 [INFO]     GOWcekJV4 포함: False
2026-03-23 10:17:47 [INFO]     카드 발견: 10개
2026-03-23 10:17:47 [INFO]     카드 파싱 성공: 10건
2026-03-23 10:17:47 [INFO]     2022.07 p18: +6건 (페이지 10건)
2026-03-23 10:17:49 [INFO]     HTML 크기: 376416 bytes
2026-03-23 10:17:49 [INFO]     OaLkxeV3 포함: False
2026-03-23 10:17:49 [INFO]     GOWcekJV4 포함: False
2026-03-23 10:17:49 [INFO]     카드 발견: 10개
2026-03-23 10:17:49 [INFO]     카드 파싱 성공: 8건
2026-03-23 10:17:49 [INFO]     2022.07 p19: +4건 (페이지 8건)
2026-03-23 10:17:50 [INFO]     HTML 크기: 359716 bytes
2026-03-23 10:17:50 [INFO]     OaLkxeV3 포함: False
2026-03-23 10:17:50 [INFO]     GOWcekJV4 포함: False
2026-03-23 10:17:50 [INFO]     카드 발견: 10개
2026-03-23 10:17:50 [INFO]     카드 파싱 성공: 9건
2026-03-23 10:17:50 [INFO]     2022.07 p20: +5건 (페이지 9건)
2026-03-23 10:17:52 [INFO]     HTML 크기: 357777 bytes
2026-03-23 10:17:52 [INFO]     OaLkxeV3 포함: False
2026-03-23 10:17:52 [INFO]     GOWcekJV4 포함: False
2026-03-23 10:17:52 [INFO]     카드 발견: 10개
2026-03-23 10:17:52 [INFO]     카드 파싱 성공: 9건
2026-03-23 10:17:52 [INFO]     2022.07 p21: +7건 (페이지 9건)
2026-03-23 10:17:53 [INFO]     HTML 크기: 406816 bytes
2026-03-23 10:17:53 [INFO]     OaLkxeV3 포함: False
2026-03-23 10:17:53 [INFO]     GOWcekJV4 포함: False
2026-03-23 10:17:53 [INFO]     카드 발견: 10개
2026-03-23 10:17:53 [INFO]     카드 파싱 성공: 10건
2026-03-23 10:17:53 [INFO]     2022.07 p22: +7건 (페이지 10건)
2026-03-23 10:17:55 [INFO]     HTML 크기: 392457 bytes
2026-03-23 10:17:55 [INFO]     OaLkxeV3 포함: False
2026-03-23 10:17:55 [INFO]     GOWcekJV4 포함: False
2026-03-23 10:17:55 [INFO]     카드 발견: 10개
2026-03-23 10:17:55 [INFO]     카드 파싱 성공: 10건
2026-03-23 10:17:55 [INFO]     2022.07 p23: +5건 (페이지 10건)
2026-03-23 10:17:57 [INFO]     HTML 크기: 378937 bytes
2026-03-23 10:17:57 [INFO]     OaLkxeV3 포함: False
2026-03-23 10:17:57 [INFO]     GOWcekJV4 포함: False
2026-03-23 10:17:57 [INFO]     카드 발견: 10개
2026-03-23 10:17:57 [INFO]     카드 파싱 성공: 10건
2026-03-23 10:17:57 [INFO]     2022.07 p24: +6건 (페이지 10건)
2026-03-23 10:17:59 [INFO]     HTML 크기: 381630 bytes
2026-03-23 10:17:59 [INFO]     OaLkxeV3 포함: False
2026-03-23 10:17:59 [INFO]     GOWcekJV4 포함: False
2026-03-23 10:17:59 [INFO]     카드 발견: 10개
2026-03-23 10:17:59 [INFO]     카드 파싱 성공: 10건
2026-03-23 10:17:59 [INFO]     2022.07 p25: +5건 (페이지 10건)
2026-03-23 10:18:00 [INFO]     HTML 크기: 396196 bytes
2026-03-23 10:18:00 [INFO]     OaLkxeV3 포함: False
2026-03-23 10:18:00 [INFO]     GOWcekJV4 포함: False
2026-03-23 10:18:00 [INFO]     카드 발견: 10개
2026-03-23 10:18:00 [INFO]     카드 파싱 성공: 10건
2026-03-23 10:18:00 [INFO]     2022.07 p26: +8건 (페이지 10건)
2026-03-23 10:18:02 [INFO]     HTML 크기: 364134 bytes
2026-03-23 10:18:02 [INFO]     OaLkxeV3 포함: False
2026-03-23 10:18:02 [INFO]     GOWcekJV4 포함: False
2026-03-23 10:18:02 [INFO]     카드 발견: 10개
2026-03-23 10:18:02 [INFO]     카드 파싱 성공: 9건
2026-03-23 10:18:02 [INFO]     2022.07 p27: +4건 (페이지 9건)
2026-03-23 10:18:04 [INFO]     HTML 크기: 377330 bytes
2026-03-23 10:18:04 [INFO]     OaLkxeV3 포함: False
2026-03-23 10:18:04 [INFO]     GOWcekJV4 포함: False
2026-03-23 10:18:04 [INFO]     카드 발견: 10개
2026-03-23 10:18:04 [INFO]     카드 파싱 성공: 9건
2026-03-23 10:18:04 [INFO]     2022.07 p28: +2건 (페이지 9건)
2026-03-23 10:18:05 [INFO]     HTML 크기: 358249 bytes
2026-03-23 10:18:05 [INFO]     OaLkxeV3 포함: False
2026-03-23 10:18:05 [INFO]     GOWcekJV4 포함: False
2026-03-23 10:18:05 [INFO]     카드 발견: 10개
2026-03-23 10:18:05 [INFO]     카드 파싱 성공: 9건
2026-03-23 10:18:05 [INFO]     2022.07 p29: +4건 (페이지 9건)
2026-03-23 10:18:07 [INFO]     HTML 크기: 372068 bytes
2026-03-23 10:18:07 [INFO]     OaLkxeV3 포함: False
2026-03-23 10:18:07 [INFO]     GOWcekJV4 포함: False
2026-03-23 10:18:07 [INFO]     카드 발견: 10개
2026-03-23 10:18:07 [INFO]     카드 파싱 성공: 8건
2026-03-23 10:18:07 [INFO]     2022.07 p30: +5건 (페이지 8건)
2026-03-23 10:18:08 [INFO]     HTML 크기: 371546 bytes
2026-03-23 10:18:08 [INFO]     OaLkxeV3 포함: False
2026-03-23 10:18:08 [INFO]     GOWcekJV4 포함: False
2026-03-23 10:18:08 [INFO]     카드 발견: 10개
2026-03-23 10:18:08 [INFO]     카드 파싱 성공: 8건
2026-03-23 10:18:08 [INFO]     2022.07 p31: +3건 (페이지 8건)
2026-03-23 10:18:10 [INFO]     HTML 크기: 378112 bytes
2026-03-23 10:18:10 [INFO]     OaLkxeV3 포함: False
2026-03-23 10:18:10 [INFO]     GOWcekJV4 포함: False
2026-03-23 10:18:10 [INFO]     카드 발견: 10개
2026-03-23 10:18:10 [INFO]     카드 파싱 성공: 9건
2026-03-23 10:18:10 [INFO]     2022.07 p32: +6건 (페이지 9건)
2026-03-23 10:18:11 [INFO]     HTML 크기: 383358 bytes
2026-03-23 10:18:11 [INFO]     OaLkxeV3 포함: False
2026-03-23 10:18:11 [INFO]     GOWcekJV4 포함: False
2026-03-23 10:18:11 [INFO]     카드 발견: 10개
2026-03-23 10:18:11 [INFO]     카드 파싱 성공: 8건
2026-03-23 10:18:11 [INFO]     2022.07 p33: +2건 (페이지 8건)
2026-03-23 10:18:13 [INFO]     HTML 크기: 341218 bytes
2026-03-23 10:18:13 [INFO]     OaLkxeV3 포함: False
2026-03-23 10:18:13 [INFO]     GOWcekJV4 포함: False
2026-03-23 10:18:13 [INFO]     카드 발견: 10개
2026-03-23 10:18:13 [INFO]     카드 파싱 성공: 8건
2026-03-23 10:18:13 [INFO]     2022.07 p34: +5건 (페이지 8건)
2026-03-23 10:18:15 [INFO]     HTML 크기: 356310 bytes
2026-03-23 10:18:15 [INFO]     OaLkxeV3 포함: False
2026-03-23 10:18:15 [INFO]     GOWcekJV4 포함: False
2026-03-23 10:18:15 [INFO]     카드 발견: 10개
2026-03-23 10:18:15 [INFO]     카드 파싱 성공: 7건
2026-03-23 10:18:15 [INFO]     2022.07 p35: +4건 (페이지 7건)
2026-03-23 10:18:16 [INFO]     HTML 크기: 370915 bytes
2026-03-23 10:18:16 [INFO]     OaLkxeV3 포함: False
2026-03-23 10:18:16 [INFO]     GOWcekJV4 포함: False
2026-03-23 10:18:16 [INFO]     카드 발견: 10개
2026-03-23 10:18:16 [INFO]     카드 파싱 성공: 9건
2026-03-23 10:18:16 [INFO]     2022.07 p36: +7건 (페이지 9건)
2026-03-23 10:18:18 [INFO]     HTML 크기: 381775 bytes
2026-03-23 10:18:18 [INFO]     OaLkxeV3 포함: False
2026-03-23 10:18:18 [INFO]     GOWcekJV4 포함: False
2026-03-23 10:18:18 [INFO]     카드 발견: 10개
2026-03-23 10:18:18 [INFO]     카드 파싱 성공: 7건
2026-03-23 10:18:18 [INFO]     2022.07 p37: +6건 (페이지 7건)
2026-03-23 10:18:19 [INFO]     HTML 크기: 404287 bytes
2026-03-23 10:18:19 [INFO]     OaLkxeV3 포함: False
2026-03-23 10:18:19 [INFO]     GOWcekJV4 포함: False
2026-03-23 10:18:19 [INFO]     카드 발견: 10개
2026-03-23 10:18:19 [INFO]     카드 파싱 성공: 6건
2026-03-23 10:18:19 [INFO]     2022.07 p38: +3건 (페이지 6건)
2026-03-23 10:18:21 [INFO]     HTML 크기: 356011 bytes
2026-03-23 10:18:21 [INFO]     OaLkxeV3 포함: False
2026-03-23 10:18:21 [INFO]     GOWcekJV4 포함: False
2026-03-23 10:18:21 [INFO]     카드 발견: 10개
2026-03-23 10:18:21 [INFO]     카드 파싱 성공: 8건
2026-03-23 10:18:21 [INFO]     2022.07 p39: +5건 (페이지 8건)
2026-03-23 10:18:22 [INFO]     HTML 크기: 362923 bytes
2026-03-23 10:18:22 [INFO]     OaLkxeV3 포함: False
2026-03-23 10:18:22 [INFO]     GOWcekJV4 포함: False
2026-03-23 10:18:22 [INFO]     카드 발견: 10개
2026-03-23 10:18:22 [INFO]     카드 파싱 성공: 10건
2026-03-23 10:18:22 [INFO]     2022.07 p40: +5건 (페이지 10건)
2026-03-23 10:18:23 [INFO]   2022.07 완료: +228건 (누적 1043개)
2026-03-23 10:18:24 [INFO]     HTML 크기: 411865 bytes
2026-03-23 10:18:24 [INFO]     OaLkxeV3 포함: False
2026-03-23 10:18:24 [INFO]     GOWcekJV4 포함: False
2026-03-23 10:18:24 [INFO]     카드 발견: 10개
2026-03-23 10:18:24 [INFO]     카드 파싱 성공: 9건
2026-03-23 10:18:24 [INFO]     2022.08 p1: +9건 (페이지 9건)
2026-03-23 10:18:26 [INFO]     HTML 크기: 333518 bytes
2026-03-23 10:18:26 [INFO]     OaLkxeV3 포함: False
2026-03-23 10:18:26 [INFO]     GOWcekJV4 포함: False
2026-03-23 10:18:26 [INFO]     카드 발견: 10개
2026-03-23 10:18:26 [INFO]     카드 파싱 성공: 9건
2026-03-23 10:18:26 [INFO]     2022.08 p2: +8건 (페이지 9건)
2026-03-23 10:18:27 [INFO]     HTML 크기: 306863 bytes
2026-03-23 10:18:27 [INFO]     OaLkxeV3 포함: False
2026-03-23 10:18:27 [INFO]     GOWcekJV4 포함: False
2026-03-23 10:18:27 [INFO]     카드 발견: 10개
2026-03-23 10:18:27 [INFO]     카드 파싱 성공: 4건
2026-03-23 10:18:27 [INFO]     2022.08 p3: +4건 (페이지 4건)
2026-03-23 10:18:29 [INFO]     HTML 크기: 306397 bytes
2026-03-23 10:18:29 [INFO]     OaLkxeV3 포함: False
2026-03-23 10:18:29 [INFO]     GOWcekJV4 포함: False
2026-03-23 10:18:29 [INFO]     카드 발견: 10개
2026-03-23 10:18:29 [INFO]     카드 파싱 성공: 2건
2026-03-23 10:18:29 [INFO]     2022.08 p4: +2건 (페이지 2건)
2026-03-23 10:18:31 [INFO]     HTML 크기: 307715 bytes
2026-03-23 10:18:31 [INFO]     OaLkxeV3 포함: False
2026-03-23 10:18:31 [INFO]     GOWcekJV4 포함: False
2026-03-23 10:18:31 [INFO]     카드 발견: 10개
2026-03-23 10:18:31 [INFO]     카드 파싱 성공: 5건
2026-03-23 10:18:31 [INFO]     2022.08 p5: +5건 (페이지 5건)
2026-03-23 10:18:33 [INFO]     HTML 크기: 306767 bytes
2026-03-23 10:18:33 [INFO]     OaLkxeV3 포함: False
2026-03-23 10:18:33 [INFO]     GOWcekJV4 포함: False
2026-03-23 10:18:33 [INFO]     카드 발견: 10개
2026-03-23 10:18:33 [INFO]     카드 파싱 성공: 4건
2026-03-23 10:18:33 [INFO]     2022.08 p6: +4건 (페이지 4건)
2026-03-23 10:18:34 [INFO]     HTML 크기: 307405 bytes
2026-03-23 10:18:34 [INFO]     OaLkxeV3 포함: False
2026-03-23 10:18:34 [INFO]     GOWcekJV4 포함: False
2026-03-23 10:18:34 [INFO]     카드 발견: 10개
2026-03-23 10:18:34 [INFO]     카드 파싱 성공: 5건
2026-03-23 10:18:34 [INFO]     2022.08 p7: +5건 (페이지 5건)
2026-03-23 10:18:36 [INFO]     HTML 크기: 306181 bytes
2026-03-23 10:18:36 [INFO]     OaLkxeV3 포함: False
2026-03-23 10:18:36 [INFO]     GOWcekJV4 포함: False
2026-03-23 10:18:36 [INFO]     카드 발견: 10개
2026-03-23 10:18:36 [INFO]     카드 파싱 성공: 3건
2026-03-23 10:18:36 [INFO]     2022.08 p8: +3건 (페이지 3건)
2026-03-23 10:18:37 [INFO]     HTML 크기: 307312 bytes
2026-03-23 10:18:37 [INFO]     OaLkxeV3 포함: False
2026-03-23 10:18:37 [INFO]     GOWcekJV4 포함: False
2026-03-23 10:18:37 [INFO]     카드 발견: 10개
2026-03-23 10:18:37 [INFO]     카드 파싱 성공: 5건
2026-03-23 10:18:37 [INFO]     2022.08 p9: +5건 (페이지 5건)
2026-03-23 10:18:39 [INFO]     HTML 크기: 303893 bytes
2026-03-23 10:18:39 [INFO]     OaLkxeV3 포함: False
2026-03-23 10:18:39 [INFO]     GOWcekJV4 포함: False
2026-03-23 10:18:39 [INFO]     카드 발견: 10개
2026-03-23 10:18:39 [INFO]     카드 파싱 0건 -> 링크 직접 수집 폴백
2026-03-23 10:18:39 [INFO]     CLS_NAVER_LINK 링크: 0개
2026-03-23 10:18:39 [INFO]     2022.08 p10: 0건 (연속 빈 1회)
2026-03-23 10:18:40 [INFO]     HTML 크기: 433799 bytes
2026-03-23 10:18:40 [INFO]     OaLkxeV3 포함: False
2026-03-23 10:18:40 [INFO]     GOWcekJV4 포함: False
2026-03-23 10:18:40 [INFO]     카드 발견: 10개
2026-03-23 10:18:40 [INFO]     카드 파싱 성공: 8건
2026-03-23 10:18:40 [INFO]     2022.08 p11: +4건 (페이지 8건)
2026-03-23 10:18:42 [INFO]     HTML 크기: 426358 bytes
2026-03-23 10:18:42 [INFO]     OaLkxeV3 포함: False
2026-03-23 10:18:42 [INFO]     GOWcekJV4 포함: False
2026-03-23 10:18:42 [INFO]     카드 발견: 10개
2026-03-23 10:18:42 [INFO]     카드 파싱 성공: 7건
2026-03-23 10:18:42 [INFO]     2022.08 p12: +4건 (페이지 7건)
2026-03-23 10:18:44 [INFO]     HTML 크기: 410790 bytes
2026-03-23 10:18:44 [INFO]     OaLkxeV3 포함: False
2026-03-23 10:18:44 [INFO]     GOWcekJV4 포함: False
2026-03-23 10:18:44 [INFO]     카드 발견: 10개
2026-03-23 10:18:44 [INFO]     카드 파싱 성공: 6건
2026-03-23 10:18:44 [INFO]     2022.08 p13: +2건 (페이지 6건)
2026-03-23 10:18:45 [INFO]     HTML 크기: 409478 bytes
2026-03-23 10:18:45 [INFO]     OaLkxeV3 포함: False
2026-03-23 10:18:45 [INFO]     GOWcekJV4 포함: False
2026-03-23 10:18:45 [INFO]     카드 발견: 10개
2026-03-23 10:18:45 [INFO]     카드 파싱 성공: 6건
2026-03-23 10:18:45 [INFO]     2022.08 p14: +2건 (페이지 6건)
2026-03-23 10:18:47 [INFO]     HTML 크기: 410535 bytes
2026-03-23 10:18:47 [INFO]     OaLkxeV3 포함: False
2026-03-23 10:18:47 [INFO]     GOWcekJV4 포함: False
2026-03-23 10:18:47 [INFO]     카드 발견: 10개
2026-03-23 10:18:47 [INFO]     카드 파싱 성공: 6건
2026-03-23 10:18:47 [INFO]     2022.08 p15: +2건 (페이지 6건)
2026-03-23 10:18:49 [INFO]     HTML 크기: 389779 bytes
2026-03-23 10:18:49 [INFO]     OaLkxeV3 포함: False
2026-03-23 10:18:49 [INFO]     GOWcekJV4 포함: False
2026-03-23 10:18:49 [INFO]     카드 발견: 10개
2026-03-23 10:18:49 [INFO]     카드 파싱 성공: 6건
2026-03-23 10:18:49 [INFO]     2022.08 p16: +4건 (페이지 6건)
2026-03-23 10:18:50 [INFO]     HTML 크기: 384630 bytes
2026-03-23 10:18:50 [INFO]     OaLkxeV3 포함: False
2026-03-23 10:18:50 [INFO]     GOWcekJV4 포함: False
2026-03-23 10:18:50 [INFO]     카드 발견: 10개
2026-03-23 10:18:50 [INFO]     카드 파싱 성공: 5건
2026-03-23 10:18:50 [INFO]     2022.08 p17: +5건 (페이지 5건)
2026-03-23 10:18:52 [INFO]     HTML 크기: 401761 bytes
2026-03-23 10:18:52 [INFO]     OaLkxeV3 포함: False
2026-03-23 10:18:52 [INFO]     GOWcekJV4 포함: False
2026-03-23 10:18:52 [INFO]     카드 발견: 10개
2026-03-23 10:18:52 [INFO]     카드 파싱 성공: 4건
2026-03-23 10:18:52 [INFO]     2022.08 p18: +2건 (페이지 4건)
2026-03-23 10:18:54 [INFO]     HTML 크기: 403732 bytes
2026-03-23 10:18:54 [INFO]     OaLkxeV3 포함: False
2026-03-23 10:18:54 [INFO]     GOWcekJV4 포함: False
2026-03-23 10:18:54 [INFO]     카드 발견: 10개
2026-03-23 10:18:54 [INFO]     카드 파싱 성공: 4건
2026-03-23 10:18:54 [INFO]     2022.08 p19: +2건 (페이지 4건)
2026-03-23 10:18:55 [INFO]     HTML 크기: 435665 bytes
2026-03-23 10:18:55 [INFO]     OaLkxeV3 포함: False
2026-03-23 10:18:55 [INFO]     GOWcekJV4 포함: False
2026-03-23 10:18:55 [INFO]     카드 발견: 10개
2026-03-23 10:18:55 [INFO]     카드 파싱 성공: 7건
2026-03-23 10:18:55 [INFO]     2022.08 p20: +5건 (페이지 7건)
2026-03-23 10:18:57 [INFO]     HTML 크기: 414411 bytes
2026-03-23 10:18:57 [INFO]     OaLkxeV3 포함: False
2026-03-23 10:18:57 [INFO]     GOWcekJV4 포함: False
2026-03-23 10:18:57 [INFO]     카드 발견: 10개
2026-03-23 10:18:57 [INFO]     카드 파싱 성공: 5건
2026-03-23 10:18:57 [INFO]     2022.08 p21: +4건 (페이지 5건)
2026-03-23 10:18:59 [INFO]     HTML 크기: 413692 bytes
2026-03-23 10:18:59 [INFO]     OaLkxeV3 포함: False
2026-03-23 10:18:59 [INFO]     GOWcekJV4 포함: False
2026-03-23 10:18:59 [INFO]     카드 발견: 10개
2026-03-23 10:18:59 [INFO]     카드 파싱 성공: 7건
2026-03-23 10:18:59 [INFO]     2022.08 p22: +4건 (페이지 7건)
2026-03-23 10:19:00 [INFO]     HTML 크기: 400974 bytes
2026-03-23 10:19:00 [INFO]     OaLkxeV3 포함: False
2026-03-23 10:19:00 [INFO]     GOWcekJV4 포함: False
2026-03-23 10:19:00 [INFO]     카드 발견: 10개
2026-03-23 10:19:00 [INFO]     카드 파싱 성공: 6건
2026-03-23 10:19:00 [INFO]     2022.08 p23: +2건 (페이지 6건)
2026-03-23 10:19:02 [INFO]     HTML 크기: 413620 bytes
2026-03-23 10:19:02 [INFO]     OaLkxeV3 포함: False
2026-03-23 10:19:02 [INFO]     GOWcekJV4 포함: False
2026-03-23 10:19:02 [INFO]     카드 발견: 10개
2026-03-23 10:19:02 [INFO]     카드 파싱 성공: 6건
2026-03-23 10:19:02 [INFO]     2022.08 p24: +4건 (페이지 6건)
2026-03-23 10:19:04 [INFO]     HTML 크기: 410624 bytes
2026-03-23 10:19:04 [INFO]     OaLkxeV3 포함: False
2026-03-23 10:19:04 [INFO]     GOWcekJV4 포함: False
2026-03-23 10:19:04 [INFO]     카드 발견: 10개
2026-03-23 10:19:04 [INFO]     카드 파싱 성공: 7건
2026-03-23 10:19:04 [INFO]     2022.08 p25: +2건 (페이지 7건)
2026-03-23 10:19:06 [INFO]     HTML 크기: 394610 bytes
2026-03-23 10:19:06 [INFO]     OaLkxeV3 포함: False
2026-03-23 10:19:06 [INFO]     GOWcekJV4 포함: False
2026-03-23 10:19:06 [INFO]     카드 발견: 10개
2026-03-23 10:19:06 [INFO]     카드 파싱 성공: 6건
2026-03-23 10:19:06 [INFO]     2022.08 p26: +3건 (페이지 6건)
2026-03-23 10:19:07 [INFO]     HTML 크기: 385286 bytes
2026-03-23 10:19:07 [INFO]     OaLkxeV3 포함: False
2026-03-23 10:19:07 [INFO]     GOWcekJV4 포함: False
2026-03-23 10:19:07 [INFO]     카드 발견: 10개
2026-03-23 10:19:07 [INFO]     카드 파싱 성공: 5건
2026-03-23 10:19:07 [INFO]     2022.08 p27: +3건 (페이지 5건)
2026-03-23 10:19:09 [INFO]     HTML 크기: 384173 bytes
2026-03-23 10:19:09 [INFO]     OaLkxeV3 포함: False
2026-03-23 10:19:09 [INFO]     GOWcekJV4 포함: False
2026-03-23 10:19:09 [INFO]     카드 발견: 10개
2026-03-23 10:19:09 [INFO]     카드 파싱 성공: 4건
2026-03-23 10:19:09 [INFO]     2022.08 p28: +0건 (페이지 4건)
2026-03-23 10:19:10 [INFO]   2022.08 완료: +99건 (누적 1142개)
2026-03-23 10:19:11 [INFO]     HTML 크기: 403599 bytes
2026-03-23 10:19:11 [INFO]     OaLkxeV3 포함: False
2026-03-23 10:19:11 [INFO]     GOWcekJV4 포함: False
2026-03-23 10:19:11 [INFO]     카드 발견: 10개
2026-03-23 10:19:11 [INFO]     카드 파싱 성공: 9건
2026-03-23 10:19:11 [INFO]     2022.09 p1: +9건 (페이지 9건)
2026-03-23 10:19:13 [INFO]     HTML 크기: 337302 bytes
2026-03-23 10:19:13 [INFO]     OaLkxeV3 포함: False
2026-03-23 10:19:13 [INFO]     GOWcekJV4 포함: False
2026-03-23 10:19:13 [INFO]     카드 발견: 10개
2026-03-23 10:19:13 [INFO]     카드 파싱 성공: 9건
2026-03-23 10:19:13 [INFO]     2022.09 p2: +7건 (페이지 9건)
2026-03-23 10:19:14 [INFO]     HTML 크기: 330146 bytes
2026-03-23 10:19:14 [INFO]     OaLkxeV3 포함: False
2026-03-23 10:19:14 [INFO]     GOWcekJV4 포함: False
2026-03-23 10:19:14 [INFO]     카드 발견: 10개
2026-03-23 10:19:14 [INFO]     카드 파싱 성공: 10건
2026-03-23 10:19:14 [INFO]     2022.09 p3: +10건 (페이지 10건)
2026-03-23 10:19:16 [INFO]     HTML 크기: 339377 bytes
2026-03-23 10:19:16 [INFO]     OaLkxeV3 포함: False
2026-03-23 10:19:16 [INFO]     GOWcekJV4 포함: False
2026-03-23 10:19:16 [INFO]     카드 발견: 10개
2026-03-23 10:19:16 [INFO]     카드 파싱 성공: 9건
2026-03-23 10:19:16 [INFO]     2022.09 p4: +9건 (페이지 9건)
2026-03-23 10:19:18 [INFO]     HTML 크기: 326769 bytes
2026-03-23 10:19:18 [INFO]     OaLkxeV3 포함: False
2026-03-23 10:19:18 [INFO]     GOWcekJV4 포함: False
2026-03-23 10:19:18 [INFO]     카드 발견: 10개
2026-03-23 10:19:18 [INFO]     카드 파싱 성공: 7건
2026-03-23 10:19:18 [INFO]     2022.09 p5: +7건 (페이지 7건)
2026-03-23 10:19:20 [INFO]     HTML 크기: 322570 bytes
2026-03-23 10:19:20 [INFO]     OaLkxeV3 포함: False
2026-03-23 10:19:20 [INFO]     GOWcekJV4 포함: False
2026-03-23 10:19:20 [INFO]     카드 발견: 10개
2026-03-23 10:19:20 [INFO]     카드 파싱 성공: 9건
2026-03-23 10:19:20 [INFO]     2022.09 p6: +9건 (페이지 9건)
2026-03-23 10:19:22 [INFO]     HTML 크기: 310117 bytes
2026-03-23 10:19:22 [INFO]     OaLkxeV3 포함: False
2026-03-23 10:19:22 [INFO]     GOWcekJV4 포함: False
2026-03-23 10:19:22 [INFO]     카드 발견: 10개
2026-03-23 10:19:22 [INFO]     카드 파싱 성공: 7건
2026-03-23 10:19:22 [INFO]     2022.09 p7: +7건 (페이지 7건)
2026-03-23 10:19:24 [INFO]     HTML 크기: 316063 bytes
2026-03-23 10:19:24 [INFO]     OaLkxeV3 포함: False
2026-03-23 10:19:24 [INFO]     GOWcekJV4 포함: False
2026-03-23 10:19:24 [INFO]     카드 발견: 10개
2026-03-23 10:19:24 [INFO]     카드 파싱 성공: 8건
2026-03-23 10:19:24 [INFO]     2022.09 p8: +8건 (페이지 8건)
2026-03-23 10:19:25 [INFO]     HTML 크기: 310838 bytes
2026-03-23 10:19:25 [INFO]     OaLkxeV3 포함: False
2026-03-23 10:19:25 [INFO]     GOWcekJV4 포함: False
2026-03-23 10:19:25 [INFO]     카드 발견: 10개
2026-03-23 10:19:25 [INFO]     카드 파싱 성공: 4건
2026-03-23 10:19:25 [INFO]     2022.09 p9: +4건 (페이지 4건)
2026-03-23 10:19:27 [INFO]     HTML 크기: 304351 bytes
2026-03-23 10:19:27 [INFO]     OaLkxeV3 포함: False
2026-03-23 10:19:27 [INFO]     GOWcekJV4 포함: False
2026-03-23 10:19:27 [INFO]     카드 발견: 10개
2026-03-23 10:19:27 [INFO]     카드 파싱 성공: 1건
2026-03-23 10:19:27 [INFO]     2022.09 p10: +1건 (페이지 1건)
2026-03-23 10:19:29 [INFO]     HTML 크기: 410295 bytes
2026-03-23 10:19:29 [INFO]     OaLkxeV3 포함: False
2026-03-23 10:19:29 [INFO]     GOWcekJV4 포함: False
2026-03-23 10:19:29 [INFO]     카드 발견: 10개
2026-03-23 10:19:29 [INFO]     카드 파싱 성공: 8건
2026-03-23 10:19:29 [INFO]     2022.09 p11: +4건 (페이지 8건)
2026-03-23 10:19:30 [INFO]     HTML 크기: 395550 bytes
2026-03-23 10:19:30 [INFO]     OaLkxeV3 포함: False
2026-03-23 10:19:30 [INFO]     GOWcekJV4 포함: False
2026-03-23 10:19:30 [INFO]     카드 발견: 10개
2026-03-23 10:19:30 [INFO]     카드 파싱 성공: 8건
2026-03-23 10:19:30 [INFO]     2022.09 p12: +0건 (페이지 8건)
2026-03-23 10:19:31 [INFO]   2022.09 완료: +75건 (누적 1217개)
2026-03-23 10:19:32 [INFO]     HTML 크기: 395337 bytes
2026-03-23 10:19:32 [INFO]     OaLkxeV3 포함: False
2026-03-23 10:19:32 [INFO]     GOWcekJV4 포함: False
2026-03-23 10:19:32 [INFO]     카드 발견: 10개
2026-03-23 10:19:32 [INFO]     카드 파싱 성공: 10건
2026-03-23 10:19:32 [INFO]     2022.10 p1: +10건 (페이지 10건)
2026-03-23 10:19:34 [INFO]     HTML 크기: 320372 bytes
2026-03-23 10:19:34 [INFO]     OaLkxeV3 포함: False
2026-03-23 10:19:34 [INFO]     GOWcekJV4 포함: False
2026-03-23 10:19:34 [INFO]     카드 발견: 10개
2026-03-23 10:19:34 [INFO]     카드 파싱 성공: 10건
2026-03-23 10:19:34 [INFO]     2022.10 p2: +9건 (페이지 10건)
2026-03-23 10:19:35 [INFO]     HTML 크기: 363720 bytes
2026-03-23 10:19:35 [INFO]     OaLkxeV3 포함: False
2026-03-23 10:19:35 [INFO]     GOWcekJV4 포함: False
2026-03-23 10:19:35 [INFO]     카드 발견: 10개
2026-03-23 10:19:35 [INFO]     카드 파싱 성공: 10건
2026-03-23 10:19:35 [INFO]     2022.10 p3: +10건 (페이지 10건)
2026-03-23 10:19:37 [INFO]     HTML 크기: 321419 bytes
2026-03-23 10:19:37 [INFO]     OaLkxeV3 포함: False
2026-03-23 10:19:37 [INFO]     GOWcekJV4 포함: False
2026-03-23 10:19:37 [INFO]     카드 발견: 10개
2026-03-23 10:19:37 [INFO]     카드 파싱 성공: 9건
2026-03-23 10:19:37 [INFO]     2022.10 p4: +9건 (페이지 9건)
2026-03-23 10:19:39 [INFO]     HTML 크기: 339112 bytes
2026-03-23 10:19:39 [INFO]     OaLkxeV3 포함: False
2026-03-23 10:19:39 [INFO]     GOWcekJV4 포함: False
2026-03-23 10:19:39 [INFO]     카드 발견: 10개
2026-03-23 10:19:39 [INFO]     카드 파싱 성공: 8건
2026-03-23 10:19:39 [INFO]     2022.10 p5: +8건 (페이지 8건)
2026-03-23 10:19:40 [INFO]     HTML 크기: 384346 bytes
2026-03-23 10:19:40 [INFO]     OaLkxeV3 포함: False
2026-03-23 10:19:40 [INFO]     GOWcekJV4 포함: False
2026-03-23 10:19:40 [INFO]     카드 발견: 10개
2026-03-23 10:19:40 [INFO]     카드 파싱 성공: 9건
2026-03-23 10:19:40 [INFO]     2022.10 p6: +9건 (페이지 9건)
2026-03-23 10:19:42 [INFO]     HTML 크기: 337618 bytes
2026-03-23 10:19:42 [INFO]     OaLkxeV3 포함: False
2026-03-23 10:19:42 [INFO]     GOWcekJV4 포함: False
2026-03-23 10:19:42 [INFO]     카드 발견: 10개
2026-03-23 10:19:42 [INFO]     카드 파싱 성공: 8건
2026-03-23 10:19:42 [INFO]     2022.10 p7: +8건 (페이지 8건)
2026-03-23 10:19:43 [INFO]     HTML 크기: 332933 bytes
2026-03-23 10:19:43 [INFO]     OaLkxeV3 포함: False
2026-03-23 10:19:43 [INFO]     GOWcekJV4 포함: False
2026-03-23 10:19:43 [INFO]     카드 발견: 10개
2026-03-23 10:19:43 [INFO]     카드 파싱 성공: 9건
2026-03-23 10:19:43 [INFO]     2022.10 p8: +9건 (페이지 9건)
2026-03-23 10:19:45 [INFO]     HTML 크기: 314763 bytes
2026-03-23 10:19:45 [INFO]     OaLkxeV3 포함: False
2026-03-23 10:19:45 [INFO]     GOWcekJV4 포함: False
2026-03-23 10:19:45 [INFO]     카드 발견: 10개
2026-03-23 10:19:45 [INFO]     카드 파싱 성공: 8건
2026-03-23 10:19:45 [INFO]     2022.10 p9: +8건 (페이지 8건)
2026-03-23 10:19:47 [INFO]     HTML 크기: 309082 bytes
2026-03-23 10:19:47 [INFO]     OaLkxeV3 포함: False
2026-03-23 10:19:47 [INFO]     GOWcekJV4 포함: False
2026-03-23 10:19:47 [INFO]     카드 발견: 10개
2026-03-23 10:19:47 [INFO]     카드 파싱 성공: 5건
2026-03-23 10:19:47 [INFO]     2022.10 p10: +5건 (페이지 5건)
2026-03-23 10:19:49 [INFO]     HTML 크기: 364688 bytes
2026-03-23 10:19:49 [INFO]     OaLkxeV3 포함: False
2026-03-23 10:19:49 [INFO]     GOWcekJV4 포함: False
2026-03-23 10:19:49 [INFO]     카드 발견: 10개
2026-03-23 10:19:49 [INFO]     카드 파싱 성공: 9건
2026-03-23 10:19:49 [INFO]     2022.10 p11: +5건 (페이지 9건)
2026-03-23 10:19:50 [INFO]     HTML 크기: 370076 bytes
2026-03-23 10:19:50 [INFO]     OaLkxeV3 포함: False
2026-03-23 10:19:50 [INFO]     GOWcekJV4 포함: False
2026-03-23 10:19:50 [INFO]     카드 발견: 10개
2026-03-23 10:19:50 [INFO]     카드 파싱 성공: 8건
2026-03-23 10:19:50 [INFO]     2022.10 p12: +2건 (페이지 8건)
2026-03-23 10:19:52 [INFO]     HTML 크기: 383854 bytes
2026-03-23 10:19:52 [INFO]     OaLkxeV3 포함: False
2026-03-23 10:19:52 [INFO]     GOWcekJV4 포함: False
2026-03-23 10:19:52 [INFO]     카드 발견: 10개
2026-03-23 10:19:52 [INFO]     카드 파싱 성공: 7건
2026-03-23 10:19:52 [INFO]     2022.10 p13: +2건 (페이지 7건)
2026-03-23 10:19:53 [INFO]     HTML 크기: 386738 bytes
2026-03-23 10:19:53 [INFO]     OaLkxeV3 포함: False
2026-03-23 10:19:53 [INFO]     GOWcekJV4 포함: False
2026-03-23 10:19:53 [INFO]     카드 발견: 10개
2026-03-23 10:19:53 [INFO]     카드 파싱 성공: 9건
2026-03-23 10:19:53 [INFO]     2022.10 p14: +4건 (페이지 9건)
2026-03-23 10:19:55 [INFO]     HTML 크기: 367727 bytes
2026-03-23 10:19:55 [INFO]     OaLkxeV3 포함: False
2026-03-23 10:19:55 [INFO]     GOWcekJV4 포함: False
2026-03-23 10:19:55 [INFO]     카드 발견: 10개
2026-03-23 10:19:55 [INFO]     카드 파싱 성공: 8건
2026-03-23 10:19:55 [INFO]     2022.10 p15: +3건 (페이지 8건)
2026-03-23 10:19:57 [INFO]     HTML 크기: 394807 bytes
2026-03-23 10:19:57 [INFO]     OaLkxeV3 포함: False
2026-03-23 10:19:57 [INFO]     GOWcekJV4 포함: False
2026-03-23 10:19:57 [INFO]     카드 발견: 10개
2026-03-23 10:19:57 [INFO]     카드 파싱 성공: 8건
2026-03-23 10:19:57 [INFO]     2022.10 p16: +5건 (페이지 8건)
2026-03-23 10:19:59 [INFO]     HTML 크기: 369558 bytes
2026-03-23 10:19:59 [INFO]     OaLkxeV3 포함: False
2026-03-23 10:19:59 [INFO]     GOWcekJV4 포함: False
2026-03-23 10:19:59 [INFO]     카드 발견: 10개
2026-03-23 10:19:59 [INFO]     카드 파싱 성공: 9건
2026-03-23 10:19:59 [INFO]     2022.10 p17: +4건 (페이지 9건)
2026-03-23 10:20:01 [INFO]     HTML 크기: 349149 bytes
2026-03-23 10:20:01 [INFO]     OaLkxeV3 포함: False
2026-03-23 10:20:01 [INFO]     GOWcekJV4 포함: False
2026-03-23 10:20:01 [INFO]     카드 발견: 10개
2026-03-23 10:20:01 [INFO]     카드 파싱 성공: 8건
2026-03-23 10:20:01 [INFO]     2022.10 p18: +5건 (페이지 8건)
2026-03-23 10:20:03 [INFO]     HTML 크기: 357065 bytes
2026-03-23 10:20:03 [INFO]     OaLkxeV3 포함: False
2026-03-23 10:20:03 [INFO]     GOWcekJV4 포함: False
2026-03-23 10:20:03 [INFO]     카드 발견: 10개
2026-03-23 10:20:03 [INFO]     카드 파싱 성공: 8건
2026-03-23 10:20:03 [INFO]     2022.10 p19: +5건 (페이지 8건)
2026-03-23 10:20:05 [INFO]     HTML 크기: 374290 bytes
2026-03-23 10:20:05 [INFO]     OaLkxeV3 포함: False
2026-03-23 10:20:05 [INFO]     GOWcekJV4 포함: False
2026-03-23 10:20:05 [INFO]     카드 발견: 10개
2026-03-23 10:20:05 [INFO]     카드 파싱 성공: 8건
2026-03-23 10:20:05 [INFO]     2022.10 p20: +4건 (페이지 8건)
2026-03-23 10:20:07 [INFO]     HTML 크기: 363398 bytes
2026-03-23 10:20:07 [INFO]     OaLkxeV3 포함: False
2026-03-23 10:20:07 [INFO]     GOWcekJV4 포함: False
2026-03-23 10:20:07 [INFO]     카드 발견: 10개
2026-03-23 10:20:07 [INFO]     카드 파싱 성공: 9건
2026-03-23 10:20:07 [INFO]     2022.10 p21: +3건 (페이지 9건)
2026-03-23 10:20:09 [INFO]     HTML 크기: 358531 bytes
2026-03-23 10:20:09 [INFO]     OaLkxeV3 포함: False
2026-03-23 10:20:09 [INFO]     GOWcekJV4 포함: False
2026-03-23 10:20:09 [INFO]     카드 발견: 10개
2026-03-23 10:20:09 [INFO]     카드 파싱 성공: 10건
2026-03-23 10:20:09 [INFO]     2022.10 p22: +5건 (페이지 10건)
2026-03-23 10:20:11 [INFO]     HTML 크기: 353993 bytes
2026-03-23 10:20:11 [INFO]     OaLkxeV3 포함: False
2026-03-23 10:20:11 [INFO]     GOWcekJV4 포함: False
2026-03-23 10:20:11 [INFO]     카드 발견: 10개
2026-03-23 10:20:11 [INFO]     카드 파싱 성공: 7건
2026-03-23 10:20:11 [INFO]     2022.10 p23: +2건 (페이지 7건)
2026-03-23 10:20:12 [INFO]     HTML 크기: 332874 bytes
2026-03-23 10:20:12 [INFO]     OaLkxeV3 포함: False
2026-03-23 10:20:12 [INFO]     GOWcekJV4 포함: False
2026-03-23 10:20:12 [INFO]     카드 발견: 10개
2026-03-23 10:20:12 [INFO]     카드 파싱 성공: 9건
2026-03-23 10:20:12 [INFO]     2022.10 p24: +3건 (페이지 9건)
2026-03-23 10:20:14 [INFO]     HTML 크기: 334450 bytes
2026-03-23 10:20:14 [INFO]     OaLkxeV3 포함: False
2026-03-23 10:20:14 [INFO]     GOWcekJV4 포함: False
2026-03-23 10:20:14 [INFO]     카드 발견: 10개
2026-03-23 10:20:14 [INFO]     카드 파싱 성공: 5건
2026-03-23 10:20:14 [INFO]     2022.10 p25: +3건 (페이지 5건)
2026-03-23 10:20:16 [INFO]     HTML 크기: 335530 bytes
2026-03-23 10:20:16 [INFO]     OaLkxeV3 포함: False
2026-03-23 10:20:16 [INFO]     GOWcekJV4 포함: False
2026-03-23 10:20:16 [INFO]     카드 발견: 10개
2026-03-23 10:20:16 [INFO]     카드 파싱 성공: 7건
2026-03-23 10:20:16 [INFO]     2022.10 p26: +4건 (페이지 7건)
2026-03-23 10:20:17 [INFO]     HTML 크기: 392522 bytes
2026-03-23 10:20:17 [INFO]     OaLkxeV3 포함: False
2026-03-23 10:20:17 [INFO]     GOWcekJV4 포함: False
2026-03-23 10:20:17 [INFO]     카드 발견: 10개
2026-03-23 10:20:17 [INFO]     카드 파싱 성공: 9건
2026-03-23 10:20:17 [INFO]     2022.10 p27: +8건 (페이지 9건)
2026-03-23 10:20:19 [INFO]     HTML 크기: 359085 bytes
2026-03-23 10:20:19 [INFO]     OaLkxeV3 포함: False
2026-03-23 10:20:19 [INFO]     GOWcekJV4 포함: False
2026-03-23 10:20:19 [INFO]     카드 발견: 10개
2026-03-23 10:20:19 [INFO]     카드 파싱 성공: 7건
2026-03-23 10:20:19 [INFO]     2022.10 p28: +5건 (페이지 7건)
2026-03-23 10:20:21 [INFO]     HTML 크기: 329340 bytes
2026-03-23 10:20:21 [INFO]     OaLkxeV3 포함: False
2026-03-23 10:20:21 [INFO]     GOWcekJV4 포함: False
2026-03-23 10:20:21 [INFO]     카드 발견: 10개
2026-03-23 10:20:21 [INFO]     카드 파싱 성공: 7건
2026-03-23 10:20:21 [INFO]     2022.10 p29: +7건 (페이지 7건)
2026-03-23 10:20:23 [INFO]     HTML 크기: 366417 bytes
2026-03-23 10:20:23 [INFO]     OaLkxeV3 포함: False
2026-03-23 10:20:23 [INFO]     GOWcekJV4 포함: False
2026-03-23 10:20:23 [INFO]     카드 발견: 10개
2026-03-23 10:20:23 [INFO]     카드 파싱 성공: 9건
2026-03-23 10:20:23 [INFO]     2022.10 p30: +9건 (페이지 9건)
2026-03-23 10:20:25 [INFO]     HTML 크기: 341236 bytes
2026-03-23 10:20:25 [INFO]     OaLkxeV3 포함: False
2026-03-23 10:20:25 [INFO]     GOWcekJV4 포함: False
2026-03-23 10:20:25 [INFO]     카드 발견: 10개
2026-03-23 10:20:25 [INFO]     카드 파싱 성공: 10건
2026-03-23 10:20:25 [INFO]     2022.10 p31: +9건 (페이지 10건)
2026-03-23 10:20:27 [INFO]     HTML 크기: 374324 bytes
2026-03-23 10:20:27 [INFO]     OaLkxeV3 포함: False
2026-03-23 10:20:27 [INFO]     GOWcekJV4 포함: False
2026-03-23 10:20:27 [INFO]     카드 발견: 10개
2026-03-23 10:20:27 [INFO]     카드 파싱 성공: 7건
2026-03-23 10:20:27 [INFO]     2022.10 p32: +6건 (페이지 7건)
2026-03-23 10:20:28 [INFO]     HTML 크기: 368072 bytes
2026-03-23 10:20:28 [INFO]     OaLkxeV3 포함: False
2026-03-23 10:20:28 [INFO]     GOWcekJV4 포함: False
2026-03-23 10:20:28 [INFO]     카드 발견: 10개
2026-03-23 10:20:28 [INFO]     카드 파싱 성공: 8건
2026-03-23 10:20:28 [INFO]     2022.10 p33: +6건 (페이지 8건)
2026-03-23 10:20:31 [INFO]     HTML 크기: 388336 bytes
2026-03-23 10:20:31 [INFO]     OaLkxeV3 포함: False
2026-03-23 10:20:31 [INFO]     GOWcekJV4 포함: False
2026-03-23 10:20:31 [INFO]     카드 발견: 10개
2026-03-23 10:20:31 [INFO]     카드 파싱 성공: 9건
2026-03-23 10:20:31 [INFO]     2022.10 p34: +9건 (페이지 9건)
2026-03-23 10:20:32 [INFO]     HTML 크기: 361638 bytes
2026-03-23 10:20:32 [INFO]     OaLkxeV3 포함: False
2026-03-23 10:20:32 [INFO]     GOWcekJV4 포함: False
2026-03-23 10:20:32 [INFO]     카드 발견: 10개
2026-03-23 10:20:32 [INFO]     카드 파싱 성공: 8건
2026-03-23 10:20:32 [INFO]     2022.10 p35: +8건 (페이지 8건)
2026-03-23 10:20:34 [INFO]     HTML 크기: 368875 bytes
2026-03-23 10:20:34 [INFO]     OaLkxeV3 포함: False
2026-03-23 10:20:34 [INFO]     GOWcekJV4 포함: False
2026-03-23 10:20:34 [INFO]     카드 발견: 10개
2026-03-23 10:20:34 [INFO]     카드 파싱 성공: 7건
2026-03-23 10:20:34 [INFO]     2022.10 p36: +7건 (페이지 7건)
2026-03-23 10:20:36 [INFO]     HTML 크기: 336096 bytes
2026-03-23 10:20:36 [INFO]     OaLkxeV3 포함: False
2026-03-23 10:20:36 [INFO]     GOWcekJV4 포함: False
2026-03-23 10:20:36 [INFO]     카드 발견: 10개
2026-03-23 10:20:36 [INFO]     카드 파싱 성공: 8건
2026-03-23 10:20:36 [INFO]     2022.10 p37: +8건 (페이지 8건)
2026-03-23 10:20:38 [INFO]     HTML 크기: 384025 bytes
2026-03-23 10:20:38 [INFO]     OaLkxeV3 포함: False
2026-03-23 10:20:38 [INFO]     GOWcekJV4 포함: False
2026-03-23 10:20:38 [INFO]     카드 발견: 10개
2026-03-23 10:20:38 [INFO]     카드 파싱 성공: 8건
2026-03-23 10:20:38 [INFO]     2022.10 p38: +8건 (페이지 8건)
2026-03-23 10:20:39 [INFO]     HTML 크기: 356132 bytes
2026-03-23 10:20:39 [INFO]     OaLkxeV3 포함: False
2026-03-23 10:20:39 [INFO]     GOWcekJV4 포함: False
2026-03-23 10:20:39 [INFO]     카드 발견: 10개
2026-03-23 10:20:39 [INFO]     카드 파싱 성공: 8건
2026-03-23 10:20:39 [INFO]     2022.10 p39: +6건 (페이지 8건)
2026-03-23 10:20:41 [INFO]     HTML 크기: 360885 bytes
2026-03-23 10:20:41 [INFO]     OaLkxeV3 포함: False
2026-03-23 10:20:41 [INFO]     GOWcekJV4 포함: False
2026-03-23 10:20:41 [INFO]     카드 발견: 10개
2026-03-23 10:20:41 [INFO]     카드 파싱 성공: 10건
2026-03-23 10:20:41 [INFO]     2022.10 p40: +10건 (페이지 10건)
2026-03-23 10:20:42 [INFO]   2022.10 완료: +250건 (누적 1467개)
2026-03-23 10:20:43 [INFO]     HTML 크기: 382730 bytes
2026-03-23 10:20:43 [INFO]     OaLkxeV3 포함: False
2026-03-23 10:20:43 [INFO]     GOWcekJV4 포함: False
2026-03-23 10:20:43 [INFO]     카드 발견: 10개
2026-03-23 10:20:43 [INFO]     카드 파싱 성공: 10건
2026-03-23 10:20:43 [INFO]     2022.11 p1: +10건 (페이지 10건)
2026-03-23 10:20:45 [INFO]     HTML 크기: 371382 bytes
2026-03-23 10:20:45 [INFO]     OaLkxeV3 포함: False
2026-03-23 10:20:45 [INFO]     GOWcekJV4 포함: False
2026-03-23 10:20:45 [INFO]     카드 발견: 10개
2026-03-23 10:20:45 [INFO]     카드 파싱 성공: 10건
2026-03-23 10:20:45 [INFO]     2022.11 p2: +8건 (페이지 10건)
2026-03-23 10:20:47 [INFO]     HTML 크기: 331152 bytes
2026-03-23 10:20:47 [INFO]     OaLkxeV3 포함: False
2026-03-23 10:20:47 [INFO]     GOWcekJV4 포함: False
2026-03-23 10:20:47 [INFO]     카드 발견: 10개
2026-03-23 10:20:47 [INFO]     카드 파싱 성공: 9건
2026-03-23 10:20:47 [INFO]     2022.11 p3: +9건 (페이지 9건)
2026-03-23 10:20:49 [INFO]     HTML 크기: 308000 bytes
2026-03-23 10:20:49 [INFO]     OaLkxeV3 포함: False
2026-03-23 10:20:49 [INFO]     GOWcekJV4 포함: False
2026-03-23 10:20:49 [INFO]     카드 발견: 10개
2026-03-23 10:20:49 [INFO]     카드 파싱 성공: 5건
2026-03-23 10:20:49 [INFO]     2022.11 p4: +5건 (페이지 5건)
2026-03-23 10:20:51 [INFO]     HTML 크기: 306936 bytes
2026-03-23 10:20:51 [INFO]     OaLkxeV3 포함: False
2026-03-23 10:20:51 [INFO]     GOWcekJV4 포함: False
2026-03-23 10:20:51 [INFO]     카드 발견: 10개
2026-03-23 10:20:51 [INFO]     카드 파싱 성공: 4건
2026-03-23 10:20:51 [INFO]     2022.11 p5: +4건 (페이지 4건)
2026-03-23 10:20:53 [INFO]     HTML 크기: 308148 bytes
2026-03-23 10:20:53 [INFO]     OaLkxeV3 포함: False
2026-03-23 10:20:53 [INFO]     GOWcekJV4 포함: False
2026-03-23 10:20:53 [INFO]     카드 발견: 10개
2026-03-23 10:20:53 [INFO]     카드 파싱 성공: 4건
2026-03-23 10:20:53 [INFO]     2022.11 p6: +4건 (페이지 4건)
2026-03-23 10:20:54 [INFO]     HTML 크기: 306638 bytes
2026-03-23 10:20:54 [INFO]     OaLkxeV3 포함: False
2026-03-23 10:20:54 [INFO]     GOWcekJV4 포함: False
2026-03-23 10:20:54 [INFO]     카드 발견: 10개
2026-03-23 10:20:54 [INFO]     카드 파싱 성공: 4건
2026-03-23 10:20:54 [INFO]     2022.11 p7: +4건 (페이지 4건)
2026-03-23 10:20:56 [INFO]     HTML 크기: 305431 bytes
2026-03-23 10:20:56 [INFO]     OaLkxeV3 포함: False
2026-03-23 10:20:56 [INFO]     GOWcekJV4 포함: False
2026-03-23 10:20:56 [INFO]     카드 발견: 10개
2026-03-23 10:20:56 [INFO]     카드 파싱 성공: 2건
2026-03-23 10:20:56 [INFO]     2022.11 p8: +2건 (페이지 2건)
2026-03-23 10:20:58 [INFO]     HTML 크기: 306944 bytes
2026-03-23 10:20:58 [INFO]     OaLkxeV3 포함: False
2026-03-23 10:20:58 [INFO]     GOWcekJV4 포함: False
2026-03-23 10:20:58 [INFO]     카드 발견: 10개
2026-03-23 10:20:58 [INFO]     카드 파싱 성공: 3건
2026-03-23 10:20:58 [INFO]     2022.11 p9: +3건 (페이지 3건)
2026-03-23 10:21:00 [INFO]     HTML 크기: 304739 bytes
2026-03-23 10:21:00 [INFO]     OaLkxeV3 포함: False
2026-03-23 10:21:00 [INFO]     GOWcekJV4 포함: False
2026-03-23 10:21:00 [INFO]     카드 발견: 10개
2026-03-23 10:21:00 [INFO]     카드 파싱 0건 -> 링크 직접 수집 폴백
2026-03-23 10:21:00 [INFO]     CLS_NAVER_LINK 링크: 0개
2026-03-23 10:21:00 [INFO]     2022.11 p10: 0건 (연속 빈 1회)
2026-03-23 10:21:01 [INFO]     HTML 크기: 435296 bytes
2026-03-23 10:21:01 [INFO]     OaLkxeV3 포함: False
2026-03-23 10:21:01 [INFO]     GOWcekJV4 포함: False
2026-03-23 10:21:01 [INFO]     카드 발견: 10개
2026-03-23 10:21:01 [INFO]     카드 파싱 성공: 8건
2026-03-23 10:21:01 [INFO]     2022.11 p11: +7건 (페이지 8건)
2026-03-23 10:21:03 [INFO]     HTML 크기: 426969 bytes
2026-03-23 10:21:03 [INFO]     OaLkxeV3 포함: False
2026-03-23 10:21:03 [INFO]     GOWcekJV4 포함: False
2026-03-23 10:21:03 [INFO]     카드 발견: 10개
2026-03-23 10:21:03 [INFO]     카드 파싱 성공: 8건
2026-03-23 10:21:03 [INFO]     2022.11 p12: +3건 (페이지 8건)
2026-03-23 10:21:05 [INFO]     HTML 크기: 427209 bytes
2026-03-23 10:21:05 [INFO]     OaLkxeV3 포함: False
2026-03-23 10:21:05 [INFO]     GOWcekJV4 포함: False
2026-03-23 10:21:05 [INFO]     카드 발견: 10개
2026-03-23 10:21:05 [INFO]     카드 파싱 성공: 8건
2026-03-23 10:21:05 [INFO]     2022.11 p13: +5건 (페이지 8건)
2026-03-23 10:21:07 [INFO]     HTML 크기: 439700 bytes
2026-03-23 10:21:07 [INFO]     OaLkxeV3 포함: False
2026-03-23 10:21:07 [INFO]     GOWcekJV4 포함: False
2026-03-23 10:21:07 [INFO]     카드 발견: 10개
2026-03-23 10:21:07 [INFO]     카드 파싱 성공: 5건
2026-03-23 10:21:07 [INFO]     2022.11 p14: +1건 (페이지 5건)
2026-03-23 10:21:09 [INFO]     HTML 크기: 409556 bytes
2026-03-23 10:21:09 [INFO]     OaLkxeV3 포함: False
2026-03-23 10:21:09 [INFO]     GOWcekJV4 포함: False
2026-03-23 10:21:09 [INFO]     카드 발견: 10개
2026-03-23 10:21:09 [INFO]     카드 파싱 성공: 6건
2026-03-23 10:21:09 [INFO]     2022.11 p15: +2건 (페이지 6건)
2026-03-23 10:21:11 [INFO]     HTML 크기: 427391 bytes
2026-03-23 10:21:11 [INFO]     OaLkxeV3 포함: False
2026-03-23 10:21:11 [INFO]     GOWcekJV4 포함: False
2026-03-23 10:21:11 [INFO]     카드 발견: 10개
2026-03-23 10:21:11 [INFO]     카드 파싱 성공: 6건
2026-03-23 10:21:11 [INFO]     2022.11 p16: +5건 (페이지 6건)
2026-03-23 10:21:12 [INFO]     HTML 크기: 449680 bytes
2026-03-23 10:21:12 [INFO]     OaLkxeV3 포함: False
2026-03-23 10:21:12 [INFO]     GOWcekJV4 포함: False
2026-03-23 10:21:12 [INFO]     카드 발견: 10개
2026-03-23 10:21:12 [INFO]     카드 파싱 성공: 6건
2026-03-23 10:21:12 [INFO]     2022.11 p17: +1건 (페이지 6건)
2026-03-23 10:21:14 [INFO]     HTML 크기: 451373 bytes
2026-03-23 10:21:14 [INFO]     OaLkxeV3 포함: False
2026-03-23 10:21:14 [INFO]     GOWcekJV4 포함: False
2026-03-23 10:21:14 [INFO]     카드 발견: 10개
2026-03-23 10:21:14 [INFO]     카드 파싱 성공: 6건
2026-03-23 10:21:14 [INFO]     2022.11 p18: +2건 (페이지 6건)
2026-03-23 10:21:16 [INFO]     HTML 크기: 445026 bytes
2026-03-23 10:21:16 [INFO]     OaLkxeV3 포함: False
2026-03-23 10:21:16 [INFO]     GOWcekJV4 포함: False
2026-03-23 10:21:16 [INFO]     카드 발견: 10개
2026-03-23 10:21:16 [INFO]     카드 파싱 성공: 6건
2026-03-23 10:21:16 [INFO]     2022.11 p19: +1건 (페이지 6건)
2026-03-23 10:21:18 [INFO]     HTML 크기: 429262 bytes
2026-03-23 10:21:18 [INFO]     OaLkxeV3 포함: False
2026-03-23 10:21:18 [INFO]     GOWcekJV4 포함: False
2026-03-23 10:21:18 [INFO]     카드 발견: 10개
2026-03-23 10:21:18 [INFO]     카드 파싱 성공: 5건
2026-03-23 10:21:18 [INFO]     2022.11 p20: +3건 (페이지 5건)
2026-03-23 10:21:20 [INFO]     HTML 크기: 418548 bytes
2026-03-23 10:21:20 [INFO]     OaLkxeV3 포함: False
2026-03-23 10:21:20 [INFO]     GOWcekJV4 포함: False
2026-03-23 10:21:20 [INFO]     카드 발견: 10개
2026-03-23 10:21:20 [INFO]     카드 파싱 성공: 6건
2026-03-23 10:21:20 [INFO]     2022.11 p21: +4건 (페이지 6건)
2026-03-23 10:21:22 [INFO]     HTML 크기: 410545 bytes
2026-03-23 10:21:22 [INFO]     OaLkxeV3 포함: False
2026-03-23 10:21:22 [INFO]     GOWcekJV4 포함: False
2026-03-23 10:21:22 [INFO]     카드 발견: 10개
2026-03-23 10:21:22 [INFO]     카드 파싱 성공: 4건
2026-03-23 10:21:22 [INFO]     2022.11 p22: +0건 (페이지 4건)
2026-03-23 10:21:23 [INFO]   2022.11 완료: +83건 (누적 1550개)
2026-03-23 10:21:24 [INFO]     HTML 크기: 403482 bytes
2026-03-23 10:21:24 [INFO]     OaLkxeV3 포함: False
2026-03-23 10:21:24 [INFO]     GOWcekJV4 포함: False
2026-03-23 10:21:24 [INFO]     카드 발견: 10개
2026-03-23 10:21:24 [INFO]     카드 파싱 성공: 9건
2026-03-23 10:21:24 [INFO]     2022.12 p1: +9건 (페이지 9건)
2026-03-23 10:21:25 [INFO]     HTML 크기: 340835 bytes
2026-03-23 10:21:25 [INFO]     OaLkxeV3 포함: False
2026-03-23 10:21:25 [INFO]     GOWcekJV4 포함: False
2026-03-23 10:21:25 [INFO]     카드 발견: 10개
2026-03-23 10:21:25 [INFO]     카드 파싱 성공: 8건
2026-03-23 10:21:25 [INFO]     2022.12 p2: +7건 (페이지 8건)
2026-03-23 10:21:27 [INFO]     HTML 크기: 332507 bytes
2026-03-23 10:21:27 [INFO]     OaLkxeV3 포함: False
2026-03-23 10:21:27 [INFO]     GOWcekJV4 포함: False
2026-03-23 10:21:27 [INFO]     카드 발견: 10개
2026-03-23 10:21:27 [INFO]     카드 파싱 성공: 8건
2026-03-23 10:21:27 [INFO]     2022.12 p3: +8건 (페이지 8건)
2026-03-23 10:21:29 [INFO]     HTML 크기: 367848 bytes
2026-03-23 10:21:29 [INFO]     OaLkxeV3 포함: False
2026-03-23 10:21:29 [INFO]     GOWcekJV4 포함: False
2026-03-23 10:21:29 [INFO]     카드 발견: 10개
2026-03-23 10:21:29 [INFO]     카드 파싱 성공: 10건
2026-03-23 10:21:29 [INFO]     2022.12 p4: +10건 (페이지 10건)
2026-03-23 10:21:31 [INFO]     HTML 크기: 347384 bytes
2026-03-23 10:21:31 [INFO]     OaLkxeV3 포함: False
2026-03-23 10:21:31 [INFO]     GOWcekJV4 포함: False
2026-03-23 10:21:31 [INFO]     카드 발견: 10개
2026-03-23 10:21:31 [INFO]     카드 파싱 성공: 9건
2026-03-23 10:21:31 [INFO]     2022.12 p5: +9건 (페이지 9건)
2026-03-23 10:21:33 [INFO]     HTML 크기: 328367 bytes
2026-03-23 10:21:33 [INFO]     OaLkxeV3 포함: False
2026-03-23 10:21:33 [INFO]     GOWcekJV4 포함: False
2026-03-23 10:21:33 [INFO]     카드 발견: 10개
2026-03-23 10:21:33 [INFO]     카드 파싱 성공: 8건
2026-03-23 10:21:33 [INFO]     2022.12 p6: +8건 (페이지 8건)
2026-03-23 10:21:35 [INFO]     HTML 크기: 326326 bytes
2026-03-23 10:21:35 [INFO]     OaLkxeV3 포함: False
2026-03-23 10:21:35 [INFO]     GOWcekJV4 포함: False
2026-03-23 10:21:35 [INFO]     카드 발견: 10개
2026-03-23 10:21:35 [INFO]     카드 파싱 성공: 8건
2026-03-23 10:21:35 [INFO]     2022.12 p7: +8건 (페이지 8건)
2026-03-23 10:21:37 [INFO]     HTML 크기: 309690 bytes
2026-03-23 10:21:37 [INFO]     OaLkxeV3 포함: False
2026-03-23 10:21:37 [INFO]     GOWcekJV4 포함: False
2026-03-23 10:21:37 [INFO]     카드 발견: 10개
2026-03-23 10:21:37 [INFO]     카드 파싱 성공: 7건
2026-03-23 10:21:37 [INFO]     2022.12 p8: +7건 (페이지 7건)
2026-03-23 10:21:38 [INFO]     HTML 크기: 317632 bytes
2026-03-23 10:21:38 [INFO]     OaLkxeV3 포함: False
2026-03-23 10:21:38 [INFO]     GOWcekJV4 포함: False
2026-03-23 10:21:38 [INFO]     카드 발견: 10개
2026-03-23 10:21:38 [INFO]     카드 파싱 성공: 5건
2026-03-23 10:21:38 [INFO]     2022.12 p9: +5건 (페이지 5건)
2026-03-23 10:21:40 [INFO]     HTML 크기: 307420 bytes
2026-03-23 10:21:40 [INFO]     OaLkxeV3 포함: False
2026-03-23 10:21:40 [INFO]     GOWcekJV4 포함: False
2026-03-23 10:21:40 [INFO]     카드 발견: 10개
2026-03-23 10:21:40 [INFO]     카드 파싱 성공: 5건
2026-03-23 10:21:40 [INFO]     2022.12 p10: +5건 (페이지 5건)
2026-03-23 10:21:42 [INFO]     HTML 크기: 408219 bytes
2026-03-23 10:21:42 [INFO]     OaLkxeV3 포함: False
2026-03-23 10:21:42 [INFO]     GOWcekJV4 포함: False
2026-03-23 10:21:42 [INFO]     카드 발견: 10개
2026-03-23 10:21:42 [INFO]     카드 파싱 성공: 8건
2026-03-23 10:21:42 [INFO]     2022.12 p11: +4건 (페이지 8건)
2026-03-23 10:21:44 [INFO]     HTML 크기: 405907 bytes
2026-03-23 10:21:44 [INFO]     OaLkxeV3 포함: False
2026-03-23 10:21:44 [INFO]     GOWcekJV4 포함: False
2026-03-23 10:21:44 [INFO]     카드 발견: 10개
2026-03-23 10:21:44 [INFO]     카드 파싱 성공: 8건
2026-03-23 10:21:44 [INFO]     2022.12 p12: +4건 (페이지 8건)
2026-03-23 10:21:46 [INFO]     HTML 크기: 384617 bytes
2026-03-23 10:21:46 [INFO]     OaLkxeV3 포함: False
2026-03-23 10:21:46 [INFO]     GOWcekJV4 포함: False
2026-03-23 10:21:46 [INFO]     카드 발견: 10개
2026-03-23 10:21:46 [INFO]     카드 파싱 성공: 9건
2026-03-23 10:21:46 [INFO]     2022.12 p13: +3건 (페이지 9건)
2026-03-23 10:21:47 [INFO]     HTML 크기: 394397 bytes
2026-03-23 10:21:47 [INFO]     OaLkxeV3 포함: False
2026-03-23 10:21:47 [INFO]     GOWcekJV4 포함: False
2026-03-23 10:21:47 [INFO]     카드 발견: 10개
2026-03-23 10:21:47 [INFO]     카드 파싱 성공: 7건
2026-03-23 10:21:47 [INFO]     2022.12 p14: +2건 (페이지 7건)
2026-03-23 10:21:49 [INFO]     HTML 크기: 409025 bytes
2026-03-23 10:21:49 [INFO]     OaLkxeV3 포함: False
2026-03-23 10:21:49 [INFO]     GOWcekJV4 포함: False
2026-03-23 10:21:49 [INFO]     카드 발견: 10개
2026-03-23 10:21:49 [INFO]     카드 파싱 성공: 8건
2026-03-23 10:21:49 [INFO]     2022.12 p15: +4건 (페이지 8건)
2026-03-23 10:21:51 [INFO]     HTML 크기: 397162 bytes
2026-03-23 10:21:51 [INFO]     OaLkxeV3 포함: False
2026-03-23 10:21:51 [INFO]     GOWcekJV4 포함: False
2026-03-23 10:21:51 [INFO]     카드 발견: 10개
2026-03-23 10:21:51 [INFO]     카드 파싱 성공: 7건
2026-03-23 10:21:51 [INFO]     2022.12 p16: +2건 (페이지 7건)
2026-03-23 10:21:53 [INFO]     HTML 크기: 357506 bytes
2026-03-23 10:21:53 [INFO]     OaLkxeV3 포함: False
2026-03-23 10:21:53 [INFO]     GOWcekJV4 포함: False
2026-03-23 10:21:53 [INFO]     카드 발견: 10개
2026-03-23 10:21:53 [INFO]     카드 파싱 성공: 4건
2026-03-23 10:21:53 [INFO]     2022.12 p17: +1건 (페이지 4건)
2026-03-23 10:21:54 [INFO]     HTML 크기: 412443 bytes
2026-03-23 10:21:54 [INFO]     OaLkxeV3 포함: False
2026-03-23 10:21:54 [INFO]     GOWcekJV4 포함: False
2026-03-23 10:21:54 [INFO]     카드 발견: 10개
2026-03-23 10:21:54 [INFO]     카드 파싱 성공: 8건
2026-03-23 10:21:54 [INFO]     2022.12 p18: +6건 (페이지 8건)
2026-03-23 10:21:56 [INFO]     HTML 크기: 393293 bytes
2026-03-23 10:21:56 [INFO]     OaLkxeV3 포함: False
2026-03-23 10:21:56 [INFO]     GOWcekJV4 포함: False
2026-03-23 10:21:56 [INFO]     카드 발견: 10개
2026-03-23 10:21:56 [INFO]     카드 파싱 성공: 7건
2026-03-23 10:21:56 [INFO]     2022.12 p19: +2건 (페이지 7건)
2026-03-23 10:21:58 [INFO]     HTML 크기: 404743 bytes
2026-03-23 10:21:58 [INFO]     OaLkxeV3 포함: False
2026-03-23 10:21:58 [INFO]     GOWcekJV4 포함: False
2026-03-23 10:21:58 [INFO]     카드 발견: 10개
2026-03-23 10:21:58 [INFO]     카드 파싱 성공: 6건
2026-03-23 10:21:58 [INFO]     2022.12 p20: +4건 (페이지 6건)
2026-03-23 10:22:00 [INFO]     HTML 크기: 392245 bytes
2026-03-23 10:22:00 [INFO]     OaLkxeV3 포함: False
2026-03-23 10:22:00 [INFO]     GOWcekJV4 포함: False
2026-03-23 10:22:00 [INFO]     카드 발견: 10개
2026-03-23 10:22:00 [INFO]     카드 파싱 성공: 7건
2026-03-23 10:22:00 [INFO]     2022.12 p21: +2건 (페이지 7건)
2026-03-23 10:22:01 [INFO]     HTML 크기: 387796 bytes
2026-03-23 10:22:01 [INFO]     OaLkxeV3 포함: False
2026-03-23 10:22:01 [INFO]     GOWcekJV4 포함: False
2026-03-23 10:22:01 [INFO]     카드 발견: 10개
2026-03-23 10:22:01 [INFO]     카드 파싱 성공: 8건
2026-03-23 10:22:01 [INFO]     2022.12 p22: +4건 (페이지 8건)
2026-03-23 10:22:03 [INFO]     HTML 크기: 391991 bytes
2026-03-23 10:22:03 [INFO]     OaLkxeV3 포함: False
2026-03-23 10:22:03 [INFO]     GOWcekJV4 포함: False
2026-03-23 10:22:03 [INFO]     카드 발견: 10개
2026-03-23 10:22:03 [INFO]     카드 파싱 성공: 7건
2026-03-23 10:22:03 [INFO]     2022.12 p23: +3건 (페이지 7건)
2026-03-23 10:22:05 [INFO]     HTML 크기: 389335 bytes
2026-03-23 10:22:05 [INFO]     OaLkxeV3 포함: False
2026-03-23 10:22:05 [INFO]     GOWcekJV4 포함: False
2026-03-23 10:22:05 [INFO]     카드 발견: 10개
2026-03-23 10:22:05 [INFO]     카드 파싱 성공: 8건
2026-03-23 10:22:05 [INFO]     2022.12 p24: +0건 (페이지 8건)
2026-03-23 10:22:06 [INFO]   2022.12 완료: +117건 (누적 1667개)
2026-03-23 10:22:07 [INFO]     HTML 크기: 384921 bytes
2026-03-23 10:22:07 [INFO]     OaLkxeV3 포함: False
2026-03-23 10:22:07 [INFO]     GOWcekJV4 포함: False
2026-03-23 10:22:07 [INFO]     카드 발견: 10개
2026-03-23 10:22:07 [INFO]     카드 파싱 성공: 10건
2026-03-23 10:22:07 [INFO]     2023.01 p1: +10건 (페이지 10건)
2026-03-23 10:22:09 [INFO]     HTML 크기: 406281 bytes
2026-03-23 10:22:09 [INFO]     OaLkxeV3 포함: False
2026-03-23 10:22:09 [INFO]     GOWcekJV4 포함: False
2026-03-23 10:22:09 [INFO]     카드 발견: 10개
2026-03-23 10:22:09 [INFO]     카드 파싱 성공: 10건
2026-03-23 10:22:09 [INFO]     2023.01 p2: +9건 (페이지 10건)
2026-03-23 10:22:10 [INFO]     HTML 크기: 364218 bytes
2026-03-23 10:22:10 [INFO]     OaLkxeV3 포함: False
2026-03-23 10:22:10 [INFO]     GOWcekJV4 포함: False
2026-03-23 10:22:10 [INFO]     카드 발견: 10개
2026-03-23 10:22:10 [INFO]     카드 파싱 성공: 10건
2026-03-23 10:22:10 [INFO]     2023.01 p3: +9건 (페이지 10건)
2026-03-23 10:22:12 [INFO]     HTML 크기: 350025 bytes
2026-03-23 10:22:12 [INFO]     OaLkxeV3 포함: False
2026-03-23 10:22:12 [INFO]     GOWcekJV4 포함: False
2026-03-23 10:22:12 [INFO]     카드 발견: 10개
2026-03-23 10:22:12 [INFO]     카드 파싱 성공: 10건
2026-03-23 10:22:12 [INFO]     2023.01 p4: +10건 (페이지 10건)
2026-03-23 10:22:13 [INFO]     HTML 크기: 319409 bytes
2026-03-23 10:22:14 [INFO]     OaLkxeV3 포함: False
2026-03-23 10:22:14 [INFO]     GOWcekJV4 포함: False
2026-03-23 10:22:14 [INFO]     카드 발견: 10개
2026-03-23 10:22:14 [INFO]     카드 파싱 성공: 8건
2026-03-23 10:22:14 [INFO]     2023.01 p5: +8건 (페이지 8건)
2026-03-23 10:22:15 [INFO]     HTML 크기: 310117 bytes
2026-03-23 10:22:15 [INFO]     OaLkxeV3 포함: False
2026-03-23 10:22:15 [INFO]     GOWcekJV4 포함: False
2026-03-23 10:22:15 [INFO]     카드 발견: 10개
2026-03-23 10:22:15 [INFO]     카드 파싱 성공: 8건
2026-03-23 10:22:15 [INFO]     2023.01 p6: +8건 (페이지 8건)
2026-03-23 10:22:17 [INFO]     HTML 크기: 309892 bytes
2026-03-23 10:22:17 [INFO]     OaLkxeV3 포함: False
2026-03-23 10:22:17 [INFO]     GOWcekJV4 포함: False
2026-03-23 10:22:17 [INFO]     카드 발견: 10개
2026-03-23 10:22:17 [INFO]     카드 파싱 성공: 6건
2026-03-23 10:22:17 [INFO]     2023.01 p7: +6건 (페이지 6건)
2026-03-23 10:22:19 [INFO]     HTML 크기: 308665 bytes
2026-03-23 10:22:19 [INFO]     OaLkxeV3 포함: False
2026-03-23 10:22:19 [INFO]     GOWcekJV4 포함: False
2026-03-23 10:22:19 [INFO]     카드 발견: 10개
2026-03-23 10:22:19 [INFO]     카드 파싱 성공: 7건
2026-03-23 10:22:19 [INFO]     2023.01 p8: +7건 (페이지 7건)
2026-03-23 10:22:21 [INFO]     HTML 크기: 307350 bytes
2026-03-23 10:22:21 [INFO]     OaLkxeV3 포함: False
2026-03-23 10:22:21 [INFO]     GOWcekJV4 포함: False
2026-03-23 10:22:21 [INFO]     카드 발견: 10개
2026-03-23 10:22:21 [INFO]     카드 파싱 성공: 6건
2026-03-23 10:22:21 [INFO]     2023.01 p9: +6건 (페이지 6건)
2026-03-23 10:22:23 [INFO]     HTML 크기: 308114 bytes
2026-03-23 10:22:23 [INFO]     OaLkxeV3 포함: False
2026-03-23 10:22:23 [INFO]     GOWcekJV4 포함: False
2026-03-23 10:22:23 [INFO]     카드 발견: 10개
2026-03-23 10:22:23 [INFO]     카드 파싱 성공: 4건
2026-03-23 10:22:23 [INFO]     2023.01 p10: +4건 (페이지 4건)
2026-03-23 10:22:25 [INFO]     HTML 크기: 407611 bytes
2026-03-23 10:22:25 [INFO]     OaLkxeV3 포함: False
2026-03-23 10:22:25 [INFO]     GOWcekJV4 포함: False
2026-03-23 10:22:25 [INFO]     카드 발견: 10개
2026-03-23 10:22:25 [INFO]     카드 파싱 성공: 10건
2026-03-23 10:22:25 [INFO]     2023.01 p11: +7건 (페이지 10건)
2026-03-23 10:22:27 [INFO]     HTML 크기: 386382 bytes
2026-03-23 10:22:27 [INFO]     OaLkxeV3 포함: False
2026-03-23 10:22:27 [INFO]     GOWcekJV4 포함: False
2026-03-23 10:22:27 [INFO]     카드 발견: 10개
2026-03-23 10:22:27 [INFO]     카드 파싱 성공: 10건
2026-03-23 10:22:27 [INFO]     2023.01 p12: +1건 (페이지 10건)
2026-03-23 10:22:28 [INFO]     HTML 크기: 403893 bytes
2026-03-23 10:22:28 [INFO]     OaLkxeV3 포함: False
2026-03-23 10:22:28 [INFO]     GOWcekJV4 포함: False
2026-03-23 10:22:28 [INFO]     카드 발견: 10개
2026-03-23 10:22:28 [INFO]     카드 파싱 성공: 10건
2026-03-23 10:22:28 [INFO]     2023.01 p13: +5건 (페이지 10건)
2026-03-23 10:22:30 [INFO]     HTML 크기: 420817 bytes
2026-03-23 10:22:30 [INFO]     OaLkxeV3 포함: False
2026-03-23 10:22:30 [INFO]     GOWcekJV4 포함: False
2026-03-23 10:22:30 [INFO]     카드 발견: 10개
2026-03-23 10:22:30 [INFO]     카드 파싱 성공: 10건
2026-03-23 10:22:30 [INFO]     2023.01 p14: +4건 (페이지 10건)
2026-03-23 10:22:32 [INFO]     HTML 크기: 408610 bytes
2026-03-23 10:22:32 [INFO]     OaLkxeV3 포함: False
2026-03-23 10:22:32 [INFO]     GOWcekJV4 포함: False
2026-03-23 10:22:32 [INFO]     카드 발견: 10개
2026-03-23 10:22:32 [INFO]     카드 파싱 성공: 10건
2026-03-23 10:22:32 [INFO]     2023.01 p15: +4건 (페이지 10건)
2026-03-23 10:22:34 [INFO]     HTML 크기: 373359 bytes
2026-03-23 10:22:34 [INFO]     OaLkxeV3 포함: False
2026-03-23 10:22:34 [INFO]     GOWcekJV4 포함: False
2026-03-23 10:22:34 [INFO]     카드 발견: 10개
2026-03-23 10:22:34 [INFO]     카드 파싱 성공: 10건
2026-03-23 10:22:34 [INFO]     2023.01 p16: +4건 (페이지 10건)
2026-03-23 10:22:36 [INFO]     HTML 크기: 371527 bytes
2026-03-23 10:22:36 [INFO]     OaLkxeV3 포함: False
2026-03-23 10:22:36 [INFO]     GOWcekJV4 포함: False
2026-03-23 10:22:36 [INFO]     카드 발견: 10개
2026-03-23 10:22:36 [INFO]     카드 파싱 성공: 10건
2026-03-23 10:22:36 [INFO]     2023.01 p17: +5건 (페이지 10건)
2026-03-23 10:22:38 [INFO]     HTML 크기: 394600 bytes
2026-03-23 10:22:38 [INFO]     OaLkxeV3 포함: False
2026-03-23 10:22:38 [INFO]     GOWcekJV4 포함: False
2026-03-23 10:22:38 [INFO]     카드 발견: 10개
2026-03-23 10:22:38 [INFO]     카드 파싱 성공: 10건
2026-03-23 10:22:38 [INFO]     2023.01 p18: +6건 (페이지 10건)
2026-03-23 10:22:39 [INFO]     HTML 크기: 386141 bytes
2026-03-23 10:22:39 [INFO]     OaLkxeV3 포함: False
2026-03-23 10:22:39 [INFO]     GOWcekJV4 포함: False
2026-03-23 10:22:39 [INFO]     카드 발견: 10개
2026-03-23 10:22:39 [INFO]     카드 파싱 성공: 9건
2026-03-23 10:22:39 [INFO]     2023.01 p19: +7건 (페이지 9건)
2026-03-23 10:22:41 [INFO]     HTML 크기: 401928 bytes
2026-03-23 10:22:41 [INFO]     OaLkxeV3 포함: False
2026-03-23 10:22:41 [INFO]     GOWcekJV4 포함: False
2026-03-23 10:22:41 [INFO]     카드 발견: 10개
2026-03-23 10:22:41 [INFO]     카드 파싱 성공: 8건
2026-03-23 10:22:41 [INFO]     2023.01 p20: +4건 (페이지 8건)
2026-03-23 10:22:43 [INFO]     HTML 크기: 394459 bytes
2026-03-23 10:22:43 [INFO]     OaLkxeV3 포함: False
2026-03-23 10:22:43 [INFO]     GOWcekJV4 포함: False
2026-03-23 10:22:43 [INFO]     카드 발견: 10개
2026-03-23 10:22:43 [INFO]     카드 파싱 성공: 7건
2026-03-23 10:22:43 [INFO]     2023.01 p21: +4건 (페이지 7건)
2026-03-23 10:22:45 [INFO]     HTML 크기: 404325 bytes
2026-03-23 10:22:45 [INFO]     OaLkxeV3 포함: False
2026-03-23 10:22:45 [INFO]     GOWcekJV4 포함: False
2026-03-23 10:22:45 [INFO]     카드 발견: 10개
2026-03-23 10:22:45 [INFO]     카드 파싱 성공: 6건
2026-03-23 10:22:45 [INFO]     2023.01 p22: +3건 (페이지 6건)
2026-03-23 10:22:46 [INFO]     HTML 크기: 396549 bytes
2026-03-23 10:22:46 [INFO]     OaLkxeV3 포함: False
2026-03-23 10:22:46 [INFO]     GOWcekJV4 포함: False
2026-03-23 10:22:46 [INFO]     카드 발견: 10개
2026-03-23 10:22:46 [INFO]     카드 파싱 성공: 6건
2026-03-23 10:22:46 [INFO]     2023.01 p23: +5건 (페이지 6건)
2026-03-23 10:22:48 [INFO]     HTML 크기: 385365 bytes
2026-03-23 10:22:48 [INFO]     OaLkxeV3 포함: False
2026-03-23 10:22:48 [INFO]     GOWcekJV4 포함: False
2026-03-23 10:22:48 [INFO]     카드 발견: 10개
2026-03-23 10:22:48 [INFO]     카드 파싱 성공: 7건
2026-03-23 10:22:48 [INFO]     2023.01 p24: +3건 (페이지 7건)
2026-03-23 10:22:50 [INFO]     HTML 크기: 429206 bytes
2026-03-23 10:22:50 [INFO]     OaLkxeV3 포함: False
2026-03-23 10:22:50 [INFO]     GOWcekJV4 포함: False
2026-03-23 10:22:50 [INFO]     카드 발견: 10개
2026-03-23 10:22:50 [INFO]     카드 파싱 성공: 7건
2026-03-23 10:22:50 [INFO]     2023.01 p25: +3건 (페이지 7건)
2026-03-23 10:22:51 [INFO]     HTML 크기: 383755 bytes
2026-03-23 10:22:51 [INFO]     OaLkxeV3 포함: False
2026-03-23 10:22:51 [INFO]     GOWcekJV4 포함: False
2026-03-23 10:22:51 [INFO]     카드 발견: 10개
2026-03-23 10:22:51 [INFO]     카드 파싱 성공: 9건
2026-03-23 10:22:51 [INFO]     2023.01 p26: +4건 (페이지 9건)
2026-03-23 10:22:54 [INFO]     HTML 크기: 376488 bytes
2026-03-23 10:22:54 [INFO]     OaLkxeV3 포함: False
2026-03-23 10:22:54 [INFO]     GOWcekJV4 포함: False
2026-03-23 10:22:54 [INFO]     카드 발견: 10개
2026-03-23 10:22:54 [INFO]     카드 파싱 성공: 7건
2026-03-23 10:22:54 [INFO]     2023.01 p27: +4건 (페이지 7건)
2026-03-23 10:22:55 [INFO]     HTML 크기: 365885 bytes
2026-03-23 10:22:55 [INFO]     OaLkxeV3 포함: False
2026-03-23 10:22:55 [INFO]     GOWcekJV4 포함: False
2026-03-23 10:22:55 [INFO]     카드 발견: 10개
2026-03-23 10:22:55 [INFO]     카드 파싱 성공: 8건
2026-03-23 10:22:55 [INFO]     2023.01 p28: +3건 (페이지 8건)
2026-03-23 10:22:57 [INFO]     HTML 크기: 401473 bytes
2026-03-23 10:22:57 [INFO]     OaLkxeV3 포함: False
2026-03-23 10:22:57 [INFO]     GOWcekJV4 포함: False
2026-03-23 10:22:57 [INFO]     카드 발견: 10개
2026-03-23 10:22:57 [INFO]     카드 파싱 성공: 6건
2026-03-23 10:22:57 [INFO]     2023.01 p29: +2건 (페이지 6건)
2026-03-23 10:22:59 [INFO]     HTML 크기: 376941 bytes
2026-03-23 10:22:59 [INFO]     OaLkxeV3 포함: False
2026-03-23 10:22:59 [INFO]     GOWcekJV4 포함: False
2026-03-23 10:22:59 [INFO]     카드 발견: 10개
2026-03-23 10:22:59 [INFO]     카드 파싱 성공: 6건
2026-03-23 10:22:59 [INFO]     2023.01 p30: +3건 (페이지 6건)
2026-03-23 10:23:00 [INFO]     HTML 크기: 383153 bytes
2026-03-23 10:23:00 [INFO]     OaLkxeV3 포함: False
2026-03-23 10:23:00 [INFO]     GOWcekJV4 포함: False
2026-03-23 10:23:00 [INFO]     카드 발견: 10개
2026-03-23 10:23:00 [INFO]     카드 파싱 성공: 6건
2026-03-23 10:23:00 [INFO]     2023.01 p31: +5건 (페이지 6건)
2026-03-23 10:23:02 [INFO]     HTML 크기: 364006 bytes
2026-03-23 10:23:02 [INFO]     OaLkxeV3 포함: False
2026-03-23 10:23:02 [INFO]     GOWcekJV4 포함: False
2026-03-23 10:23:02 [INFO]     카드 발견: 10개
2026-03-23 10:23:02 [INFO]     카드 파싱 성공: 8건
2026-03-23 10:23:02 [INFO]     2023.01 p32: +2건 (페이지 8건)
2026-03-23 10:23:04 [INFO]     HTML 크기: 381398 bytes
2026-03-23 10:23:04 [INFO]     OaLkxeV3 포함: False
2026-03-23 10:23:04 [INFO]     GOWcekJV4 포함: False
2026-03-23 10:23:04 [INFO]     카드 발견: 10개
2026-03-23 10:23:04 [INFO]     카드 파싱 성공: 7건
2026-03-23 10:23:04 [INFO]     2023.01 p33: +2건 (페이지 7건)
2026-03-23 10:23:06 [INFO]     HTML 크기: 362796 bytes
2026-03-23 10:23:06 [INFO]     OaLkxeV3 포함: False
2026-03-23 10:23:06 [INFO]     GOWcekJV4 포함: False
2026-03-23 10:23:06 [INFO]     카드 발견: 10개
2026-03-23 10:23:06 [INFO]     카드 파싱 성공: 7건
2026-03-23 10:23:06 [INFO]     2023.01 p34: +6건 (페이지 7건)
2026-03-23 10:23:08 [INFO]     HTML 크기: 372179 bytes
2026-03-23 10:23:08 [INFO]     OaLkxeV3 포함: False
2026-03-23 10:23:08 [INFO]     GOWcekJV4 포함: False
2026-03-23 10:23:08 [INFO]     카드 발견: 10개
2026-03-23 10:23:08 [INFO]     카드 파싱 성공: 7건
2026-03-23 10:23:08 [INFO]     2023.01 p35: +4건 (페이지 7건)
2026-03-23 10:23:09 [INFO]     HTML 크기: 342497 bytes
2026-03-23 10:23:09 [INFO]     OaLkxeV3 포함: False
2026-03-23 10:23:09 [INFO]     GOWcekJV4 포함: False
2026-03-23 10:23:09 [INFO]     카드 발견: 10개
2026-03-23 10:23:09 [INFO]     카드 파싱 성공: 7건
2026-03-23 10:23:09 [INFO]     2023.01 p36: +0건 (페이지 7건)
2026-03-23 10:23:10 [INFO]   2023.01 완료: +177건 (누적 1844개)
2026-03-23 10:23:11 [INFO]     HTML 크기: 418868 bytes
2026-03-23 10:23:11 [INFO]     OaLkxeV3 포함: False
2026-03-23 10:23:11 [INFO]     GOWcekJV4 포함: False
2026-03-23 10:23:11 [INFO]     카드 발견: 10개
2026-03-23 10:23:11 [INFO]     카드 파싱 성공: 10건
2026-03-23 10:23:11 [INFO]     2023.02 p1: +10건 (페이지 10건)
2026-03-23 10:23:13 [INFO]     HTML 크기: 367593 bytes
2026-03-23 10:23:13 [INFO]     OaLkxeV3 포함: False
2026-03-23 10:23:13 [INFO]     GOWcekJV4 포함: False
2026-03-23 10:23:13 [INFO]     카드 발견: 10개
2026-03-23 10:23:13 [INFO]     카드 파싱 성공: 10건
2026-03-23 10:23:13 [INFO]     2023.02 p2: +9건 (페이지 10건)
2026-03-23 10:23:14 [INFO]     HTML 크기: 330999 bytes
2026-03-23 10:23:14 [INFO]     OaLkxeV3 포함: False
2026-03-23 10:23:14 [INFO]     GOWcekJV4 포함: False
2026-03-23 10:23:14 [INFO]     카드 발견: 10개
2026-03-23 10:23:14 [INFO]     카드 파싱 성공: 10건
2026-03-23 10:23:14 [INFO]     2023.02 p3: +10건 (페이지 10건)
2026-03-23 10:23:16 [INFO]     HTML 크기: 313398 bytes
2026-03-23 10:23:16 [INFO]     OaLkxeV3 포함: False
2026-03-23 10:23:16 [INFO]     GOWcekJV4 포함: False
2026-03-23 10:23:16 [INFO]     카드 발견: 10개
2026-03-23 10:23:16 [INFO]     카드 파싱 성공: 8건
2026-03-23 10:23:16 [INFO]     2023.02 p4: +8건 (페이지 8건)
2026-03-23 10:23:17 [INFO]     HTML 크기: 306482 bytes
2026-03-23 10:23:17 [INFO]     OaLkxeV3 포함: False
2026-03-23 10:23:17 [INFO]     GOWcekJV4 포함: False
2026-03-23 10:23:17 [INFO]     카드 발견: 10개
2026-03-23 10:23:17 [INFO]     카드 파싱 성공: 4건
2026-03-23 10:23:17 [INFO]     2023.02 p5: +4건 (페이지 4건)
2026-03-23 10:23:19 [INFO]     HTML 크기: 308134 bytes
2026-03-23 10:23:19 [INFO]     OaLkxeV3 포함: False
2026-03-23 10:23:19 [INFO]     GOWcekJV4 포함: False
2026-03-23 10:23:19 [INFO]     카드 발견: 10개
2026-03-23 10:23:19 [INFO]     카드 파싱 성공: 4건
2026-03-23 10:23:19 [INFO]     2023.02 p6: +4건 (페이지 4건)
2026-03-23 10:23:21 [INFO]     HTML 크기: 303752 bytes
2026-03-23 10:23:21 [INFO]     OaLkxeV3 포함: False
2026-03-23 10:23:21 [INFO]     GOWcekJV4 포함: False
2026-03-23 10:23:21 [INFO]     카드 발견: 10개
2026-03-23 10:23:21 [INFO]     카드 파싱 성공: 2건
2026-03-23 10:23:21 [INFO]     2023.02 p7: +2건 (페이지 2건)
2026-03-23 10:23:22 [INFO]     HTML 크기: 306556 bytes
2026-03-23 10:23:22 [INFO]     OaLkxeV3 포함: False
2026-03-23 10:23:22 [INFO]     GOWcekJV4 포함: False
2026-03-23 10:23:22 [INFO]     카드 발견: 10개
2026-03-23 10:23:22 [INFO]     카드 파싱 성공: 3건
2026-03-23 10:23:22 [INFO]     2023.02 p8: +3건 (페이지 3건)
2026-03-23 10:23:24 [INFO]     HTML 크기: 306688 bytes
2026-03-23 10:23:24 [INFO]     OaLkxeV3 포함: False
2026-03-23 10:23:24 [INFO]     GOWcekJV4 포함: False
2026-03-23 10:23:24 [INFO]     카드 발견: 10개
2026-03-23 10:23:24 [INFO]     카드 파싱 성공: 3건
2026-03-23 10:23:24 [INFO]     2023.02 p9: +3건 (페이지 3건)
2026-03-23 10:23:26 [INFO]     HTML 크기: 308077 bytes
2026-03-23 10:23:26 [INFO]     OaLkxeV3 포함: False
2026-03-23 10:23:26 [INFO]     GOWcekJV4 포함: False
2026-03-23 10:23:26 [INFO]     카드 발견: 10개
2026-03-23 10:23:26 [INFO]     카드 파싱 성공: 5건
2026-03-23 10:23:26 [INFO]     2023.02 p10: +5건 (페이지 5건)
2026-03-23 10:23:27 [INFO]     HTML 크기: 392408 bytes
2026-03-23 10:23:27 [INFO]     OaLkxeV3 포함: False
2026-03-23 10:23:27 [INFO]     GOWcekJV4 포함: False
2026-03-23 10:23:27 [INFO]     카드 발견: 10개
2026-03-23 10:23:27 [INFO]     카드 파싱 성공: 7건
2026-03-23 10:23:27 [INFO]     2023.02 p11: +5건 (페이지 7건)
2026-03-23 10:23:29 [INFO]     HTML 크기: 425402 bytes
2026-03-23 10:23:29 [INFO]     OaLkxeV3 포함: False
2026-03-23 10:23:29 [INFO]     GOWcekJV4 포함: False
2026-03-23 10:23:29 [INFO]     카드 발견: 10개
2026-03-23 10:23:29 [INFO]     카드 파싱 성공: 7건
2026-03-23 10:23:29 [INFO]     2023.02 p12: +5건 (페이지 7건)
2026-03-23 10:23:31 [INFO]     HTML 크기: 397860 bytes
2026-03-23 10:23:31 [INFO]     OaLkxeV3 포함: False
2026-03-23 10:23:31 [INFO]     GOWcekJV4 포함: False
2026-03-23 10:23:31 [INFO]     카드 발견: 10개
2026-03-23 10:23:31 [INFO]     카드 파싱 성공: 6건
2026-03-23 10:23:31 [INFO]     2023.02 p13: +1건 (페이지 6건)
2026-03-23 10:23:33 [INFO]     HTML 크기: 398743 bytes
2026-03-23 10:23:33 [INFO]     OaLkxeV3 포함: False
2026-03-23 10:23:33 [INFO]     GOWcekJV4 포함: False
2026-03-23 10:23:33 [INFO]     카드 발견: 10개
2026-03-23 10:23:33 [INFO]     카드 파싱 성공: 6건
2026-03-23 10:23:33 [INFO]     2023.02 p14: +4건 (페이지 6건)
2026-03-23 10:23:34 [INFO]     HTML 크기: 398501 bytes
2026-03-23 10:23:34 [INFO]     OaLkxeV3 포함: False
2026-03-23 10:23:34 [INFO]     GOWcekJV4 포함: False
2026-03-23 10:23:34 [INFO]     카드 발견: 10개
2026-03-23 10:23:34 [INFO]     카드 파싱 성공: 7건
2026-03-23 10:23:34 [INFO]     2023.02 p15: +1건 (페이지 7건)
2026-03-23 10:23:36 [INFO]     HTML 크기: 362075 bytes
2026-03-23 10:23:36 [INFO]     OaLkxeV3 포함: False
2026-03-23 10:23:36 [INFO]     GOWcekJV4 포함: False
2026-03-23 10:23:36 [INFO]     카드 발견: 10개
2026-03-23 10:23:36 [INFO]     카드 파싱 성공: 8건
2026-03-23 10:23:36 [INFO]     2023.02 p16: +1건 (페이지 8건)
2026-03-23 10:23:38 [INFO]     HTML 크기: 426323 bytes
2026-03-23 10:23:38 [INFO]     OaLkxeV3 포함: False
2026-03-23 10:23:38 [INFO]     GOWcekJV4 포함: False
2026-03-23 10:23:38 [INFO]     카드 발견: 10개
2026-03-23 10:23:38 [INFO]     카드 파싱 성공: 4건
2026-03-23 10:23:38 [INFO]     2023.02 p17: +2건 (페이지 4건)
2026-03-23 10:23:40 [INFO]     HTML 크기: 430328 bytes
2026-03-23 10:23:40 [INFO]     OaLkxeV3 포함: False
2026-03-23 10:23:40 [INFO]     GOWcekJV4 포함: False
2026-03-23 10:23:40 [INFO]     카드 발견: 10개
2026-03-23 10:23:40 [INFO]     카드 파싱 성공: 4건
2026-03-23 10:23:40 [INFO]     2023.02 p18: +1건 (페이지 4건)
2026-03-23 10:23:42 [INFO]     HTML 크기: 406073 bytes
2026-03-23 10:23:42 [INFO]     OaLkxeV3 포함: False
2026-03-23 10:23:42 [INFO]     GOWcekJV4 포함: False
2026-03-23 10:23:42 [INFO]     카드 발견: 10개
2026-03-23 10:23:42 [INFO]     카드 파싱 성공: 6건
2026-03-23 10:23:42 [INFO]     2023.02 p19: +2건 (페이지 6건)
2026-03-23 10:23:44 [INFO]     HTML 크기: 425398 bytes
2026-03-23 10:23:44 [INFO]     OaLkxeV3 포함: False
2026-03-23 10:23:44 [INFO]     GOWcekJV4 포함: False
2026-03-23 10:23:44 [INFO]     카드 발견: 10개
2026-03-23 10:23:44 [INFO]     카드 파싱 성공: 6건
2026-03-23 10:23:44 [INFO]     2023.02 p20: +4건 (페이지 6건)
2026-03-23 10:23:46 [INFO]     HTML 크기: 417411 bytes
2026-03-23 10:23:46 [INFO]     OaLkxeV3 포함: False
2026-03-23 10:23:46 [INFO]     GOWcekJV4 포함: False
2026-03-23 10:23:46 [INFO]     카드 발견: 10개
2026-03-23 10:23:46 [INFO]     카드 파싱 성공: 6건
2026-03-23 10:23:46 [INFO]     2023.02 p21: +2건 (페이지 6건)
2026-03-23 10:23:48 [INFO]     HTML 크기: 426513 bytes
2026-03-23 10:23:48 [INFO]     OaLkxeV3 포함: False
2026-03-23 10:23:48 [INFO]     GOWcekJV4 포함: False
2026-03-23 10:23:48 [INFO]     카드 발견: 10개
2026-03-23 10:23:48 [INFO]     카드 파싱 성공: 6건
2026-03-23 10:23:48 [INFO]     2023.02 p22: +2건 (페이지 6건)
2026-03-23 10:23:50 [INFO]     HTML 크기: 392003 bytes
2026-03-23 10:23:50 [INFO]     OaLkxeV3 포함: False
2026-03-23 10:23:50 [INFO]     GOWcekJV4 포함: False
2026-03-23 10:23:50 [INFO]     카드 발견: 10개
2026-03-23 10:23:50 [INFO]     카드 파싱 성공: 5건
2026-03-23 10:23:50 [INFO]     2023.02 p23: +2건 (페이지 5건)
2026-03-23 10:23:52 [INFO]     HTML 크기: 386343 bytes
2026-03-23 10:23:52 [INFO]     OaLkxeV3 포함: False
2026-03-23 10:23:52 [INFO]     GOWcekJV4 포함: False
2026-03-23 10:23:52 [INFO]     카드 발견: 10개
2026-03-23 10:23:52 [INFO]     카드 파싱 성공: 2건
2026-03-23 10:23:52 [INFO]     2023.02 p24: +1건 (페이지 2건)
2026-03-23 10:23:53 [INFO]     HTML 크기: 390059 bytes
2026-03-23 10:23:53 [INFO]     OaLkxeV3 포함: False
2026-03-23 10:23:53 [INFO]     GOWcekJV4 포함: False
2026-03-23 10:23:53 [INFO]     카드 발견: 10개
2026-03-23 10:23:53 [INFO]     카드 파싱 성공: 8건
2026-03-23 10:23:53 [INFO]     2023.02 p25: +3건 (페이지 8건)
2026-03-23 10:23:55 [INFO]     HTML 크기: 409480 bytes
2026-03-23 10:23:55 [INFO]     OaLkxeV3 포함: False
2026-03-23 10:23:55 [INFO]     GOWcekJV4 포함: False
2026-03-23 10:23:55 [INFO]     카드 발견: 10개
2026-03-23 10:23:55 [INFO]     카드 파싱 성공: 8건
2026-03-23 10:23:55 [INFO]     2023.02 p26: +3건 (페이지 8건)
2026-03-23 10:23:57 [INFO]     HTML 크기: 392060 bytes
2026-03-23 10:23:57 [INFO]     OaLkxeV3 포함: False
2026-03-23 10:23:57 [INFO]     GOWcekJV4 포함: False
2026-03-23 10:23:57 [INFO]     카드 발견: 10개
2026-03-23 10:23:57 [INFO]     카드 파싱 성공: 6건
2026-03-23 10:23:57 [INFO]     2023.02 p27: +4건 (페이지 6건)
2026-03-23 10:23:59 [INFO]     HTML 크기: 404253 bytes
2026-03-23 10:23:59 [INFO]     OaLkxeV3 포함: False
2026-03-23 10:23:59 [INFO]     GOWcekJV4 포함: False
2026-03-23 10:23:59 [INFO]     카드 발견: 10개
2026-03-23 10:23:59 [INFO]     카드 파싱 성공: 5건
2026-03-23 10:23:59 [INFO]     2023.02 p28: +0건 (페이지 5건)
2026-03-23 10:24:00 [INFO]   2023.02 완료: +101건 (누적 1945개)
2026-03-23 10:24:01 [INFO]     HTML 크기: 378171 bytes
2026-03-23 10:24:01 [INFO]     OaLkxeV3 포함: False
2026-03-23 10:24:01 [INFO]     GOWcekJV4 포함: False
2026-03-23 10:24:01 [INFO]     카드 발견: 10개
2026-03-23 10:24:01 [INFO]     카드 파싱 성공: 10건
2026-03-23 10:24:01 [INFO]     2023.03 p1: +10건 (페이지 10건)
2026-03-23 10:24:03 [INFO]     HTML 크기: 362458 bytes
2026-03-23 10:24:03 [INFO]     OaLkxeV3 포함: False
2026-03-23 10:24:03 [INFO]     GOWcekJV4 포함: False
2026-03-23 10:24:03 [INFO]     카드 발견: 10개
2026-03-23 10:24:03 [INFO]     카드 파싱 성공: 10건
2026-03-23 10:24:03 [INFO]     2023.03 p2: +10건 (페이지 10건)
2026-03-23 10:24:05 [INFO]     HTML 크기: 383604 bytes
2026-03-23 10:24:05 [INFO]     OaLkxeV3 포함: False
2026-03-23 10:24:05 [INFO]     GOWcekJV4 포함: False
2026-03-23 10:24:05 [INFO]     카드 발견: 10개
2026-03-23 10:24:05 [INFO]     카드 파싱 성공: 10건
2026-03-23 10:24:05 [INFO]     2023.03 p3: +10건 (페이지 10건)
2026-03-23 10:24:07 [INFO]     HTML 크기: 312208 bytes
2026-03-23 10:24:07 [INFO]     OaLkxeV3 포함: False
2026-03-23 10:24:07 [INFO]     GOWcekJV4 포함: False
2026-03-23 10:24:07 [INFO]     카드 발견: 10개
2026-03-23 10:24:07 [INFO]     카드 파싱 성공: 9건
2026-03-23 10:24:07 [INFO]     2023.03 p4: +9건 (페이지 9건)
2026-03-23 10:24:09 [INFO]     HTML 크기: 319899 bytes
2026-03-23 10:24:09 [INFO]     OaLkxeV3 포함: False
2026-03-23 10:24:09 [INFO]     GOWcekJV4 포함: False
2026-03-23 10:24:09 [INFO]     카드 발견: 10개
2026-03-23 10:24:09 [INFO]     카드 파싱 성공: 8건
2026-03-23 10:24:09 [INFO]     2023.03 p5: +8건 (페이지 8건)
2026-03-23 10:24:10 [INFO]     HTML 크기: 315035 bytes
2026-03-23 10:24:10 [INFO]     OaLkxeV3 포함: False
2026-03-23 10:24:10 [INFO]     GOWcekJV4 포함: False
2026-03-23 10:24:10 [INFO]     카드 발견: 10개
2026-03-23 10:24:10 [INFO]     카드 파싱 성공: 8건
2026-03-23 10:24:10 [INFO]     2023.03 p6: +8건 (페이지 8건)
2026-03-23 10:24:12 [INFO]     HTML 크기: 307235 bytes
2026-03-23 10:24:12 [INFO]     OaLkxeV3 포함: False
2026-03-23 10:24:12 [INFO]     GOWcekJV4 포함: False
2026-03-23 10:24:12 [INFO]     카드 발견: 10개
2026-03-23 10:24:12 [INFO]     카드 파싱 성공: 4건
2026-03-23 10:24:12 [INFO]     2023.03 p7: +4건 (페이지 4건)
2026-03-23 10:24:13 [INFO]     HTML 크기: 307034 bytes
2026-03-23 10:24:13 [INFO]     OaLkxeV3 포함: False
2026-03-23 10:24:13 [INFO]     GOWcekJV4 포함: False
2026-03-23 10:24:13 [INFO]     카드 발견: 10개
2026-03-23 10:24:13 [INFO]     카드 파싱 성공: 4건
2026-03-23 10:24:13 [INFO]     2023.03 p8: +4건 (페이지 4건)
2026-03-23 10:24:15 [INFO]     HTML 크기: 308425 bytes
2026-03-23 10:24:15 [INFO]     OaLkxeV3 포함: False
2026-03-23 10:24:15 [INFO]     GOWcekJV4 포함: False
2026-03-23 10:24:15 [INFO]     카드 발견: 10개
2026-03-23 10:24:15 [INFO]     카드 파싱 성공: 5건
2026-03-23 10:24:15 [INFO]     2023.03 p9: +5건 (페이지 5건)
2026-03-23 10:24:17 [INFO]     HTML 크기: 305878 bytes
2026-03-23 10:24:17 [INFO]     OaLkxeV3 포함: False
2026-03-23 10:24:17 [INFO]     GOWcekJV4 포함: False
2026-03-23 10:24:17 [INFO]     카드 발견: 10개
2026-03-23 10:24:17 [INFO]     카드 파싱 성공: 2건
2026-03-23 10:24:17 [INFO]     2023.03 p10: +2건 (페이지 2건)
2026-03-23 10:24:18 [INFO]     HTML 크기: 434268 bytes
2026-03-23 10:24:18 [INFO]     OaLkxeV3 포함: False
2026-03-23 10:24:18 [INFO]     GOWcekJV4 포함: False
2026-03-23 10:24:18 [INFO]     카드 발견: 10개
2026-03-23 10:24:18 [INFO]     카드 파싱 성공: 8건
2026-03-23 10:24:18 [INFO]     2023.03 p11: +7건 (페이지 8건)
2026-03-23 10:24:20 [INFO]     HTML 크기: 419570 bytes
2026-03-23 10:24:20 [INFO]     OaLkxeV3 포함: False
2026-03-23 10:24:20 [INFO]     GOWcekJV4 포함: False
2026-03-23 10:24:20 [INFO]     카드 발견: 10개
2026-03-23 10:24:20 [INFO]     카드 파싱 성공: 8건
2026-03-23 10:24:20 [INFO]     2023.03 p12: +4건 (페이지 8건)
2026-03-23 10:24:22 [INFO]     HTML 크기: 411757 bytes
2026-03-23 10:24:22 [INFO]     OaLkxeV3 포함: False
2026-03-23 10:24:22 [INFO]     GOWcekJV4 포함: False
2026-03-23 10:24:22 [INFO]     카드 발견: 10개
2026-03-23 10:24:22 [INFO]     카드 파싱 성공: 8건
2026-03-23 10:24:22 [INFO]     2023.03 p13: +5건 (페이지 8건)
2026-03-23 10:24:23 [INFO]     HTML 크기: 400193 bytes
2026-03-23 10:24:23 [INFO]     OaLkxeV3 포함: False
2026-03-23 10:24:23 [INFO]     GOWcekJV4 포함: False
2026-03-23 10:24:23 [INFO]     카드 발견: 10개
2026-03-23 10:24:23 [INFO]     카드 파싱 성공: 7건
2026-03-23 10:24:23 [INFO]     2023.03 p14: +3건 (페이지 7건)
2026-03-23 10:24:25 [INFO]     HTML 크기: 417799 bytes
2026-03-23 10:24:25 [INFO]     OaLkxeV3 포함: False
2026-03-23 10:24:25 [INFO]     GOWcekJV4 포함: False
2026-03-23 10:24:25 [INFO]     카드 발견: 10개
2026-03-23 10:24:25 [INFO]     카드 파싱 성공: 8건
2026-03-23 10:24:25 [INFO]     2023.03 p15: +4건 (페이지 8건)
2026-03-23 10:24:27 [INFO]     HTML 크기: 402754 bytes
2026-03-23 10:24:27 [INFO]     OaLkxeV3 포함: False
2026-03-23 10:24:27 [INFO]     GOWcekJV4 포함: False
2026-03-23 10:24:27 [INFO]     카드 발견: 10개
2026-03-23 10:24:27 [INFO]     카드 파싱 성공: 8건
2026-03-23 10:24:27 [INFO]     2023.03 p16: +3건 (페이지 8건)
2026-03-23 10:24:29 [INFO]     HTML 크기: 412323 bytes
2026-03-23 10:24:29 [INFO]     OaLkxeV3 포함: False
2026-03-23 10:24:29 [INFO]     GOWcekJV4 포함: False
2026-03-23 10:24:29 [INFO]     카드 발견: 10개
2026-03-23 10:24:29 [INFO]     카드 파싱 성공: 7건
2026-03-23 10:24:29 [INFO]     2023.03 p17: +4건 (페이지 7건)
2026-03-23 10:24:31 [INFO]     HTML 크기: 405215 bytes
2026-03-23 10:24:31 [INFO]     OaLkxeV3 포함: False
2026-03-23 10:24:31 [INFO]     GOWcekJV4 포함: False
2026-03-23 10:24:31 [INFO]     카드 발견: 10개
2026-03-23 10:24:31 [INFO]     카드 파싱 성공: 7건
2026-03-23 10:24:31 [INFO]     2023.03 p18: +1건 (페이지 7건)
2026-03-23 10:24:32 [INFO]     HTML 크기: 413719 bytes
2026-03-23 10:24:32 [INFO]     OaLkxeV3 포함: False
2026-03-23 10:24:32 [INFO]     GOWcekJV4 포함: False
2026-03-23 10:24:32 [INFO]     카드 발견: 10개
2026-03-23 10:24:32 [INFO]     카드 파싱 성공: 7건
2026-03-23 10:24:32 [INFO]     2023.03 p19: +3건 (페이지 7건)
2026-03-23 10:24:34 [INFO]     HTML 크기: 397416 bytes
2026-03-23 10:24:34 [INFO]     OaLkxeV3 포함: False
2026-03-23 10:24:34 [INFO]     GOWcekJV4 포함: False
2026-03-23 10:24:34 [INFO]     카드 발견: 10개
2026-03-23 10:24:34 [INFO]     카드 파싱 성공: 9건
2026-03-23 10:24:34 [INFO]     2023.03 p20: +5건 (페이지 9건)
2026-03-23 10:24:36 [INFO]     HTML 크기: 385937 bytes
2026-03-23 10:24:36 [INFO]     OaLkxeV3 포함: False
2026-03-23 10:24:36 [INFO]     GOWcekJV4 포함: False
2026-03-23 10:24:36 [INFO]     카드 발견: 10개
2026-03-23 10:24:36 [INFO]     카드 파싱 성공: 9건
2026-03-23 10:24:36 [INFO]     2023.03 p21: +2건 (페이지 9건)
2026-03-23 10:24:38 [INFO]     HTML 크기: 397714 bytes
2026-03-23 10:24:38 [INFO]     OaLkxeV3 포함: False
2026-03-23 10:24:38 [INFO]     GOWcekJV4 포함: False
2026-03-23 10:24:38 [INFO]     카드 발견: 10개
2026-03-23 10:24:38 [INFO]     카드 파싱 성공: 8건
2026-03-23 10:24:38 [INFO]     2023.03 p22: +4건 (페이지 8건)
2026-03-23 10:24:39 [INFO]     HTML 크기: 388759 bytes
2026-03-23 10:24:39 [INFO]     OaLkxeV3 포함: False
2026-03-23 10:24:39 [INFO]     GOWcekJV4 포함: False
2026-03-23 10:24:39 [INFO]     카드 발견: 10개
2026-03-23 10:24:39 [INFO]     카드 파싱 성공: 8건
2026-03-23 10:24:39 [INFO]     2023.03 p23: +2건 (페이지 8건)
2026-03-23 10:24:41 [INFO]     HTML 크기: 381982 bytes
2026-03-23 10:24:41 [INFO]     OaLkxeV3 포함: False
2026-03-23 10:24:41 [INFO]     GOWcekJV4 포함: False
2026-03-23 10:24:41 [INFO]     카드 발견: 10개
2026-03-23 10:24:41 [INFO]     카드 파싱 성공: 8건
2026-03-23 10:24:41 [INFO]     2023.03 p24: +4건 (페이지 8건)
2026-03-23 10:24:42 [INFO]     HTML 크기: 367699 bytes
2026-03-23 10:24:42 [INFO]     OaLkxeV3 포함: False
2026-03-23 10:24:42 [INFO]     GOWcekJV4 포함: False
2026-03-23 10:24:42 [INFO]     카드 발견: 10개
2026-03-23 10:24:42 [INFO]     카드 파싱 성공: 9건
2026-03-23 10:24:42 [INFO]     2023.03 p25: +4건 (페이지 9건)
2026-03-23 10:24:44 [INFO]     HTML 크기: 371729 bytes
2026-03-23 10:24:44 [INFO]     OaLkxeV3 포함: False
2026-03-23 10:24:44 [INFO]     GOWcekJV4 포함: False
2026-03-23 10:24:44 [INFO]     카드 발견: 10개
2026-03-23 10:24:44 [INFO]     카드 파싱 성공: 7건
2026-03-23 10:24:44 [INFO]     2023.03 p26: +3건 (페이지 7건)
2026-03-23 10:24:45 [INFO]     HTML 크기: 404415 bytes
2026-03-23 10:24:45 [INFO]     OaLkxeV3 포함: False
2026-03-23 10:24:45 [INFO]     GOWcekJV4 포함: False
2026-03-23 10:24:45 [INFO]     카드 발견: 10개
2026-03-23 10:24:45 [INFO]     카드 파싱 성공: 8건
2026-03-23 10:24:45 [INFO]     2023.03 p27: +5건 (페이지 8건)
2026-03-23 10:24:47 [INFO]     HTML 크기: 391593 bytes
2026-03-23 10:24:47 [INFO]     OaLkxeV3 포함: False
2026-03-23 10:24:47 [INFO]     GOWcekJV4 포함: False
2026-03-23 10:24:47 [INFO]     카드 발견: 10개
2026-03-23 10:24:47 [INFO]     카드 파싱 성공: 5건
2026-03-23 10:24:47 [INFO]     2023.03 p28: +1건 (페이지 5건)
2026-03-23 10:24:49 [INFO]     HTML 크기: 397311 bytes
2026-03-23 10:24:49 [INFO]     OaLkxeV3 포함: False
2026-03-23 10:24:49 [INFO]     GOWcekJV4 포함: False
2026-03-23 10:24:49 [INFO]     카드 발견: 10개
2026-03-23 10:24:49 [INFO]     카드 파싱 성공: 5건
2026-03-23 10:24:49 [INFO]     2023.03 p29: +1건 (페이지 5건)
2026-03-23 10:24:51 [INFO]     HTML 크기: 403823 bytes
2026-03-23 10:24:51 [INFO]     OaLkxeV3 포함: False
2026-03-23 10:24:51 [INFO]     GOWcekJV4 포함: False
2026-03-23 10:24:51 [INFO]     카드 발견: 10개
2026-03-23 10:24:51 [INFO]     카드 파싱 성공: 6건
2026-03-23 10:24:51 [INFO]     2023.03 p30: +3건 (페이지 6건)
2026-03-23 10:24:52 [INFO]     HTML 크기: 391315 bytes
2026-03-23 10:24:52 [INFO]     OaLkxeV3 포함: False
2026-03-23 10:24:52 [INFO]     GOWcekJV4 포함: False
2026-03-23 10:24:52 [INFO]     카드 발견: 10개
2026-03-23 10:24:52 [INFO]     카드 파싱 성공: 6건
2026-03-23 10:24:52 [INFO]     2023.03 p31: +5건 (페이지 6건)
2026-03-23 10:24:54 [INFO]     HTML 크기: 376339 bytes
2026-03-23 10:24:54 [INFO]     OaLkxeV3 포함: False
2026-03-23 10:24:54 [INFO]     GOWcekJV4 포함: False
2026-03-23 10:24:54 [INFO]     카드 발견: 10개
2026-03-23 10:24:54 [INFO]     카드 파싱 성공: 5건
2026-03-23 10:24:54 [INFO]     2023.03 p32: +1건 (페이지 5건)
2026-03-23 10:24:55 [INFO]     HTML 크기: 367869 bytes
2026-03-23 10:24:55 [INFO]     OaLkxeV3 포함: False
2026-03-23 10:24:55 [INFO]     GOWcekJV4 포함: False
2026-03-23 10:24:55 [INFO]     카드 발견: 10개
2026-03-23 10:24:55 [INFO]     카드 파싱 성공: 5건
2026-03-23 10:24:55 [INFO]     2023.03 p33: +2건 (페이지 5건)
2026-03-23 10:24:57 [INFO]     HTML 크기: 436236 bytes
2026-03-23 10:24:57 [INFO]     OaLkxeV3 포함: False
2026-03-23 10:24:57 [INFO]     GOWcekJV4 포함: False
2026-03-23 10:24:57 [INFO]     카드 발견: 10개
2026-03-23 10:24:57 [INFO]     카드 파싱 성공: 7건
2026-03-23 10:24:57 [INFO]     2023.03 p34: +5건 (페이지 7건)
2026-03-23 10:24:59 [INFO]     HTML 크기: 399231 bytes
2026-03-23 10:24:59 [INFO]     OaLkxeV3 포함: False
2026-03-23 10:24:59 [INFO]     GOWcekJV4 포함: False
2026-03-23 10:24:59 [INFO]     카드 발견: 10개
2026-03-23 10:24:59 [INFO]     카드 파싱 성공: 5건
2026-03-23 10:24:59 [INFO]     2023.03 p35: +5건 (페이지 5건)
2026-03-23 10:25:01 [INFO]     HTML 크기: 390472 bytes
2026-03-23 10:25:01 [INFO]     OaLkxeV3 포함: False
2026-03-23 10:25:01 [INFO]     GOWcekJV4 포함: False
2026-03-23 10:25:01 [INFO]     카드 발견: 10개
2026-03-23 10:25:01 [INFO]     카드 파싱 성공: 5건
2026-03-23 10:25:01 [INFO]     2023.03 p36: +0건 (페이지 5건)
2026-03-23 10:25:02 [INFO]   2023.03 완료: +156건 (누적 2101개)
2026-03-23 10:25:03 [INFO]     HTML 크기: 330281 bytes
2026-03-23 10:25:03 [INFO]     OaLkxeV3 포함: False
2026-03-23 10:25:03 [INFO]     GOWcekJV4 포함: False
2026-03-23 10:25:03 [INFO]     카드 발견: 10개
2026-03-23 10:25:03 [INFO]     카드 파싱 성공: 9건
2026-03-23 10:25:03 [INFO]     2023.04 p1: +9건 (페이지 9건)
2026-03-23 10:25:04 [INFO]     HTML 크기: 388431 bytes
2026-03-23 10:25:04 [INFO]     OaLkxeV3 포함: False
2026-03-23 10:25:04 [INFO]     GOWcekJV4 포함: False
2026-03-23 10:25:04 [INFO]     카드 발견: 10개
2026-03-23 10:25:04 [INFO]     카드 파싱 성공: 10건
2026-03-23 10:25:04 [INFO]     2023.04 p2: +9건 (페이지 10건)
2026-03-23 10:25:06 [INFO]     HTML 크기: 390228 bytes
2026-03-23 10:25:06 [INFO]     OaLkxeV3 포함: False
2026-03-23 10:25:06 [INFO]     GOWcekJV4 포함: False
2026-03-23 10:25:06 [INFO]     카드 발견: 10개
2026-03-23 10:25:06 [INFO]     카드 파싱 성공: 8건
2026-03-23 10:25:06 [INFO]     2023.04 p3: +8건 (페이지 8건)
2026-03-23 10:25:07 [INFO]     HTML 크기: 345501 bytes
2026-03-23 10:25:07 [INFO]     OaLkxeV3 포함: False
2026-03-23 10:25:07 [INFO]     GOWcekJV4 포함: False
2026-03-23 10:25:07 [INFO]     카드 발견: 10개
2026-03-23 10:25:07 [INFO]     카드 파싱 성공: 9건
2026-03-23 10:25:07 [INFO]     2023.04 p4: +9건 (페이지 9건)
2026-03-23 10:25:09 [INFO]     HTML 크기: 345264 bytes
2026-03-23 10:25:09 [INFO]     OaLkxeV3 포함: False
2026-03-23 10:25:09 [INFO]     GOWcekJV4 포함: False
2026-03-23 10:25:09 [INFO]     카드 발견: 10개
2026-03-23 10:25:09 [INFO]     카드 파싱 성공: 10건
2026-03-23 10:25:09 [INFO]     2023.04 p5: +10건 (페이지 10건)
2026-03-23 10:25:11 [INFO]     HTML 크기: 365672 bytes
2026-03-23 10:25:11 [INFO]     OaLkxeV3 포함: False
2026-03-23 10:25:11 [INFO]     GOWcekJV4 포함: False
2026-03-23 10:25:11 [INFO]     카드 발견: 10개
2026-03-23 10:25:11 [INFO]     카드 파싱 성공: 10건
2026-03-23 10:25:11 [INFO]     2023.04 p6: +10건 (페이지 10건)
2026-03-23 10:25:13 [INFO]     HTML 크기: 382408 bytes
2026-03-23 10:25:13 [INFO]     OaLkxeV3 포함: False
2026-03-23 10:25:13 [INFO]     GOWcekJV4 포함: False
2026-03-23 10:25:13 [INFO]     카드 발견: 10개
2026-03-23 10:25:13 [INFO]     카드 파싱 성공: 10건
2026-03-23 10:25:13 [INFO]     2023.04 p7: +10건 (페이지 10건)
2026-03-23 10:25:14 [INFO]     HTML 크기: 332659 bytes
2026-03-23 10:25:14 [INFO]     OaLkxeV3 포함: False
2026-03-23 10:25:14 [INFO]     GOWcekJV4 포함: False
2026-03-23 10:25:14 [INFO]     카드 발견: 10개
2026-03-23 10:25:14 [INFO]     카드 파싱 성공: 9건
2026-03-23 10:25:14 [INFO]     2023.04 p8: +9건 (페이지 9건)
2026-03-23 10:25:16 [INFO]     HTML 크기: 367647 bytes
2026-03-23 10:25:16 [INFO]     OaLkxeV3 포함: False
2026-03-23 10:25:16 [INFO]     GOWcekJV4 포함: False
2026-03-23 10:25:16 [INFO]     카드 발견: 10개
2026-03-23 10:25:16 [INFO]     카드 파싱 성공: 10건
2026-03-23 10:25:16 [INFO]     2023.04 p9: +10건 (페이지 10건)
2026-03-23 10:25:18 [INFO]     HTML 크기: 348389 bytes
2026-03-23 10:25:18 [INFO]     OaLkxeV3 포함: False
2026-03-23 10:25:18 [INFO]     GOWcekJV4 포함: False
2026-03-23 10:25:18 [INFO]     카드 발견: 10개
2026-03-23 10:25:18 [INFO]     카드 파싱 성공: 10건
2026-03-23 10:25:18 [INFO]     2023.04 p10: +10건 (페이지 10건)
2026-03-23 10:25:20 [INFO]     HTML 크기: 336877 bytes
2026-03-23 10:25:20 [INFO]     OaLkxeV3 포함: False
2026-03-23 10:25:20 [INFO]     GOWcekJV4 포함: False
2026-03-23 10:25:20 [INFO]     카드 발견: 10개
2026-03-23 10:25:20 [INFO]     카드 파싱 성공: 10건
2026-03-23 10:25:20 [INFO]     2023.04 p11: +5건 (페이지 10건)
2026-03-23 10:25:21 [INFO]     HTML 크기: 367137 bytes
2026-03-23 10:25:21 [INFO]     OaLkxeV3 포함: False
2026-03-23 10:25:21 [INFO]     GOWcekJV4 포함: False
2026-03-23 10:25:21 [INFO]     카드 발견: 10개
2026-03-23 10:25:21 [INFO]     카드 파싱 성공: 10건
2026-03-23 10:25:21 [INFO]     2023.04 p12: +4건 (페이지 10건)
2026-03-23 10:25:23 [INFO]     HTML 크기: 365892 bytes
2026-03-23 10:25:23 [INFO]     OaLkxeV3 포함: False
2026-03-23 10:25:23 [INFO]     GOWcekJV4 포함: False
2026-03-23 10:25:23 [INFO]     카드 발견: 10개
2026-03-23 10:25:23 [INFO]     카드 파싱 성공: 10건
2026-03-23 10:25:23 [INFO]     2023.04 p13: +4건 (페이지 10건)
2026-03-23 10:25:25 [INFO]     HTML 크기: 382585 bytes
2026-03-23 10:25:25 [INFO]     OaLkxeV3 포함: False
2026-03-23 10:25:25 [INFO]     GOWcekJV4 포함: False
2026-03-23 10:25:25 [INFO]     카드 발견: 10개
2026-03-23 10:25:25 [INFO]     카드 파싱 성공: 10건
2026-03-23 10:25:25 [INFO]     2023.04 p14: +7건 (페이지 10건)
2026-03-23 10:25:27 [INFO]     HTML 크기: 397472 bytes
2026-03-23 10:25:27 [INFO]     OaLkxeV3 포함: False
2026-03-23 10:25:27 [INFO]     GOWcekJV4 포함: False
2026-03-23 10:25:27 [INFO]     카드 발견: 10개
2026-03-23 10:25:27 [INFO]     카드 파싱 성공: 10건
2026-03-23 10:25:27 [INFO]     2023.04 p15: +5건 (페이지 10건)
2026-03-23 10:25:28 [INFO]     HTML 크기: 409108 bytes
2026-03-23 10:25:28 [INFO]     OaLkxeV3 포함: False
2026-03-23 10:25:28 [INFO]     GOWcekJV4 포함: False
2026-03-23 10:25:28 [INFO]     카드 발견: 10개
2026-03-23 10:25:28 [INFO]     카드 파싱 성공: 10건
2026-03-23 10:25:28 [INFO]     2023.04 p16: +5건 (페이지 10건)
2026-03-23 10:25:30 [INFO]     HTML 크기: 374736 bytes
2026-03-23 10:25:30 [INFO]     OaLkxeV3 포함: False
2026-03-23 10:25:30 [INFO]     GOWcekJV4 포함: False
2026-03-23 10:25:30 [INFO]     카드 발견: 10개
2026-03-23 10:25:30 [INFO]     카드 파싱 성공: 9건
2026-03-23 10:25:30 [INFO]     2023.04 p17: +3건 (페이지 9건)
2026-03-23 10:25:32 [INFO]     HTML 크기: 337444 bytes
2026-03-23 10:25:32 [INFO]     OaLkxeV3 포함: False
2026-03-23 10:25:32 [INFO]     GOWcekJV4 포함: False
2026-03-23 10:25:32 [INFO]     카드 발견: 10개
2026-03-23 10:25:32 [INFO]     카드 파싱 성공: 10건
2026-03-23 10:25:32 [INFO]     2023.04 p18: +4건 (페이지 10건)
2026-03-23 10:25:34 [INFO]     HTML 크기: 345129 bytes
2026-03-23 10:25:34 [INFO]     OaLkxeV3 포함: False
2026-03-23 10:25:34 [INFO]     GOWcekJV4 포함: False
2026-03-23 10:25:34 [INFO]     카드 발견: 10개
2026-03-23 10:25:34 [INFO]     카드 파싱 성공: 9건
2026-03-23 10:25:34 [INFO]     2023.04 p19: +6건 (페이지 9건)
2026-03-23 10:25:35 [INFO]     HTML 크기: 367024 bytes
2026-03-23 10:25:35 [INFO]     OaLkxeV3 포함: False
2026-03-23 10:25:35 [INFO]     GOWcekJV4 포함: False
2026-03-23 10:25:35 [INFO]     카드 발견: 10개
2026-03-23 10:25:35 [INFO]     카드 파싱 성공: 9건
2026-03-23 10:25:35 [INFO]     2023.04 p20: +7건 (페이지 9건)
2026-03-23 10:25:37 [INFO]     HTML 크기: 382199 bytes
2026-03-23 10:25:37 [INFO]     OaLkxeV3 포함: False
2026-03-23 10:25:37 [INFO]     GOWcekJV4 포함: False
2026-03-23 10:25:37 [INFO]     카드 발견: 10개
2026-03-23 10:25:37 [INFO]     카드 파싱 성공: 7건
2026-03-23 10:25:37 [INFO]     2023.04 p21: +3건 (페이지 7건)
2026-03-23 10:25:39 [INFO]     HTML 크기: 382569 bytes
2026-03-23 10:25:39 [INFO]     OaLkxeV3 포함: False
2026-03-23 10:25:39 [INFO]     GOWcekJV4 포함: False
2026-03-23 10:25:39 [INFO]     카드 발견: 10개
2026-03-23 10:25:39 [INFO]     카드 파싱 성공: 9건
2026-03-23 10:25:39 [INFO]     2023.04 p22: +5건 (페이지 9건)
2026-03-23 10:25:41 [INFO]     HTML 크기: 404501 bytes
2026-03-23 10:25:41 [INFO]     OaLkxeV3 포함: False
2026-03-23 10:25:41 [INFO]     GOWcekJV4 포함: False
2026-03-23 10:25:41 [INFO]     카드 발견: 10개
2026-03-23 10:25:41 [INFO]     카드 파싱 성공: 9건
2026-03-23 10:25:41 [INFO]     2023.04 p23: +6건 (페이지 9건)
2026-03-23 10:25:43 [INFO]     HTML 크기: 363124 bytes
2026-03-23 10:25:43 [INFO]     OaLkxeV3 포함: False
2026-03-23 10:25:43 [INFO]     GOWcekJV4 포함: False
2026-03-23 10:25:43 [INFO]     카드 발견: 10개
2026-03-23 10:25:43 [INFO]     카드 파싱 성공: 8건
2026-03-23 10:25:43 [INFO]     2023.04 p24: +4건 (페이지 8건)
2026-03-23 10:25:45 [INFO]     HTML 크기: 369313 bytes
2026-03-23 10:25:45 [INFO]     OaLkxeV3 포함: False
2026-03-23 10:25:45 [INFO]     GOWcekJV4 포함: False
2026-03-23 10:25:45 [INFO]     카드 발견: 10개
2026-03-23 10:25:45 [INFO]     카드 파싱 성공: 9건
2026-03-23 10:25:45 [INFO]     2023.04 p25: +5건 (페이지 9건)
2026-03-23 10:25:47 [INFO]     HTML 크기: 360185 bytes
2026-03-23 10:25:47 [INFO]     OaLkxeV3 포함: False
2026-03-23 10:25:47 [INFO]     GOWcekJV4 포함: False
2026-03-23 10:25:47 [INFO]     카드 발견: 10개
2026-03-23 10:25:47 [INFO]     카드 파싱 성공: 9건
2026-03-23 10:25:47 [INFO]     2023.04 p26: +5건 (페이지 9건)
2026-03-23 10:25:49 [INFO]     HTML 크기: 362357 bytes
2026-03-23 10:25:49 [INFO]     OaLkxeV3 포함: False
2026-03-23 10:25:49 [INFO]     GOWcekJV4 포함: False
2026-03-23 10:25:49 [INFO]     카드 발견: 10개
2026-03-23 10:25:49 [INFO]     카드 파싱 성공: 10건
2026-03-23 10:25:49 [INFO]     2023.04 p27: +6건 (페이지 10건)
2026-03-23 10:25:51 [INFO]     HTML 크기: 386285 bytes
2026-03-23 10:25:51 [INFO]     OaLkxeV3 포함: False
2026-03-23 10:25:51 [INFO]     GOWcekJV4 포함: False
2026-03-23 10:25:51 [INFO]     카드 발견: 10개
2026-03-23 10:25:51 [INFO]     카드 파싱 성공: 10건
2026-03-23 10:25:51 [INFO]     2023.04 p28: +8건 (페이지 10건)
2026-03-23 10:25:52 [INFO]     HTML 크기: 377863 bytes
2026-03-23 10:25:52 [INFO]     OaLkxeV3 포함: False
2026-03-23 10:25:52 [INFO]     GOWcekJV4 포함: False
2026-03-23 10:25:52 [INFO]     카드 발견: 10개
2026-03-23 10:25:52 [INFO]     카드 파싱 성공: 10건
2026-03-23 10:25:52 [INFO]     2023.04 p29: +7건 (페이지 10건)
2026-03-23 10:25:54 [INFO]     HTML 크기: 363102 bytes
2026-03-23 10:25:54 [INFO]     OaLkxeV3 포함: False
2026-03-23 10:25:54 [INFO]     GOWcekJV4 포함: False
2026-03-23 10:25:54 [INFO]     카드 발견: 10개
2026-03-23 10:25:54 [INFO]     카드 파싱 성공: 9건
2026-03-23 10:25:54 [INFO]     2023.04 p30: +8건 (페이지 9건)
2026-03-23 10:25:56 [INFO]     HTML 크기: 360550 bytes
2026-03-23 10:25:56 [INFO]     OaLkxeV3 포함: False
2026-03-23 10:25:56 [INFO]     GOWcekJV4 포함: False
2026-03-23 10:25:56 [INFO]     카드 발견: 10개
2026-03-23 10:25:56 [INFO]     카드 파싱 성공: 8건
2026-03-23 10:25:56 [INFO]     2023.04 p31: +7건 (페이지 8건)
2026-03-23 10:25:58 [INFO]     HTML 크기: 354204 bytes
2026-03-23 10:25:58 [INFO]     OaLkxeV3 포함: False
2026-03-23 10:25:58 [INFO]     GOWcekJV4 포함: False
2026-03-23 10:25:58 [INFO]     카드 발견: 10개
2026-03-23 10:25:58 [INFO]     카드 파싱 성공: 10건
2026-03-23 10:25:58 [INFO]     2023.04 p32: +9건 (페이지 10건)
2026-03-23 10:26:00 [INFO]     HTML 크기: 340099 bytes
2026-03-23 10:26:00 [INFO]     OaLkxeV3 포함: False
2026-03-23 10:26:00 [INFO]     GOWcekJV4 포함: False
2026-03-23 10:26:00 [INFO]     카드 발견: 10개
2026-03-23 10:26:00 [INFO]     카드 파싱 성공: 10건
2026-03-23 10:26:00 [INFO]     2023.04 p33: +9건 (페이지 10건)
2026-03-23 10:26:02 [INFO]     HTML 크기: 375007 bytes
2026-03-23 10:26:02 [INFO]     OaLkxeV3 포함: False
2026-03-23 10:26:02 [INFO]     GOWcekJV4 포함: False
2026-03-23 10:26:02 [INFO]     카드 발견: 10개
2026-03-23 10:26:02 [INFO]     카드 파싱 성공: 10건
2026-03-23 10:26:02 [INFO]     2023.04 p34: +5건 (페이지 10건)
2026-03-23 10:26:03 [INFO]     HTML 크기: 370859 bytes
2026-03-23 10:26:03 [INFO]     OaLkxeV3 포함: False
2026-03-23 10:26:03 [INFO]     GOWcekJV4 포함: False
2026-03-23 10:26:03 [INFO]     카드 발견: 10개
2026-03-23 10:26:03 [INFO]     카드 파싱 성공: 8건
2026-03-23 10:26:03 [INFO]     2023.04 p35: +7건 (페이지 8건)
2026-03-23 10:26:05 [INFO]     HTML 크기: 349228 bytes
2026-03-23 10:26:05 [INFO]     OaLkxeV3 포함: False
2026-03-23 10:26:05 [INFO]     GOWcekJV4 포함: False
2026-03-23 10:26:05 [INFO]     카드 발견: 10개
2026-03-23 10:26:05 [INFO]     카드 파싱 성공: 8건
2026-03-23 10:26:05 [INFO]     2023.04 p36: +5건 (페이지 8건)
2026-03-23 10:26:06 [INFO]     HTML 크기: 382795 bytes
2026-03-23 10:26:06 [INFO]     OaLkxeV3 포함: False
2026-03-23 10:26:06 [INFO]     GOWcekJV4 포함: False
2026-03-23 10:26:06 [INFO]     카드 발견: 10개
2026-03-23 10:26:06 [INFO]     카드 파싱 성공: 9건
2026-03-23 10:26:06 [INFO]     2023.04 p37: +9건 (페이지 9건)
2026-03-23 10:26:08 [INFO]     HTML 크기: 336750 bytes
2026-03-23 10:26:08 [INFO]     OaLkxeV3 포함: False
2026-03-23 10:26:08 [INFO]     GOWcekJV4 포함: False
2026-03-23 10:26:08 [INFO]     카드 발견: 10개
2026-03-23 10:26:08 [INFO]     카드 파싱 성공: 9건
2026-03-23 10:26:08 [INFO]     2023.04 p38: +8건 (페이지 9건)
2026-03-23 10:26:10 [INFO]     HTML 크기: 384937 bytes
2026-03-23 10:26:10 [INFO]     OaLkxeV3 포함: False
2026-03-23 10:26:10 [INFO]     GOWcekJV4 포함: False
2026-03-23 10:26:10 [INFO]     카드 발견: 10개
2026-03-23 10:26:10 [INFO]     카드 파싱 성공: 8건
2026-03-23 10:26:10 [INFO]     2023.04 p39: +6건 (페이지 8건)
2026-03-23 10:26:12 [INFO]     HTML 크기: 383943 bytes
2026-03-23 10:26:12 [INFO]     OaLkxeV3 포함: False
2026-03-23 10:26:12 [INFO]     GOWcekJV4 포함: False
2026-03-23 10:26:12 [INFO]     카드 발견: 10개
2026-03-23 10:26:12 [INFO]     카드 파싱 성공: 8건
2026-03-23 10:26:12 [INFO]     2023.04 p40: +7건 (페이지 8건)
2026-03-23 10:26:13 [INFO]   2023.04 완료: +273건 (누적 2374개)
2026-03-23 10:26:14 [INFO]     HTML 크기: 403625 bytes
2026-03-23 10:26:14 [INFO]     OaLkxeV3 포함: False
2026-03-23 10:26:14 [INFO]     GOWcekJV4 포함: False
2026-03-23 10:26:14 [INFO]     카드 발견: 10개
2026-03-23 10:26:14 [INFO]     카드 파싱 성공: 10건
2026-03-23 10:26:14 [INFO]     2023.05 p1: +10건 (페이지 10건)
2026-03-23 10:26:15 [INFO]     HTML 크기: 346530 bytes
2026-03-23 10:26:15 [INFO]     OaLkxeV3 포함: False
2026-03-23 10:26:15 [INFO]     GOWcekJV4 포함: False
2026-03-23 10:26:15 [INFO]     카드 발견: 10개
2026-03-23 10:26:15 [INFO]     카드 파싱 성공: 10건
2026-03-23 10:26:15 [INFO]     2023.05 p2: +7건 (페이지 10건)
2026-03-23 10:26:17 [INFO]     HTML 크기: 333240 bytes
2026-03-23 10:26:17 [INFO]     OaLkxeV3 포함: False
2026-03-23 10:26:17 [INFO]     GOWcekJV4 포함: False
2026-03-23 10:26:17 [INFO]     카드 발견: 10개
2026-03-23 10:26:17 [INFO]     카드 파싱 성공: 9건
2026-03-23 10:26:17 [INFO]     2023.05 p3: +9건 (페이지 9건)
2026-03-23 10:26:19 [INFO]     HTML 크기: 309849 bytes
2026-03-23 10:26:19 [INFO]     OaLkxeV3 포함: False
2026-03-23 10:26:19 [INFO]     GOWcekJV4 포함: False
2026-03-23 10:26:19 [INFO]     카드 발견: 10개
2026-03-23 10:26:19 [INFO]     카드 파싱 성공: 7건
2026-03-23 10:26:19 [INFO]     2023.05 p4: +7건 (페이지 7건)
2026-03-23 10:26:21 [INFO]     HTML 크기: 305972 bytes
2026-03-23 10:26:21 [INFO]     OaLkxeV3 포함: False
2026-03-23 10:26:21 [INFO]     GOWcekJV4 포함: False
2026-03-23 10:26:21 [INFO]     카드 발견: 10개
2026-03-23 10:26:21 [INFO]     카드 파싱 성공: 2건
2026-03-23 10:26:21 [INFO]     2023.05 p5: +2건 (페이지 2건)
2026-03-23 10:26:22 [INFO]     HTML 크기: 305594 bytes
2026-03-23 10:26:22 [INFO]     OaLkxeV3 포함: False
2026-03-23 10:26:22 [INFO]     GOWcekJV4 포함: False
2026-03-23 10:26:22 [INFO]     카드 발견: 10개
2026-03-23 10:26:22 [INFO]     카드 파싱 성공: 2건
2026-03-23 10:26:22 [INFO]     2023.05 p6: +2건 (페이지 2건)
2026-03-23 10:26:24 [INFO]     HTML 크기: 305432 bytes
2026-03-23 10:26:24 [INFO]     OaLkxeV3 포함: False
2026-03-23 10:26:24 [INFO]     GOWcekJV4 포함: False
2026-03-23 10:26:24 [INFO]     카드 발견: 10개
2026-03-23 10:26:24 [INFO]     카드 파싱 성공: 2건
2026-03-23 10:26:24 [INFO]     2023.05 p7: +2건 (페이지 2건)
2026-03-23 10:26:26 [INFO]     HTML 크기: 305618 bytes
2026-03-23 10:26:26 [INFO]     OaLkxeV3 포함: False
2026-03-23 10:26:26 [INFO]     GOWcekJV4 포함: False
2026-03-23 10:26:26 [INFO]     카드 발견: 10개
2026-03-23 10:26:26 [INFO]     카드 파싱 성공: 2건
2026-03-23 10:26:26 [INFO]     2023.05 p8: +2건 (페이지 2건)
2026-03-23 10:26:27 [INFO]     HTML 크기: 307239 bytes
2026-03-23 10:26:27 [INFO]     OaLkxeV3 포함: False
2026-03-23 10:26:27 [INFO]     GOWcekJV4 포함: False
2026-03-23 10:26:27 [INFO]     카드 발견: 10개
2026-03-23 10:26:27 [INFO]     카드 파싱 성공: 3건
2026-03-23 10:26:27 [INFO]     2023.05 p9: +3건 (페이지 3건)
2026-03-23 10:26:29 [INFO]     HTML 크기: 307939 bytes
2026-03-23 10:26:29 [INFO]     OaLkxeV3 포함: False
2026-03-23 10:26:29 [INFO]     GOWcekJV4 포함: False
2026-03-23 10:26:29 [INFO]     카드 발견: 10개
2026-03-23 10:26:29 [INFO]     카드 파싱 성공: 5건
2026-03-23 10:26:29 [INFO]     2023.05 p10: +5건 (페이지 5건)
2026-03-23 10:26:31 [INFO]     HTML 크기: 418967 bytes
2026-03-23 10:26:31 [INFO]     OaLkxeV3 포함: False
2026-03-23 10:26:31 [INFO]     GOWcekJV4 포함: False
2026-03-23 10:26:31 [INFO]     카드 발견: 10개
2026-03-23 10:26:31 [INFO]     카드 파싱 성공: 7건
2026-03-23 10:26:31 [INFO]     2023.05 p11: +5건 (페이지 7건)
2026-03-23 10:26:33 [INFO]     HTML 크기: 412465 bytes
2026-03-23 10:26:33 [INFO]     OaLkxeV3 포함: False
2026-03-23 10:26:33 [INFO]     GOWcekJV4 포함: False
2026-03-23 10:26:33 [INFO]     카드 발견: 10개
2026-03-23 10:26:33 [INFO]     카드 파싱 성공: 7건
2026-03-23 10:26:33 [INFO]     2023.05 p12: +3건 (페이지 7건)
2026-03-23 10:26:35 [INFO]     HTML 크기: 378115 bytes
2026-03-23 10:26:35 [INFO]     OaLkxeV3 포함: False
2026-03-23 10:26:35 [INFO]     GOWcekJV4 포함: False
2026-03-23 10:26:35 [INFO]     카드 발견: 10개
2026-03-23 10:26:35 [INFO]     카드 파싱 성공: 7건
2026-03-23 10:26:35 [INFO]     2023.05 p13: +1건 (페이지 7건)
2026-03-23 10:26:36 [INFO]     HTML 크기: 409865 bytes
2026-03-23 10:26:36 [INFO]     OaLkxeV3 포함: False
2026-03-23 10:26:36 [INFO]     GOWcekJV4 포함: False
2026-03-23 10:26:36 [INFO]     카드 발견: 10개
2026-03-23 10:26:36 [INFO]     카드 파싱 성공: 9건
2026-03-23 10:26:36 [INFO]     2023.05 p14: +5건 (페이지 9건)
2026-03-23 10:26:38 [INFO]     HTML 크기: 411585 bytes
2026-03-23 10:26:38 [INFO]     OaLkxeV3 포함: False
2026-03-23 10:26:38 [INFO]     GOWcekJV4 포함: False
2026-03-23 10:26:38 [INFO]     카드 발견: 10개
2026-03-23 10:26:38 [INFO]     카드 파싱 성공: 8건
2026-03-23 10:26:38 [INFO]     2023.05 p15: +4건 (페이지 8건)
2026-03-23 10:26:39 [INFO]     HTML 크기: 414642 bytes
2026-03-23 10:26:39 [INFO]     OaLkxeV3 포함: False
2026-03-23 10:26:39 [INFO]     GOWcekJV4 포함: False
2026-03-23 10:26:39 [INFO]     카드 발견: 10개
2026-03-23 10:26:39 [INFO]     카드 파싱 성공: 7건
2026-03-23 10:26:39 [INFO]     2023.05 p16: +3건 (페이지 7건)
2026-03-23 10:26:41 [INFO]     HTML 크기: 444395 bytes
2026-03-23 10:26:41 [INFO]     OaLkxeV3 포함: False
2026-03-23 10:26:41 [INFO]     GOWcekJV4 포함: False
2026-03-23 10:26:41 [INFO]     카드 발견: 10개
2026-03-23 10:26:41 [INFO]     카드 파싱 성공: 7건
2026-03-23 10:26:41 [INFO]     2023.05 p17: +4건 (페이지 7건)
2026-03-23 10:26:42 [INFO]     HTML 크기: 420014 bytes
2026-03-23 10:26:42 [INFO]     OaLkxeV3 포함: False
2026-03-23 10:26:42 [INFO]     GOWcekJV4 포함: False
2026-03-23 10:26:42 [INFO]     카드 발견: 10개
2026-03-23 10:26:42 [INFO]     카드 파싱 성공: 7건
2026-03-23 10:26:42 [INFO]     2023.05 p18: +2건 (페이지 7건)
2026-03-23 10:26:44 [INFO]     HTML 크기: 431382 bytes
2026-03-23 10:26:44 [INFO]     OaLkxeV3 포함: False
2026-03-23 10:26:44 [INFO]     GOWcekJV4 포함: False
2026-03-23 10:26:44 [INFO]     카드 발견: 10개
2026-03-23 10:26:44 [INFO]     카드 파싱 성공: 6건
2026-03-23 10:26:44 [INFO]     2023.05 p19: +2건 (페이지 6건)
2026-03-23 10:26:45 [INFO]     HTML 크기: 411114 bytes
2026-03-23 10:26:45 [INFO]     OaLkxeV3 포함: False
2026-03-23 10:26:45 [INFO]     GOWcekJV4 포함: False
2026-03-23 10:26:45 [INFO]     카드 발견: 10개
2026-03-23 10:26:45 [INFO]     카드 파싱 성공: 5건
2026-03-23 10:26:45 [INFO]     2023.05 p20: +3건 (페이지 5건)
2026-03-23 10:26:47 [INFO]     HTML 크기: 415247 bytes
2026-03-23 10:26:47 [INFO]     OaLkxeV3 포함: False
2026-03-23 10:26:47 [INFO]     GOWcekJV4 포함: False
2026-03-23 10:26:47 [INFO]     카드 발견: 10개
2026-03-23 10:26:47 [INFO]     카드 파싱 성공: 5건
2026-03-23 10:26:47 [INFO]     2023.05 p21: +3건 (페이지 5건)
2026-03-23 10:26:49 [INFO]     HTML 크기: 426946 bytes
2026-03-23 10:26:49 [INFO]     OaLkxeV3 포함: False
2026-03-23 10:26:49 [INFO]     GOWcekJV4 포함: False
2026-03-23 10:26:49 [INFO]     카드 발견: 10개
2026-03-23 10:26:49 [INFO]     카드 파싱 성공: 4건
2026-03-23 10:26:49 [INFO]     2023.05 p22: +1건 (페이지 4건)
2026-03-23 10:26:50 [INFO]     HTML 크기: 429816 bytes
2026-03-23 10:26:50 [INFO]     OaLkxeV3 포함: False
2026-03-23 10:26:50 [INFO]     GOWcekJV4 포함: False
2026-03-23 10:26:50 [INFO]     카드 발견: 10개
2026-03-23 10:26:50 [INFO]     카드 파싱 성공: 4건
2026-03-23 10:26:50 [INFO]     2023.05 p23: +2건 (페이지 4건)
2026-03-23 10:26:52 [INFO]     HTML 크기: 413902 bytes
2026-03-23 10:26:52 [INFO]     OaLkxeV3 포함: False
2026-03-23 10:26:52 [INFO]     GOWcekJV4 포함: False
2026-03-23 10:26:52 [INFO]     카드 발견: 10개
2026-03-23 10:26:52 [INFO]     카드 파싱 성공: 4건
2026-03-23 10:26:52 [INFO]     2023.05 p24: +2건 (페이지 4건)
2026-03-23 10:26:54 [INFO]     HTML 크기: 437599 bytes
2026-03-23 10:26:54 [INFO]     OaLkxeV3 포함: False
2026-03-23 10:26:54 [INFO]     GOWcekJV4 포함: False
2026-03-23 10:26:54 [INFO]     카드 발견: 10개
2026-03-23 10:26:54 [INFO]     카드 파싱 성공: 5건
2026-03-23 10:26:54 [INFO]     2023.05 p25: +1건 (페이지 5건)
2026-03-23 10:26:56 [INFO]     HTML 크기: 431281 bytes
2026-03-23 10:26:56 [INFO]     OaLkxeV3 포함: False
2026-03-23 10:26:56 [INFO]     GOWcekJV4 포함: False
2026-03-23 10:26:56 [INFO]     카드 발견: 10개
2026-03-23 10:26:56 [INFO]     카드 파싱 성공: 5건
2026-03-23 10:26:56 [INFO]     2023.05 p26: +1건 (페이지 5건)
2026-03-23 10:26:57 [INFO]     HTML 크기: 421163 bytes
2026-03-23 10:26:57 [INFO]     OaLkxeV3 포함: False
2026-03-23 10:26:57 [INFO]     GOWcekJV4 포함: False
2026-03-23 10:26:57 [INFO]     카드 발견: 10개
2026-03-23 10:26:58 [INFO]     카드 파싱 성공: 6건
2026-03-23 10:26:58 [INFO]     2023.05 p27: +3건 (페이지 6건)
2026-03-23 10:26:59 [INFO]     HTML 크기: 409501 bytes
2026-03-23 10:26:59 [INFO]     OaLkxeV3 포함: False
2026-03-23 10:26:59 [INFO]     GOWcekJV4 포함: False
2026-03-23 10:26:59 [INFO]     카드 발견: 10개
2026-03-23 10:26:59 [INFO]     카드 파싱 성공: 5건
2026-03-23 10:26:59 [INFO]     2023.05 p28: +0건 (페이지 5건)
2026-03-23 10:27:01 [INFO]   2023.05 완료: +94건 (누적 2468개)
2026-03-23 10:27:01 [INFO]     HTML 크기: 419669 bytes
2026-03-23 10:27:01 [INFO]     OaLkxeV3 포함: False
2026-03-23 10:27:01 [INFO]     GOWcekJV4 포함: False
2026-03-23 10:27:01 [INFO]     카드 발견: 10개
2026-03-23 10:27:01 [INFO]     카드 파싱 성공: 10건
2026-03-23 10:27:01 [INFO]     2023.06 p1: +10건 (페이지 10건)
2026-03-23 10:27:03 [INFO]     HTML 크기: 352603 bytes
2026-03-23 10:27:03 [INFO]     OaLkxeV3 포함: False
2026-03-23 10:27:03 [INFO]     GOWcekJV4 포함: False
2026-03-23 10:27:03 [INFO]     카드 발견: 10개
2026-03-23 10:27:03 [INFO]     카드 파싱 성공: 10건
2026-03-23 10:27:03 [INFO]     2023.06 p2: +8건 (페이지 10건)
2026-03-23 10:27:05 [INFO]     HTML 크기: 341229 bytes
2026-03-23 10:27:05 [INFO]     OaLkxeV3 포함: False
2026-03-23 10:27:05 [INFO]     GOWcekJV4 포함: False
2026-03-23 10:27:05 [INFO]     카드 발견: 10개
2026-03-23 10:27:05 [INFO]     카드 파싱 성공: 10건
2026-03-23 10:27:05 [INFO]     2023.06 p3: +10건 (페이지 10건)
2026-03-23 10:27:06 [INFO]     HTML 크기: 332934 bytes
2026-03-23 10:27:06 [INFO]     OaLkxeV3 포함: False
2026-03-23 10:27:06 [INFO]     GOWcekJV4 포함: False
2026-03-23 10:27:06 [INFO]     카드 발견: 10개
2026-03-23 10:27:07 [INFO]     카드 파싱 성공: 10건
2026-03-23 10:27:07 [INFO]     2023.06 p4: +10건 (페이지 10건)
2026-03-23 10:27:08 [INFO]     HTML 크기: 312430 bytes
2026-03-23 10:27:08 [INFO]     OaLkxeV3 포함: False
2026-03-23 10:27:08 [INFO]     GOWcekJV4 포함: False
2026-03-23 10:27:08 [INFO]     카드 발견: 10개
2026-03-23 10:27:08 [INFO]     카드 파싱 성공: 9건
2026-03-23 10:27:08 [INFO]     2023.06 p5: +9건 (페이지 9건)
2026-03-23 10:27:10 [INFO]     HTML 크기: 308031 bytes
2026-03-23 10:27:10 [INFO]     OaLkxeV3 포함: False
2026-03-23 10:27:10 [INFO]     GOWcekJV4 포함: False
2026-03-23 10:27:10 [INFO]     카드 발견: 10개
2026-03-23 10:27:10 [INFO]     카드 파싱 성공: 4건
2026-03-23 10:27:10 [INFO]     2023.06 p6: +4건 (페이지 4건)
2026-03-23 10:27:11 [INFO]     HTML 크기: 307660 bytes
2026-03-23 10:27:11 [INFO]     OaLkxeV3 포함: False
2026-03-23 10:27:11 [INFO]     GOWcekJV4 포함: False
2026-03-23 10:27:11 [INFO]     카드 발견: 10개
2026-03-23 10:27:11 [INFO]     카드 파싱 성공: 5건
2026-03-23 10:27:11 [INFO]     2023.06 p7: +5건 (페이지 5건)
2026-03-23 10:27:13 [INFO]     HTML 크기: 307471 bytes
2026-03-23 10:27:13 [INFO]     OaLkxeV3 포함: False
2026-03-23 10:27:13 [INFO]     GOWcekJV4 포함: False
2026-03-23 10:27:13 [INFO]     카드 발견: 10개
2026-03-23 10:27:13 [INFO]     카드 파싱 성공: 3건
2026-03-23 10:27:13 [INFO]     2023.06 p8: +3건 (페이지 3건)
2026-03-23 10:27:15 [INFO]     HTML 크기: 308246 bytes
2026-03-23 10:27:15 [INFO]     OaLkxeV3 포함: False
2026-03-23 10:27:15 [INFO]     GOWcekJV4 포함: False
2026-03-23 10:27:15 [INFO]     카드 발견: 10개
2026-03-23 10:27:15 [INFO]     카드 파싱 성공: 6건
2026-03-23 10:27:15 [INFO]     2023.06 p9: +6건 (페이지 6건)
2026-03-23 10:27:17 [INFO]     HTML 크기: 305813 bytes
2026-03-23 10:27:17 [INFO]     OaLkxeV3 포함: False
2026-03-23 10:27:17 [INFO]     GOWcekJV4 포함: False
2026-03-23 10:27:17 [INFO]     카드 발견: 10개
2026-03-23 10:27:17 [INFO]     카드 파싱 성공: 2건
2026-03-23 10:27:17 [INFO]     2023.06 p10: +2건 (페이지 2건)
2026-03-23 10:27:18 [INFO]     HTML 크기: 388293 bytes
2026-03-23 10:27:18 [INFO]     OaLkxeV3 포함: False
2026-03-23 10:27:18 [INFO]     GOWcekJV4 포함: False
2026-03-23 10:27:18 [INFO]     카드 발견: 10개
2026-03-23 10:27:18 [INFO]     카드 파싱 성공: 9건
2026-03-23 10:27:18 [INFO]     2023.06 p11: +5건 (페이지 9건)
2026-03-23 10:27:20 [INFO]     HTML 크기: 378841 bytes
2026-03-23 10:27:20 [INFO]     OaLkxeV3 포함: False
2026-03-23 10:27:20 [INFO]     GOWcekJV4 포함: False
2026-03-23 10:27:20 [INFO]     카드 발견: 10개
2026-03-23 10:27:20 [INFO]     카드 파싱 성공: 10건
2026-03-23 10:27:20 [INFO]     2023.06 p12: +3건 (페이지 10건)
2026-03-23 10:27:22 [INFO]     HTML 크기: 396049 bytes
2026-03-23 10:27:22 [INFO]     OaLkxeV3 포함: False
2026-03-23 10:27:22 [INFO]     GOWcekJV4 포함: False
2026-03-23 10:27:22 [INFO]     카드 발견: 10개
2026-03-23 10:27:22 [INFO]     카드 파싱 성공: 9건
2026-03-23 10:27:22 [INFO]     2023.06 p13: +3건 (페이지 9건)
2026-03-23 10:27:24 [INFO]     HTML 크기: 383842 bytes
2026-03-23 10:27:24 [INFO]     OaLkxeV3 포함: False
2026-03-23 10:27:24 [INFO]     GOWcekJV4 포함: False
2026-03-23 10:27:24 [INFO]     카드 발견: 10개
2026-03-23 10:27:24 [INFO]     카드 파싱 성공: 8건
2026-03-23 10:27:24 [INFO]     2023.06 p14: +2건 (페이지 8건)
2026-03-23 10:27:26 [INFO]     HTML 크기: 397542 bytes
2026-03-23 10:27:26 [INFO]     OaLkxeV3 포함: False
2026-03-23 10:27:26 [INFO]     GOWcekJV4 포함: False
2026-03-23 10:27:26 [INFO]     카드 발견: 10개
2026-03-23 10:27:26 [INFO]     카드 파싱 성공: 8건
2026-03-23 10:27:26 [INFO]     2023.06 p15: +5건 (페이지 8건)
2026-03-23 10:27:28 [INFO]     HTML 크기: 433018 bytes
2026-03-23 10:27:28 [INFO]     OaLkxeV3 포함: False
2026-03-23 10:27:28 [INFO]     GOWcekJV4 포함: False
2026-03-23 10:27:28 [INFO]     카드 발견: 10개
2026-03-23 10:27:28 [INFO]     카드 파싱 성공: 9건
2026-03-23 10:27:28 [INFO]     2023.06 p16: +5건 (페이지 9건)
2026-03-23 10:27:29 [INFO]     HTML 크기: 424964 bytes
2026-03-23 10:27:29 [INFO]     OaLkxeV3 포함: False
2026-03-23 10:27:29 [INFO]     GOWcekJV4 포함: False
2026-03-23 10:27:29 [INFO]     카드 발견: 10개
2026-03-23 10:27:29 [INFO]     카드 파싱 성공: 6건
2026-03-23 10:27:29 [INFO]     2023.06 p17: +1건 (페이지 6건)
2026-03-23 10:27:31 [INFO]     HTML 크기: 371416 bytes
2026-03-23 10:27:31 [INFO]     OaLkxeV3 포함: False
2026-03-23 10:27:31 [INFO]     GOWcekJV4 포함: False
2026-03-23 10:27:31 [INFO]     카드 발견: 10개
2026-03-23 10:27:31 [INFO]     카드 파싱 성공: 6건
2026-03-23 10:27:31 [INFO]     2023.06 p18: +2건 (페이지 6건)
2026-03-23 10:27:33 [INFO]     HTML 크기: 380521 bytes
2026-03-23 10:27:33 [INFO]     OaLkxeV3 포함: False
2026-03-23 10:27:33 [INFO]     GOWcekJV4 포함: False
2026-03-23 10:27:33 [INFO]     카드 발견: 10개
2026-03-23 10:27:33 [INFO]     카드 파싱 성공: 5건
2026-03-23 10:27:33 [INFO]     2023.06 p19: +3건 (페이지 5건)
2026-03-23 10:27:35 [INFO]     HTML 크기: 413649 bytes
2026-03-23 10:27:35 [INFO]     OaLkxeV3 포함: False
2026-03-23 10:27:35 [INFO]     GOWcekJV4 포함: False
2026-03-23 10:27:35 [INFO]     카드 발견: 10개
2026-03-23 10:27:35 [INFO]     카드 파싱 성공: 5건
2026-03-23 10:27:35 [INFO]     2023.06 p20: +5건 (페이지 5건)
2026-03-23 10:27:37 [INFO]     HTML 크기: 389392 bytes
2026-03-23 10:27:37 [INFO]     OaLkxeV3 포함: False
2026-03-23 10:27:37 [INFO]     GOWcekJV4 포함: False
2026-03-23 10:27:37 [INFO]     카드 발견: 10개
2026-03-23 10:27:37 [INFO]     카드 파싱 성공: 7건
2026-03-23 10:27:37 [INFO]     2023.06 p21: +1건 (페이지 7건)
2026-03-23 10:27:38 [INFO]     HTML 크기: 366145 bytes
2026-03-23 10:27:38 [INFO]     OaLkxeV3 포함: False
2026-03-23 10:27:38 [INFO]     GOWcekJV4 포함: False
2026-03-23 10:27:38 [INFO]     카드 발견: 10개
2026-03-23 10:27:38 [INFO]     카드 파싱 성공: 8건
2026-03-23 10:27:38 [INFO]     2023.06 p22: +2건 (페이지 8건)
2026-03-23 10:27:40 [INFO]     HTML 크기: 391164 bytes
2026-03-23 10:27:40 [INFO]     OaLkxeV3 포함: False
2026-03-23 10:27:40 [INFO]     GOWcekJV4 포함: False
2026-03-23 10:27:40 [INFO]     카드 발견: 10개
2026-03-23 10:27:40 [INFO]     카드 파싱 성공: 7건
2026-03-23 10:27:40 [INFO]     2023.06 p23: +5건 (페이지 7건)
2026-03-23 10:27:42 [INFO]     HTML 크기: 375377 bytes
2026-03-23 10:27:42 [INFO]     OaLkxeV3 포함: False
2026-03-23 10:27:42 [INFO]     GOWcekJV4 포함: False
2026-03-23 10:27:42 [INFO]     카드 발견: 10개
2026-03-23 10:27:42 [INFO]     카드 파싱 성공: 7건
2026-03-23 10:27:42 [INFO]     2023.06 p24: +5건 (페이지 7건)
2026-03-23 10:27:44 [INFO]     HTML 크기: 383437 bytes
2026-03-23 10:27:44 [INFO]     OaLkxeV3 포함: False
2026-03-23 10:27:44 [INFO]     GOWcekJV4 포함: False
2026-03-23 10:27:44 [INFO]     카드 발견: 10개
2026-03-23 10:27:44 [INFO]     카드 파싱 성공: 7건
2026-03-23 10:27:44 [INFO]     2023.06 p25: +2건 (페이지 7건)
2026-03-23 10:27:46 [INFO]     HTML 크기: 402053 bytes
2026-03-23 10:27:46 [INFO]     OaLkxeV3 포함: False
2026-03-23 10:27:46 [INFO]     GOWcekJV4 포함: False
2026-03-23 10:27:46 [INFO]     카드 발견: 10개
2026-03-23 10:27:46 [INFO]     카드 파싱 성공: 6건
2026-03-23 10:27:46 [INFO]     2023.06 p26: +4건 (페이지 6건)
2026-03-23 10:27:47 [INFO]     HTML 크기: 378436 bytes
2026-03-23 10:27:47 [INFO]     OaLkxeV3 포함: False
2026-03-23 10:27:47 [INFO]     GOWcekJV4 포함: False
2026-03-23 10:27:47 [INFO]     카드 발견: 10개
2026-03-23 10:27:47 [INFO]     카드 파싱 성공: 6건
2026-03-23 10:27:47 [INFO]     2023.06 p27: +2건 (페이지 6건)
2026-03-23 10:27:49 [INFO]     HTML 크기: 376303 bytes
2026-03-23 10:27:49 [INFO]     OaLkxeV3 포함: False
2026-03-23 10:27:49 [INFO]     GOWcekJV4 포함: False
2026-03-23 10:27:49 [INFO]     카드 발견: 10개
2026-03-23 10:27:49 [INFO]     카드 파싱 성공: 7건
2026-03-23 10:27:49 [INFO]     2023.06 p28: +7건 (페이지 7건)
2026-03-23 10:27:51 [INFO]     HTML 크기: 402658 bytes
2026-03-23 10:27:51 [INFO]     OaLkxeV3 포함: False
2026-03-23 10:27:51 [INFO]     GOWcekJV4 포함: False
2026-03-23 10:27:51 [INFO]     카드 발견: 10개
2026-03-23 10:27:51 [INFO]     카드 파싱 성공: 7건
2026-03-23 10:27:51 [INFO]     2023.06 p29: +1건 (페이지 7건)
2026-03-23 10:27:53 [INFO]     HTML 크기: 411748 bytes
2026-03-23 10:27:53 [INFO]     OaLkxeV3 포함: False
2026-03-23 10:27:53 [INFO]     GOWcekJV4 포함: False
2026-03-23 10:27:53 [INFO]     카드 발견: 10개
2026-03-23 10:27:53 [INFO]     카드 파싱 성공: 5건
2026-03-23 10:27:53 [INFO]     2023.06 p30: +4건 (페이지 5건)
2026-03-23 10:27:55 [INFO]     HTML 크기: 411272 bytes
2026-03-23 10:27:55 [INFO]     OaLkxeV3 포함: False
2026-03-23 10:27:55 [INFO]     GOWcekJV4 포함: False
2026-03-23 10:27:55 [INFO]     카드 발견: 10개
2026-03-23 10:27:55 [INFO]     카드 파싱 성공: 7건
2026-03-23 10:27:55 [INFO]     2023.06 p31: +1건 (페이지 7건)
2026-03-23 10:27:56 [INFO]     HTML 크기: 414281 bytes
2026-03-23 10:27:56 [INFO]     OaLkxeV3 포함: False
2026-03-23 10:27:56 [INFO]     GOWcekJV4 포함: False
2026-03-23 10:27:56 [INFO]     카드 발견: 10개
2026-03-23 10:27:56 [INFO]     카드 파싱 성공: 6건
2026-03-23 10:27:56 [INFO]     2023.06 p32: +1건 (페이지 6건)
2026-03-23 10:27:58 [INFO]     HTML 크기: 399236 bytes
2026-03-23 10:27:58 [INFO]     OaLkxeV3 포함: False
2026-03-23 10:27:58 [INFO]     GOWcekJV4 포함: False
2026-03-23 10:27:58 [INFO]     카드 발견: 10개
2026-03-23 10:27:58 [INFO]     카드 파싱 성공: 7건
2026-03-23 10:27:58 [INFO]     2023.06 p33: +4건 (페이지 7건)
2026-03-23 10:28:00 [INFO]     HTML 크기: 396311 bytes
2026-03-23 10:28:00 [INFO]     OaLkxeV3 포함: False
2026-03-23 10:28:00 [INFO]     GOWcekJV4 포함: False
2026-03-23 10:28:00 [INFO]     카드 발견: 10개
2026-03-23 10:28:00 [INFO]     카드 파싱 성공: 6건
2026-03-23 10:28:00 [INFO]     2023.06 p34: +4건 (페이지 6건)
2026-03-23 10:28:02 [INFO]     HTML 크기: 391067 bytes
2026-03-23 10:28:02 [INFO]     OaLkxeV3 포함: False
2026-03-23 10:28:02 [INFO]     GOWcekJV4 포함: False
2026-03-23 10:28:02 [INFO]     카드 발견: 10개
2026-03-23 10:28:02 [INFO]     카드 파싱 성공: 6건
2026-03-23 10:28:02 [INFO]     2023.06 p35: +4건 (페이지 6건)
2026-03-23 10:28:04 [INFO]     HTML 크기: 416801 bytes
2026-03-23 10:28:04 [INFO]     OaLkxeV3 포함: False
2026-03-23 10:28:04 [INFO]     GOWcekJV4 포함: False
2026-03-23 10:28:04 [INFO]     카드 발견: 10개
2026-03-23 10:28:04 [INFO]     카드 파싱 성공: 6건
2026-03-23 10:28:04 [INFO]     2023.06 p36: +1건 (페이지 6건)
2026-03-23 10:28:06 [INFO]     HTML 크기: 374890 bytes
2026-03-23 10:28:06 [INFO]     OaLkxeV3 포함: False
2026-03-23 10:28:06 [INFO]     GOWcekJV4 포함: False
2026-03-23 10:28:06 [INFO]     카드 발견: 10개
2026-03-23 10:28:06 [INFO]     카드 파싱 성공: 5건
2026-03-23 10:28:06 [INFO]     2023.06 p37: +4건 (페이지 5건)
2026-03-23 10:28:08 [INFO]     HTML 크기: 409237 bytes
2026-03-23 10:28:08 [INFO]     OaLkxeV3 포함: False
2026-03-23 10:28:08 [INFO]     GOWcekJV4 포함: False
2026-03-23 10:28:08 [INFO]     카드 발견: 10개
2026-03-23 10:28:08 [INFO]     카드 파싱 성공: 5건
2026-03-23 10:28:08 [INFO]     2023.06 p38: +3건 (페이지 5건)
2026-03-23 10:28:09 [INFO]     HTML 크기: 392380 bytes
2026-03-23 10:28:09 [INFO]     OaLkxeV3 포함: False
2026-03-23 10:28:09 [INFO]     GOWcekJV4 포함: False
2026-03-23 10:28:09 [INFO]     카드 발견: 10개
2026-03-23 10:28:09 [INFO]     카드 파싱 성공: 7건
2026-03-23 10:28:09 [INFO]     2023.06 p39: +3건 (페이지 7건)
2026-03-23 10:28:11 [INFO]     HTML 크기: 386910 bytes
2026-03-23 10:28:11 [INFO]     OaLkxeV3 포함: False
2026-03-23 10:28:11 [INFO]     GOWcekJV4 포함: False
2026-03-23 10:28:11 [INFO]     카드 발견: 10개
2026-03-23 10:28:11 [INFO]     카드 파싱 성공: 7건
2026-03-23 10:28:11 [INFO]     2023.06 p40: +3건 (페이지 7건)
2026-03-23 10:28:11 [INFO]   2023.06 완료: +162건 (누적 2630개)
2026-03-23 10:28:12 [INFO]     HTML 크기: 381326 bytes
2026-03-23 10:28:12 [INFO]     OaLkxeV3 포함: False
2026-03-23 10:28:12 [INFO]     GOWcekJV4 포함: False
2026-03-23 10:28:12 [INFO]     카드 발견: 10개
2026-03-23 10:28:12 [INFO]     카드 파싱 성공: 8건
2026-03-23 10:28:12 [INFO]     2023.07 p1: +8건 (페이지 8건)
2026-03-23 10:28:14 [INFO]     HTML 크기: 326238 bytes
2026-03-23 10:28:14 [INFO]     OaLkxeV3 포함: False
2026-03-23 10:28:14 [INFO]     GOWcekJV4 포함: False
2026-03-23 10:28:14 [INFO]     카드 발견: 10개
2026-03-23 10:28:14 [INFO]     카드 파싱 성공: 5건
2026-03-23 10:28:14 [INFO]     2023.07 p2: +5건 (페이지 5건)
2026-03-23 10:28:15 [INFO]     HTML 크기: 339568 bytes
2026-03-23 10:28:15 [INFO]     OaLkxeV3 포함: False
2026-03-23 10:28:15 [INFO]     GOWcekJV4 포함: False
2026-03-23 10:28:15 [INFO]     카드 발견: 10개
2026-03-23 10:28:15 [INFO]     카드 파싱 성공: 9건
2026-03-23 10:28:15 [INFO]     2023.07 p3: +9건 (페이지 9건)
2026-03-23 10:28:17 [INFO]     HTML 크기: 333265 bytes
2026-03-23 10:28:17 [INFO]     OaLkxeV3 포함: False
2026-03-23 10:28:17 [INFO]     GOWcekJV4 포함: False
2026-03-23 10:28:17 [INFO]     카드 발견: 10개
2026-03-23 10:28:17 [INFO]     카드 파싱 성공: 9건
2026-03-23 10:28:17 [INFO]     2023.07 p4: +9건 (페이지 9건)
2026-03-23 10:28:19 [INFO]     HTML 크기: 325999 bytes
2026-03-23 10:28:19 [INFO]     OaLkxeV3 포함: False
2026-03-23 10:28:19 [INFO]     GOWcekJV4 포함: False
2026-03-23 10:28:19 [INFO]     카드 발견: 10개
2026-03-23 10:28:19 [INFO]     카드 파싱 성공: 5건
2026-03-23 10:28:19 [INFO]     2023.07 p5: +5건 (페이지 5건)
2026-03-23 10:28:20 [INFO]     HTML 크기: 325832 bytes
2026-03-23 10:28:20 [INFO]     OaLkxeV3 포함: False
2026-03-23 10:28:20 [INFO]     GOWcekJV4 포함: False
2026-03-23 10:28:20 [INFO]     카드 발견: 10개
2026-03-23 10:28:20 [INFO]     카드 파싱 성공: 5건
2026-03-23 10:28:20 [INFO]     2023.07 p6: +5건 (페이지 5건)
2026-03-23 10:28:22 [INFO]     HTML 크기: 344580 bytes
2026-03-23 10:28:22 [INFO]     OaLkxeV3 포함: False
2026-03-23 10:28:22 [INFO]     GOWcekJV4 포함: False
2026-03-23 10:28:22 [INFO]     카드 발견: 10개
2026-03-23 10:28:22 [INFO]     카드 파싱 성공: 9건
2026-03-23 10:28:22 [INFO]     2023.07 p7: +9건 (페이지 9건)
2026-03-23 10:28:24 [INFO]     HTML 크기: 328645 bytes
2026-03-23 10:28:24 [INFO]     OaLkxeV3 포함: False
2026-03-23 10:28:24 [INFO]     GOWcekJV4 포함: False
2026-03-23 10:28:24 [INFO]     카드 발견: 10개
2026-03-23 10:28:24 [INFO]     카드 파싱 성공: 8건
2026-03-23 10:28:24 [INFO]     2023.07 p8: +8건 (페이지 8건)
2026-03-23 10:28:26 [INFO]     HTML 크기: 317947 bytes
2026-03-23 10:28:26 [INFO]     OaLkxeV3 포함: False
2026-03-23 10:28:26 [INFO]     GOWcekJV4 포함: False
2026-03-23 10:28:26 [INFO]     카드 발견: 10개
2026-03-23 10:28:26 [INFO]     카드 파싱 성공: 10건
2026-03-23 10:28:26 [INFO]     2023.07 p9: +10건 (페이지 10건)
2026-03-23 10:28:27 [INFO]     HTML 크기: 327839 bytes
2026-03-23 10:28:27 [INFO]     OaLkxeV3 포함: False
2026-03-23 10:28:27 [INFO]     GOWcekJV4 포함: False
2026-03-23 10:28:27 [INFO]     카드 발견: 10개
2026-03-23 10:28:27 [INFO]     카드 파싱 성공: 9건
2026-03-23 10:28:27 [INFO]     2023.07 p10: +9건 (페이지 9건)
2026-03-23 10:28:29 [INFO]     HTML 크기: 374168 bytes
2026-03-23 10:28:29 [INFO]     OaLkxeV3 포함: False
2026-03-23 10:28:29 [INFO]     GOWcekJV4 포함: False
2026-03-23 10:28:29 [INFO]     카드 발견: 10개
2026-03-23 10:28:29 [INFO]     카드 파싱 성공: 4건
2026-03-23 10:28:29 [INFO]     2023.07 p11: +2건 (페이지 4건)
2026-03-23 10:28:31 [INFO]     HTML 크기: 407639 bytes
2026-03-23 10:28:31 [INFO]     OaLkxeV3 포함: False
2026-03-23 10:28:31 [INFO]     GOWcekJV4 포함: False
2026-03-23 10:28:31 [INFO]     카드 발견: 10개
2026-03-23 10:28:31 [INFO]     카드 파싱 성공: 6건
2026-03-23 10:28:31 [INFO]     2023.07 p12: +1건 (페이지 6건)
2026-03-23 10:28:32 [INFO]     HTML 크기: 418119 bytes
2026-03-23 10:28:32 [INFO]     OaLkxeV3 포함: False
2026-03-23 10:28:32 [INFO]     GOWcekJV4 포함: False
2026-03-23 10:28:32 [INFO]     카드 발견: 10개
2026-03-23 10:28:32 [INFO]     카드 파싱 성공: 6건
2026-03-23 10:28:32 [INFO]     2023.07 p13: +1건 (페이지 6건)
2026-03-23 10:28:34 [INFO]     HTML 크기: 424090 bytes
2026-03-23 10:28:34 [INFO]     OaLkxeV3 포함: False
2026-03-23 10:28:34 [INFO]     GOWcekJV4 포함: False
2026-03-23 10:28:34 [INFO]     카드 발견: 10개
2026-03-23 10:28:34 [INFO]     카드 파싱 성공: 8건
2026-03-23 10:28:34 [INFO]     2023.07 p14: +2건 (페이지 8건)
2026-03-23 10:28:36 [INFO]     HTML 크기: 396125 bytes
2026-03-23 10:28:36 [INFO]     OaLkxeV3 포함: False
2026-03-23 10:28:36 [INFO]     GOWcekJV4 포함: False
2026-03-23 10:28:36 [INFO]     카드 발견: 10개
2026-03-23 10:28:36 [INFO]     카드 파싱 성공: 8건
2026-03-23 10:28:36 [INFO]     2023.07 p15: +3건 (페이지 8건)
2026-03-23 10:28:38 [INFO]     HTML 크기: 348785 bytes
2026-03-23 10:28:38 [INFO]     OaLkxeV3 포함: False
2026-03-23 10:28:38 [INFO]     GOWcekJV4 포함: False
2026-03-23 10:28:38 [INFO]     카드 발견: 10개
2026-03-23 10:28:38 [INFO]     카드 파싱 성공: 8건
2026-03-23 10:28:38 [INFO]     2023.07 p16: +1건 (페이지 8건)
2026-03-23 10:28:39 [INFO]     HTML 크기: 372481 bytes
2026-03-23 10:28:39 [INFO]     OaLkxeV3 포함: False
2026-03-23 10:28:39 [INFO]     GOWcekJV4 포함: False
2026-03-23 10:28:39 [INFO]     카드 발견: 10개
2026-03-23 10:28:39 [INFO]     카드 파싱 성공: 7건
2026-03-23 10:28:39 [INFO]     2023.07 p17: +5건 (페이지 7건)
2026-03-23 10:28:41 [INFO]     HTML 크기: 388975 bytes
2026-03-23 10:28:41 [INFO]     OaLkxeV3 포함: False
2026-03-23 10:28:41 [INFO]     GOWcekJV4 포함: False
2026-03-23 10:28:41 [INFO]     카드 발견: 10개
2026-03-23 10:28:41 [INFO]     카드 파싱 성공: 8건
2026-03-23 10:28:41 [INFO]     2023.07 p18: +3건 (페이지 8건)
2026-03-23 10:28:43 [INFO]     HTML 크기: 382376 bytes
2026-03-23 10:28:43 [INFO]     OaLkxeV3 포함: False
2026-03-23 10:28:43 [INFO]     GOWcekJV4 포함: False
2026-03-23 10:28:43 [INFO]     카드 발견: 10개
2026-03-23 10:28:43 [INFO]     카드 파싱 성공: 7건
2026-03-23 10:28:43 [INFO]     2023.07 p19: +4건 (페이지 7건)
2026-03-23 10:28:44 [INFO]     HTML 크기: 334245 bytes
2026-03-23 10:28:44 [INFO]     OaLkxeV3 포함: False
2026-03-23 10:28:44 [INFO]     GOWcekJV4 포함: False
2026-03-23 10:28:44 [INFO]     카드 발견: 10개
2026-03-23 10:28:44 [INFO]     카드 파싱 성공: 6건
2026-03-23 10:28:44 [INFO]     2023.07 p20: +3건 (페이지 6건)
2026-03-23 10:28:46 [INFO]     HTML 크기: 391628 bytes
2026-03-23 10:28:46 [INFO]     OaLkxeV3 포함: False
2026-03-23 10:28:46 [INFO]     GOWcekJV4 포함: False
2026-03-23 10:28:46 [INFO]     카드 발견: 10개
2026-03-23 10:28:46 [INFO]     카드 파싱 성공: 8건
2026-03-23 10:28:46 [INFO]     2023.07 p21: +6건 (페이지 8건)
2026-03-23 10:28:48 [INFO]     HTML 크기: 385168 bytes
2026-03-23 10:28:48 [INFO]     OaLkxeV3 포함: False
2026-03-23 10:28:48 [INFO]     GOWcekJV4 포함: False
2026-03-23 10:28:48 [INFO]     카드 발견: 10개
2026-03-23 10:28:48 [INFO]     카드 파싱 성공: 7건
2026-03-23 10:28:48 [INFO]     2023.07 p22: +5건 (페이지 7건)
2026-03-23 10:28:49 [INFO]     HTML 크기: 376239 bytes
2026-03-23 10:28:49 [INFO]     OaLkxeV3 포함: False
2026-03-23 10:28:49 [INFO]     GOWcekJV4 포함: False
2026-03-23 10:28:49 [INFO]     카드 발견: 10개
2026-03-23 10:28:49 [INFO]     카드 파싱 성공: 7건
2026-03-23 10:28:49 [INFO]     2023.07 p23: +2건 (페이지 7건)
2026-03-23 10:28:51 [INFO]     HTML 크기: 377742 bytes
2026-03-23 10:28:51 [INFO]     OaLkxeV3 포함: False
2026-03-23 10:28:51 [INFO]     GOWcekJV4 포함: False
2026-03-23 10:28:51 [INFO]     카드 발견: 10개
2026-03-23 10:28:51 [INFO]     카드 파싱 성공: 8건
2026-03-23 10:28:51 [INFO]     2023.07 p24: +1건 (페이지 8건)
2026-03-23 10:28:53 [INFO]     HTML 크기: 372317 bytes
2026-03-23 10:28:53 [INFO]     OaLkxeV3 포함: False
2026-03-23 10:28:53 [INFO]     GOWcekJV4 포함: False
2026-03-23 10:28:53 [INFO]     카드 발견: 10개
2026-03-23 10:28:53 [INFO]     카드 파싱 성공: 8건
2026-03-23 10:28:53 [INFO]     2023.07 p25: +5건 (페이지 8건)
2026-03-23 10:28:55 [INFO]     HTML 크기: 354009 bytes
2026-03-23 10:28:55 [INFO]     OaLkxeV3 포함: False
2026-03-23 10:28:55 [INFO]     GOWcekJV4 포함: False
2026-03-23 10:28:55 [INFO]     카드 발견: 10개
2026-03-23 10:28:55 [INFO]     카드 파싱 성공: 9건
2026-03-23 10:28:55 [INFO]     2023.07 p26: +3건 (페이지 9건)
2026-03-23 10:28:57 [INFO]     HTML 크기: 332540 bytes
2026-03-23 10:28:57 [INFO]     OaLkxeV3 포함: False
2026-03-23 10:28:57 [INFO]     GOWcekJV4 포함: False
2026-03-23 10:28:57 [INFO]     카드 발견: 10개
2026-03-23 10:28:57 [INFO]     카드 파싱 성공: 9건
2026-03-23 10:28:57 [INFO]     2023.07 p27: +1건 (페이지 9건)
2026-03-23 10:28:58 [INFO]     HTML 크기: 364147 bytes
2026-03-23 10:28:58 [INFO]     OaLkxeV3 포함: False
2026-03-23 10:28:58 [INFO]     GOWcekJV4 포함: False
2026-03-23 10:28:58 [INFO]     카드 발견: 10개
2026-03-23 10:28:58 [INFO]     카드 파싱 성공: 8건
2026-03-23 10:28:58 [INFO]     2023.07 p28: +5건 (페이지 8건)
2026-03-23 10:29:00 [INFO]     HTML 크기: 368780 bytes
2026-03-23 10:29:00 [INFO]     OaLkxeV3 포함: False
2026-03-23 10:29:00 [INFO]     GOWcekJV4 포함: False
2026-03-23 10:29:00 [INFO]     카드 발견: 10개
2026-03-23 10:29:00 [INFO]     카드 파싱 성공: 10건
2026-03-23 10:29:00 [INFO]     2023.07 p29: +5건 (페이지 10건)
2026-03-23 10:29:02 [INFO]     HTML 크기: 352482 bytes
2026-03-23 10:29:02 [INFO]     OaLkxeV3 포함: False
2026-03-23 10:29:02 [INFO]     GOWcekJV4 포함: False
2026-03-23 10:29:02 [INFO]     카드 발견: 10개
2026-03-23 10:29:02 [INFO]     카드 파싱 성공: 7건
2026-03-23 10:29:02 [INFO]     2023.07 p30: +3건 (페이지 7건)
2026-03-23 10:29:04 [INFO]     HTML 크기: 357461 bytes
2026-03-23 10:29:04 [INFO]     OaLkxeV3 포함: False
2026-03-23 10:29:04 [INFO]     GOWcekJV4 포함: False
2026-03-23 10:29:04 [INFO]     카드 발견: 10개
2026-03-23 10:29:04 [INFO]     카드 파싱 성공: 7건
2026-03-23 10:29:04 [INFO]     2023.07 p31: +3건 (페이지 7건)
2026-03-23 10:29:06 [INFO]     HTML 크기: 381507 bytes
2026-03-23 10:29:06 [INFO]     OaLkxeV3 포함: False
2026-03-23 10:29:06 [INFO]     GOWcekJV4 포함: False
2026-03-23 10:29:06 [INFO]     카드 발견: 10개
2026-03-23 10:29:06 [INFO]     카드 파싱 성공: 8건
2026-03-23 10:29:06 [INFO]     2023.07 p32: +3건 (페이지 8건)
2026-03-23 10:29:07 [INFO]     HTML 크기: 338350 bytes
2026-03-23 10:29:07 [INFO]     OaLkxeV3 포함: False
2026-03-23 10:29:07 [INFO]     GOWcekJV4 포함: False
2026-03-23 10:29:07 [INFO]     카드 발견: 10개
2026-03-23 10:29:07 [INFO]     카드 파싱 성공: 8건
2026-03-23 10:29:07 [INFO]     2023.07 p33: +1건 (페이지 8건)
2026-03-23 10:29:09 [INFO]     HTML 크기: 366644 bytes
2026-03-23 10:29:09 [INFO]     OaLkxeV3 포함: False
2026-03-23 10:29:09 [INFO]     GOWcekJV4 포함: False
2026-03-23 10:29:09 [INFO]     카드 발견: 10개
2026-03-23 10:29:09 [INFO]     카드 파싱 성공: 8건
2026-03-23 10:29:09 [INFO]     2023.07 p34: +2건 (페이지 8건)
2026-03-23 10:29:11 [INFO]     HTML 크기: 356859 bytes
2026-03-23 10:29:11 [INFO]     OaLkxeV3 포함: False
2026-03-23 10:29:11 [INFO]     GOWcekJV4 포함: False
2026-03-23 10:29:11 [INFO]     카드 발견: 10개
2026-03-23 10:29:11 [INFO]     카드 파싱 성공: 9건
2026-03-23 10:29:11 [INFO]     2023.07 p35: +5건 (페이지 9건)
2026-03-23 10:29:13 [INFO]     HTML 크기: 363049 bytes
2026-03-23 10:29:13 [INFO]     OaLkxeV3 포함: False
2026-03-23 10:29:13 [INFO]     GOWcekJV4 포함: False
2026-03-23 10:29:13 [INFO]     카드 발견: 10개
2026-03-23 10:29:13 [INFO]     카드 파싱 성공: 7건
2026-03-23 10:29:13 [INFO]     2023.07 p36: +2건 (페이지 7건)
2026-03-23 10:29:15 [INFO]     HTML 크기: 372897 bytes
2026-03-23 10:29:15 [INFO]     OaLkxeV3 포함: False
2026-03-23 10:29:15 [INFO]     GOWcekJV4 포함: False
2026-03-23 10:29:15 [INFO]     카드 발견: 10개
2026-03-23 10:29:15 [INFO]     카드 파싱 성공: 6건
2026-03-23 10:29:15 [INFO]     2023.07 p37: +6건 (페이지 6건)
2026-03-23 10:29:17 [INFO]     HTML 크기: 358361 bytes
2026-03-23 10:29:17 [INFO]     OaLkxeV3 포함: False
2026-03-23 10:29:17 [INFO]     GOWcekJV4 포함: False
2026-03-23 10:29:17 [INFO]     카드 발견: 10개
2026-03-23 10:29:17 [INFO]     카드 파싱 성공: 7건
2026-03-23 10:29:17 [INFO]     2023.07 p38: +6건 (페이지 7건)
2026-03-23 10:29:18 [INFO]     HTML 크기: 352809 bytes
2026-03-23 10:29:18 [INFO]     OaLkxeV3 포함: False
2026-03-23 10:29:18 [INFO]     GOWcekJV4 포함: False
2026-03-23 10:29:18 [INFO]     카드 발견: 10개
2026-03-23 10:29:18 [INFO]     카드 파싱 성공: 7건
2026-03-23 10:29:18 [INFO]     2023.07 p39: +6건 (페이지 7건)
2026-03-23 10:29:20 [INFO]     HTML 크기: 362769 bytes
2026-03-23 10:29:20 [INFO]     OaLkxeV3 포함: False
2026-03-23 10:29:20 [INFO]     GOWcekJV4 포함: False
2026-03-23 10:29:20 [INFO]     카드 발견: 10개
2026-03-23 10:29:20 [INFO]     카드 파싱 성공: 7건
2026-03-23 10:29:20 [INFO]     2023.07 p40: +6건 (페이지 7건)
2026-03-23 10:29:21 [INFO]   2023.07 완료: +178건 (누적 2808개)
2026-03-23 10:29:22 [INFO]     HTML 크기: 388992 bytes
2026-03-23 10:29:22 [INFO]     OaLkxeV3 포함: False
2026-03-23 10:29:22 [INFO]     GOWcekJV4 포함: False
2026-03-23 10:29:22 [INFO]     카드 발견: 10개
2026-03-23 10:29:22 [INFO]     카드 파싱 성공: 10건
2026-03-23 10:29:22 [INFO]     2023.08 p1: +10건 (페이지 10건)
2026-03-23 10:29:24 [INFO]     HTML 크기: 366888 bytes
2026-03-23 10:29:24 [INFO]     OaLkxeV3 포함: False
2026-03-23 10:29:24 [INFO]     GOWcekJV4 포함: False
2026-03-23 10:29:24 [INFO]     카드 발견: 10개
2026-03-23 10:29:24 [INFO]     카드 파싱 성공: 10건
2026-03-23 10:29:24 [INFO]     2023.08 p2: +8건 (페이지 10건)
2026-03-23 10:29:25 [INFO]     HTML 크기: 332149 bytes
2026-03-23 10:29:25 [INFO]     OaLkxeV3 포함: False
2026-03-23 10:29:25 [INFO]     GOWcekJV4 포함: False
2026-03-23 10:29:25 [INFO]     카드 발견: 10개
2026-03-23 10:29:25 [INFO]     카드 파싱 성공: 9건
2026-03-23 10:29:25 [INFO]     2023.08 p3: +9건 (페이지 9건)
2026-03-23 10:29:27 [INFO]     HTML 크기: 308150 bytes
2026-03-23 10:29:27 [INFO]     OaLkxeV3 포함: False
2026-03-23 10:29:27 [INFO]     GOWcekJV4 포함: False
2026-03-23 10:29:27 [INFO]     카드 발견: 10개
2026-03-23 10:29:27 [INFO]     카드 파싱 성공: 4건
2026-03-23 10:29:27 [INFO]     2023.08 p4: +4건 (페이지 4건)
2026-03-23 10:29:28 [INFO]     HTML 크기: 307644 bytes
2026-03-23 10:29:28 [INFO]     OaLkxeV3 포함: False
2026-03-23 10:29:28 [INFO]     GOWcekJV4 포함: False
2026-03-23 10:29:28 [INFO]     카드 발견: 10개
2026-03-23 10:29:28 [INFO]     카드 파싱 성공: 3건
2026-03-23 10:29:28 [INFO]     2023.08 p5: +3건 (페이지 3건)
2026-03-23 10:29:30 [INFO]     HTML 크기: 305931 bytes
2026-03-23 10:29:30 [INFO]     OaLkxeV3 포함: False
2026-03-23 10:29:30 [INFO]     GOWcekJV4 포함: False
2026-03-23 10:29:30 [INFO]     카드 발견: 10개
2026-03-23 10:29:30 [INFO]     카드 파싱 성공: 2건
2026-03-23 10:29:30 [INFO]     2023.08 p6: +2건 (페이지 2건)
2026-03-23 10:29:32 [INFO]     HTML 크기: 305216 bytes
2026-03-23 10:29:32 [INFO]     OaLkxeV3 포함: False
2026-03-23 10:29:32 [INFO]     GOWcekJV4 포함: False
2026-03-23 10:29:32 [INFO]     카드 발견: 10개
2026-03-23 10:29:32 [INFO]     카드 파싱 성공: 3건
2026-03-23 10:29:32 [INFO]     2023.08 p7: +3건 (페이지 3건)
2026-03-23 10:29:34 [INFO]     HTML 크기: 306114 bytes
2026-03-23 10:29:34 [INFO]     OaLkxeV3 포함: False
2026-03-23 10:29:34 [INFO]     GOWcekJV4 포함: False
2026-03-23 10:29:34 [INFO]     카드 발견: 10개
2026-03-23 10:29:34 [INFO]     카드 파싱 성공: 3건
2026-03-23 10:29:34 [INFO]     2023.08 p8: +3건 (페이지 3건)
2026-03-23 10:29:35 [INFO]     HTML 크기: 309321 bytes
2026-03-23 10:29:35 [INFO]     OaLkxeV3 포함: False
2026-03-23 10:29:35 [INFO]     GOWcekJV4 포함: False
2026-03-23 10:29:35 [INFO]     카드 발견: 10개
2026-03-23 10:29:35 [INFO]     카드 파싱 성공: 6건
2026-03-23 10:29:35 [INFO]     2023.08 p9: +6건 (페이지 6건)
2026-03-23 10:29:37 [INFO]     HTML 크기: 305773 bytes
2026-03-23 10:29:37 [INFO]     OaLkxeV3 포함: False
2026-03-23 10:29:37 [INFO]     GOWcekJV4 포함: False
2026-03-23 10:29:37 [INFO]     카드 발견: 10개
2026-03-23 10:29:37 [INFO]     카드 파싱 성공: 3건
2026-03-23 10:29:37 [INFO]     2023.08 p10: +3건 (페이지 3건)
2026-03-23 10:29:39 [INFO]     HTML 크기: 426569 bytes
2026-03-23 10:29:39 [INFO]     OaLkxeV3 포함: False
2026-03-23 10:29:39 [INFO]     GOWcekJV4 포함: False
2026-03-23 10:29:39 [INFO]     카드 발견: 10개
2026-03-23 10:29:39 [INFO]     카드 파싱 성공: 7건
2026-03-23 10:29:39 [INFO]     2023.08 p11: +4건 (페이지 7건)
2026-03-23 10:29:41 [INFO]     HTML 크기: 406106 bytes
2026-03-23 10:29:41 [INFO]     OaLkxeV3 포함: False
2026-03-23 10:29:41 [INFO]     GOWcekJV4 포함: False
2026-03-23 10:29:41 [INFO]     카드 발견: 10개
2026-03-23 10:29:41 [INFO]     카드 파싱 성공: 6건
2026-03-23 10:29:41 [INFO]     2023.08 p12: +3건 (페이지 6건)
2026-03-23 10:29:43 [INFO]     HTML 크기: 416164 bytes
2026-03-23 10:29:43 [INFO]     OaLkxeV3 포함: False
2026-03-23 10:29:43 [INFO]     GOWcekJV4 포함: False
2026-03-23 10:29:43 [INFO]     카드 발견: 10개
2026-03-23 10:29:43 [INFO]     카드 파싱 성공: 6건
2026-03-23 10:29:43 [INFO]     2023.08 p13: +2건 (페이지 6건)
2026-03-23 10:29:45 [INFO]     HTML 크기: 440609 bytes
2026-03-23 10:29:45 [INFO]     OaLkxeV3 포함: False
2026-03-23 10:29:45 [INFO]     GOWcekJV4 포함: False
2026-03-23 10:29:45 [INFO]     카드 발견: 10개
2026-03-23 10:29:45 [INFO]     카드 파싱 성공: 6건
2026-03-23 10:29:45 [INFO]     2023.08 p14: +5건 (페이지 6건)
2026-03-23 10:29:47 [INFO]     HTML 크기: 439857 bytes
2026-03-23 10:29:47 [INFO]     OaLkxeV3 포함: False
2026-03-23 10:29:47 [INFO]     GOWcekJV4 포함: False
2026-03-23 10:29:47 [INFO]     카드 발견: 10개
2026-03-23 10:29:47 [INFO]     카드 파싱 성공: 6건
2026-03-23 10:29:47 [INFO]     2023.08 p15: +2건 (페이지 6건)
2026-03-23 10:29:48 [INFO]     HTML 크기: 429232 bytes
2026-03-23 10:29:48 [INFO]     OaLkxeV3 포함: False
2026-03-23 10:29:48 [INFO]     GOWcekJV4 포함: False
2026-03-23 10:29:48 [INFO]     카드 발견: 10개
2026-03-23 10:29:48 [INFO]     카드 파싱 성공: 7건
2026-03-23 10:29:48 [INFO]     2023.08 p16: +4건 (페이지 7건)
2026-03-23 10:29:50 [INFO]     HTML 크기: 414778 bytes
2026-03-23 10:29:50 [INFO]     OaLkxeV3 포함: False
2026-03-23 10:29:50 [INFO]     GOWcekJV4 포함: False
2026-03-23 10:29:50 [INFO]     카드 발견: 10개
2026-03-23 10:29:50 [INFO]     카드 파싱 성공: 5건
2026-03-23 10:29:50 [INFO]     2023.08 p17: +3건 (페이지 5건)
2026-03-23 10:29:52 [INFO]     HTML 크기: 414528 bytes
2026-03-23 10:29:52 [INFO]     OaLkxeV3 포함: False
2026-03-23 10:29:52 [INFO]     GOWcekJV4 포함: False
2026-03-23 10:29:52 [INFO]     카드 발견: 10개
2026-03-23 10:29:52 [INFO]     카드 파싱 성공: 6건
2026-03-23 10:29:52 [INFO]     2023.08 p18: +1건 (페이지 6건)
2026-03-23 10:29:54 [INFO]     HTML 크기: 435213 bytes
2026-03-23 10:29:54 [INFO]     OaLkxeV3 포함: False
2026-03-23 10:29:54 [INFO]     GOWcekJV4 포함: False
2026-03-23 10:29:54 [INFO]     카드 발견: 10개
2026-03-23 10:29:54 [INFO]     카드 파싱 성공: 5건
2026-03-23 10:29:54 [INFO]     2023.08 p19: +2건 (페이지 5건)
2026-03-23 10:29:56 [INFO]     HTML 크기: 427407 bytes
2026-03-23 10:29:56 [INFO]     OaLkxeV3 포함: False
2026-03-23 10:29:56 [INFO]     GOWcekJV4 포함: False
2026-03-23 10:29:56 [INFO]     카드 발견: 10개
2026-03-23 10:29:56 [INFO]     카드 파싱 성공: 5건
2026-03-23 10:29:56 [INFO]     2023.08 p20: +3건 (페이지 5건)
2026-03-23 10:29:58 [INFO]     HTML 크기: 422594 bytes
2026-03-23 10:29:58 [INFO]     OaLkxeV3 포함: False
2026-03-23 10:29:58 [INFO]     GOWcekJV4 포함: False
2026-03-23 10:29:58 [INFO]     카드 발견: 10개
2026-03-23 10:29:58 [INFO]     카드 파싱 성공: 4건
2026-03-23 10:29:58 [INFO]     2023.08 p21: +1건 (페이지 4건)
2026-03-23 10:30:00 [INFO]     HTML 크기: 401820 bytes
2026-03-23 10:30:00 [INFO]     OaLkxeV3 포함: False
2026-03-23 10:30:00 [INFO]     GOWcekJV4 포함: False
2026-03-23 10:30:00 [INFO]     카드 발견: 10개
2026-03-23 10:30:00 [INFO]     카드 파싱 성공: 4건
2026-03-23 10:30:00 [INFO]     2023.08 p22: +0건 (페이지 4건)
2026-03-23 10:30:01 [INFO]   2023.08 완료: +81건 (누적 2889개)
2026-03-23 10:30:01 [INFO]     HTML 크기: 375710 bytes
2026-03-23 10:30:01 [INFO]     OaLkxeV3 포함: False
2026-03-23 10:30:01 [INFO]     GOWcekJV4 포함: False
2026-03-23 10:30:01 [INFO]     카드 발견: 10개
2026-03-23 10:30:01 [INFO]     카드 파싱 성공: 9건
2026-03-23 10:30:01 [INFO]     2023.09 p1: +9건 (페이지 9건)
2026-03-23 10:30:03 [INFO]     HTML 크기: 361409 bytes
2026-03-23 10:30:03 [INFO]     OaLkxeV3 포함: False
2026-03-23 10:30:03 [INFO]     GOWcekJV4 포함: False
2026-03-23 10:30:03 [INFO]     카드 발견: 10개
2026-03-23 10:30:03 [INFO]     카드 파싱 성공: 9건
2026-03-23 10:30:03 [INFO]     2023.09 p2: +8건 (페이지 9건)
2026-03-23 10:30:05 [INFO]     HTML 크기: 373914 bytes
2026-03-23 10:30:05 [INFO]     OaLkxeV3 포함: False
2026-03-23 10:30:05 [INFO]     GOWcekJV4 포함: False
2026-03-23 10:30:05 [INFO]     카드 발견: 10개
2026-03-23 10:30:05 [INFO]     카드 파싱 성공: 8건
2026-03-23 10:30:05 [INFO]     2023.09 p3: +8건 (페이지 8건)
2026-03-23 10:30:06 [INFO]     HTML 크기: 320634 bytes
2026-03-23 10:30:06 [INFO]     OaLkxeV3 포함: False
2026-03-23 10:30:06 [INFO]     GOWcekJV4 포함: False
2026-03-23 10:30:06 [INFO]     카드 발견: 10개
2026-03-23 10:30:06 [INFO]     카드 파싱 성공: 8건
2026-03-23 10:30:06 [INFO]     2023.09 p4: +8건 (페이지 8건)
2026-03-23 10:30:08 [INFO]     HTML 크기: 316428 bytes
2026-03-23 10:30:08 [INFO]     OaLkxeV3 포함: False
2026-03-23 10:30:08 [INFO]     GOWcekJV4 포함: False
2026-03-23 10:30:08 [INFO]     카드 발견: 10개
2026-03-23 10:30:08 [INFO]     카드 파싱 성공: 10건
2026-03-23 10:30:08 [INFO]     2023.09 p5: +10건 (페이지 10건)
2026-03-23 10:30:09 [INFO]     HTML 크기: 308698 bytes
2026-03-23 10:30:09 [INFO]     OaLkxeV3 포함: False
2026-03-23 10:30:09 [INFO]     GOWcekJV4 포함: False
2026-03-23 10:30:09 [INFO]     카드 발견: 10개
2026-03-23 10:30:09 [INFO]     카드 파싱 성공: 5건
2026-03-23 10:30:09 [INFO]     2023.09 p6: +5건 (페이지 5건)
2026-03-23 10:30:11 [INFO]     HTML 크기: 305480 bytes
2026-03-23 10:30:11 [INFO]     OaLkxeV3 포함: False
2026-03-23 10:30:11 [INFO]     GOWcekJV4 포함: False
2026-03-23 10:30:11 [INFO]     카드 발견: 10개
2026-03-23 10:30:11 [INFO]     카드 파싱 성공: 2건
2026-03-23 10:30:11 [INFO]     2023.09 p7: +2건 (페이지 2건)
2026-03-23 10:30:13 [INFO]     HTML 크기: 305366 bytes
2026-03-23 10:30:13 [INFO]     OaLkxeV3 포함: False
2026-03-23 10:30:13 [INFO]     GOWcekJV4 포함: False
2026-03-23 10:30:13 [INFO]     카드 발견: 10개
2026-03-23 10:30:13 [INFO]     카드 파싱 성공: 1건
2026-03-23 10:30:13 [INFO]     2023.09 p8: +1건 (페이지 1건)
2026-03-23 10:30:15 [INFO]     HTML 크기: 307519 bytes
2026-03-23 10:30:15 [INFO]     OaLkxeV3 포함: False
2026-03-23 10:30:15 [INFO]     GOWcekJV4 포함: False
2026-03-23 10:30:15 [INFO]     카드 발견: 10개
2026-03-23 10:30:15 [INFO]     카드 파싱 성공: 3건
2026-03-23 10:30:15 [INFO]     2023.09 p9: +3건 (페이지 3건)
2026-03-23 10:30:17 [INFO]     HTML 크기: 306236 bytes
2026-03-23 10:30:17 [INFO]     OaLkxeV3 포함: False
2026-03-23 10:30:17 [INFO]     GOWcekJV4 포함: False
2026-03-23 10:30:17 [INFO]     카드 발견: 10개
2026-03-23 10:30:17 [INFO]     카드 파싱 성공: 4건
2026-03-23 10:30:17 [INFO]     2023.09 p10: +4건 (페이지 4건)
2026-03-23 10:30:18 [INFO]     HTML 크기: 398108 bytes
2026-03-23 10:30:18 [INFO]     OaLkxeV3 포함: False
2026-03-23 10:30:18 [INFO]     GOWcekJV4 포함: False
2026-03-23 10:30:18 [INFO]     카드 발견: 10개
2026-03-23 10:30:18 [INFO]     카드 파싱 성공: 8건
2026-03-23 10:30:18 [INFO]     2023.09 p11: +5건 (페이지 8건)
2026-03-23 10:30:20 [INFO]     HTML 크기: 420037 bytes
2026-03-23 10:30:20 [INFO]     OaLkxeV3 포함: False
2026-03-23 10:30:20 [INFO]     GOWcekJV4 포함: False
2026-03-23 10:30:20 [INFO]     카드 발견: 10개
2026-03-23 10:30:20 [INFO]     카드 파싱 성공: 7건
2026-03-23 10:30:20 [INFO]     2023.09 p12: +5건 (페이지 7건)
2026-03-23 10:30:22 [INFO]     HTML 크기: 427749 bytes
2026-03-23 10:30:22 [INFO]     OaLkxeV3 포함: False
2026-03-23 10:30:22 [INFO]     GOWcekJV4 포함: False
2026-03-23 10:30:22 [INFO]     카드 발견: 10개
2026-03-23 10:30:22 [INFO]     카드 파싱 성공: 8건
2026-03-23 10:30:22 [INFO]     2023.09 p13: +1건 (페이지 8건)
2026-03-23 10:30:24 [INFO]     HTML 크기: 397507 bytes
2026-03-23 10:30:24 [INFO]     OaLkxeV3 포함: False
2026-03-23 10:30:24 [INFO]     GOWcekJV4 포함: False
2026-03-23 10:30:24 [INFO]     카드 발견: 10개
2026-03-23 10:30:24 [INFO]     카드 파싱 성공: 6건
2026-03-23 10:30:24 [INFO]     2023.09 p14: +3건 (페이지 6건)
2026-03-23 10:30:25 [INFO]     HTML 크기: 417018 bytes
2026-03-23 10:30:25 [INFO]     OaLkxeV3 포함: False
2026-03-23 10:30:25 [INFO]     GOWcekJV4 포함: False
2026-03-23 10:30:25 [INFO]     카드 발견: 10개
2026-03-23 10:30:25 [INFO]     카드 파싱 성공: 7건
2026-03-23 10:30:25 [INFO]     2023.09 p15: +5건 (페이지 7건)
2026-03-23 10:30:27 [INFO]     HTML 크기: 399900 bytes
2026-03-23 10:30:27 [INFO]     OaLkxeV3 포함: False
2026-03-23 10:30:27 [INFO]     GOWcekJV4 포함: False
2026-03-23 10:30:27 [INFO]     카드 발견: 10개
2026-03-23 10:30:27 [INFO]     카드 파싱 성공: 6건
2026-03-23 10:30:27 [INFO]     2023.09 p16: +2건 (페이지 6건)
2026-03-23 10:30:29 [INFO]     HTML 크기: 393485 bytes
2026-03-23 10:30:29 [INFO]     OaLkxeV3 포함: False
2026-03-23 10:30:29 [INFO]     GOWcekJV4 포함: False
2026-03-23 10:30:29 [INFO]     카드 발견: 10개
2026-03-23 10:30:29 [INFO]     카드 파싱 성공: 9건
2026-03-23 10:30:29 [INFO]     2023.09 p17: +6건 (페이지 9건)
2026-03-23 10:30:31 [INFO]     HTML 크기: 409059 bytes
2026-03-23 10:30:31 [INFO]     OaLkxeV3 포함: False
2026-03-23 10:30:31 [INFO]     GOWcekJV4 포함: False
2026-03-23 10:30:31 [INFO]     카드 발견: 10개
2026-03-23 10:30:31 [INFO]     카드 파싱 성공: 6건
2026-03-23 10:30:31 [INFO]     2023.09 p18: +0건 (페이지 6건)
2026-03-23 10:30:32 [INFO]   2023.09 완료: +85건 (누적 2974개)
2026-03-23 10:30:32 [INFO]     HTML 크기: 419525 bytes
2026-03-23 10:30:32 [INFO]     OaLkxeV3 포함: False
2026-03-23 10:30:32 [INFO]     GOWcekJV4 포함: False
2026-03-23 10:30:32 [INFO]     카드 발견: 10개
2026-03-23 10:30:32 [INFO]     카드 파싱 성공: 10건
2026-03-23 10:30:32 [INFO]     2023.10 p1: +10건 (페이지 10건)
2026-03-23 10:30:34 [INFO]     HTML 크기: 391586 bytes
2026-03-23 10:30:34 [INFO]     OaLkxeV3 포함: False
2026-03-23 10:30:34 [INFO]     GOWcekJV4 포함: False
2026-03-23 10:30:34 [INFO]     카드 발견: 10개
2026-03-23 10:30:34 [INFO]     카드 파싱 성공: 10건
2026-03-23 10:30:34 [INFO]     2023.10 p2: +9건 (페이지 10건)
2026-03-23 10:30:35 [INFO]     HTML 크기: 338344 bytes
2026-03-23 10:30:35 [INFO]     OaLkxeV3 포함: False
2026-03-23 10:30:35 [INFO]     GOWcekJV4 포함: False
2026-03-23 10:30:35 [INFO]     카드 발견: 10개
2026-03-23 10:30:35 [INFO]     카드 파싱 성공: 10건
2026-03-23 10:30:35 [INFO]     2023.10 p3: +10건 (페이지 10건)
2026-03-23 10:30:37 [INFO]     HTML 크기: 330724 bytes
2026-03-23 10:30:37 [INFO]     OaLkxeV3 포함: False
2026-03-23 10:30:37 [INFO]     GOWcekJV4 포함: False
2026-03-23 10:30:37 [INFO]     카드 발견: 10개
2026-03-23 10:30:37 [INFO]     카드 파싱 성공: 10건
2026-03-23 10:30:37 [INFO]     2023.10 p4: +10건 (페이지 10건)
2026-03-23 10:30:39 [INFO]     HTML 크기: 320830 bytes
2026-03-23 10:30:39 [INFO]     OaLkxeV3 포함: False
2026-03-23 10:30:39 [INFO]     GOWcekJV4 포함: False
2026-03-23 10:30:39 [INFO]     카드 발견: 10개
2026-03-23 10:30:39 [INFO]     카드 파싱 성공: 5건
2026-03-23 10:30:39 [INFO]     2023.10 p5: +5건 (페이지 5건)
2026-03-23 10:30:40 [INFO]     HTML 크기: 305522 bytes
2026-03-23 10:30:40 [INFO]     OaLkxeV3 포함: False
2026-03-23 10:30:40 [INFO]     GOWcekJV4 포함: False
2026-03-23 10:30:40 [INFO]     카드 발견: 10개
2026-03-23 10:30:40 [INFO]     카드 파싱 성공: 5건
2026-03-23 10:30:40 [INFO]     2023.10 p6: +5건 (페이지 5건)
2026-03-23 10:30:42 [INFO]     HTML 크기: 304554 bytes
2026-03-23 10:30:42 [INFO]     OaLkxeV3 포함: False
2026-03-23 10:30:42 [INFO]     GOWcekJV4 포함: False
2026-03-23 10:30:42 [INFO]     카드 발견: 10개
2026-03-23 10:30:42 [INFO]     카드 파싱 성공: 2건
2026-03-23 10:30:42 [INFO]     2023.10 p7: +2건 (페이지 2건)
2026-03-23 10:30:43 [INFO]     HTML 크기: 306379 bytes
2026-03-23 10:30:43 [INFO]     OaLkxeV3 포함: False
2026-03-23 10:30:43 [INFO]     GOWcekJV4 포함: False
2026-03-23 10:30:43 [INFO]     카드 발견: 10개
2026-03-23 10:30:43 [INFO]     카드 파싱 성공: 4건
2026-03-23 10:30:43 [INFO]     2023.10 p8: +4건 (페이지 4건)
2026-03-23 10:30:45 [INFO]     HTML 크기: 304793 bytes
2026-03-23 10:30:45 [INFO]     OaLkxeV3 포함: False
2026-03-23 10:30:45 [INFO]     GOWcekJV4 포함: False
2026-03-23 10:30:45 [INFO]     카드 발견: 10개
2026-03-23 10:30:45 [INFO]     카드 파싱 성공: 2건
2026-03-23 10:30:45 [INFO]     2023.10 p9: +2건 (페이지 2건)
2026-03-23 10:30:47 [INFO]     HTML 크기: 305941 bytes
2026-03-23 10:30:47 [INFO]     OaLkxeV3 포함: False
2026-03-23 10:30:47 [INFO]     GOWcekJV4 포함: False
2026-03-23 10:30:47 [INFO]     카드 발견: 10개
2026-03-23 10:30:47 [INFO]     카드 파싱 성공: 3건
2026-03-23 10:30:47 [INFO]     2023.10 p10: +3건 (페이지 3건)
2026-03-23 10:30:48 [INFO]     HTML 크기: 402277 bytes
2026-03-23 10:30:48 [INFO]     OaLkxeV3 포함: False
2026-03-23 10:30:48 [INFO]     GOWcekJV4 포함: False
2026-03-23 10:30:48 [INFO]     카드 발견: 10개
2026-03-23 10:30:48 [INFO]     카드 파싱 성공: 10건
2026-03-23 10:30:48 [INFO]     2023.10 p11: +6건 (페이지 10건)
2026-03-23 10:30:50 [INFO]     HTML 크기: 420362 bytes
2026-03-23 10:30:50 [INFO]     OaLkxeV3 포함: False
2026-03-23 10:30:50 [INFO]     GOWcekJV4 포함: False
2026-03-23 10:30:50 [INFO]     카드 발견: 10개
2026-03-23 10:30:50 [INFO]     카드 파싱 성공: 10건
2026-03-23 10:30:50 [INFO]     2023.10 p12: +7건 (페이지 10건)
2026-03-23 10:30:52 [INFO]     HTML 크기: 386030 bytes
2026-03-23 10:30:52 [INFO]     OaLkxeV3 포함: False
2026-03-23 10:30:52 [INFO]     GOWcekJV4 포함: False
2026-03-23 10:30:52 [INFO]     카드 발견: 10개
2026-03-23 10:30:52 [INFO]     카드 파싱 성공: 10건
2026-03-23 10:30:52 [INFO]     2023.10 p13: +5건 (페이지 10건)
2026-03-23 10:30:54 [INFO]     HTML 크기: 380979 bytes
2026-03-23 10:30:54 [INFO]     OaLkxeV3 포함: False
2026-03-23 10:30:54 [INFO]     GOWcekJV4 포함: False
2026-03-23 10:30:54 [INFO]     카드 발견: 10개
2026-03-23 10:30:54 [INFO]     카드 파싱 성공: 10건
2026-03-23 10:30:54 [INFO]     2023.10 p14: +4건 (페이지 10건)
2026-03-23 10:30:56 [INFO]     HTML 크기: 387793 bytes
2026-03-23 10:30:56 [INFO]     OaLkxeV3 포함: False
2026-03-23 10:30:56 [INFO]     GOWcekJV4 포함: False
2026-03-23 10:30:56 [INFO]     카드 발견: 10개
2026-03-23 10:30:56 [INFO]     카드 파싱 성공: 10건
2026-03-23 10:30:56 [INFO]     2023.10 p15: +5건 (페이지 10건)
2026-03-23 10:30:58 [INFO]     HTML 크기: 385062 bytes
2026-03-23 10:30:58 [INFO]     OaLkxeV3 포함: False
2026-03-23 10:30:58 [INFO]     GOWcekJV4 포함: False
2026-03-23 10:30:58 [INFO]     카드 발견: 10개
2026-03-23 10:30:58 [INFO]     카드 파싱 성공: 9건
2026-03-23 10:30:58 [INFO]     2023.10 p16: +6건 (페이지 9건)
2026-03-23 10:30:59 [INFO]     HTML 크기: 417622 bytes
2026-03-23 10:30:59 [INFO]     OaLkxeV3 포함: False
2026-03-23 10:30:59 [INFO]     GOWcekJV4 포함: False
2026-03-23 10:30:59 [INFO]     카드 발견: 10개
2026-03-23 10:30:59 [INFO]     카드 파싱 성공: 9건
2026-03-23 10:30:59 [INFO]     2023.10 p17: +6건 (페이지 9건)
2026-03-23 10:31:01 [INFO]     HTML 크기: 414162 bytes
2026-03-23 10:31:01 [INFO]     OaLkxeV3 포함: False
2026-03-23 10:31:01 [INFO]     GOWcekJV4 포함: False
2026-03-23 10:31:01 [INFO]     카드 발견: 10개
2026-03-23 10:31:01 [INFO]     카드 파싱 성공: 7건
2026-03-23 10:31:01 [INFO]     2023.10 p18: +3건 (페이지 7건)
2026-03-23 10:31:03 [INFO]     HTML 크기: 380901 bytes
2026-03-23 10:31:03 [INFO]     OaLkxeV3 포함: False
2026-03-23 10:31:03 [INFO]     GOWcekJV4 포함: False
2026-03-23 10:31:03 [INFO]     카드 발견: 10개
2026-03-23 10:31:03 [INFO]     카드 파싱 성공: 8건
2026-03-23 10:31:03 [INFO]     2023.10 p19: +7건 (페이지 8건)
2026-03-23 10:31:05 [INFO]     HTML 크기: 376863 bytes
2026-03-23 10:31:05 [INFO]     OaLkxeV3 포함: False
2026-03-23 10:31:05 [INFO]     GOWcekJV4 포함: False
2026-03-23 10:31:05 [INFO]     카드 발견: 10개
2026-03-23 10:31:05 [INFO]     카드 파싱 성공: 7건
2026-03-23 10:31:05 [INFO]     2023.10 p20: +2건 (페이지 7건)
2026-03-23 10:31:07 [INFO]     HTML 크기: 403143 bytes
2026-03-23 10:31:07 [INFO]     OaLkxeV3 포함: False
2026-03-23 10:31:07 [INFO]     GOWcekJV4 포함: False
2026-03-23 10:31:07 [INFO]     카드 발견: 10개
2026-03-23 10:31:07 [INFO]     카드 파싱 성공: 7건
2026-03-23 10:31:07 [INFO]     2023.10 p21: +5건 (페이지 7건)
2026-03-23 10:31:08 [INFO]     HTML 크기: 397551 bytes
2026-03-23 10:31:08 [INFO]     OaLkxeV3 포함: False
2026-03-23 10:31:08 [INFO]     GOWcekJV4 포함: False
2026-03-23 10:31:08 [INFO]     카드 발견: 10개
2026-03-23 10:31:08 [INFO]     카드 파싱 성공: 5건
2026-03-23 10:31:08 [INFO]     2023.10 p22: +2건 (페이지 5건)
2026-03-23 10:31:10 [INFO]     HTML 크기: 397103 bytes
2026-03-23 10:31:10 [INFO]     OaLkxeV3 포함: False
2026-03-23 10:31:10 [INFO]     GOWcekJV4 포함: False
2026-03-23 10:31:10 [INFO]     카드 발견: 10개
2026-03-23 10:31:10 [INFO]     카드 파싱 성공: 8건
2026-03-23 10:31:10 [INFO]     2023.10 p23: +4건 (페이지 8건)
2026-03-23 10:31:12 [INFO]     HTML 크기: 393369 bytes
2026-03-23 10:31:12 [INFO]     OaLkxeV3 포함: False
2026-03-23 10:31:12 [INFO]     GOWcekJV4 포함: False
2026-03-23 10:31:12 [INFO]     카드 발견: 10개
2026-03-23 10:31:12 [INFO]     카드 파싱 성공: 4건
2026-03-23 10:31:12 [INFO]     2023.10 p24: +3건 (페이지 4건)
2026-03-23 10:31:13 [INFO]     HTML 크기: 397864 bytes
2026-03-23 10:31:13 [INFO]     OaLkxeV3 포함: False
2026-03-23 10:31:13 [INFO]     GOWcekJV4 포함: False
2026-03-23 10:31:13 [INFO]     카드 발견: 10개
2026-03-23 10:31:13 [INFO]     카드 파싱 성공: 4건
2026-03-23 10:31:13 [INFO]     2023.10 p25: +1건 (페이지 4건)
2026-03-23 10:31:15 [INFO]     HTML 크기: 359947 bytes
2026-03-23 10:31:15 [INFO]     OaLkxeV3 포함: False
2026-03-23 10:31:15 [INFO]     GOWcekJV4 포함: False
2026-03-23 10:31:15 [INFO]     카드 발견: 10개
2026-03-23 10:31:15 [INFO]     카드 파싱 성공: 8건
2026-03-23 10:31:15 [INFO]     2023.10 p26: +2건 (페이지 8건)
2026-03-23 10:31:17 [INFO]     HTML 크기: 402615 bytes
2026-03-23 10:31:17 [INFO]     OaLkxeV3 포함: False
2026-03-23 10:31:17 [INFO]     GOWcekJV4 포함: False
2026-03-23 10:31:17 [INFO]     카드 발견: 10개
2026-03-23 10:31:17 [INFO]     카드 파싱 성공: 7건
2026-03-23 10:31:17 [INFO]     2023.10 p27: +5건 (페이지 7건)
2026-03-23 10:31:18 [INFO]     HTML 크기: 404915 bytes
2026-03-23 10:31:18 [INFO]     OaLkxeV3 포함: False
2026-03-23 10:31:18 [INFO]     GOWcekJV4 포함: False
2026-03-23 10:31:18 [INFO]     카드 발견: 10개
2026-03-23 10:31:18 [INFO]     카드 파싱 성공: 5건
2026-03-23 10:31:18 [INFO]     2023.10 p28: +1건 (페이지 5건)
2026-03-23 10:31:20 [INFO]     HTML 크기: 404321 bytes
2026-03-23 10:31:20 [INFO]     OaLkxeV3 포함: False
2026-03-23 10:31:20 [INFO]     GOWcekJV4 포함: False
2026-03-23 10:31:20 [INFO]     카드 발견: 10개
2026-03-23 10:31:20 [INFO]     카드 파싱 성공: 4건
2026-03-23 10:31:20 [INFO]     2023.10 p29: +2건 (페이지 4건)
2026-03-23 10:31:22 [INFO]     HTML 크기: 405633 bytes
2026-03-23 10:31:22 [INFO]     OaLkxeV3 포함: False
2026-03-23 10:31:22 [INFO]     GOWcekJV4 포함: False
2026-03-23 10:31:22 [INFO]     카드 발견: 10개
2026-03-23 10:31:22 [INFO]     카드 파싱 성공: 5건
2026-03-23 10:31:22 [INFO]     2023.10 p30: +2건 (페이지 5건)
2026-03-23 10:31:24 [INFO]     HTML 크기: 405370 bytes
2026-03-23 10:31:24 [INFO]     OaLkxeV3 포함: False
2026-03-23 10:31:24 [INFO]     GOWcekJV4 포함: False
2026-03-23 10:31:24 [INFO]     카드 발견: 10개
2026-03-23 10:31:24 [INFO]     카드 파싱 성공: 5건
2026-03-23 10:31:24 [INFO]     2023.10 p31: +2건 (페이지 5건)
2026-03-23 10:31:26 [INFO]     HTML 크기: 375074 bytes
2026-03-23 10:31:26 [INFO]     OaLkxeV3 포함: False
2026-03-23 10:31:26 [INFO]     GOWcekJV4 포함: False
2026-03-23 10:31:26 [INFO]     카드 발견: 10개
2026-03-23 10:31:26 [INFO]     카드 파싱 성공: 4건
2026-03-23 10:31:26 [INFO]     2023.10 p32: +0건 (페이지 4건)
2026-03-23 10:31:27 [INFO]   2023.10 완료: +140건 (누적 3114개)
2026-03-23 10:31:28 [INFO]     HTML 크기: 405297 bytes
2026-03-23 10:31:28 [INFO]     OaLkxeV3 포함: False
2026-03-23 10:31:28 [INFO]     GOWcekJV4 포함: False
2026-03-23 10:31:28 [INFO]     카드 발견: 10개
2026-03-23 10:31:28 [INFO]     카드 파싱 성공: 10건
2026-03-23 10:31:28 [INFO]     2023.11 p1: +10건 (페이지 10건)
2026-03-23 10:31:30 [INFO]     HTML 크기: 401067 bytes
2026-03-23 10:31:30 [INFO]     OaLkxeV3 포함: False
2026-03-23 10:31:30 [INFO]     GOWcekJV4 포함: False
2026-03-23 10:31:30 [INFO]     카드 발견: 10개
2026-03-23 10:31:30 [INFO]     카드 파싱 성공: 10건
2026-03-23 10:31:30 [INFO]     2023.11 p2: +9건 (페이지 10건)
2026-03-23 10:31:31 [INFO]     HTML 크기: 319672 bytes
2026-03-23 10:31:31 [INFO]     OaLkxeV3 포함: False
2026-03-23 10:31:31 [INFO]     GOWcekJV4 포함: False
2026-03-23 10:31:31 [INFO]     카드 발견: 10개
2026-03-23 10:31:31 [INFO]     카드 파싱 성공: 7건
2026-03-23 10:31:31 [INFO]     2023.11 p3: +7건 (페이지 7건)
2026-03-23 10:31:33 [INFO]     HTML 크기: 322008 bytes
2026-03-23 10:31:33 [INFO]     OaLkxeV3 포함: False
2026-03-23 10:31:33 [INFO]     GOWcekJV4 포함: False
2026-03-23 10:31:33 [INFO]     카드 발견: 10개
2026-03-23 10:31:33 [INFO]     카드 파싱 성공: 7건
2026-03-23 10:31:33 [INFO]     2023.11 p4: +7건 (페이지 7건)
2026-03-23 10:31:34 [INFO]     HTML 크기: 313517 bytes
2026-03-23 10:31:34 [INFO]     OaLkxeV3 포함: False
2026-03-23 10:31:34 [INFO]     GOWcekJV4 포함: False
2026-03-23 10:31:34 [INFO]     카드 발견: 10개
2026-03-23 10:31:34 [INFO]     카드 파싱 성공: 7건
2026-03-23 10:31:34 [INFO]     2023.11 p5: +7건 (페이지 7건)
2026-03-23 10:31:36 [INFO]     HTML 크기: 310082 bytes
2026-03-23 10:31:36 [INFO]     OaLkxeV3 포함: False
2026-03-23 10:31:36 [INFO]     GOWcekJV4 포함: False
2026-03-23 10:31:36 [INFO]     카드 발견: 10개
2026-03-23 10:31:36 [INFO]     카드 파싱 성공: 7건
2026-03-23 10:31:36 [INFO]     2023.11 p6: +7건 (페이지 7건)
2026-03-23 10:31:38 [INFO]     HTML 크기: 307524 bytes
2026-03-23 10:31:38 [INFO]     OaLkxeV3 포함: False
2026-03-23 10:31:38 [INFO]     GOWcekJV4 포함: False
2026-03-23 10:31:38 [INFO]     카드 발견: 10개
2026-03-23 10:31:38 [INFO]     카드 파싱 성공: 3건
2026-03-23 10:31:38 [INFO]     2023.11 p7: +3건 (페이지 3건)
2026-03-23 10:31:40 [INFO]     HTML 크기: 307689 bytes
2026-03-23 10:31:40 [INFO]     OaLkxeV3 포함: False
2026-03-23 10:31:40 [INFO]     GOWcekJV4 포함: False
2026-03-23 10:31:40 [INFO]     카드 발견: 10개
2026-03-23 10:31:40 [INFO]     카드 파싱 성공: 6건
2026-03-23 10:31:40 [INFO]     2023.11 p8: +6건 (페이지 6건)
2026-03-23 10:31:41 [INFO]     HTML 크기: 310179 bytes
2026-03-23 10:31:41 [INFO]     OaLkxeV3 포함: False
2026-03-23 10:31:41 [INFO]     GOWcekJV4 포함: False
2026-03-23 10:31:41 [INFO]     카드 발견: 10개
2026-03-23 10:31:41 [INFO]     카드 파싱 성공: 6건
2026-03-23 10:31:41 [INFO]     2023.11 p9: +6건 (페이지 6건)
2026-03-23 10:31:43 [INFO]     HTML 크기: 306987 bytes
2026-03-23 10:31:43 [INFO]     OaLkxeV3 포함: False
2026-03-23 10:31:43 [INFO]     GOWcekJV4 포함: False
2026-03-23 10:31:43 [INFO]     카드 발견: 10개
2026-03-23 10:31:43 [INFO]     카드 파싱 성공: 4건
2026-03-23 10:31:43 [INFO]     2023.11 p10: +4건 (페이지 4건)
2026-03-23 10:31:45 [INFO]     HTML 크기: 383962 bytes
2026-03-23 10:31:45 [INFO]     OaLkxeV3 포함: False
2026-03-23 10:31:45 [INFO]     GOWcekJV4 포함: False
2026-03-23 10:31:45 [INFO]     카드 발견: 10개
2026-03-23 10:31:45 [INFO]     카드 파싱 성공: 7건
2026-03-23 10:31:45 [INFO]     2023.11 p11: +4건 (페이지 7건)
2026-03-23 10:31:47 [INFO]     HTML 크기: 403986 bytes
2026-03-23 10:31:47 [INFO]     OaLkxeV3 포함: False
2026-03-23 10:31:47 [INFO]     GOWcekJV4 포함: False
2026-03-23 10:31:47 [INFO]     카드 발견: 10개
2026-03-23 10:31:47 [INFO]     카드 파싱 성공: 4건
2026-03-23 10:31:47 [INFO]     2023.11 p12: +1건 (페이지 4건)
2026-03-23 10:31:49 [INFO]     HTML 크기: 401381 bytes
2026-03-23 10:31:49 [INFO]     OaLkxeV3 포함: False
2026-03-23 10:31:49 [INFO]     GOWcekJV4 포함: False
2026-03-23 10:31:49 [INFO]     카드 발견: 10개
2026-03-23 10:31:49 [INFO]     카드 파싱 성공: 5건
2026-03-23 10:31:49 [INFO]     2023.11 p13: +2건 (페이지 5건)
2026-03-23 10:31:50 [INFO]     HTML 크기: 397875 bytes
2026-03-23 10:31:50 [INFO]     OaLkxeV3 포함: False
2026-03-23 10:31:50 [INFO]     GOWcekJV4 포함: False
2026-03-23 10:31:50 [INFO]     카드 발견: 10개
2026-03-23 10:31:50 [INFO]     카드 파싱 성공: 5건
2026-03-23 10:31:50 [INFO]     2023.11 p14: +2건 (페이지 5건)
2026-03-23 10:31:52 [INFO]     HTML 크기: 386184 bytes
2026-03-23 10:31:52 [INFO]     OaLkxeV3 포함: False
2026-03-23 10:31:52 [INFO]     GOWcekJV4 포함: False
2026-03-23 10:31:52 [INFO]     카드 발견: 10개
2026-03-23 10:31:52 [INFO]     카드 파싱 성공: 5건
2026-03-23 10:31:52 [INFO]     2023.11 p15: +1건 (페이지 5건)
2026-03-23 10:31:54 [INFO]     HTML 크기: 391579 bytes
2026-03-23 10:31:54 [INFO]     OaLkxeV3 포함: False
2026-03-23 10:31:54 [INFO]     GOWcekJV4 포함: False
2026-03-23 10:31:54 [INFO]     카드 발견: 10개
2026-03-23 10:31:54 [INFO]     카드 파싱 성공: 3건
2026-03-23 10:31:54 [INFO]     2023.11 p16: +0건 (페이지 3건)
2026-03-23 10:31:55 [INFO]   2023.11 완료: +76건 (누적 3190개)
2026-03-23 10:31:56 [INFO]     HTML 크기: 358235 bytes
2026-03-23 10:31:56 [INFO]     OaLkxeV3 포함: False
2026-03-23 10:31:56 [INFO]     GOWcekJV4 포함: False
2026-03-23 10:31:56 [INFO]     카드 발견: 10개
2026-03-23 10:31:56 [INFO]     카드 파싱 성공: 9건
2026-03-23 10:31:56 [INFO]     2023.12 p1: +9건 (페이지 9건)
2026-03-23 10:31:58 [INFO]     HTML 크기: 397184 bytes
2026-03-23 10:31:58 [INFO]     OaLkxeV3 포함: False
2026-03-23 10:31:58 [INFO]     GOWcekJV4 포함: False
2026-03-23 10:31:58 [INFO]     카드 발견: 10개
2026-03-23 10:31:58 [INFO]     카드 파싱 성공: 9건
2026-03-23 10:31:58 [INFO]     2023.12 p2: +9건 (페이지 9건)
2026-03-23 10:31:59 [INFO]     HTML 크기: 332394 bytes
2026-03-23 10:31:59 [INFO]     OaLkxeV3 포함: False
2026-03-23 10:31:59 [INFO]     GOWcekJV4 포함: False
2026-03-23 10:31:59 [INFO]     카드 발견: 10개
2026-03-23 10:31:59 [INFO]     카드 파싱 성공: 8건
2026-03-23 10:31:59 [INFO]     2023.12 p3: +8건 (페이지 8건)
2026-03-23 10:32:01 [INFO]     HTML 크기: 356282 bytes
2026-03-23 10:32:01 [INFO]     OaLkxeV3 포함: False
2026-03-23 10:32:01 [INFO]     GOWcekJV4 포함: False
2026-03-23 10:32:01 [INFO]     카드 발견: 10개
2026-03-23 10:32:01 [INFO]     카드 파싱 성공: 7건
2026-03-23 10:32:01 [INFO]     2023.12 p4: +7건 (페이지 7건)
2026-03-23 10:32:02 [INFO]     HTML 크기: 377575 bytes
2026-03-23 10:32:02 [INFO]     OaLkxeV3 포함: False
2026-03-23 10:32:02 [INFO]     GOWcekJV4 포함: False
2026-03-23 10:32:02 [INFO]     카드 발견: 10개
2026-03-23 10:32:02 [INFO]     카드 파싱 성공: 10건
2026-03-23 10:32:02 [INFO]     2023.12 p5: +10건 (페이지 10건)
2026-03-23 10:32:04 [INFO]     HTML 크기: 350050 bytes
2026-03-23 10:32:04 [INFO]     OaLkxeV3 포함: False
2026-03-23 10:32:04 [INFO]     GOWcekJV4 포함: False
2026-03-23 10:32:04 [INFO]     카드 발견: 10개
2026-03-23 10:32:04 [INFO]     카드 파싱 성공: 9건
2026-03-23 10:32:04 [INFO]     2023.12 p6: +9건 (페이지 9건)
2026-03-23 10:32:06 [INFO]     HTML 크기: 318800 bytes
2026-03-23 10:32:06 [INFO]     OaLkxeV3 포함: False
2026-03-23 10:32:06 [INFO]     GOWcekJV4 포함: False
2026-03-23 10:32:06 [INFO]     카드 발견: 10개
2026-03-23 10:32:06 [INFO]     카드 파싱 성공: 8건
2026-03-23 10:32:06 [INFO]     2023.12 p7: +8건 (페이지 8건)
2026-03-23 10:32:07 [INFO]     HTML 크기: 312608 bytes
2026-03-23 10:32:07 [INFO]     OaLkxeV3 포함: False
2026-03-23 10:32:07 [INFO]     GOWcekJV4 포함: False
2026-03-23 10:32:07 [INFO]     카드 발견: 10개
2026-03-23 10:32:07 [INFO]     카드 파싱 성공: 10건
2026-03-23 10:32:07 [INFO]     2023.12 p8: +10건 (페이지 10건)
2026-03-23 10:32:09 [INFO]     HTML 크기: 320924 bytes
2026-03-23 10:32:09 [INFO]     OaLkxeV3 포함: False
2026-03-23 10:32:09 [INFO]     GOWcekJV4 포함: False
2026-03-23 10:32:09 [INFO]     카드 발견: 10개
2026-03-23 10:32:09 [INFO]     카드 파싱 성공: 9건
2026-03-23 10:32:09 [INFO]     2023.12 p9: +9건 (페이지 9건)
2026-03-23 10:32:10 [INFO]     HTML 크기: 314871 bytes
2026-03-23 10:32:10 [INFO]     OaLkxeV3 포함: False
2026-03-23 10:32:10 [INFO]     GOWcekJV4 포함: False
2026-03-23 10:32:10 [INFO]     카드 발견: 10개
2026-03-23 10:32:10 [INFO]     카드 파싱 성공: 8건
2026-03-23 10:32:10 [INFO]     2023.12 p10: +8건 (페이지 8건)
2026-03-23 10:32:12 [INFO]     HTML 크기: 380965 bytes
2026-03-23 10:32:12 [INFO]     OaLkxeV3 포함: False
2026-03-23 10:32:12 [INFO]     GOWcekJV4 포함: False
2026-03-23 10:32:12 [INFO]     카드 발견: 10개
2026-03-23 10:32:12 [INFO]     카드 파싱 성공: 8건
2026-03-23 10:32:12 [INFO]     2023.12 p11: +3건 (페이지 8건)
2026-03-23 10:32:14 [INFO]     HTML 크기: 410857 bytes
2026-03-23 10:32:14 [INFO]     OaLkxeV3 포함: False
2026-03-23 10:32:14 [INFO]     GOWcekJV4 포함: False
2026-03-23 10:32:14 [INFO]     카드 발견: 10개
2026-03-23 10:32:14 [INFO]     카드 파싱 성공: 8건
2026-03-23 10:32:14 [INFO]     2023.12 p12: +4건 (페이지 8건)
2026-03-23 10:32:15 [INFO]     HTML 크기: 412115 bytes
2026-03-23 10:32:15 [INFO]     OaLkxeV3 포함: False
2026-03-23 10:32:15 [INFO]     GOWcekJV4 포함: False
2026-03-23 10:32:15 [INFO]     카드 발견: 10개
2026-03-23 10:32:15 [INFO]     카드 파싱 성공: 7건
2026-03-23 10:32:15 [INFO]     2023.12 p13: +4건 (페이지 7건)
2026-03-23 10:32:17 [INFO]     HTML 크기: 376417 bytes
2026-03-23 10:32:17 [INFO]     OaLkxeV3 포함: False
2026-03-23 10:32:17 [INFO]     GOWcekJV4 포함: False
2026-03-23 10:32:17 [INFO]     카드 발견: 10개
2026-03-23 10:32:17 [INFO]     카드 파싱 성공: 9건
2026-03-23 10:32:17 [INFO]     2023.12 p14: +7건 (페이지 9건)
2026-03-23 10:32:19 [INFO]     HTML 크기: 385006 bytes
2026-03-23 10:32:19 [INFO]     OaLkxeV3 포함: False
2026-03-23 10:32:19 [INFO]     GOWcekJV4 포함: False
2026-03-23 10:32:19 [INFO]     카드 발견: 10개
2026-03-23 10:32:19 [INFO]     카드 파싱 성공: 10건
2026-03-23 10:32:19 [INFO]     2023.12 p15: +5건 (페이지 10건)
2026-03-23 10:32:21 [INFO]     HTML 크기: 438461 bytes
2026-03-23 10:32:21 [INFO]     OaLkxeV3 포함: False
2026-03-23 10:32:21 [INFO]     GOWcekJV4 포함: False
2026-03-23 10:32:21 [INFO]     카드 발견: 10개
2026-03-23 10:32:21 [INFO]     카드 파싱 성공: 7건
2026-03-23 10:32:21 [INFO]     2023.12 p16: +4건 (페이지 7건)
2026-03-23 10:32:22 [INFO]     HTML 크기: 411424 bytes
2026-03-23 10:32:22 [INFO]     OaLkxeV3 포함: False
2026-03-23 10:32:22 [INFO]     GOWcekJV4 포함: False
2026-03-23 10:32:22 [INFO]     카드 발견: 10개
2026-03-23 10:32:22 [INFO]     카드 파싱 성공: 8건
2026-03-23 10:32:22 [INFO]     2023.12 p17: +2건 (페이지 8건)
2026-03-23 10:32:24 [INFO]     HTML 크기: 387880 bytes
2026-03-23 10:32:24 [INFO]     OaLkxeV3 포함: False
2026-03-23 10:32:24 [INFO]     GOWcekJV4 포함: False
2026-03-23 10:32:24 [INFO]     카드 발견: 10개
2026-03-23 10:32:24 [INFO]     카드 파싱 성공: 8건
2026-03-23 10:32:24 [INFO]     2023.12 p18: +3건 (페이지 8건)
2026-03-23 10:32:25 [INFO]     HTML 크기: 379460 bytes
2026-03-23 10:32:25 [INFO]     OaLkxeV3 포함: False
2026-03-23 10:32:25 [INFO]     GOWcekJV4 포함: False
2026-03-23 10:32:25 [INFO]     카드 발견: 10개
2026-03-23 10:32:25 [INFO]     카드 파싱 성공: 6건
2026-03-23 10:32:25 [INFO]     2023.12 p19: +3건 (페이지 6건)
2026-03-23 10:32:27 [INFO]     HTML 크기: 379828 bytes
2026-03-23 10:32:27 [INFO]     OaLkxeV3 포함: False
2026-03-23 10:32:27 [INFO]     GOWcekJV4 포함: False
2026-03-23 10:32:27 [INFO]     카드 발견: 10개
2026-03-23 10:32:27 [INFO]     카드 파싱 성공: 5건
2026-03-23 10:32:27 [INFO]     2023.12 p20: +3건 (페이지 5건)
2026-03-23 10:32:29 [INFO]     HTML 크기: 413265 bytes
2026-03-23 10:32:29 [INFO]     OaLkxeV3 포함: False
2026-03-23 10:32:29 [INFO]     GOWcekJV4 포함: False
2026-03-23 10:32:29 [INFO]     카드 발견: 10개
2026-03-23 10:32:29 [INFO]     카드 파싱 성공: 8건
2026-03-23 10:32:29 [INFO]     2023.12 p21: +3건 (페이지 8건)
2026-03-23 10:32:30 [INFO]     HTML 크기: 405685 bytes
2026-03-23 10:32:30 [INFO]     OaLkxeV3 포함: False
2026-03-23 10:32:30 [INFO]     GOWcekJV4 포함: False
2026-03-23 10:32:30 [INFO]     카드 발견: 10개
2026-03-23 10:32:30 [INFO]     카드 파싱 성공: 7건
2026-03-23 10:32:30 [INFO]     2023.12 p22: +3건 (페이지 7건)
2026-03-23 10:32:32 [INFO]     HTML 크기: 398212 bytes
2026-03-23 10:32:32 [INFO]     OaLkxeV3 포함: False
2026-03-23 10:32:32 [INFO]     GOWcekJV4 포함: False
2026-03-23 10:32:32 [INFO]     카드 발견: 10개
2026-03-23 10:32:32 [INFO]     카드 파싱 성공: 8건
2026-03-23 10:32:32 [INFO]     2023.12 p23: +5건 (페이지 8건)
2026-03-23 10:32:34 [INFO]     HTML 크기: 377642 bytes
2026-03-23 10:32:34 [INFO]     OaLkxeV3 포함: False
2026-03-23 10:32:34 [INFO]     GOWcekJV4 포함: False
2026-03-23 10:32:34 [INFO]     카드 발견: 10개
2026-03-23 10:32:34 [INFO]     카드 파싱 성공: 7건
2026-03-23 10:32:34 [INFO]     2023.12 p24: +4건 (페이지 7건)
2026-03-23 10:32:35 [INFO]     HTML 크기: 385190 bytes
2026-03-23 10:32:35 [INFO]     OaLkxeV3 포함: False
2026-03-23 10:32:35 [INFO]     GOWcekJV4 포함: False
2026-03-23 10:32:35 [INFO]     카드 발견: 10개
2026-03-23 10:32:35 [INFO]     카드 파싱 성공: 8건
2026-03-23 10:32:35 [INFO]     2023.12 p25: +1건 (페이지 8건)
2026-03-23 10:32:37 [INFO]     HTML 크기: 380214 bytes
2026-03-23 10:32:37 [INFO]     OaLkxeV3 포함: False
2026-03-23 10:32:37 [INFO]     GOWcekJV4 포함: False
2026-03-23 10:32:37 [INFO]     카드 발견: 10개
2026-03-23 10:32:37 [INFO]     카드 파싱 성공: 7건
2026-03-23 10:32:37 [INFO]     2023.12 p26: +2건 (페이지 7건)
2026-03-23 10:32:39 [INFO]     HTML 크기: 401818 bytes
2026-03-23 10:32:39 [INFO]     OaLkxeV3 포함: False
2026-03-23 10:32:39 [INFO]     GOWcekJV4 포함: False
2026-03-23 10:32:39 [INFO]     카드 발견: 10개
2026-03-23 10:32:39 [INFO]     카드 파싱 성공: 7건
2026-03-23 10:32:39 [INFO]     2023.12 p27: +4건 (페이지 7건)
2026-03-23 10:32:40 [INFO]     HTML 크기: 364172 bytes
2026-03-23 10:32:40 [INFO]     OaLkxeV3 포함: False
2026-03-23 10:32:40 [INFO]     GOWcekJV4 포함: False
2026-03-23 10:32:40 [INFO]     카드 발견: 10개
2026-03-23 10:32:40 [INFO]     카드 파싱 성공: 7건
2026-03-23 10:32:40 [INFO]     2023.12 p28: +2건 (페이지 7건)
2026-03-23 10:32:42 [INFO]     HTML 크기: 398826 bytes
2026-03-23 10:32:42 [INFO]     OaLkxeV3 포함: False
2026-03-23 10:32:42 [INFO]     GOWcekJV4 포함: False
2026-03-23 10:32:42 [INFO]     카드 발견: 10개
2026-03-23 10:32:42 [INFO]     카드 파싱 성공: 5건
2026-03-23 10:32:42 [INFO]     2023.12 p29: +2건 (페이지 5건)
2026-03-23 10:32:44 [INFO]     HTML 크기: 401402 bytes
2026-03-23 10:32:44 [INFO]     OaLkxeV3 포함: False
2026-03-23 10:32:44 [INFO]     GOWcekJV4 포함: False
2026-03-23 10:32:44 [INFO]     카드 발견: 10개
2026-03-23 10:32:44 [INFO]     카드 파싱 성공: 6건
2026-03-23 10:32:44 [INFO]     2023.12 p30: +3건 (페이지 6건)
2026-03-23 10:32:46 [INFO]     HTML 크기: 383476 bytes
2026-03-23 10:32:46 [INFO]     OaLkxeV3 포함: False
2026-03-23 10:32:46 [INFO]     GOWcekJV4 포함: False
2026-03-23 10:32:46 [INFO]     카드 발견: 10개
2026-03-23 10:32:46 [INFO]     카드 파싱 성공: 8건
2026-03-23 10:32:46 [INFO]     2023.12 p31: +4건 (페이지 8건)
2026-03-23 10:32:48 [INFO]     HTML 크기: 398328 bytes
2026-03-23 10:32:48 [INFO]     OaLkxeV3 포함: False
2026-03-23 10:32:48 [INFO]     GOWcekJV4 포함: False
2026-03-23 10:32:48 [INFO]     카드 발견: 10개
2026-03-23 10:32:48 [INFO]     카드 파싱 성공: 6건
2026-03-23 10:32:48 [INFO]     2023.12 p32: +0건 (페이지 6건)
2026-03-23 10:32:49 [INFO]   2023.12 완료: +158건 (누적 3348개)
2026-03-23 10:32:50 [INFO]     HTML 크기: 446622 bytes
2026-03-23 10:32:50 [INFO]     OaLkxeV3 포함: False
2026-03-23 10:32:50 [INFO]     GOWcekJV4 포함: False
2026-03-23 10:32:50 [INFO]     카드 발견: 10개
2026-03-23 10:32:50 [INFO]     카드 파싱 성공: 10건
2026-03-23 10:32:50 [INFO]     2024.01 p1: +10건 (페이지 10건)
2026-03-23 10:32:51 [INFO]     HTML 크기: 376798 bytes
2026-03-23 10:32:51 [INFO]     OaLkxeV3 포함: False
2026-03-23 10:32:51 [INFO]     GOWcekJV4 포함: False
2026-03-23 10:32:51 [INFO]     카드 발견: 10개
2026-03-23 10:32:51 [INFO]     카드 파싱 성공: 10건
2026-03-23 10:32:51 [INFO]     2024.01 p2: +9건 (페이지 10건)
2026-03-23 10:32:53 [INFO]     HTML 크기: 341527 bytes
2026-03-23 10:32:53 [INFO]     OaLkxeV3 포함: False
2026-03-23 10:32:53 [INFO]     GOWcekJV4 포함: False
2026-03-23 10:32:53 [INFO]     카드 발견: 10개
2026-03-23 10:32:53 [INFO]     카드 파싱 성공: 10건
2026-03-23 10:32:53 [INFO]     2024.01 p3: +10건 (페이지 10건)
2026-03-23 10:32:55 [INFO]     HTML 크기: 331563 bytes
2026-03-23 10:32:55 [INFO]     OaLkxeV3 포함: False
2026-03-23 10:32:55 [INFO]     GOWcekJV4 포함: False
2026-03-23 10:32:55 [INFO]     카드 발견: 10개
2026-03-23 10:32:55 [INFO]     카드 파싱 성공: 8건
2026-03-23 10:32:55 [INFO]     2024.01 p4: +8건 (페이지 8건)
2026-03-23 10:32:56 [INFO]     HTML 크기: 311004 bytes
2026-03-23 10:32:56 [INFO]     OaLkxeV3 포함: False
2026-03-23 10:32:56 [INFO]     GOWcekJV4 포함: False
2026-03-23 10:32:56 [INFO]     카드 발견: 10개
2026-03-23 10:32:56 [INFO]     카드 파싱 성공: 9건
2026-03-23 10:32:56 [INFO]     2024.01 p5: +9건 (페이지 9건)
2026-03-23 10:32:58 [INFO]     HTML 크기: 309829 bytes
2026-03-23 10:32:58 [INFO]     OaLkxeV3 포함: False
2026-03-23 10:32:58 [INFO]     GOWcekJV4 포함: False
2026-03-23 10:32:58 [INFO]     카드 발견: 10개
2026-03-23 10:32:58 [INFO]     카드 파싱 성공: 7건
2026-03-23 10:32:58 [INFO]     2024.01 p6: +7건 (페이지 7건)
2026-03-23 10:33:00 [INFO]     HTML 크기: 307306 bytes
2026-03-23 10:33:00 [INFO]     OaLkxeV3 포함: False
2026-03-23 10:33:00 [INFO]     GOWcekJV4 포함: False
2026-03-23 10:33:00 [INFO]     카드 발견: 10개
2026-03-23 10:33:00 [INFO]     카드 파싱 성공: 5건
2026-03-23 10:33:00 [INFO]     2024.01 p7: +5건 (페이지 5건)
2026-03-23 10:33:02 [INFO]     HTML 크기: 305700 bytes
2026-03-23 10:33:02 [INFO]     OaLkxeV3 포함: False
2026-03-23 10:33:02 [INFO]     GOWcekJV4 포함: False
2026-03-23 10:33:02 [INFO]     카드 발견: 10개
2026-03-23 10:33:02 [INFO]     카드 파싱 성공: 3건
2026-03-23 10:33:02 [INFO]     2024.01 p8: +3건 (페이지 3건)
2026-03-23 10:33:03 [INFO]     HTML 크기: 307346 bytes
2026-03-23 10:33:03 [INFO]     OaLkxeV3 포함: False
2026-03-23 10:33:03 [INFO]     GOWcekJV4 포함: False
2026-03-23 10:33:03 [INFO]     카드 발견: 10개
2026-03-23 10:33:03 [INFO]     카드 파싱 성공: 4건
2026-03-23 10:33:03 [INFO]     2024.01 p9: +4건 (페이지 4건)
2026-03-23 10:33:05 [INFO]     HTML 크기: 306595 bytes
2026-03-23 10:33:05 [INFO]     OaLkxeV3 포함: False
2026-03-23 10:33:05 [INFO]     GOWcekJV4 포함: False
2026-03-23 10:33:05 [INFO]     카드 발견: 10개
2026-03-23 10:33:05 [INFO]     카드 파싱 성공: 4건
2026-03-23 10:33:05 [INFO]     2024.01 p10: +4건 (페이지 4건)
2026-03-23 10:33:06 [INFO]     HTML 크기: 398295 bytes
2026-03-23 10:33:06 [INFO]     OaLkxeV3 포함: False
2026-03-23 10:33:06 [INFO]     GOWcekJV4 포함: False
2026-03-23 10:33:06 [INFO]     카드 발견: 10개
2026-03-23 10:33:06 [INFO]     카드 파싱 성공: 10건
2026-03-23 10:33:06 [INFO]     2024.01 p11: +5건 (페이지 10건)
2026-03-23 10:33:08 [INFO]     HTML 크기: 430717 bytes
2026-03-23 10:33:08 [INFO]     OaLkxeV3 포함: False
2026-03-23 10:33:08 [INFO]     GOWcekJV4 포함: False
2026-03-23 10:33:08 [INFO]     카드 발견: 10개
2026-03-23 10:33:08 [INFO]     카드 파싱 성공: 10건
2026-03-23 10:33:08 [INFO]     2024.01 p12: +8건 (페이지 10건)
2026-03-23 10:33:10 [INFO]     HTML 크기: 421154 bytes
2026-03-23 10:33:10 [INFO]     OaLkxeV3 포함: False
2026-03-23 10:33:10 [INFO]     GOWcekJV4 포함: False
2026-03-23 10:33:10 [INFO]     카드 발견: 10개
2026-03-23 10:33:10 [INFO]     카드 파싱 성공: 10건
2026-03-23 10:33:10 [INFO]     2024.01 p13: +8건 (페이지 10건)
2026-03-23 10:33:12 [INFO]     HTML 크기: 423382 bytes
2026-03-23 10:33:12 [INFO]     OaLkxeV3 포함: False
2026-03-23 10:33:12 [INFO]     GOWcekJV4 포함: False
2026-03-23 10:33:12 [INFO]     카드 발견: 10개
2026-03-23 10:33:12 [INFO]     카드 파싱 성공: 10건
2026-03-23 10:33:12 [INFO]     2024.01 p14: +5건 (페이지 10건)
2026-03-23 10:33:14 [INFO]     HTML 크기: 401333 bytes
2026-03-23 10:33:14 [INFO]     OaLkxeV3 포함: False
2026-03-23 10:33:14 [INFO]     GOWcekJV4 포함: False
2026-03-23 10:33:14 [INFO]     카드 발견: 10개
2026-03-23 10:33:14 [INFO]     카드 파싱 성공: 10건
2026-03-23 10:33:14 [INFO]     2024.01 p15: +6건 (페이지 10건)
2026-03-23 10:33:16 [INFO]     HTML 크기: 401337 bytes
2026-03-23 10:33:16 [INFO]     OaLkxeV3 포함: False
2026-03-23 10:33:16 [INFO]     GOWcekJV4 포함: False
2026-03-23 10:33:16 [INFO]     카드 발견: 10개
2026-03-23 10:33:16 [INFO]     카드 파싱 성공: 10건
2026-03-23 10:33:16 [INFO]     2024.01 p16: +6건 (페이지 10건)
2026-03-23 10:33:18 [INFO]     HTML 크기: 385616 bytes
2026-03-23 10:33:18 [INFO]     OaLkxeV3 포함: False
2026-03-23 10:33:18 [INFO]     GOWcekJV4 포함: False
2026-03-23 10:33:18 [INFO]     카드 발견: 10개
2026-03-23 10:33:18 [INFO]     카드 파싱 성공: 10건
2026-03-23 10:33:18 [INFO]     2024.01 p17: +5건 (페이지 10건)
2026-03-23 10:33:19 [INFO]     HTML 크기: 405180 bytes
2026-03-23 10:33:19 [INFO]     OaLkxeV3 포함: False
2026-03-23 10:33:19 [INFO]     GOWcekJV4 포함: False
2026-03-23 10:33:19 [INFO]     카드 발견: 10개
2026-03-23 10:33:19 [INFO]     카드 파싱 성공: 10건
2026-03-23 10:33:19 [INFO]     2024.01 p18: +5건 (페이지 10건)
2026-03-23 10:33:21 [INFO]     HTML 크기: 390608 bytes
2026-03-23 10:33:21 [INFO]     OaLkxeV3 포함: False
2026-03-23 10:33:21 [INFO]     GOWcekJV4 포함: False
2026-03-23 10:33:21 [INFO]     카드 발견: 10개
2026-03-23 10:33:21 [INFO]     카드 파싱 성공: 9건
2026-03-23 10:33:21 [INFO]     2024.01 p19: +6건 (페이지 9건)
2026-03-23 10:33:23 [INFO]     HTML 크기: 367657 bytes
2026-03-23 10:33:23 [INFO]     OaLkxeV3 포함: False
2026-03-23 10:33:23 [INFO]     GOWcekJV4 포함: False
2026-03-23 10:33:23 [INFO]     카드 발견: 10개
2026-03-23 10:33:23 [INFO]     카드 파싱 성공: 7건
2026-03-23 10:33:23 [INFO]     2024.01 p20: +1건 (페이지 7건)
2026-03-23 10:33:24 [INFO]     HTML 크기: 391378 bytes
2026-03-23 10:33:24 [INFO]     OaLkxeV3 포함: False
2026-03-23 10:33:24 [INFO]     GOWcekJV4 포함: False
2026-03-23 10:33:24 [INFO]     카드 발견: 10개
2026-03-23 10:33:24 [INFO]     카드 파싱 성공: 9건
2026-03-23 10:33:24 [INFO]     2024.01 p21: +4건 (페이지 9건)
2026-03-23 10:33:26 [INFO]     HTML 크기: 396791 bytes
2026-03-23 10:33:26 [INFO]     OaLkxeV3 포함: False
2026-03-23 10:33:26 [INFO]     GOWcekJV4 포함: False
2026-03-23 10:33:26 [INFO]     카드 발견: 10개
2026-03-23 10:33:26 [INFO]     카드 파싱 성공: 8건
2026-03-23 10:33:26 [INFO]     2024.01 p22: +2건 (페이지 8건)
2026-03-23 10:33:28 [INFO]     HTML 크기: 402192 bytes
2026-03-23 10:33:28 [INFO]     OaLkxeV3 포함: False
2026-03-23 10:33:28 [INFO]     GOWcekJV4 포함: False
2026-03-23 10:33:28 [INFO]     카드 발견: 10개
2026-03-23 10:33:28 [INFO]     카드 파싱 성공: 6건
2026-03-23 10:33:28 [INFO]     2024.01 p23: +4건 (페이지 6건)
2026-03-23 10:33:30 [INFO]     HTML 크기: 417523 bytes
2026-03-23 10:33:30 [INFO]     OaLkxeV3 포함: False
2026-03-23 10:33:30 [INFO]     GOWcekJV4 포함: False
2026-03-23 10:33:30 [INFO]     카드 발견: 10개
2026-03-23 10:33:30 [INFO]     카드 파싱 성공: 6건
2026-03-23 10:33:30 [INFO]     2024.01 p24: +4건 (페이지 6건)
2026-03-23 10:33:31 [INFO]     HTML 크기: 393758 bytes
2026-03-23 10:33:31 [INFO]     OaLkxeV3 포함: False
2026-03-23 10:33:31 [INFO]     GOWcekJV4 포함: False
2026-03-23 10:33:31 [INFO]     카드 발견: 10개
2026-03-23 10:33:31 [INFO]     카드 파싱 성공: 7건
2026-03-23 10:33:31 [INFO]     2024.01 p25: +0건 (페이지 7건)
2026-03-23 10:33:33 [INFO]   2024.01 완료: +138건 (누적 3486개)
2026-03-23 10:33:33 [INFO]     HTML 크기: 427144 bytes
2026-03-23 10:33:33 [INFO]     OaLkxeV3 포함: False
2026-03-23 10:33:33 [INFO]     GOWcekJV4 포함: False
2026-03-23 10:33:33 [INFO]     카드 발견: 10개
2026-03-23 10:33:33 [INFO]     카드 파싱 성공: 10건
2026-03-23 10:33:33 [INFO]     2024.02 p1: +10건 (페이지 10건)
2026-03-23 10:33:35 [INFO]     HTML 크기: 344071 bytes
2026-03-23 10:33:35 [INFO]     OaLkxeV3 포함: False
2026-03-23 10:33:35 [INFO]     GOWcekJV4 포함: False
2026-03-23 10:33:35 [INFO]     카드 발견: 10개
2026-03-23 10:33:35 [INFO]     카드 파싱 성공: 10건
2026-03-23 10:33:35 [INFO]     2024.02 p2: +9건 (페이지 10건)
2026-03-23 10:33:37 [INFO]     HTML 크기: 364480 bytes
2026-03-23 10:33:37 [INFO]     OaLkxeV3 포함: False
2026-03-23 10:33:37 [INFO]     GOWcekJV4 포함: False
2026-03-23 10:33:37 [INFO]     카드 발견: 10개
2026-03-23 10:33:37 [INFO]     카드 파싱 성공: 10건
2026-03-23 10:33:37 [INFO]     2024.02 p3: +10건 (페이지 10건)
2026-03-23 10:33:38 [INFO]     HTML 크기: 338420 bytes
2026-03-23 10:33:38 [INFO]     OaLkxeV3 포함: False
2026-03-23 10:33:38 [INFO]     GOWcekJV4 포함: False
2026-03-23 10:33:38 [INFO]     카드 발견: 10개
2026-03-23 10:33:38 [INFO]     카드 파싱 성공: 9건
2026-03-23 10:33:38 [INFO]     2024.02 p4: +9건 (페이지 9건)
2026-03-23 10:33:40 [INFO]     HTML 크기: 316331 bytes
2026-03-23 10:33:40 [INFO]     OaLkxeV3 포함: False
2026-03-23 10:33:40 [INFO]     GOWcekJV4 포함: False
2026-03-23 10:33:40 [INFO]     카드 발견: 10개
2026-03-23 10:33:40 [INFO]     카드 파싱 성공: 7건
2026-03-23 10:33:40 [INFO]     2024.02 p5: +7건 (페이지 7건)
2026-03-23 10:33:42 [INFO]     HTML 크기: 308497 bytes
2026-03-23 10:33:42 [INFO]     OaLkxeV3 포함: False
2026-03-23 10:33:42 [INFO]     GOWcekJV4 포함: False
2026-03-23 10:33:42 [INFO]     카드 발견: 10개
2026-03-23 10:33:42 [INFO]     카드 파싱 성공: 6건
2026-03-23 10:33:42 [INFO]     2024.02 p6: +6건 (페이지 6건)
2026-03-23 10:33:43 [INFO]     HTML 크기: 309369 bytes
2026-03-23 10:33:43 [INFO]     OaLkxeV3 포함: False
2026-03-23 10:33:43 [INFO]     GOWcekJV4 포함: False
2026-03-23 10:33:43 [INFO]     카드 발견: 10개
2026-03-23 10:33:43 [INFO]     카드 파싱 성공: 5건
2026-03-23 10:33:43 [INFO]     2024.02 p7: +5건 (페이지 5건)
2026-03-23 10:33:45 [INFO]     HTML 크기: 308356 bytes
2026-03-23 10:33:45 [INFO]     OaLkxeV3 포함: False
2026-03-23 10:33:45 [INFO]     GOWcekJV4 포함: False
2026-03-23 10:33:45 [INFO]     카드 발견: 10개
2026-03-23 10:33:45 [INFO]     카드 파싱 성공: 6건
2026-03-23 10:33:45 [INFO]     2024.02 p8: +6건 (페이지 6건)
2026-03-23 10:33:47 [INFO]     HTML 크기: 306922 bytes
2026-03-23 10:33:47 [INFO]     OaLkxeV3 포함: False
2026-03-23 10:33:47 [INFO]     GOWcekJV4 포함: False
2026-03-23 10:33:47 [INFO]     카드 발견: 10개
2026-03-23 10:33:47 [INFO]     카드 파싱 성공: 4건
2026-03-23 10:33:47 [INFO]     2024.02 p9: +4건 (페이지 4건)
2026-03-23 10:33:49 [INFO]     HTML 크기: 306607 bytes
2026-03-23 10:33:49 [INFO]     OaLkxeV3 포함: False
2026-03-23 10:33:49 [INFO]     GOWcekJV4 포함: False
2026-03-23 10:33:49 [INFO]     카드 발견: 10개
2026-03-23 10:33:49 [INFO]     카드 파싱 성공: 4건
2026-03-23 10:33:49 [INFO]     2024.02 p10: +4건 (페이지 4건)
2026-03-23 10:33:50 [INFO]     HTML 크기: 431677 bytes
2026-03-23 10:33:50 [INFO]     OaLkxeV3 포함: False
2026-03-23 10:33:50 [INFO]     GOWcekJV4 포함: False
2026-03-23 10:33:50 [INFO]     카드 발견: 10개
2026-03-23 10:33:50 [INFO]     카드 파싱 성공: 8건
2026-03-23 10:33:50 [INFO]     2024.02 p11: +6건 (페이지 8건)
2026-03-23 10:33:52 [INFO]     HTML 크기: 425703 bytes
2026-03-23 10:33:52 [INFO]     OaLkxeV3 포함: False
2026-03-23 10:33:52 [INFO]     GOWcekJV4 포함: False
2026-03-23 10:33:52 [INFO]     카드 발견: 10개
2026-03-23 10:33:52 [INFO]     카드 파싱 성공: 8건
2026-03-23 10:33:52 [INFO]     2024.02 p12: +5건 (페이지 8건)
2026-03-23 10:33:54 [INFO]     HTML 크기: 412993 bytes
2026-03-23 10:33:54 [INFO]     OaLkxeV3 포함: False
2026-03-23 10:33:54 [INFO]     GOWcekJV4 포함: False
2026-03-23 10:33:54 [INFO]     카드 발견: 10개
2026-03-23 10:33:54 [INFO]     카드 파싱 성공: 7건
2026-03-23 10:33:54 [INFO]     2024.02 p13: +4건 (페이지 7건)
2026-03-23 10:33:56 [INFO]     HTML 크기: 394413 bytes
2026-03-23 10:33:56 [INFO]     OaLkxeV3 포함: False
2026-03-23 10:33:56 [INFO]     GOWcekJV4 포함: False
2026-03-23 10:33:56 [INFO]     카드 발견: 10개
2026-03-23 10:33:56 [INFO]     카드 파싱 성공: 9건
2026-03-23 10:33:56 [INFO]     2024.02 p14: +5건 (페이지 9건)
2026-03-23 10:33:57 [INFO]     HTML 크기: 421751 bytes
2026-03-23 10:33:57 [INFO]     OaLkxeV3 포함: False
2026-03-23 10:33:57 [INFO]     GOWcekJV4 포함: False
2026-03-23 10:33:57 [INFO]     카드 발견: 10개
2026-03-23 10:33:57 [INFO]     카드 파싱 성공: 9건
2026-03-23 10:33:57 [INFO]     2024.02 p15: +2건 (페이지 9건)
2026-03-23 10:33:59 [INFO]     HTML 크기: 410848 bytes
2026-03-23 10:33:59 [INFO]     OaLkxeV3 포함: False
2026-03-23 10:33:59 [INFO]     GOWcekJV4 포함: False
2026-03-23 10:33:59 [INFO]     카드 발견: 10개
2026-03-23 10:33:59 [INFO]     카드 파싱 성공: 9건
2026-03-23 10:33:59 [INFO]     2024.02 p16: +5건 (페이지 9건)
2026-03-23 10:34:01 [INFO]     HTML 크기: 421652 bytes
2026-03-23 10:34:01 [INFO]     OaLkxeV3 포함: False
2026-03-23 10:34:01 [INFO]     GOWcekJV4 포함: False
2026-03-23 10:34:01 [INFO]     카드 발견: 10개
2026-03-23 10:34:01 [INFO]     카드 파싱 성공: 8건
2026-03-23 10:34:01 [INFO]     2024.02 p17: +4건 (페이지 8건)
2026-03-23 10:34:02 [INFO]     HTML 크기: 415637 bytes
2026-03-23 10:34:02 [INFO]     OaLkxeV3 포함: False
2026-03-23 10:34:02 [INFO]     GOWcekJV4 포함: False
2026-03-23 10:34:02 [INFO]     카드 발견: 10개
2026-03-23 10:34:02 [INFO]     카드 파싱 성공: 8건
2026-03-23 10:34:02 [INFO]     2024.02 p18: +5건 (페이지 8건)
2026-03-23 10:34:04 [INFO]     HTML 크기: 414479 bytes
2026-03-23 10:34:04 [INFO]     OaLkxeV3 포함: False
2026-03-23 10:34:04 [INFO]     GOWcekJV4 포함: False
2026-03-23 10:34:04 [INFO]     카드 발견: 10개
2026-03-23 10:34:04 [INFO]     카드 파싱 성공: 9건
2026-03-23 10:34:04 [INFO]     2024.02 p19: +3건 (페이지 9건)
2026-03-23 10:34:06 [INFO]     HTML 크기: 377771 bytes
2026-03-23 10:34:06 [INFO]     OaLkxeV3 포함: False
2026-03-23 10:34:06 [INFO]     GOWcekJV4 포함: False
2026-03-23 10:34:06 [INFO]     카드 발견: 10개
2026-03-23 10:34:06 [INFO]     카드 파싱 성공: 10건
2026-03-23 10:34:06 [INFO]     2024.02 p20: +3건 (페이지 10건)
2026-03-23 10:34:08 [INFO]     HTML 크기: 391153 bytes
2026-03-23 10:34:08 [INFO]     OaLkxeV3 포함: False
2026-03-23 10:34:08 [INFO]     GOWcekJV4 포함: False
2026-03-23 10:34:08 [INFO]     카드 발견: 10개
2026-03-23 10:34:08 [INFO]     카드 파싱 성공: 8건
2026-03-23 10:34:08 [INFO]     2024.02 p21: +6건 (페이지 8건)
2026-03-23 10:34:10 [INFO]     HTML 크기: 404216 bytes
2026-03-23 10:34:10 [INFO]     OaLkxeV3 포함: False
2026-03-23 10:34:10 [INFO]     GOWcekJV4 포함: False
2026-03-23 10:34:10 [INFO]     카드 발견: 10개
2026-03-23 10:34:10 [INFO]     카드 파싱 성공: 9건
2026-03-23 10:34:10 [INFO]     2024.02 p22: +3건 (페이지 9건)
2026-03-23 10:34:11 [INFO]     HTML 크기: 392062 bytes
2026-03-23 10:34:11 [INFO]     OaLkxeV3 포함: False
2026-03-23 10:34:11 [INFO]     GOWcekJV4 포함: False
2026-03-23 10:34:11 [INFO]     카드 발견: 10개
2026-03-23 10:34:11 [INFO]     카드 파싱 성공: 8건
2026-03-23 10:34:11 [INFO]     2024.02 p23: +5건 (페이지 8건)
2026-03-23 10:34:13 [INFO]     HTML 크기: 385641 bytes
2026-03-23 10:34:13 [INFO]     OaLkxeV3 포함: False
2026-03-23 10:34:13 [INFO]     GOWcekJV4 포함: False
2026-03-23 10:34:13 [INFO]     카드 발견: 10개
2026-03-23 10:34:13 [INFO]     카드 파싱 성공: 9건
2026-03-23 10:34:13 [INFO]     2024.02 p24: +5건 (페이지 9건)
2026-03-23 10:34:14 [INFO]     HTML 크기: 381565 bytes
2026-03-23 10:34:14 [INFO]     OaLkxeV3 포함: False
2026-03-23 10:34:14 [INFO]     GOWcekJV4 포함: False
2026-03-23 10:34:14 [INFO]     카드 발견: 10개
2026-03-23 10:34:14 [INFO]     카드 파싱 성공: 9건
2026-03-23 10:34:14 [INFO]     2024.02 p25: +1건 (페이지 9건)
2026-03-23 10:34:16 [INFO]     HTML 크기: 393287 bytes
2026-03-23 10:34:16 [INFO]     OaLkxeV3 포함: False
2026-03-23 10:34:16 [INFO]     GOWcekJV4 포함: False
2026-03-23 10:34:16 [INFO]     카드 발견: 10개
2026-03-23 10:34:16 [INFO]     카드 파싱 성공: 5건
2026-03-23 10:34:16 [INFO]     2024.02 p26: +2건 (페이지 5건)
2026-03-23 10:34:18 [INFO]     HTML 크기: 389883 bytes
2026-03-23 10:34:18 [INFO]     OaLkxeV3 포함: False
2026-03-23 10:34:18 [INFO]     GOWcekJV4 포함: False
2026-03-23 10:34:18 [INFO]     카드 발견: 10개
2026-03-23 10:34:18 [INFO]     카드 파싱 성공: 4건
2026-03-23 10:34:18 [INFO]     2024.02 p27: +3건 (페이지 4건)
2026-03-23 10:34:19 [INFO]     HTML 크기: 401422 bytes
2026-03-23 10:34:19 [INFO]     OaLkxeV3 포함: False
2026-03-23 10:34:19 [INFO]     GOWcekJV4 포함: False
2026-03-23 10:34:19 [INFO]     카드 발견: 10개
2026-03-23 10:34:19 [INFO]     카드 파싱 성공: 2건
2026-03-23 10:34:19 [INFO]     2024.02 p28: +1건 (페이지 2건)
2026-03-23 10:34:21 [INFO]     HTML 크기: 408299 bytes
2026-03-23 10:34:21 [INFO]     OaLkxeV3 포함: False
2026-03-23 10:34:21 [INFO]     GOWcekJV4 포함: False
2026-03-23 10:34:21 [INFO]     카드 발견: 10개
2026-03-23 10:34:21 [INFO]     카드 파싱 성공: 6건
2026-03-23 10:34:21 [INFO]     2024.02 p29: +1건 (페이지 6건)
2026-03-23 10:34:23 [INFO]     HTML 크기: 387472 bytes
2026-03-23 10:34:23 [INFO]     OaLkxeV3 포함: False
2026-03-23 10:34:23 [INFO]     GOWcekJV4 포함: False
2026-03-23 10:34:23 [INFO]     카드 발견: 10개
2026-03-23 10:34:23 [INFO]     카드 파싱 성공: 3건
2026-03-23 10:34:23 [INFO]     2024.02 p30: +2건 (페이지 3건)
2026-03-23 10:34:24 [INFO]     HTML 크기: 385796 bytes
2026-03-23 10:34:24 [INFO]     OaLkxeV3 포함: False
2026-03-23 10:34:24 [INFO]     GOWcekJV4 포함: False
2026-03-23 10:34:24 [INFO]     카드 발견: 10개
2026-03-23 10:34:24 [INFO]     카드 파싱 성공: 3건
2026-03-23 10:34:24 [INFO]     2024.02 p31: +3건 (페이지 3건)
2026-03-23 10:34:26 [INFO]     HTML 크기: 395646 bytes
2026-03-23 10:34:26 [INFO]     OaLkxeV3 포함: False
2026-03-23 10:34:26 [INFO]     GOWcekJV4 포함: False
2026-03-23 10:34:26 [INFO]     카드 발견: 10개
2026-03-23 10:34:26 [INFO]     카드 파싱 성공: 4건
2026-03-23 10:34:26 [INFO]     2024.02 p32: +2건 (페이지 4건)
2026-03-23 10:34:28 [INFO]     HTML 크기: 378518 bytes
2026-03-23 10:34:28 [INFO]     OaLkxeV3 포함: False
2026-03-23 10:34:28 [INFO]     GOWcekJV4 포함: False
2026-03-23 10:34:28 [INFO]     카드 발견: 10개
2026-03-23 10:34:28 [INFO]     카드 파싱 성공: 7건
2026-03-23 10:34:28 [INFO]     2024.02 p33: +2건 (페이지 7건)
2026-03-23 10:34:29 [INFO]     HTML 크기: 373354 bytes
2026-03-23 10:34:29 [INFO]     OaLkxeV3 포함: False
2026-03-23 10:34:29 [INFO]     GOWcekJV4 포함: False
2026-03-23 10:34:29 [INFO]     카드 발견: 10개
2026-03-23 10:34:29 [INFO]     카드 파싱 성공: 5건
2026-03-23 10:34:29 [INFO]     2024.02 p34: +3건 (페이지 5건)
2026-03-23 10:34:31 [INFO]     HTML 크기: 369718 bytes
2026-03-23 10:34:31 [INFO]     OaLkxeV3 포함: False
2026-03-23 10:34:31 [INFO]     GOWcekJV4 포함: False
2026-03-23 10:34:31 [INFO]     카드 발견: 10개
2026-03-23 10:34:31 [INFO]     카드 파싱 성공: 6건
2026-03-23 10:34:31 [INFO]     2024.02 p35: +5건 (페이지 6건)
2026-03-23 10:34:32 [INFO]     HTML 크기: 370313 bytes
2026-03-23 10:34:32 [INFO]     OaLkxeV3 포함: False
2026-03-23 10:34:32 [INFO]     GOWcekJV4 포함: False
2026-03-23 10:34:32 [INFO]     카드 발견: 10개
2026-03-23 10:34:32 [INFO]     카드 파싱 성공: 6건
2026-03-23 10:34:32 [INFO]     2024.02 p36: +0건 (페이지 6건)
2026-03-23 10:34:34 [INFO]   2024.02 완료: +156건 (누적 3642개)
2026-03-23 10:34:34 [INFO]     HTML 크기: 403652 bytes
2026-03-23 10:34:34 [INFO]     OaLkxeV3 포함: False
2026-03-23 10:34:34 [INFO]     GOWcekJV4 포함: False
2026-03-23 10:34:34 [INFO]     카드 발견: 10개
2026-03-23 10:34:34 [INFO]     카드 파싱 성공: 10건
2026-03-23 10:34:34 [INFO]     2024.03 p1: +10건 (페이지 10건)
2026-03-23 10:34:36 [INFO]     HTML 크기: 359354 bytes
2026-03-23 10:34:36 [INFO]     OaLkxeV3 포함: False
2026-03-23 10:34:36 [INFO]     GOWcekJV4 포함: False
2026-03-23 10:34:36 [INFO]     카드 발견: 10개
2026-03-23 10:34:36 [INFO]     카드 파싱 성공: 10건
2026-03-23 10:34:36 [INFO]     2024.03 p2: +9건 (페이지 10건)
2026-03-23 10:34:37 [INFO]     HTML 크기: 341505 bytes
2026-03-23 10:34:37 [INFO]     OaLkxeV3 포함: False
2026-03-23 10:34:37 [INFO]     GOWcekJV4 포함: False
2026-03-23 10:34:37 [INFO]     카드 발견: 10개
2026-03-23 10:34:37 [INFO]     카드 파싱 성공: 10건
2026-03-23 10:34:37 [INFO]     2024.03 p3: +10건 (페이지 10건)
2026-03-23 10:34:39 [INFO]     HTML 크기: 319092 bytes
2026-03-23 10:34:39 [INFO]     OaLkxeV3 포함: False
2026-03-23 10:34:39 [INFO]     GOWcekJV4 포함: False
2026-03-23 10:34:39 [INFO]     카드 발견: 10개
2026-03-23 10:34:39 [INFO]     카드 파싱 성공: 9건
2026-03-23 10:34:39 [INFO]     2024.03 p4: +9건 (페이지 9건)
2026-03-23 10:34:41 [INFO]     HTML 크기: 314734 bytes
2026-03-23 10:34:41 [INFO]     OaLkxeV3 포함: False
2026-03-23 10:34:41 [INFO]     GOWcekJV4 포함: False
2026-03-23 10:34:41 [INFO]     카드 발견: 10개
2026-03-23 10:34:41 [INFO]     카드 파싱 성공: 7건
2026-03-23 10:34:41 [INFO]     2024.03 p5: +7건 (페이지 7건)
2026-03-23 10:34:42 [INFO]     HTML 크기: 309870 bytes
2026-03-23 10:34:42 [INFO]     OaLkxeV3 포함: False
2026-03-23 10:34:42 [INFO]     GOWcekJV4 포함: False
2026-03-23 10:34:42 [INFO]     카드 발견: 10개
2026-03-23 10:34:42 [INFO]     카드 파싱 성공: 6건
2026-03-23 10:34:42 [INFO]     2024.03 p6: +6건 (페이지 6건)
2026-03-23 10:34:44 [INFO]     HTML 크기: 307951 bytes
2026-03-23 10:34:44 [INFO]     OaLkxeV3 포함: False
2026-03-23 10:34:44 [INFO]     GOWcekJV4 포함: False
2026-03-23 10:34:44 [INFO]     카드 발견: 10개
2026-03-23 10:34:44 [INFO]     카드 파싱 성공: 6건
2026-03-23 10:34:44 [INFO]     2024.03 p7: +6건 (페이지 6건)
2026-03-23 10:34:46 [INFO]     HTML 크기: 307456 bytes
2026-03-23 10:34:46 [INFO]     OaLkxeV3 포함: False
2026-03-23 10:34:46 [INFO]     GOWcekJV4 포함: False
2026-03-23 10:34:46 [INFO]     카드 발견: 10개
2026-03-23 10:34:46 [INFO]     카드 파싱 성공: 5건
2026-03-23 10:34:46 [INFO]     2024.03 p8: +5건 (페이지 5건)
2026-03-23 10:34:48 [INFO]     HTML 크기: 307688 bytes
2026-03-23 10:34:48 [INFO]     OaLkxeV3 포함: False
2026-03-23 10:34:48 [INFO]     GOWcekJV4 포함: False
2026-03-23 10:34:48 [INFO]     카드 발견: 10개
2026-03-23 10:34:48 [INFO]     카드 파싱 성공: 4건
2026-03-23 10:34:48 [INFO]     2024.03 p9: +4건 (페이지 4건)
2026-03-23 10:34:49 [INFO]     HTML 크기: 306975 bytes
2026-03-23 10:34:49 [INFO]     OaLkxeV3 포함: False
2026-03-23 10:34:49 [INFO]     GOWcekJV4 포함: False
2026-03-23 10:34:49 [INFO]     카드 발견: 10개
2026-03-23 10:34:49 [INFO]     카드 파싱 성공: 4건
2026-03-23 10:34:49 [INFO]     2024.03 p10: +4건 (페이지 4건)
2026-03-23 10:34:51 [INFO]     HTML 크기: 424845 bytes
2026-03-23 10:34:51 [INFO]     OaLkxeV3 포함: False
2026-03-23 10:34:51 [INFO]     GOWcekJV4 포함: False
2026-03-23 10:34:51 [INFO]     카드 발견: 10개
2026-03-23 10:34:51 [INFO]     카드 파싱 성공: 8건
2026-03-23 10:34:51 [INFO]     2024.03 p11: +5건 (페이지 8건)
2026-03-23 10:34:53 [INFO]     HTML 크기: 420356 bytes
2026-03-23 10:34:53 [INFO]     OaLkxeV3 포함: False
2026-03-23 10:34:53 [INFO]     GOWcekJV4 포함: False
2026-03-23 10:34:53 [INFO]     카드 발견: 10개
2026-03-23 10:34:53 [INFO]     카드 파싱 성공: 9건
2026-03-23 10:34:53 [INFO]     2024.03 p12: +3건 (페이지 9건)
2026-03-23 10:34:55 [INFO]     HTML 크기: 410175 bytes
2026-03-23 10:34:55 [INFO]     OaLkxeV3 포함: False
2026-03-23 10:34:55 [INFO]     GOWcekJV4 포함: False
2026-03-23 10:34:55 [INFO]     카드 발견: 10개
2026-03-23 10:34:55 [INFO]     카드 파싱 성공: 7건
2026-03-23 10:34:55 [INFO]     2024.03 p13: +5건 (페이지 7건)
2026-03-23 10:34:57 [INFO]     HTML 크기: 408339 bytes
2026-03-23 10:34:57 [INFO]     OaLkxeV3 포함: False
2026-03-23 10:34:57 [INFO]     GOWcekJV4 포함: False
2026-03-23 10:34:57 [INFO]     카드 발견: 10개
2026-03-23 10:34:57 [INFO]     카드 파싱 성공: 7건
2026-03-23 10:34:57 [INFO]     2024.03 p14: +4건 (페이지 7건)
2026-03-23 10:34:59 [INFO]     HTML 크기: 430147 bytes
2026-03-23 10:34:59 [INFO]     OaLkxeV3 포함: False
2026-03-23 10:34:59 [INFO]     GOWcekJV4 포함: False
2026-03-23 10:34:59 [INFO]     카드 발견: 10개
2026-03-23 10:34:59 [INFO]     카드 파싱 성공: 8건
2026-03-23 10:34:59 [INFO]     2024.03 p15: +5건 (페이지 8건)
2026-03-23 10:35:01 [INFO]     HTML 크기: 409649 bytes
2026-03-23 10:35:01 [INFO]     OaLkxeV3 포함: False
2026-03-23 10:35:01 [INFO]     GOWcekJV4 포함: False
2026-03-23 10:35:01 [INFO]     카드 발견: 10개
2026-03-23 10:35:01 [INFO]     카드 파싱 성공: 7건
2026-03-23 10:35:01 [INFO]     2024.03 p16: +4건 (페이지 7건)
2026-03-23 10:35:03 [INFO]     HTML 크기: 398827 bytes
2026-03-23 10:35:03 [INFO]     OaLkxeV3 포함: False
2026-03-23 10:35:03 [INFO]     GOWcekJV4 포함: False
2026-03-23 10:35:03 [INFO]     카드 발견: 10개
2026-03-23 10:35:03 [INFO]     카드 파싱 성공: 8건
2026-03-23 10:35:03 [INFO]     2024.03 p17: +4건 (페이지 8건)
2026-03-23 10:35:04 [INFO]     HTML 크기: 380947 bytes
2026-03-23 10:35:04 [INFO]     OaLkxeV3 포함: False
2026-03-23 10:35:04 [INFO]     GOWcekJV4 포함: False
2026-03-23 10:35:04 [INFO]     카드 발견: 10개
2026-03-23 10:35:04 [INFO]     카드 파싱 성공: 9건
2026-03-23 10:35:04 [INFO]     2024.03 p18: +2건 (페이지 9건)
2026-03-23 10:35:06 [INFO]     HTML 크기: 430182 bytes
2026-03-23 10:35:06 [INFO]     OaLkxeV3 포함: False
2026-03-23 10:35:06 [INFO]     GOWcekJV4 포함: False
2026-03-23 10:35:06 [INFO]     카드 발견: 10개
2026-03-23 10:35:06 [INFO]     카드 파싱 성공: 6건
2026-03-23 10:35:06 [INFO]     2024.03 p19: +2건 (페이지 6건)
2026-03-23 10:35:07 [INFO]     HTML 크기: 390624 bytes
2026-03-23 10:35:07 [INFO]     OaLkxeV3 포함: False
2026-03-23 10:35:07 [INFO]     GOWcekJV4 포함: False
2026-03-23 10:35:07 [INFO]     카드 발견: 10개
2026-03-23 10:35:07 [INFO]     카드 파싱 성공: 7건
2026-03-23 10:35:07 [INFO]     2024.03 p20: +3건 (페이지 7건)
2026-03-23 10:35:09 [INFO]     HTML 크기: 402486 bytes
2026-03-23 10:35:09 [INFO]     OaLkxeV3 포함: False
2026-03-23 10:35:09 [INFO]     GOWcekJV4 포함: False
2026-03-23 10:35:09 [INFO]     카드 발견: 10개
2026-03-23 10:35:09 [INFO]     카드 파싱 성공: 8건
2026-03-23 10:35:09 [INFO]     2024.03 p21: +4건 (페이지 8건)
2026-03-23 10:35:10 [INFO]     HTML 크기: 412337 bytes
2026-03-23 10:35:10 [INFO]     OaLkxeV3 포함: False
2026-03-23 10:35:10 [INFO]     GOWcekJV4 포함: False
2026-03-23 10:35:10 [INFO]     카드 발견: 10개
2026-03-23 10:35:10 [INFO]     카드 파싱 성공: 7건
2026-03-23 10:35:10 [INFO]     2024.03 p22: +0건 (페이지 7건)
2026-03-23 10:35:11 [INFO]   2024.03 완료: +111건 (누적 3753개)
2026-03-23 10:35:12 [INFO]     HTML 크기: 437999 bytes
2026-03-23 10:35:12 [INFO]     OaLkxeV3 포함: False
2026-03-23 10:35:12 [INFO]     GOWcekJV4 포함: False
2026-03-23 10:35:12 [INFO]     카드 발견: 10개
2026-03-23 10:35:12 [INFO]     카드 파싱 성공: 10건
2026-03-23 10:35:12 [INFO]     2024.04 p1: +10건 (페이지 10건)
2026-03-23 10:35:14 [INFO]     HTML 크기: 404830 bytes
2026-03-23 10:35:14 [INFO]     OaLkxeV3 포함: False
2026-03-23 10:35:14 [INFO]     GOWcekJV4 포함: False
2026-03-23 10:35:14 [INFO]     카드 발견: 10개
2026-03-23 10:35:14 [INFO]     카드 파싱 성공: 10건
2026-03-23 10:35:14 [INFO]     2024.04 p2: +9건 (페이지 10건)
2026-03-23 10:35:16 [INFO]     HTML 크기: 377330 bytes
2026-03-23 10:35:16 [INFO]     OaLkxeV3 포함: False
2026-03-23 10:35:16 [INFO]     GOWcekJV4 포함: False
2026-03-23 10:35:16 [INFO]     카드 발견: 10개
2026-03-23 10:35:16 [INFO]     카드 파싱 성공: 10건
2026-03-23 10:35:16 [INFO]     2024.04 p3: +10건 (페이지 10건)
2026-03-23 10:35:17 [INFO]     HTML 크기: 312273 bytes
2026-03-23 10:35:17 [INFO]     OaLkxeV3 포함: False
2026-03-23 10:35:17 [INFO]     GOWcekJV4 포함: False
2026-03-23 10:35:17 [INFO]     카드 발견: 10개
2026-03-23 10:35:17 [INFO]     카드 파싱 성공: 10건
2026-03-23 10:35:17 [INFO]     2024.04 p4: +10건 (페이지 10건)
2026-03-23 10:35:18 [INFO]     HTML 크기: 317156 bytes
2026-03-23 10:35:18 [INFO]     OaLkxeV3 포함: False
2026-03-23 10:35:18 [INFO]     GOWcekJV4 포함: False
2026-03-23 10:35:18 [INFO]     카드 발견: 10개
2026-03-23 10:35:18 [INFO]     카드 파싱 성공: 10건
2026-03-23 10:35:18 [INFO]     2024.04 p5: +10건 (페이지 10건)
2026-03-23 10:35:20 [INFO]     HTML 크기: 321431 bytes
2026-03-23 10:35:20 [INFO]     OaLkxeV3 포함: False
2026-03-23 10:35:20 [INFO]     GOWcekJV4 포함: False
2026-03-23 10:35:20 [INFO]     카드 발견: 10개
2026-03-23 10:35:20 [INFO]     카드 파싱 성공: 6건
2026-03-23 10:35:20 [INFO]     2024.04 p6: +6건 (페이지 6건)
2026-03-23 10:35:22 [INFO]     HTML 크기: 304906 bytes
2026-03-23 10:35:22 [INFO]     OaLkxeV3 포함: False
2026-03-23 10:35:22 [INFO]     GOWcekJV4 포함: False
2026-03-23 10:35:22 [INFO]     카드 발견: 10개
2026-03-23 10:35:22 [INFO]     카드 파싱 성공: 2건
2026-03-23 10:35:22 [INFO]     2024.04 p7: +2건 (페이지 2건)
2026-03-23 10:35:23 [INFO]     HTML 크기: 308330 bytes
2026-03-23 10:35:23 [INFO]     OaLkxeV3 포함: False
2026-03-23 10:35:23 [INFO]     GOWcekJV4 포함: False
2026-03-23 10:35:23 [INFO]     카드 발견: 10개
2026-03-23 10:35:23 [INFO]     카드 파싱 성공: 4건
2026-03-23 10:35:23 [INFO]     2024.04 p8: +4건 (페이지 4건)
2026-03-23 10:35:25 [INFO]     HTML 크기: 307468 bytes
2026-03-23 10:35:25 [INFO]     OaLkxeV3 포함: False
2026-03-23 10:35:25 [INFO]     GOWcekJV4 포함: False
2026-03-23 10:35:25 [INFO]     카드 발견: 10개
2026-03-23 10:35:25 [INFO]     카드 파싱 성공: 4건
2026-03-23 10:35:25 [INFO]     2024.04 p9: +4건 (페이지 4건)
2026-03-23 10:35:26 [INFO]     HTML 크기: 306910 bytes
2026-03-23 10:35:26 [INFO]     OaLkxeV3 포함: False
2026-03-23 10:35:26 [INFO]     GOWcekJV4 포함: False
2026-03-23 10:35:26 [INFO]     카드 발견: 10개
2026-03-23 10:35:26 [INFO]     카드 파싱 성공: 4건
2026-03-23 10:35:26 [INFO]     2024.04 p10: +4건 (페이지 4건)
2026-03-23 10:35:28 [INFO]     HTML 크기: 402318 bytes
2026-03-23 10:35:28 [INFO]     OaLkxeV3 포함: False
2026-03-23 10:35:28 [INFO]     GOWcekJV4 포함: False
2026-03-23 10:35:28 [INFO]     카드 발견: 10개
2026-03-23 10:35:28 [INFO]     카드 파싱 성공: 9건
2026-03-23 10:35:28 [INFO]     2024.04 p11: +7건 (페이지 9건)
2026-03-23 10:35:30 [INFO]     HTML 크기: 369510 bytes
2026-03-23 10:35:30 [INFO]     OaLkxeV3 포함: False
2026-03-23 10:35:30 [INFO]     GOWcekJV4 포함: False
2026-03-23 10:35:30 [INFO]     카드 발견: 10개
2026-03-23 10:35:30 [INFO]     카드 파싱 성공: 9건
2026-03-23 10:35:30 [INFO]     2024.04 p12: +7건 (페이지 9건)
2026-03-23 10:35:31 [INFO]     HTML 크기: 390876 bytes
2026-03-23 10:35:31 [INFO]     OaLkxeV3 포함: False
2026-03-23 10:35:31 [INFO]     GOWcekJV4 포함: False
2026-03-23 10:35:31 [INFO]     카드 발견: 10개
2026-03-23 10:35:31 [INFO]     카드 파싱 성공: 9건
2026-03-23 10:35:31 [INFO]     2024.04 p13: +3건 (페이지 9건)
2026-03-23 10:35:33 [INFO]     HTML 크기: 400604 bytes
2026-03-23 10:35:33 [INFO]     OaLkxeV3 포함: False
2026-03-23 10:35:33 [INFO]     GOWcekJV4 포함: False
2026-03-23 10:35:33 [INFO]     카드 발견: 10개
2026-03-23 10:35:33 [INFO]     카드 파싱 성공: 8건
2026-03-23 10:35:33 [INFO]     2024.04 p14: +5건 (페이지 8건)
2026-03-23 10:35:35 [INFO]     HTML 크기: 395912 bytes
2026-03-23 10:35:35 [INFO]     OaLkxeV3 포함: False
2026-03-23 10:35:35 [INFO]     GOWcekJV4 포함: False
2026-03-23 10:35:35 [INFO]     카드 발견: 10개
2026-03-23 10:35:35 [INFO]     카드 파싱 성공: 8건
2026-03-23 10:35:35 [INFO]     2024.04 p15: +3건 (페이지 8건)
2026-03-23 10:35:37 [INFO]     HTML 크기: 380215 bytes
2026-03-23 10:35:37 [INFO]     OaLkxeV3 포함: False
2026-03-23 10:35:37 [INFO]     GOWcekJV4 포함: False
2026-03-23 10:35:37 [INFO]     카드 발견: 10개
2026-03-23 10:35:37 [INFO]     카드 파싱 성공: 9건
2026-03-23 10:35:37 [INFO]     2024.04 p16: +1건 (페이지 9건)
2026-03-23 10:35:38 [INFO]     HTML 크기: 361671 bytes
2026-03-23 10:35:38 [INFO]     OaLkxeV3 포함: False
2026-03-23 10:35:38 [INFO]     GOWcekJV4 포함: False
2026-03-23 10:35:38 [INFO]     카드 발견: 10개
2026-03-23 10:35:38 [INFO]     카드 파싱 성공: 7건
2026-03-23 10:35:38 [INFO]     2024.04 p17: +2건 (페이지 7건)
2026-03-23 10:35:40 [INFO]     HTML 크기: 400486 bytes
2026-03-23 10:35:40 [INFO]     OaLkxeV3 포함: False
2026-03-23 10:35:40 [INFO]     GOWcekJV4 포함: False
2026-03-23 10:35:40 [INFO]     카드 발견: 10개
2026-03-23 10:35:40 [INFO]     카드 파싱 성공: 8건
2026-03-23 10:35:40 [INFO]     2024.04 p18: +5건 (페이지 8건)
2026-03-23 10:35:42 [INFO]     HTML 크기: 411638 bytes
2026-03-23 10:35:42 [INFO]     OaLkxeV3 포함: False
2026-03-23 10:35:42 [INFO]     GOWcekJV4 포함: False
2026-03-23 10:35:42 [INFO]     카드 발견: 10개
2026-03-23 10:35:42 [INFO]     카드 파싱 성공: 8건
2026-03-23 10:35:42 [INFO]     2024.04 p19: +4건 (페이지 8건)
2026-03-23 10:35:44 [INFO]     HTML 크기: 375123 bytes
2026-03-23 10:35:44 [INFO]     OaLkxeV3 포함: False
2026-03-23 10:35:44 [INFO]     GOWcekJV4 포함: False
2026-03-23 10:35:44 [INFO]     카드 발견: 10개
2026-03-23 10:35:44 [INFO]     카드 파싱 성공: 9건
2026-03-23 10:35:44 [INFO]     2024.04 p20: +4건 (페이지 9건)
2026-03-23 10:35:45 [INFO]     HTML 크기: 405447 bytes
2026-03-23 10:35:45 [INFO]     OaLkxeV3 포함: False
2026-03-23 10:35:45 [INFO]     GOWcekJV4 포함: False
2026-03-23 10:35:45 [INFO]     카드 발견: 10개
2026-03-23 10:35:45 [INFO]     카드 파싱 성공: 6건
2026-03-23 10:35:45 [INFO]     2024.04 p21: +3건 (페이지 6건)
2026-03-23 10:35:47 [INFO]     HTML 크기: 383817 bytes
2026-03-23 10:35:47 [INFO]     OaLkxeV3 포함: False
2026-03-23 10:35:47 [INFO]     GOWcekJV4 포함: False
2026-03-23 10:35:47 [INFO]     카드 발견: 10개
2026-03-23 10:35:47 [INFO]     카드 파싱 성공: 6건
2026-03-23 10:35:47 [INFO]     2024.04 p22: +5건 (페이지 6건)
2026-03-23 10:35:49 [INFO]     HTML 크기: 410291 bytes
2026-03-23 10:35:49 [INFO]     OaLkxeV3 포함: False
2026-03-23 10:35:49 [INFO]     GOWcekJV4 포함: False
2026-03-23 10:35:49 [INFO]     카드 발견: 10개
2026-03-23 10:35:49 [INFO]     카드 파싱 성공: 7건
2026-03-23 10:35:49 [INFO]     2024.04 p23: +5건 (페이지 7건)
2026-03-23 10:35:50 [INFO]     HTML 크기: 412768 bytes
2026-03-23 10:35:50 [INFO]     OaLkxeV3 포함: False
2026-03-23 10:35:50 [INFO]     GOWcekJV4 포함: False
2026-03-23 10:35:50 [INFO]     카드 발견: 10개
2026-03-23 10:35:50 [INFO]     카드 파싱 성공: 7건
2026-03-23 10:35:50 [INFO]     2024.04 p24: +4건 (페이지 7건)
2026-03-23 10:35:52 [INFO]     HTML 크기: 405424 bytes
2026-03-23 10:35:52 [INFO]     OaLkxeV3 포함: False
2026-03-23 10:35:52 [INFO]     GOWcekJV4 포함: False
2026-03-23 10:35:52 [INFO]     카드 발견: 10개
2026-03-23 10:35:52 [INFO]     카드 파싱 성공: 8건
2026-03-23 10:35:52 [INFO]     2024.04 p25: +3건 (페이지 8건)
2026-03-23 10:35:54 [INFO]     HTML 크기: 419919 bytes
2026-03-23 10:35:54 [INFO]     OaLkxeV3 포함: False
2026-03-23 10:35:54 [INFO]     GOWcekJV4 포함: False
2026-03-23 10:35:54 [INFO]     카드 발견: 10개
2026-03-23 10:35:54 [INFO]     카드 파싱 성공: 6건
2026-03-23 10:35:54 [INFO]     2024.04 p26: +1건 (페이지 6건)
2026-03-23 10:35:56 [INFO]     HTML 크기: 366592 bytes
2026-03-23 10:35:56 [INFO]     OaLkxeV3 포함: False
2026-03-23 10:35:56 [INFO]     GOWcekJV4 포함: False
2026-03-23 10:35:56 [INFO]     카드 발견: 10개
2026-03-23 10:35:56 [INFO]     카드 파싱 성공: 5건
2026-03-23 10:35:56 [INFO]     2024.04 p27: +3건 (페이지 5건)
2026-03-23 10:35:58 [INFO]     HTML 크기: 383127 bytes
2026-03-23 10:35:58 [INFO]     OaLkxeV3 포함: False
2026-03-23 10:35:58 [INFO]     GOWcekJV4 포함: False
2026-03-23 10:35:58 [INFO]     카드 발견: 10개
2026-03-23 10:35:58 [INFO]     카드 파싱 성공: 5건
2026-03-23 10:35:58 [INFO]     2024.04 p28: +4건 (페이지 5건)
2026-03-23 10:35:59 [INFO]     HTML 크기: 414850 bytes
2026-03-23 10:35:59 [INFO]     OaLkxeV3 포함: False
2026-03-23 10:35:59 [INFO]     GOWcekJV4 포함: False
2026-03-23 10:35:59 [INFO]     카드 발견: 10개
2026-03-23 10:35:59 [INFO]     카드 파싱 성공: 7건
2026-03-23 10:35:59 [INFO]     2024.04 p29: +5건 (페이지 7건)
2026-03-23 10:36:01 [INFO]     HTML 크기: 403687 bytes
2026-03-23 10:36:01 [INFO]     OaLkxeV3 포함: False
2026-03-23 10:36:01 [INFO]     GOWcekJV4 포함: False
2026-03-23 10:36:01 [INFO]     카드 발견: 10개
2026-03-23 10:36:01 [INFO]     카드 파싱 성공: 7건
2026-03-23 10:36:01 [INFO]     2024.04 p30: +1건 (페이지 7건)
2026-03-23 10:36:03 [INFO]     HTML 크기: 389419 bytes
2026-03-23 10:36:03 [INFO]     OaLkxeV3 포함: False
2026-03-23 10:36:03 [INFO]     GOWcekJV4 포함: False
2026-03-23 10:36:03 [INFO]     카드 발견: 10개
2026-03-23 10:36:03 [INFO]     카드 파싱 성공: 8건
2026-03-23 10:36:03 [INFO]     2024.04 p31: +3건 (페이지 8건)
2026-03-23 10:36:04 [INFO]     HTML 크기: 419578 bytes
2026-03-23 10:36:04 [INFO]     OaLkxeV3 포함: False
2026-03-23 10:36:04 [INFO]     GOWcekJV4 포함: False
2026-03-23 10:36:04 [INFO]     카드 발견: 10개
2026-03-23 10:36:04 [INFO]     카드 파싱 성공: 7건
2026-03-23 10:36:04 [INFO]     2024.04 p32: +2건 (페이지 7건)
2026-03-23 10:36:06 [INFO]     HTML 크기: 399536 bytes
2026-03-23 10:36:06 [INFO]     OaLkxeV3 포함: False
2026-03-23 10:36:06 [INFO]     GOWcekJV4 포함: False
2026-03-23 10:36:06 [INFO]     카드 발견: 10개
2026-03-23 10:36:06 [INFO]     카드 파싱 성공: 6건
2026-03-23 10:36:06 [INFO]     2024.04 p33: +1건 (페이지 6건)
2026-03-23 10:36:08 [INFO]     HTML 크기: 399359 bytes
2026-03-23 10:36:08 [INFO]     OaLkxeV3 포함: False
2026-03-23 10:36:08 [INFO]     GOWcekJV4 포함: False
2026-03-23 10:36:08 [INFO]     카드 발견: 10개
2026-03-23 10:36:08 [INFO]     카드 파싱 성공: 6건
2026-03-23 10:36:08 [INFO]     2024.04 p34: +5건 (페이지 6건)
2026-03-23 10:36:09 [INFO]     HTML 크기: 381732 bytes
2026-03-23 10:36:09 [INFO]     OaLkxeV3 포함: False
2026-03-23 10:36:09 [INFO]     GOWcekJV4 포함: False
2026-03-23 10:36:09 [INFO]     카드 발견: 10개
2026-03-23 10:36:09 [INFO]     카드 파싱 성공: 6건
2026-03-23 10:36:09 [INFO]     2024.04 p35: +4건 (페이지 6건)
2026-03-23 10:36:12 [INFO]     HTML 크기: 422910 bytes
2026-03-23 10:36:12 [INFO]     OaLkxeV3 포함: False
2026-03-23 10:36:12 [INFO]     GOWcekJV4 포함: False
2026-03-23 10:36:12 [INFO]     카드 발견: 10개
2026-03-23 10:36:12 [INFO]     카드 파싱 성공: 8건
2026-03-23 10:36:12 [INFO]     2024.04 p36: +2건 (페이지 8건)
2026-03-23 10:36:13 [INFO]     HTML 크기: 408804 bytes
2026-03-23 10:36:13 [INFO]     OaLkxeV3 포함: False
2026-03-23 10:36:13 [INFO]     GOWcekJV4 포함: False
2026-03-23 10:36:13 [INFO]     카드 발견: 10개
2026-03-23 10:36:13 [INFO]     카드 파싱 성공: 6건
2026-03-23 10:36:13 [INFO]     2024.04 p37: +2건 (페이지 6건)
2026-03-23 10:36:15 [INFO]     HTML 크기: 370662 bytes
2026-03-23 10:36:15 [INFO]     OaLkxeV3 포함: False
2026-03-23 10:36:15 [INFO]     GOWcekJV4 포함: False
2026-03-23 10:36:15 [INFO]     카드 발견: 10개
2026-03-23 10:36:15 [INFO]     카드 파싱 성공: 5건
2026-03-23 10:36:15 [INFO]     2024.04 p38: +4건 (페이지 5건)
2026-03-23 10:36:16 [INFO]     HTML 크기: 384497 bytes
2026-03-23 10:36:16 [INFO]     OaLkxeV3 포함: False
2026-03-23 10:36:16 [INFO]     GOWcekJV4 포함: False
2026-03-23 10:36:16 [INFO]     카드 발견: 10개
2026-03-23 10:36:16 [INFO]     카드 파싱 성공: 9건
2026-03-23 10:36:16 [INFO]     2024.04 p39: +5건 (페이지 9건)
2026-03-23 10:36:18 [INFO]     HTML 크기: 395528 bytes
2026-03-23 10:36:18 [INFO]     OaLkxeV3 포함: False
2026-03-23 10:36:18 [INFO]     GOWcekJV4 포함: False
2026-03-23 10:36:18 [INFO]     카드 발견: 10개
2026-03-23 10:36:18 [INFO]     카드 파싱 성공: 4건
2026-03-23 10:36:18 [INFO]     2024.04 p40: +1건 (페이지 4건)
2026-03-23 10:36:19 [INFO]   2024.04 완료: +173건 (누적 3926개)
2026-03-23 10:36:20 [INFO]     HTML 크기: 402842 bytes
2026-03-23 10:36:20 [INFO]     OaLkxeV3 포함: False
2026-03-23 10:36:20 [INFO]     GOWcekJV4 포함: False
2026-03-23 10:36:20 [INFO]     카드 발견: 10개
2026-03-23 10:36:20 [INFO]     카드 파싱 성공: 10건
2026-03-23 10:36:20 [INFO]     2024.05 p1: +10건 (페이지 10건)
2026-03-23 10:36:22 [INFO]     HTML 크기: 342192 bytes
2026-03-23 10:36:22 [INFO]     OaLkxeV3 포함: False
2026-03-23 10:36:22 [INFO]     GOWcekJV4 포함: False
2026-03-23 10:36:22 [INFO]     카드 발견: 10개
2026-03-23 10:36:22 [INFO]     카드 파싱 성공: 10건
2026-03-23 10:36:22 [INFO]     2024.05 p2: +9건 (페이지 10건)
2026-03-23 10:36:23 [INFO]     HTML 크기: 378897 bytes
2026-03-23 10:36:23 [INFO]     OaLkxeV3 포함: False
2026-03-23 10:36:23 [INFO]     GOWcekJV4 포함: False
2026-03-23 10:36:23 [INFO]     카드 발견: 10개
2026-03-23 10:36:23 [INFO]     카드 파싱 성공: 10건
2026-03-23 10:36:23 [INFO]     2024.05 p3: +10건 (페이지 10건)
2026-03-23 10:36:25 [INFO]     HTML 크기: 384083 bytes
2026-03-23 10:36:25 [INFO]     OaLkxeV3 포함: False
2026-03-23 10:36:25 [INFO]     GOWcekJV4 포함: False
2026-03-23 10:36:25 [INFO]     카드 발견: 10개
2026-03-23 10:36:25 [INFO]     카드 파싱 성공: 10건
2026-03-23 10:36:25 [INFO]     2024.05 p4: +10건 (페이지 10건)
2026-03-23 10:36:27 [INFO]     HTML 크기: 338188 bytes
2026-03-23 10:36:27 [INFO]     OaLkxeV3 포함: False
2026-03-23 10:36:27 [INFO]     GOWcekJV4 포함: False
2026-03-23 10:36:27 [INFO]     카드 발견: 10개
2026-03-23 10:36:27 [INFO]     카드 파싱 성공: 9건
2026-03-23 10:36:27 [INFO]     2024.05 p5: +9건 (페이지 9건)
2026-03-23 10:36:29 [INFO]     HTML 크기: 312657 bytes
2026-03-23 10:36:29 [INFO]     OaLkxeV3 포함: False
2026-03-23 10:36:29 [INFO]     GOWcekJV4 포함: False
2026-03-23 10:36:29 [INFO]     카드 발견: 10개
2026-03-23 10:36:29 [INFO]     카드 파싱 성공: 8건
2026-03-23 10:36:29 [INFO]     2024.05 p6: +8건 (페이지 8건)
2026-03-23 10:36:30 [INFO]     HTML 크기: 311195 bytes
2026-03-23 10:36:30 [INFO]     OaLkxeV3 포함: False
2026-03-23 10:36:30 [INFO]     GOWcekJV4 포함: False
2026-03-23 10:36:30 [INFO]     카드 발견: 10개
2026-03-23 10:36:30 [INFO]     카드 파싱 성공: 9건
2026-03-23 10:36:30 [INFO]     2024.05 p7: +9건 (페이지 9건)
2026-03-23 10:36:32 [INFO]     HTML 크기: 310323 bytes
2026-03-23 10:36:32 [INFO]     OaLkxeV3 포함: False
2026-03-23 10:36:32 [INFO]     GOWcekJV4 포함: False
2026-03-23 10:36:32 [INFO]     카드 발견: 10개
2026-03-23 10:36:32 [INFO]     카드 파싱 성공: 8건
2026-03-23 10:36:32 [INFO]     2024.05 p8: +8건 (페이지 8건)
2026-03-23 10:36:34 [INFO]     HTML 크기: 310107 bytes
2026-03-23 10:36:34 [INFO]     OaLkxeV3 포함: False
2026-03-23 10:36:34 [INFO]     GOWcekJV4 포함: False
2026-03-23 10:36:34 [INFO]     카드 발견: 10개
2026-03-23 10:36:34 [INFO]     카드 파싱 성공: 7건
2026-03-23 10:36:34 [INFO]     2024.05 p9: +7건 (페이지 7건)
2026-03-23 10:36:36 [INFO]     HTML 크기: 309395 bytes
2026-03-23 10:36:36 [INFO]     OaLkxeV3 포함: False
2026-03-23 10:36:36 [INFO]     GOWcekJV4 포함: False
2026-03-23 10:36:36 [INFO]     카드 발견: 10개
2026-03-23 10:36:36 [INFO]     카드 파싱 성공: 5건
2026-03-23 10:36:36 [INFO]     2024.05 p10: +5건 (페이지 5건)
2026-03-23 10:36:37 [INFO]     HTML 크기: 426163 bytes
2026-03-23 10:36:37 [INFO]     OaLkxeV3 포함: False
2026-03-23 10:36:37 [INFO]     GOWcekJV4 포함: False
2026-03-23 10:36:37 [INFO]     카드 발견: 10개
2026-03-23 10:36:37 [INFO]     카드 파싱 성공: 9건
2026-03-23 10:36:37 [INFO]     2024.05 p11: +8건 (페이지 9건)
2026-03-23 10:36:39 [INFO]     HTML 크기: 443525 bytes
2026-03-23 10:36:39 [INFO]     OaLkxeV3 포함: False
2026-03-23 10:36:39 [INFO]     GOWcekJV4 포함: False
2026-03-23 10:36:39 [INFO]     카드 발견: 10개
2026-03-23 10:36:39 [INFO]     카드 파싱 성공: 7건
2026-03-23 10:36:39 [INFO]     2024.05 p12: +5건 (페이지 7건)
2026-03-23 10:36:40 [INFO]     HTML 크기: 426608 bytes
2026-03-23 10:36:40 [INFO]     OaLkxeV3 포함: False
2026-03-23 10:36:40 [INFO]     GOWcekJV4 포함: False
2026-03-23 10:36:40 [INFO]     카드 발견: 10개
2026-03-23 10:36:40 [INFO]     카드 파싱 성공: 7건
2026-03-23 10:36:40 [INFO]     2024.05 p13: +6건 (페이지 7건)
2026-03-23 10:36:42 [INFO]     HTML 크기: 420311 bytes
2026-03-23 10:36:42 [INFO]     OaLkxeV3 포함: False
2026-03-23 10:36:42 [INFO]     GOWcekJV4 포함: False
2026-03-23 10:36:42 [INFO]     카드 발견: 10개
2026-03-23 10:36:42 [INFO]     카드 파싱 성공: 7건
2026-03-23 10:36:42 [INFO]     2024.05 p14: +4건 (페이지 7건)
2026-03-23 10:36:44 [INFO]     HTML 크기: 406235 bytes
2026-03-23 10:36:44 [INFO]     OaLkxeV3 포함: False
2026-03-23 10:36:44 [INFO]     GOWcekJV4 포함: False
2026-03-23 10:36:44 [INFO]     카드 발견: 10개
2026-03-23 10:36:44 [INFO]     카드 파싱 성공: 9건
2026-03-23 10:36:44 [INFO]     2024.05 p15: +5건 (페이지 9건)
2026-03-23 10:36:46 [INFO]     HTML 크기: 417462 bytes
2026-03-23 10:36:46 [INFO]     OaLkxeV3 포함: False
2026-03-23 10:36:46 [INFO]     GOWcekJV4 포함: False
2026-03-23 10:36:46 [INFO]     카드 발견: 10개
2026-03-23 10:36:46 [INFO]     카드 파싱 성공: 8건
2026-03-23 10:36:46 [INFO]     2024.05 p16: +2건 (페이지 8건)
2026-03-23 10:36:47 [INFO]     HTML 크기: 425391 bytes
2026-03-23 10:36:47 [INFO]     OaLkxeV3 포함: False
2026-03-23 10:36:47 [INFO]     GOWcekJV4 포함: False
2026-03-23 10:36:47 [INFO]     카드 발견: 10개
2026-03-23 10:36:47 [INFO]     카드 파싱 성공: 8건
2026-03-23 10:36:47 [INFO]     2024.05 p17: +5건 (페이지 8건)
2026-03-23 10:36:49 [INFO]     HTML 크기: 395944 bytes
2026-03-23 10:36:49 [INFO]     OaLkxeV3 포함: False
2026-03-23 10:36:49 [INFO]     GOWcekJV4 포함: False
2026-03-23 10:36:49 [INFO]     카드 발견: 10개
2026-03-23 10:36:49 [INFO]     카드 파싱 성공: 9건
2026-03-23 10:36:49 [INFO]     2024.05 p18: +5건 (페이지 9건)
2026-03-23 10:36:51 [INFO]     HTML 크기: 380874 bytes
2026-03-23 10:36:51 [INFO]     OaLkxeV3 포함: False
2026-03-23 10:36:51 [INFO]     GOWcekJV4 포함: False
2026-03-23 10:36:51 [INFO]     카드 발견: 10개
2026-03-23 10:36:51 [INFO]     카드 파싱 성공: 10건
2026-03-23 10:36:51 [INFO]     2024.05 p19: +7건 (페이지 10건)
2026-03-23 10:36:52 [INFO]     HTML 크기: 412363 bytes
2026-03-23 10:36:52 [INFO]     OaLkxeV3 포함: False
2026-03-23 10:36:52 [INFO]     GOWcekJV4 포함: False
2026-03-23 10:36:52 [INFO]     카드 발견: 10개
2026-03-23 10:36:52 [INFO]     카드 파싱 성공: 9건
2026-03-23 10:36:52 [INFO]     2024.05 p20: +8건 (페이지 9건)
2026-03-23 10:36:54 [INFO]     HTML 크기: 399042 bytes
2026-03-23 10:36:54 [INFO]     OaLkxeV3 포함: False
2026-03-23 10:36:54 [INFO]     GOWcekJV4 포함: False
2026-03-23 10:36:54 [INFO]     카드 발견: 10개
2026-03-23 10:36:54 [INFO]     카드 파싱 성공: 8건
2026-03-23 10:36:54 [INFO]     2024.05 p21: +3건 (페이지 8건)
2026-03-23 10:36:55 [INFO]     HTML 크기: 400450 bytes
2026-03-23 10:36:55 [INFO]     OaLkxeV3 포함: False
2026-03-23 10:36:55 [INFO]     GOWcekJV4 포함: False
2026-03-23 10:36:55 [INFO]     카드 발견: 10개
2026-03-23 10:36:55 [INFO]     카드 파싱 성공: 8건
2026-03-23 10:36:55 [INFO]     2024.05 p22: +7건 (페이지 8건)
2026-03-23 10:36:57 [INFO]     HTML 크기: 398743 bytes
2026-03-23 10:36:57 [INFO]     OaLkxeV3 포함: False
2026-03-23 10:36:57 [INFO]     GOWcekJV4 포함: False
2026-03-23 10:36:57 [INFO]     카드 발견: 10개
2026-03-23 10:36:57 [INFO]     카드 파싱 성공: 8건
2026-03-23 10:36:57 [INFO]     2024.05 p23: +5건 (페이지 8건)
2026-03-23 10:36:59 [INFO]     HTML 크기: 389237 bytes
2026-03-23 10:36:59 [INFO]     OaLkxeV3 포함: False
2026-03-23 10:36:59 [INFO]     GOWcekJV4 포함: False
2026-03-23 10:36:59 [INFO]     카드 발견: 10개
2026-03-23 10:36:59 [INFO]     카드 파싱 성공: 8건
2026-03-23 10:36:59 [INFO]     2024.05 p24: +5건 (페이지 8건)
2026-03-23 10:37:01 [INFO]     HTML 크기: 389753 bytes
2026-03-23 10:37:01 [INFO]     OaLkxeV3 포함: False
2026-03-23 10:37:01 [INFO]     GOWcekJV4 포함: False
2026-03-23 10:37:01 [INFO]     카드 발견: 10개
2026-03-23 10:37:01 [INFO]     카드 파싱 성공: 7건
2026-03-23 10:37:01 [INFO]     2024.05 p25: +4건 (페이지 7건)
2026-03-23 10:37:02 [INFO]     HTML 크기: 377775 bytes
2026-03-23 10:37:02 [INFO]     OaLkxeV3 포함: False
2026-03-23 10:37:02 [INFO]     GOWcekJV4 포함: False
2026-03-23 10:37:02 [INFO]     카드 발견: 10개
2026-03-23 10:37:02 [INFO]     카드 파싱 성공: 9건
2026-03-23 10:37:02 [INFO]     2024.05 p26: +4건 (페이지 9건)
2026-03-23 10:37:04 [INFO]     HTML 크기: 399818 bytes
2026-03-23 10:37:04 [INFO]     OaLkxeV3 포함: False
2026-03-23 10:37:04 [INFO]     GOWcekJV4 포함: False
2026-03-23 10:37:04 [INFO]     카드 발견: 10개
2026-03-23 10:37:04 [INFO]     카드 파싱 성공: 10건
2026-03-23 10:37:04 [INFO]     2024.05 p27: +9건 (페이지 10건)
2026-03-23 10:37:06 [INFO]     HTML 크기: 388407 bytes
2026-03-23 10:37:06 [INFO]     OaLkxeV3 포함: False
2026-03-23 10:37:06 [INFO]     GOWcekJV4 포함: False
2026-03-23 10:37:06 [INFO]     카드 발견: 10개
2026-03-23 10:37:06 [INFO]     카드 파싱 성공: 7건
2026-03-23 10:37:06 [INFO]     2024.05 p28: +4건 (페이지 7건)
2026-03-23 10:37:08 [INFO]     HTML 크기: 372090 bytes
2026-03-23 10:37:08 [INFO]     OaLkxeV3 포함: False
2026-03-23 10:37:08 [INFO]     GOWcekJV4 포함: False
2026-03-23 10:37:08 [INFO]     카드 발견: 10개
2026-03-23 10:37:08 [INFO]     카드 파싱 성공: 10건
2026-03-23 10:37:08 [INFO]     2024.05 p29: +1건 (페이지 10건)
2026-03-23 10:37:09 [INFO]     HTML 크기: 348605 bytes
2026-03-23 10:37:09 [INFO]     OaLkxeV3 포함: False
2026-03-23 10:37:09 [INFO]     GOWcekJV4 포함: False
2026-03-23 10:37:09 [INFO]     카드 발견: 10개
2026-03-23 10:37:09 [INFO]     카드 파싱 성공: 6건
2026-03-23 10:37:09 [INFO]     2024.05 p30: +5건 (페이지 6건)
2026-03-23 10:37:11 [INFO]     HTML 크기: 382234 bytes
2026-03-23 10:37:11 [INFO]     OaLkxeV3 포함: False
2026-03-23 10:37:11 [INFO]     GOWcekJV4 포함: False
2026-03-23 10:37:11 [INFO]     카드 발견: 10개
2026-03-23 10:37:11 [INFO]     카드 파싱 성공: 5건
2026-03-23 10:37:11 [INFO]     2024.05 p31: +4건 (페이지 5건)
2026-03-23 10:37:13 [INFO]     HTML 크기: 385450 bytes
2026-03-23 10:37:13 [INFO]     OaLkxeV3 포함: False
2026-03-23 10:37:13 [INFO]     GOWcekJV4 포함: False
2026-03-23 10:37:13 [INFO]     카드 발견: 10개
2026-03-23 10:37:13 [INFO]     카드 파싱 성공: 8건
2026-03-23 10:37:13 [INFO]     2024.05 p32: +5건 (페이지 8건)
2026-03-23 10:37:14 [INFO]     HTML 크기: 404433 bytes
2026-03-23 10:37:14 [INFO]     OaLkxeV3 포함: False
2026-03-23 10:37:14 [INFO]     GOWcekJV4 포함: False
2026-03-23 10:37:14 [INFO]     카드 발견: 10개
2026-03-23 10:37:14 [INFO]     카드 파싱 성공: 6건
2026-03-23 10:37:14 [INFO]     2024.05 p33: +3건 (페이지 6건)
2026-03-23 10:37:16 [INFO]     HTML 크기: 394503 bytes
2026-03-23 10:37:16 [INFO]     OaLkxeV3 포함: False
2026-03-23 10:37:16 [INFO]     GOWcekJV4 포함: False
2026-03-23 10:37:16 [INFO]     카드 발견: 10개
2026-03-23 10:37:16 [INFO]     카드 파싱 성공: 5건
2026-03-23 10:37:16 [INFO]     2024.05 p34: +4건 (페이지 5건)
2026-03-23 10:37:19 [INFO]     HTML 크기: 415101 bytes
2026-03-23 10:37:19 [INFO]     OaLkxeV3 포함: False
2026-03-23 10:37:19 [INFO]     GOWcekJV4 포함: False
2026-03-23 10:37:19 [INFO]     카드 발견: 10개
2026-03-23 10:37:19 [INFO]     카드 파싱 성공: 7건
2026-03-23 10:37:19 [INFO]     2024.05 p35: +5건 (페이지 7건)
2026-03-23 10:37:20 [INFO]     HTML 크기: 412947 bytes
2026-03-23 10:37:20 [INFO]     OaLkxeV3 포함: False
2026-03-23 10:37:20 [INFO]     GOWcekJV4 포함: False
2026-03-23 10:37:20 [INFO]     카드 발견: 10개
2026-03-23 10:37:20 [INFO]     카드 파싱 성공: 8건
2026-03-23 10:37:20 [INFO]     2024.05 p36: +1건 (페이지 8건)
2026-03-23 10:37:22 [INFO]     HTML 크기: 403544 bytes
2026-03-23 10:37:22 [INFO]     OaLkxeV3 포함: False
2026-03-23 10:37:22 [INFO]     GOWcekJV4 포함: False
2026-03-23 10:37:22 [INFO]     카드 발견: 10개
2026-03-23 10:37:22 [INFO]     카드 파싱 성공: 7건
2026-03-23 10:37:22 [INFO]     2024.05 p37: +6건 (페이지 7건)
2026-03-23 10:37:24 [INFO]     HTML 크기: 391666 bytes
2026-03-23 10:37:24 [INFO]     OaLkxeV3 포함: False
2026-03-23 10:37:24 [INFO]     GOWcekJV4 포함: False
2026-03-23 10:37:24 [INFO]     카드 발견: 10개
2026-03-23 10:37:24 [INFO]     카드 파싱 성공: 6건
2026-03-23 10:37:24 [INFO]     2024.05 p38: +6건 (페이지 6건)
2026-03-23 10:37:25 [INFO]     HTML 크기: 403479 bytes
2026-03-23 10:37:25 [INFO]     OaLkxeV3 포함: False
2026-03-23 10:37:25 [INFO]     GOWcekJV4 포함: False
2026-03-23 10:37:25 [INFO]     카드 발견: 10개
2026-03-23 10:37:25 [INFO]     카드 파싱 성공: 8건
2026-03-23 10:37:25 [INFO]     2024.05 p39: +6건 (페이지 8건)
2026-03-23 10:37:27 [INFO]     HTML 크기: 391886 bytes
2026-03-23 10:37:27 [INFO]     OaLkxeV3 포함: False
2026-03-23 10:37:27 [INFO]     GOWcekJV4 포함: False
2026-03-23 10:37:27 [INFO]     카드 발견: 10개
2026-03-23 10:37:27 [INFO]     카드 파싱 성공: 6건
2026-03-23 10:37:27 [INFO]     2024.05 p40: +1건 (페이지 6건)
2026-03-23 10:37:28 [INFO]   2024.05 완료: +228건 (누적 4154개)
2026-03-23 10:37:29 [INFO]     HTML 크기: 431138 bytes
2026-03-23 10:37:29 [INFO]     OaLkxeV3 포함: False
2026-03-23 10:37:29 [INFO]     GOWcekJV4 포함: False
2026-03-23 10:37:29 [INFO]     카드 발견: 10개
2026-03-23 10:37:29 [INFO]     카드 파싱 성공: 10건
2026-03-23 10:37:29 [INFO]     2024.06 p1: +10건 (페이지 10건)
2026-03-23 10:37:31 [INFO]     HTML 크기: 329363 bytes
2026-03-23 10:37:31 [INFO]     OaLkxeV3 포함: False
2026-03-23 10:37:31 [INFO]     GOWcekJV4 포함: False
2026-03-23 10:37:31 [INFO]     카드 발견: 10개
2026-03-23 10:37:31 [INFO]     카드 파싱 성공: 8건
2026-03-23 10:37:31 [INFO]     2024.06 p2: +6건 (페이지 8건)
2026-03-23 10:37:32 [INFO]     HTML 크기: 307429 bytes
2026-03-23 10:37:32 [INFO]     OaLkxeV3 포함: False
2026-03-23 10:37:32 [INFO]     GOWcekJV4 포함: False
2026-03-23 10:37:32 [INFO]     카드 발견: 10개
2026-03-23 10:37:32 [INFO]     카드 파싱 성공: 5건
2026-03-23 10:37:32 [INFO]     2024.06 p3: +5건 (페이지 5건)
2026-03-23 10:37:34 [INFO]     HTML 크기: 308649 bytes
2026-03-23 10:37:34 [INFO]     OaLkxeV3 포함: False
2026-03-23 10:37:34 [INFO]     GOWcekJV4 포함: False
2026-03-23 10:37:34 [INFO]     카드 발견: 10개
2026-03-23 10:37:34 [INFO]     카드 파싱 성공: 5건
2026-03-23 10:37:34 [INFO]     2024.06 p4: +5건 (페이지 5건)
2026-03-23 10:37:35 [INFO]     HTML 크기: 310413 bytes
2026-03-23 10:37:35 [INFO]     OaLkxeV3 포함: False
2026-03-23 10:37:35 [INFO]     GOWcekJV4 포함: False
2026-03-23 10:37:35 [INFO]     카드 발견: 10개
2026-03-23 10:37:35 [INFO]     카드 파싱 성공: 4건
2026-03-23 10:37:35 [INFO]     2024.06 p5: +4건 (페이지 4건)
2026-03-23 10:37:37 [INFO]     HTML 크기: 310446 bytes
2026-03-23 10:37:37 [INFO]     OaLkxeV3 포함: False
2026-03-23 10:37:37 [INFO]     GOWcekJV4 포함: False
2026-03-23 10:37:37 [INFO]     카드 발견: 10개
2026-03-23 10:37:37 [INFO]     카드 파싱 성공: 8건
2026-03-23 10:37:37 [INFO]     2024.06 p6: +8건 (페이지 8건)
2026-03-23 10:37:39 [INFO]     HTML 크기: 309841 bytes
2026-03-23 10:37:39 [INFO]     OaLkxeV3 포함: False
2026-03-23 10:37:39 [INFO]     GOWcekJV4 포함: False
2026-03-23 10:37:39 [INFO]     카드 발견: 10개
2026-03-23 10:37:39 [INFO]     카드 파싱 성공: 8건
2026-03-23 10:37:39 [INFO]     2024.06 p7: +8건 (페이지 8건)
2026-03-23 10:37:41 [INFO]     HTML 크기: 309742 bytes
2026-03-23 10:37:41 [INFO]     OaLkxeV3 포함: False
2026-03-23 10:37:41 [INFO]     GOWcekJV4 포함: False
2026-03-23 10:37:41 [INFO]     카드 발견: 10개
2026-03-23 10:37:41 [INFO]     카드 파싱 성공: 7건
2026-03-23 10:37:41 [INFO]     2024.06 p8: +7건 (페이지 7건)
2026-03-23 10:37:42 [INFO]     HTML 크기: 314094 bytes
2026-03-23 10:37:42 [INFO]     OaLkxeV3 포함: False
2026-03-23 10:37:42 [INFO]     GOWcekJV4 포함: False
2026-03-23 10:37:42 [INFO]     카드 발견: 10개
2026-03-23 10:37:42 [INFO]     카드 파싱 성공: 6건
2026-03-23 10:37:42 [INFO]     2024.06 p9: +6건 (페이지 6건)
2026-03-23 10:37:44 [INFO]     HTML 크기: 309261 bytes
2026-03-23 10:37:44 [INFO]     OaLkxeV3 포함: False
2026-03-23 10:37:44 [INFO]     GOWcekJV4 포함: False
2026-03-23 10:37:44 [INFO]     카드 발견: 10개
2026-03-23 10:37:44 [INFO]     카드 파싱 성공: 7건
2026-03-23 10:37:44 [INFO]     2024.06 p10: +7건 (페이지 7건)
2026-03-23 10:37:45 [INFO]     HTML 크기: 400076 bytes
2026-03-23 10:37:45 [INFO]     OaLkxeV3 포함: False
2026-03-23 10:37:45 [INFO]     GOWcekJV4 포함: False
2026-03-23 10:37:45 [INFO]     카드 발견: 10개
2026-03-23 10:37:45 [INFO]     카드 파싱 성공: 9건
2026-03-23 10:37:45 [INFO]     2024.06 p11: +5건 (페이지 9건)
2026-03-23 10:37:47 [INFO]     HTML 크기: 395736 bytes
2026-03-23 10:37:47 [INFO]     OaLkxeV3 포함: False
2026-03-23 10:37:47 [INFO]     GOWcekJV4 포함: False
2026-03-23 10:37:47 [INFO]     카드 발견: 10개
2026-03-23 10:37:47 [INFO]     카드 파싱 성공: 8건
2026-03-23 10:37:47 [INFO]     2024.06 p12: +1건 (페이지 8건)
2026-03-23 10:37:49 [INFO]     HTML 크기: 365892 bytes
2026-03-23 10:37:49 [INFO]     OaLkxeV3 포함: False
2026-03-23 10:37:49 [INFO]     GOWcekJV4 포함: False
2026-03-23 10:37:49 [INFO]     카드 발견: 10개
2026-03-23 10:37:49 [INFO]     카드 파싱 성공: 7건
2026-03-23 10:37:49 [INFO]     2024.06 p13: +5건 (페이지 7건)
2026-03-23 10:37:50 [INFO]     HTML 크기: 370294 bytes
2026-03-23 10:37:50 [INFO]     OaLkxeV3 포함: False
2026-03-23 10:37:50 [INFO]     GOWcekJV4 포함: False
2026-03-23 10:37:50 [INFO]     카드 발견: 10개
2026-03-23 10:37:50 [INFO]     카드 파싱 성공: 6건
2026-03-23 10:37:50 [INFO]     2024.06 p14: +3건 (페이지 6건)
2026-03-23 10:37:52 [INFO]     HTML 크기: 388352 bytes
2026-03-23 10:37:52 [INFO]     OaLkxeV3 포함: False
2026-03-23 10:37:52 [INFO]     GOWcekJV4 포함: False
2026-03-23 10:37:52 [INFO]     카드 발견: 10개
2026-03-23 10:37:52 [INFO]     카드 파싱 성공: 5건
2026-03-23 10:37:52 [INFO]     2024.06 p15: +2건 (페이지 5건)
2026-03-23 10:37:54 [INFO]     HTML 크기: 396170 bytes
2026-03-23 10:37:54 [INFO]     OaLkxeV3 포함: False
2026-03-23 10:37:54 [INFO]     GOWcekJV4 포함: False
2026-03-23 10:37:54 [INFO]     카드 발견: 10개
2026-03-23 10:37:54 [INFO]     카드 파싱 성공: 5건
2026-03-23 10:37:54 [INFO]     2024.06 p16: +2건 (페이지 5건)
2026-03-23 10:37:55 [INFO]     HTML 크기: 389571 bytes
2026-03-23 10:37:55 [INFO]     OaLkxeV3 포함: False
2026-03-23 10:37:55 [INFO]     GOWcekJV4 포함: False
2026-03-23 10:37:55 [INFO]     카드 발견: 10개
2026-03-23 10:37:55 [INFO]     카드 파싱 성공: 6건
2026-03-23 10:37:55 [INFO]     2024.06 p17: +4건 (페이지 6건)
2026-03-23 10:37:57 [INFO]     HTML 크기: 379451 bytes
2026-03-23 10:37:57 [INFO]     OaLkxeV3 포함: False
2026-03-23 10:37:57 [INFO]     GOWcekJV4 포함: False
2026-03-23 10:37:57 [INFO]     카드 발견: 10개
2026-03-23 10:37:57 [INFO]     카드 파싱 성공: 7건
2026-03-23 10:37:57 [INFO]     2024.06 p18: +0건 (페이지 7건)
2026-03-23 10:37:58 [INFO]   2024.06 완료: +88건 (누적 4242개)
2026-03-23 10:37:59 [INFO]     HTML 크기: 412522 bytes
2026-03-23 10:37:59 [INFO]     OaLkxeV3 포함: False
2026-03-23 10:37:59 [INFO]     GOWcekJV4 포함: False
2026-03-23 10:37:59 [INFO]     카드 발견: 10개
2026-03-23 10:37:59 [INFO]     카드 파싱 성공: 10건
2026-03-23 10:37:59 [INFO]     2024.07 p1: +10건 (페이지 10건)
2026-03-23 10:38:00 [INFO]     HTML 크기: 365731 bytes
2026-03-23 10:38:00 [INFO]     OaLkxeV3 포함: False
2026-03-23 10:38:00 [INFO]     GOWcekJV4 포함: False
2026-03-23 10:38:00 [INFO]     카드 발견: 10개
2026-03-23 10:38:00 [INFO]     카드 파싱 성공: 10건
2026-03-23 10:38:00 [INFO]     2024.07 p2: +7건 (페이지 10건)
2026-03-23 10:38:02 [INFO]     HTML 크기: 367697 bytes
2026-03-23 10:38:02 [INFO]     OaLkxeV3 포함: False
2026-03-23 10:38:02 [INFO]     GOWcekJV4 포함: False
2026-03-23 10:38:02 [INFO]     카드 발견: 10개
2026-03-23 10:38:02 [INFO]     카드 파싱 성공: 10건
2026-03-23 10:38:02 [INFO]     2024.07 p3: +10건 (페이지 10건)
2026-03-23 10:38:04 [INFO]     HTML 크기: 328021 bytes
2026-03-23 10:38:04 [INFO]     OaLkxeV3 포함: False
2026-03-23 10:38:04 [INFO]     GOWcekJV4 포함: False
2026-03-23 10:38:04 [INFO]     카드 발견: 10개
2026-03-23 10:38:04 [INFO]     카드 파싱 성공: 10건
2026-03-23 10:38:04 [INFO]     2024.07 p4: +10건 (페이지 10건)
2026-03-23 10:38:06 [INFO]     HTML 크기: 317002 bytes
2026-03-23 10:38:06 [INFO]     OaLkxeV3 포함: False
2026-03-23 10:38:06 [INFO]     GOWcekJV4 포함: False
2026-03-23 10:38:06 [INFO]     카드 발견: 10개
2026-03-23 10:38:06 [INFO]     카드 파싱 성공: 10건
2026-03-23 10:38:06 [INFO]     2024.07 p5: +10건 (페이지 10건)
2026-03-23 10:38:07 [INFO]     HTML 크기: 316494 bytes
2026-03-23 10:38:07 [INFO]     OaLkxeV3 포함: False
2026-03-23 10:38:07 [INFO]     GOWcekJV4 포함: False
2026-03-23 10:38:07 [INFO]     카드 발견: 10개
2026-03-23 10:38:07 [INFO]     카드 파싱 성공: 5건
2026-03-23 10:38:07 [INFO]     2024.07 p6: +5건 (페이지 5건)
2026-03-23 10:38:08 [INFO]     HTML 크기: 307045 bytes
2026-03-23 10:38:08 [INFO]     OaLkxeV3 포함: False
2026-03-23 10:38:08 [INFO]     GOWcekJV4 포함: False
2026-03-23 10:38:08 [INFO]     카드 발견: 10개
2026-03-23 10:38:08 [INFO]     카드 파싱 성공: 4건
2026-03-23 10:38:08 [INFO]     2024.07 p7: +4건 (페이지 4건)
2026-03-23 10:38:10 [INFO]     HTML 크기: 308959 bytes
2026-03-23 10:38:10 [INFO]     OaLkxeV3 포함: False
2026-03-23 10:38:10 [INFO]     GOWcekJV4 포함: False
2026-03-23 10:38:10 [INFO]     카드 발견: 10개
2026-03-23 10:38:10 [INFO]     카드 파싱 성공: 6건
2026-03-23 10:38:10 [INFO]     2024.07 p8: +6건 (페이지 6건)
2026-03-23 10:38:12 [INFO]     HTML 크기: 305568 bytes
2026-03-23 10:38:12 [INFO]     OaLkxeV3 포함: False
2026-03-23 10:38:12 [INFO]     GOWcekJV4 포함: False
2026-03-23 10:38:12 [INFO]     카드 발견: 10개
2026-03-23 10:38:12 [INFO]     카드 파싱 성공: 3건
2026-03-23 10:38:12 [INFO]     2024.07 p9: +3건 (페이지 3건)
2026-03-23 10:38:14 [INFO]     HTML 크기: 306532 bytes
2026-03-23 10:38:14 [INFO]     OaLkxeV3 포함: False
2026-03-23 10:38:14 [INFO]     GOWcekJV4 포함: False
2026-03-23 10:38:14 [INFO]     카드 발견: 10개
2026-03-23 10:38:14 [INFO]     카드 파싱 성공: 4건
2026-03-23 10:38:14 [INFO]     2024.07 p10: +4건 (페이지 4건)
2026-03-23 10:38:16 [INFO]     HTML 크기: 410869 bytes
2026-03-23 10:38:16 [INFO]     OaLkxeV3 포함: False
2026-03-23 10:38:16 [INFO]     GOWcekJV4 포함: False
2026-03-23 10:38:16 [INFO]     카드 발견: 10개
2026-03-23 10:38:16 [INFO]     카드 파싱 성공: 10건
2026-03-23 10:38:16 [INFO]     2024.07 p11: +8건 (페이지 10건)
2026-03-23 10:38:17 [INFO]     HTML 크기: 425241 bytes
2026-03-23 10:38:17 [INFO]     OaLkxeV3 포함: False
2026-03-23 10:38:17 [INFO]     GOWcekJV4 포함: False
2026-03-23 10:38:17 [INFO]     카드 발견: 10개
2026-03-23 10:38:17 [INFO]     카드 파싱 성공: 10건
2026-03-23 10:38:17 [INFO]     2024.07 p12: +3건 (페이지 10건)
2026-03-23 10:38:19 [INFO]     HTML 크기: 413371 bytes
2026-03-23 10:38:19 [INFO]     OaLkxeV3 포함: False
2026-03-23 10:38:19 [INFO]     GOWcekJV4 포함: False
2026-03-23 10:38:19 [INFO]     카드 발견: 10개
2026-03-23 10:38:19 [INFO]     카드 파싱 성공: 9건
2026-03-23 10:38:19 [INFO]     2024.07 p13: +4건 (페이지 9건)
2026-03-23 10:38:21 [INFO]     HTML 크기: 421133 bytes
2026-03-23 10:38:21 [INFO]     OaLkxeV3 포함: False
2026-03-23 10:38:21 [INFO]     GOWcekJV4 포함: False
2026-03-23 10:38:21 [INFO]     카드 발견: 10개
2026-03-23 10:38:21 [INFO]     카드 파싱 성공: 9건
2026-03-23 10:38:21 [INFO]     2024.07 p14: +6건 (페이지 9건)
2026-03-23 10:38:23 [INFO]     HTML 크기: 408540 bytes
2026-03-23 10:38:23 [INFO]     OaLkxeV3 포함: False
2026-03-23 10:38:23 [INFO]     GOWcekJV4 포함: False
2026-03-23 10:38:23 [INFO]     카드 발견: 10개
2026-03-23 10:38:23 [INFO]     카드 파싱 성공: 9건
2026-03-23 10:38:23 [INFO]     2024.07 p15: +5건 (페이지 9건)
2026-03-23 10:38:25 [INFO]     HTML 크기: 401784 bytes
2026-03-23 10:38:25 [INFO]     OaLkxeV3 포함: False
2026-03-23 10:38:25 [INFO]     GOWcekJV4 포함: False
2026-03-23 10:38:25 [INFO]     카드 발견: 10개
2026-03-23 10:38:25 [INFO]     카드 파싱 성공: 10건
2026-03-23 10:38:25 [INFO]     2024.07 p16: +6건 (페이지 10건)
2026-03-23 10:38:26 [INFO]     HTML 크기: 390150 bytes
2026-03-23 10:38:26 [INFO]     OaLkxeV3 포함: False
2026-03-23 10:38:26 [INFO]     GOWcekJV4 포함: False
2026-03-23 10:38:26 [INFO]     카드 발견: 10개
2026-03-23 10:38:26 [INFO]     카드 파싱 성공: 9건
2026-03-23 10:38:26 [INFO]     2024.07 p17: +5건 (페이지 9건)
2026-03-23 10:38:28 [INFO]     HTML 크기: 392146 bytes
2026-03-23 10:38:28 [INFO]     OaLkxeV3 포함: False
2026-03-23 10:38:28 [INFO]     GOWcekJV4 포함: False
2026-03-23 10:38:28 [INFO]     카드 발견: 10개
2026-03-23 10:38:28 [INFO]     카드 파싱 성공: 9건
2026-03-23 10:38:28 [INFO]     2024.07 p18: +4건 (페이지 9건)
2026-03-23 10:38:29 [INFO]     HTML 크기: 383136 bytes
2026-03-23 10:38:29 [INFO]     OaLkxeV3 포함: False
2026-03-23 10:38:29 [INFO]     GOWcekJV4 포함: False
2026-03-23 10:38:29 [INFO]     카드 발견: 10개
2026-03-23 10:38:29 [INFO]     카드 파싱 성공: 8건
2026-03-23 10:38:29 [INFO]     2024.07 p19: +4건 (페이지 8건)
2026-03-23 10:38:31 [INFO]     HTML 크기: 395610 bytes
2026-03-23 10:38:31 [INFO]     OaLkxeV3 포함: False
2026-03-23 10:38:31 [INFO]     GOWcekJV4 포함: False
2026-03-23 10:38:31 [INFO]     카드 발견: 10개
2026-03-23 10:38:31 [INFO]     카드 파싱 성공: 8건
2026-03-23 10:38:31 [INFO]     2024.07 p20: +6건 (페이지 8건)
2026-03-23 10:38:32 [INFO]     HTML 크기: 400511 bytes
2026-03-23 10:38:32 [INFO]     OaLkxeV3 포함: False
2026-03-23 10:38:32 [INFO]     GOWcekJV4 포함: False
2026-03-23 10:38:32 [INFO]     카드 발견: 10개
2026-03-23 10:38:32 [INFO]     카드 파싱 성공: 8건
2026-03-23 10:38:32 [INFO]     2024.07 p21: +2건 (페이지 8건)
2026-03-23 10:38:34 [INFO]     HTML 크기: 401519 bytes
2026-03-23 10:38:34 [INFO]     OaLkxeV3 포함: False
2026-03-23 10:38:34 [INFO]     GOWcekJV4 포함: False
2026-03-23 10:38:34 [INFO]     카드 발견: 10개
2026-03-23 10:38:34 [INFO]     카드 파싱 성공: 8건
2026-03-23 10:38:34 [INFO]     2024.07 p22: +6건 (페이지 8건)
2026-03-23 10:38:36 [INFO]     HTML 크기: 405416 bytes
2026-03-23 10:38:36 [INFO]     OaLkxeV3 포함: False
2026-03-23 10:38:36 [INFO]     GOWcekJV4 포함: False
2026-03-23 10:38:36 [INFO]     카드 발견: 10개
2026-03-23 10:38:36 [INFO]     카드 파싱 성공: 8건
2026-03-23 10:38:36 [INFO]     2024.07 p23: +4건 (페이지 8건)
2026-03-23 10:38:37 [INFO]     HTML 크기: 419253 bytes
2026-03-23 10:38:37 [INFO]     OaLkxeV3 포함: False
2026-03-23 10:38:37 [INFO]     GOWcekJV4 포함: False
2026-03-23 10:38:37 [INFO]     카드 발견: 10개
2026-03-23 10:38:37 [INFO]     카드 파싱 성공: 7건
2026-03-23 10:38:37 [INFO]     2024.07 p24: +5건 (페이지 7건)
2026-03-23 10:38:39 [INFO]     HTML 크기: 403084 bytes
2026-03-23 10:38:39 [INFO]     OaLkxeV3 포함: False
2026-03-23 10:38:39 [INFO]     GOWcekJV4 포함: False
2026-03-23 10:38:39 [INFO]     카드 발견: 10개
2026-03-23 10:38:39 [INFO]     카드 파싱 성공: 6건
2026-03-23 10:38:39 [INFO]     2024.07 p25: +2건 (페이지 6건)
2026-03-23 10:38:41 [INFO]     HTML 크기: 388059 bytes
2026-03-23 10:38:41 [INFO]     OaLkxeV3 포함: False
2026-03-23 10:38:41 [INFO]     GOWcekJV4 포함: False
2026-03-23 10:38:41 [INFO]     카드 발견: 10개
2026-03-23 10:38:41 [INFO]     카드 파싱 성공: 6건
2026-03-23 10:38:41 [INFO]     2024.07 p26: +4건 (페이지 6건)
2026-03-23 10:38:43 [INFO]     HTML 크기: 406235 bytes
2026-03-23 10:38:43 [INFO]     OaLkxeV3 포함: False
2026-03-23 10:38:43 [INFO]     GOWcekJV4 포함: False
2026-03-23 10:38:43 [INFO]     카드 발견: 10개
2026-03-23 10:38:43 [INFO]     카드 파싱 성공: 6건
2026-03-23 10:38:43 [INFO]     2024.07 p27: +4건 (페이지 6건)
2026-03-23 10:38:44 [INFO]     HTML 크기: 398005 bytes
2026-03-23 10:38:44 [INFO]     OaLkxeV3 포함: False
2026-03-23 10:38:44 [INFO]     GOWcekJV4 포함: False
2026-03-23 10:38:44 [INFO]     카드 발견: 10개
2026-03-23 10:38:44 [INFO]     카드 파싱 성공: 6건
2026-03-23 10:38:44 [INFO]     2024.07 p28: +3건 (페이지 6건)
2026-03-23 10:38:46 [INFO]     HTML 크기: 376362 bytes
2026-03-23 10:38:46 [INFO]     OaLkxeV3 포함: False
2026-03-23 10:38:46 [INFO]     GOWcekJV4 포함: False
2026-03-23 10:38:46 [INFO]     카드 발견: 10개
2026-03-23 10:38:46 [INFO]     카드 파싱 성공: 6건
2026-03-23 10:38:46 [INFO]     2024.07 p29: +0건 (페이지 6건)
2026-03-23 10:38:47 [INFO]   2024.07 완료: +150건 (누적 4392개)
2026-03-23 10:38:48 [INFO]     HTML 크기: 421972 bytes
2026-03-23 10:38:48 [INFO]     OaLkxeV3 포함: False
2026-03-23 10:38:48 [INFO]     GOWcekJV4 포함: False
2026-03-23 10:38:48 [INFO]     카드 발견: 10개
2026-03-23 10:38:48 [INFO]     카드 파싱 성공: 9건
2026-03-23 10:38:48 [INFO]     2024.08 p1: +9건 (페이지 9건)
2026-03-23 10:38:49 [INFO]     HTML 크기: 345436 bytes
2026-03-23 10:38:49 [INFO]     OaLkxeV3 포함: False
2026-03-23 10:38:49 [INFO]     GOWcekJV4 포함: False
2026-03-23 10:38:49 [INFO]     카드 발견: 10개
2026-03-23 10:38:49 [INFO]     카드 파싱 성공: 10건
2026-03-23 10:38:49 [INFO]     2024.08 p2: +9건 (페이지 10건)
2026-03-23 10:38:51 [INFO]     HTML 크기: 351764 bytes
2026-03-23 10:38:51 [INFO]     OaLkxeV3 포함: False
2026-03-23 10:38:51 [INFO]     GOWcekJV4 포함: False
2026-03-23 10:38:51 [INFO]     카드 발견: 10개
2026-03-23 10:38:51 [INFO]     카드 파싱 성공: 9건
2026-03-23 10:38:51 [INFO]     2024.08 p3: +9건 (페이지 9건)
2026-03-23 10:38:53 [INFO]     HTML 크기: 316654 bytes
2026-03-23 10:38:53 [INFO]     OaLkxeV3 포함: False
2026-03-23 10:38:53 [INFO]     GOWcekJV4 포함: False
2026-03-23 10:38:53 [INFO]     카드 발견: 10개
2026-03-23 10:38:53 [INFO]     카드 파싱 성공: 10건
2026-03-23 10:38:53 [INFO]     2024.08 p4: +10건 (페이지 10건)
2026-03-23 10:38:54 [INFO]     HTML 크기: 317774 bytes
2026-03-23 10:38:54 [INFO]     OaLkxeV3 포함: False
2026-03-23 10:38:54 [INFO]     GOWcekJV4 포함: False
2026-03-23 10:38:54 [INFO]     카드 발견: 10개
2026-03-23 10:38:54 [INFO]     카드 파싱 성공: 8건
2026-03-23 10:38:54 [INFO]     2024.08 p5: +8건 (페이지 8건)
2026-03-23 10:38:56 [INFO]     HTML 크기: 306599 bytes
2026-03-23 10:38:56 [INFO]     OaLkxeV3 포함: False
2026-03-23 10:38:56 [INFO]     GOWcekJV4 포함: False
2026-03-23 10:38:56 [INFO]     카드 발견: 10개
2026-03-23 10:38:56 [INFO]     카드 파싱 성공: 2건
2026-03-23 10:38:56 [INFO]     2024.08 p6: +2건 (페이지 2건)
2026-03-23 10:38:57 [INFO]     HTML 크기: 308923 bytes
2026-03-23 10:38:57 [INFO]     OaLkxeV3 포함: False
2026-03-23 10:38:57 [INFO]     GOWcekJV4 포함: False
2026-03-23 10:38:57 [INFO]     카드 발견: 10개
2026-03-23 10:38:57 [INFO]     카드 파싱 성공: 5건
2026-03-23 10:38:57 [INFO]     2024.08 p7: +5건 (페이지 5건)
2026-03-23 10:38:59 [INFO]     HTML 크기: 308455 bytes
2026-03-23 10:38:59 [INFO]     OaLkxeV3 포함: False
2026-03-23 10:38:59 [INFO]     GOWcekJV4 포함: False
2026-03-23 10:38:59 [INFO]     카드 발견: 10개
2026-03-23 10:38:59 [INFO]     카드 파싱 성공: 5건
2026-03-23 10:38:59 [INFO]     2024.08 p8: +5건 (페이지 5건)
2026-03-23 10:39:01 [INFO]     HTML 크기: 309133 bytes
2026-03-23 10:39:01 [INFO]     OaLkxeV3 포함: False
2026-03-23 10:39:01 [INFO]     GOWcekJV4 포함: False
2026-03-23 10:39:01 [INFO]     카드 발견: 10개
2026-03-23 10:39:01 [INFO]     카드 파싱 성공: 6건
2026-03-23 10:39:01 [INFO]     2024.08 p9: +6건 (페이지 6건)
2026-03-23 10:39:03 [INFO]     HTML 크기: 305761 bytes
2026-03-23 10:39:03 [INFO]     OaLkxeV3 포함: False
2026-03-23 10:39:03 [INFO]     GOWcekJV4 포함: False
2026-03-23 10:39:03 [INFO]     카드 발견: 10개
2026-03-23 10:39:03 [INFO]     카드 파싱 성공: 2건
2026-03-23 10:39:03 [INFO]     2024.08 p10: +2건 (페이지 2건)
2026-03-23 10:39:04 [INFO]     HTML 크기: 419521 bytes
2026-03-23 10:39:04 [INFO]     OaLkxeV3 포함: False
2026-03-23 10:39:04 [INFO]     GOWcekJV4 포함: False
2026-03-23 10:39:04 [INFO]     카드 발견: 10개
2026-03-23 10:39:04 [INFO]     카드 파싱 성공: 9건
2026-03-23 10:39:04 [INFO]     2024.08 p11: +6건 (페이지 9건)
2026-03-23 10:39:06 [INFO]     HTML 크기: 416164 bytes
2026-03-23 10:39:06 [INFO]     OaLkxeV3 포함: False
2026-03-23 10:39:06 [INFO]     GOWcekJV4 포함: False
2026-03-23 10:39:06 [INFO]     카드 발견: 10개
2026-03-23 10:39:06 [INFO]     카드 파싱 성공: 8건
2026-03-23 10:39:06 [INFO]     2024.08 p12: +3건 (페이지 8건)
2026-03-23 10:39:08 [INFO]     HTML 크기: 405147 bytes
2026-03-23 10:39:08 [INFO]     OaLkxeV3 포함: False
2026-03-23 10:39:08 [INFO]     GOWcekJV4 포함: False
2026-03-23 10:39:08 [INFO]     카드 발견: 10개
2026-03-23 10:39:08 [INFO]     카드 파싱 성공: 5건
2026-03-23 10:39:08 [INFO]     2024.08 p13: +4건 (페이지 5건)
2026-03-23 10:39:10 [INFO]     HTML 크기: 403099 bytes
2026-03-23 10:39:10 [INFO]     OaLkxeV3 포함: False
2026-03-23 10:39:10 [INFO]     GOWcekJV4 포함: False
2026-03-23 10:39:10 [INFO]     카드 발견: 10개
2026-03-23 10:39:10 [INFO]     카드 파싱 성공: 7건
2026-03-23 10:39:10 [INFO]     2024.08 p14: +2건 (페이지 7건)
2026-03-23 10:39:12 [INFO]     HTML 크기: 382585 bytes
2026-03-23 10:39:12 [INFO]     OaLkxeV3 포함: False
2026-03-23 10:39:12 [INFO]     GOWcekJV4 포함: False
2026-03-23 10:39:12 [INFO]     카드 발견: 10개
2026-03-23 10:39:12 [INFO]     카드 파싱 성공: 6건
2026-03-23 10:39:12 [INFO]     2024.08 p15: +2건 (페이지 6건)
2026-03-23 10:39:13 [INFO]     HTML 크기: 366594 bytes
2026-03-23 10:39:13 [INFO]     OaLkxeV3 포함: False
2026-03-23 10:39:13 [INFO]     GOWcekJV4 포함: False
2026-03-23 10:39:13 [INFO]     카드 발견: 10개
2026-03-23 10:39:13 [INFO]     카드 파싱 성공: 8건
2026-03-23 10:39:13 [INFO]     2024.08 p16: +2건 (페이지 8건)
2026-03-23 10:39:15 [INFO]     HTML 크기: 374207 bytes
2026-03-23 10:39:15 [INFO]     OaLkxeV3 포함: False
2026-03-23 10:39:15 [INFO]     GOWcekJV4 포함: False
2026-03-23 10:39:15 [INFO]     카드 발견: 10개
2026-03-23 10:39:15 [INFO]     카드 파싱 성공: 8건
2026-03-23 10:39:15 [INFO]     2024.08 p17: +3건 (페이지 8건)
2026-03-23 10:39:17 [INFO]     HTML 크기: 365242 bytes
2026-03-23 10:39:17 [INFO]     OaLkxeV3 포함: False
2026-03-23 10:39:17 [INFO]     GOWcekJV4 포함: False
2026-03-23 10:39:17 [INFO]     카드 발견: 10개
2026-03-23 10:39:17 [INFO]     카드 파싱 성공: 7건
2026-03-23 10:39:17 [INFO]     2024.08 p18: +2건 (페이지 7건)
2026-03-23 10:39:19 [INFO]     HTML 크기: 392289 bytes
2026-03-23 10:39:19 [INFO]     OaLkxeV3 포함: False
2026-03-23 10:39:19 [INFO]     GOWcekJV4 포함: False
2026-03-23 10:39:19 [INFO]     카드 발견: 10개
2026-03-23 10:39:19 [INFO]     카드 파싱 성공: 4건
2026-03-23 10:39:19 [INFO]     2024.08 p19: +1건 (페이지 4건)
2026-03-23 10:39:20 [INFO]     HTML 크기: 414677 bytes
2026-03-23 10:39:20 [INFO]     OaLkxeV3 포함: False
2026-03-23 10:39:20 [INFO]     GOWcekJV4 포함: False
2026-03-23 10:39:20 [INFO]     카드 발견: 10개
2026-03-23 10:39:20 [INFO]     카드 파싱 성공: 3건
2026-03-23 10:39:20 [INFO]     2024.08 p20: +2건 (페이지 3건)
2026-03-23 10:39:22 [INFO]     HTML 크기: 415694 bytes
2026-03-23 10:39:22 [INFO]     OaLkxeV3 포함: False
2026-03-23 10:39:22 [INFO]     GOWcekJV4 포함: False
2026-03-23 10:39:22 [INFO]     카드 발견: 10개
2026-03-23 10:39:22 [INFO]     카드 파싱 성공: 6건
2026-03-23 10:39:22 [INFO]     2024.08 p21: +2건 (페이지 6건)
2026-03-23 10:39:24 [INFO]     HTML 크기: 383727 bytes
2026-03-23 10:39:24 [INFO]     OaLkxeV3 포함: False
2026-03-23 10:39:24 [INFO]     GOWcekJV4 포함: False
2026-03-23 10:39:24 [INFO]     카드 발견: 10개
2026-03-23 10:39:24 [INFO]     카드 파싱 성공: 8건
2026-03-23 10:39:24 [INFO]     2024.08 p22: +3건 (페이지 8건)
2026-03-23 10:39:26 [INFO]     HTML 크기: 405555 bytes
2026-03-23 10:39:26 [INFO]     OaLkxeV3 포함: False
2026-03-23 10:39:26 [INFO]     GOWcekJV4 포함: False
2026-03-23 10:39:26 [INFO]     카드 발견: 10개
2026-03-23 10:39:26 [INFO]     카드 파싱 성공: 5건
2026-03-23 10:39:26 [INFO]     2024.08 p23: +3건 (페이지 5건)
2026-03-23 10:39:27 [INFO]     HTML 크기: 389134 bytes
2026-03-23 10:39:27 [INFO]     OaLkxeV3 포함: False
2026-03-23 10:39:27 [INFO]     GOWcekJV4 포함: False
2026-03-23 10:39:27 [INFO]     카드 발견: 10개
2026-03-23 10:39:27 [INFO]     카드 파싱 성공: 7건
2026-03-23 10:39:27 [INFO]     2024.08 p24: +5건 (페이지 7건)
2026-03-23 10:39:29 [INFO]     HTML 크기: 384176 bytes
2026-03-23 10:39:29 [INFO]     OaLkxeV3 포함: False
2026-03-23 10:39:29 [INFO]     GOWcekJV4 포함: False
2026-03-23 10:39:29 [INFO]     카드 발견: 10개
2026-03-23 10:39:29 [INFO]     카드 파싱 성공: 4건
2026-03-23 10:39:29 [INFO]     2024.08 p25: +1건 (페이지 4건)
2026-03-23 10:39:31 [INFO]     HTML 크기: 378929 bytes
2026-03-23 10:39:31 [INFO]     OaLkxeV3 포함: False
2026-03-23 10:39:31 [INFO]     GOWcekJV4 포함: False
2026-03-23 10:39:31 [INFO]     카드 발견: 10개
2026-03-23 10:39:31 [INFO]     카드 파싱 성공: 5건
2026-03-23 10:39:31 [INFO]     2024.08 p26: +3건 (페이지 5건)
2026-03-23 10:39:32 [INFO]     HTML 크기: 389959 bytes
2026-03-23 10:39:32 [INFO]     OaLkxeV3 포함: False
2026-03-23 10:39:32 [INFO]     GOWcekJV4 포함: False
2026-03-23 10:39:32 [INFO]     카드 발견: 10개
2026-03-23 10:39:32 [INFO]     카드 파싱 성공: 7건
2026-03-23 10:39:32 [INFO]     2024.08 p27: +5건 (페이지 7건)
2026-03-23 10:39:34 [INFO]     HTML 크기: 395357 bytes
2026-03-23 10:39:34 [INFO]     OaLkxeV3 포함: False
2026-03-23 10:39:34 [INFO]     GOWcekJV4 포함: False
2026-03-23 10:39:34 [INFO]     카드 발견: 10개
2026-03-23 10:39:34 [INFO]     카드 파싱 성공: 5건
2026-03-23 10:39:34 [INFO]     2024.08 p28: +3건 (페이지 5건)
2026-03-23 10:39:36 [INFO]     HTML 크기: 391743 bytes
2026-03-23 10:39:36 [INFO]     OaLkxeV3 포함: False
2026-03-23 10:39:36 [INFO]     GOWcekJV4 포함: False
2026-03-23 10:39:36 [INFO]     카드 발견: 10개
2026-03-23 10:39:36 [INFO]     카드 파싱 성공: 5건
2026-03-23 10:39:36 [INFO]     2024.08 p29: +0건 (페이지 5건)
2026-03-23 10:39:37 [INFO]   2024.08 완료: +117건 (누적 4509개)
2026-03-23 10:39:37 [INFO]     HTML 크기: 398490 bytes
2026-03-23 10:39:37 [INFO]     OaLkxeV3 포함: False
2026-03-23 10:39:37 [INFO]     GOWcekJV4 포함: False
2026-03-23 10:39:37 [INFO]     카드 발견: 10개
2026-03-23 10:39:37 [INFO]     카드 파싱 성공: 9건
2026-03-23 10:39:37 [INFO]     2024.09 p1: +9건 (페이지 9건)
2026-03-23 10:39:39 [INFO]     HTML 크기: 329477 bytes
2026-03-23 10:39:39 [INFO]     OaLkxeV3 포함: False
2026-03-23 10:39:39 [INFO]     GOWcekJV4 포함: False
2026-03-23 10:39:39 [INFO]     카드 발견: 10개
2026-03-23 10:39:39 [INFO]     카드 파싱 성공: 8건
2026-03-23 10:39:39 [INFO]     2024.09 p2: +7건 (페이지 8건)
2026-03-23 10:39:41 [INFO]     HTML 크기: 318853 bytes
2026-03-23 10:39:41 [INFO]     OaLkxeV3 포함: False
2026-03-23 10:39:41 [INFO]     GOWcekJV4 포함: False
2026-03-23 10:39:41 [INFO]     카드 발견: 10개
2026-03-23 10:39:41 [INFO]     카드 파싱 성공: 8건
2026-03-23 10:39:41 [INFO]     2024.09 p3: +8건 (페이지 8건)
2026-03-23 10:39:43 [INFO]     HTML 크기: 320231 bytes
2026-03-23 10:39:43 [INFO]     OaLkxeV3 포함: False
2026-03-23 10:39:43 [INFO]     GOWcekJV4 포함: False
2026-03-23 10:39:43 [INFO]     카드 발견: 10개
2026-03-23 10:39:43 [INFO]     카드 파싱 성공: 5건
2026-03-23 10:39:43 [INFO]     2024.09 p4: +5건 (페이지 5건)
2026-03-23 10:39:44 [INFO]     HTML 크기: 306504 bytes
2026-03-23 10:39:44 [INFO]     OaLkxeV3 포함: False
2026-03-23 10:39:44 [INFO]     GOWcekJV4 포함: False
2026-03-23 10:39:44 [INFO]     카드 발견: 10개
2026-03-23 10:39:44 [INFO]     카드 파싱 성공: 3건
2026-03-23 10:39:44 [INFO]     2024.09 p5: +3건 (페이지 3건)
2026-03-23 10:39:46 [INFO]     HTML 크기: 308728 bytes
2026-03-23 10:39:46 [INFO]     OaLkxeV3 포함: False
2026-03-23 10:39:46 [INFO]     GOWcekJV4 포함: False
2026-03-23 10:39:46 [INFO]     카드 발견: 10개
2026-03-23 10:39:46 [INFO]     카드 파싱 성공: 7건
2026-03-23 10:39:46 [INFO]     2024.09 p6: +7건 (페이지 7건)
2026-03-23 10:39:47 [INFO]     HTML 크기: 311380 bytes
2026-03-23 10:39:47 [INFO]     OaLkxeV3 포함: False
2026-03-23 10:39:47 [INFO]     GOWcekJV4 포함: False
2026-03-23 10:39:47 [INFO]     카드 발견: 10개
2026-03-23 10:39:47 [INFO]     카드 파싱 성공: 9건
2026-03-23 10:39:47 [INFO]     2024.09 p7: +9건 (페이지 9건)
2026-03-23 10:39:49 [INFO]     HTML 크기: 308922 bytes
2026-03-23 10:39:49 [INFO]     OaLkxeV3 포함: False
2026-03-23 10:39:49 [INFO]     GOWcekJV4 포함: False
2026-03-23 10:39:49 [INFO]     카드 발견: 10개
2026-03-23 10:39:49 [INFO]     카드 파싱 성공: 5건
2026-03-23 10:39:49 [INFO]     2024.09 p8: +5건 (페이지 5건)
2026-03-23 10:39:51 [INFO]     HTML 크기: 306954 bytes
2026-03-23 10:39:51 [INFO]     OaLkxeV3 포함: False
2026-03-23 10:39:51 [INFO]     GOWcekJV4 포함: False
2026-03-23 10:39:51 [INFO]     카드 발견: 10개
2026-03-23 10:39:51 [INFO]     카드 파싱 성공: 4건
2026-03-23 10:39:51 [INFO]     2024.09 p9: +4건 (페이지 4건)
2026-03-23 10:39:52 [INFO]     HTML 크기: 306602 bytes
2026-03-23 10:39:52 [INFO]     OaLkxeV3 포함: False
2026-03-23 10:39:52 [INFO]     GOWcekJV4 포함: False
2026-03-23 10:39:52 [INFO]     카드 발견: 10개
2026-03-23 10:39:52 [INFO]     카드 파싱 성공: 4건
2026-03-23 10:39:52 [INFO]     2024.09 p10: +4건 (페이지 4건)
2026-03-23 10:39:54 [INFO]     HTML 크기: 395674 bytes
2026-03-23 10:39:54 [INFO]     OaLkxeV3 포함: False
2026-03-23 10:39:54 [INFO]     GOWcekJV4 포함: False
2026-03-23 10:39:54 [INFO]     카드 발견: 10개
2026-03-23 10:39:54 [INFO]     카드 파싱 성공: 7건
2026-03-23 10:39:54 [INFO]     2024.09 p11: +4건 (페이지 7건)
2026-03-23 10:39:56 [INFO]     HTML 크기: 384931 bytes
2026-03-23 10:39:56 [INFO]     OaLkxeV3 포함: False
2026-03-23 10:39:56 [INFO]     GOWcekJV4 포함: False
2026-03-23 10:39:56 [INFO]     카드 발견: 10개
2026-03-23 10:39:56 [INFO]     카드 파싱 성공: 7건
2026-03-23 10:39:56 [INFO]     2024.09 p12: +0건 (페이지 7건)
2026-03-23 10:39:57 [INFO]   2024.09 완료: +65건 (누적 4574개)
2026-03-23 10:39:57 [INFO]     HTML 크기: 397185 bytes
2026-03-23 10:39:57 [INFO]     OaLkxeV3 포함: False
2026-03-23 10:39:57 [INFO]     GOWcekJV4 포함: False
2026-03-23 10:39:57 [INFO]     카드 발견: 10개
2026-03-23 10:39:57 [INFO]     카드 파싱 성공: 10건
2026-03-23 10:39:57 [INFO]     2024.10 p1: +10건 (페이지 10건)
2026-03-23 10:39:59 [INFO]     HTML 크기: 411515 bytes
2026-03-23 10:39:59 [INFO]     OaLkxeV3 포함: False
2026-03-23 10:39:59 [INFO]     GOWcekJV4 포함: False
2026-03-23 10:39:59 [INFO]     카드 발견: 10개
2026-03-23 10:39:59 [INFO]     카드 파싱 성공: 10건
2026-03-23 10:39:59 [INFO]     2024.10 p2: +9건 (페이지 10건)
2026-03-23 10:40:01 [INFO]     HTML 크기: 364457 bytes
2026-03-23 10:40:01 [INFO]     OaLkxeV3 포함: False
2026-03-23 10:40:01 [INFO]     GOWcekJV4 포함: False
2026-03-23 10:40:01 [INFO]     카드 발견: 10개
2026-03-23 10:40:01 [INFO]     카드 파싱 성공: 10건
2026-03-23 10:40:01 [INFO]     2024.10 p3: +10건 (페이지 10건)
2026-03-23 10:40:03 [INFO]     HTML 크기: 366329 bytes
2026-03-23 10:40:03 [INFO]     OaLkxeV3 포함: False
2026-03-23 10:40:03 [INFO]     GOWcekJV4 포함: False
2026-03-23 10:40:03 [INFO]     카드 발견: 10개
2026-03-23 10:40:03 [INFO]     카드 파싱 성공: 10건
2026-03-23 10:40:03 [INFO]     2024.10 p4: +10건 (페이지 10건)
2026-03-23 10:40:04 [INFO]     HTML 크기: 346632 bytes
2026-03-23 10:40:04 [INFO]     OaLkxeV3 포함: False
2026-03-23 10:40:04 [INFO]     GOWcekJV4 포함: False
2026-03-23 10:40:04 [INFO]     카드 발견: 10개
2026-03-23 10:40:04 [INFO]     카드 파싱 성공: 10건
2026-03-23 10:40:04 [INFO]     2024.10 p5: +10건 (페이지 10건)
2026-03-23 10:40:06 [INFO]     HTML 크기: 326199 bytes
2026-03-23 10:40:06 [INFO]     OaLkxeV3 포함: False
2026-03-23 10:40:06 [INFO]     GOWcekJV4 포함: False
2026-03-23 10:40:06 [INFO]     카드 발견: 10개
2026-03-23 10:40:06 [INFO]     카드 파싱 성공: 9건
2026-03-23 10:40:06 [INFO]     2024.10 p6: +9건 (페이지 9건)
2026-03-23 10:40:07 [INFO]     HTML 크기: 315083 bytes
2026-03-23 10:40:07 [INFO]     OaLkxeV3 포함: False
2026-03-23 10:40:07 [INFO]     GOWcekJV4 포함: False
2026-03-23 10:40:07 [INFO]     카드 발견: 10개
2026-03-23 10:40:07 [INFO]     카드 파싱 성공: 9건
2026-03-23 10:40:07 [INFO]     2024.10 p7: +9건 (페이지 9건)
2026-03-23 10:40:09 [INFO]     HTML 크기: 306495 bytes
2026-03-23 10:40:09 [INFO]     OaLkxeV3 포함: False
2026-03-23 10:40:09 [INFO]     GOWcekJV4 포함: False
2026-03-23 10:40:09 [INFO]     카드 발견: 10개
2026-03-23 10:40:09 [INFO]     카드 파싱 성공: 3건
2026-03-23 10:40:09 [INFO]     2024.10 p8: +3건 (페이지 3건)
2026-03-23 10:40:11 [INFO]     HTML 크기: 304832 bytes
2026-03-23 10:40:11 [INFO]     OaLkxeV3 포함: False
2026-03-23 10:40:11 [INFO]     GOWcekJV4 포함: False
2026-03-23 10:40:11 [INFO]     카드 발견: 10개
2026-03-23 10:40:11 [INFO]     카드 파싱 성공: 2건
2026-03-23 10:40:11 [INFO]     2024.10 p9: +2건 (페이지 2건)
2026-03-23 10:40:12 [INFO]     HTML 크기: 309453 bytes
2026-03-23 10:40:12 [INFO]     OaLkxeV3 포함: False
2026-03-23 10:40:12 [INFO]     GOWcekJV4 포함: False
2026-03-23 10:40:12 [INFO]     카드 발견: 10개
2026-03-23 10:40:12 [INFO]     카드 파싱 성공: 6건
2026-03-23 10:40:12 [INFO]     2024.10 p10: +6건 (페이지 6건)
2026-03-23 10:40:14 [INFO]     HTML 크기: 391667 bytes
2026-03-23 10:40:14 [INFO]     OaLkxeV3 포함: False
2026-03-23 10:40:14 [INFO]     GOWcekJV4 포함: False
2026-03-23 10:40:14 [INFO]     카드 발견: 10개
2026-03-23 10:40:14 [INFO]     카드 파싱 성공: 10건
2026-03-23 10:40:14 [INFO]     2024.10 p11: +9건 (페이지 10건)
2026-03-23 10:40:16 [INFO]     HTML 크기: 413551 bytes
2026-03-23 10:40:16 [INFO]     OaLkxeV3 포함: False
2026-03-23 10:40:16 [INFO]     GOWcekJV4 포함: False
2026-03-23 10:40:16 [INFO]     카드 발견: 10개
2026-03-23 10:40:16 [INFO]     카드 파싱 성공: 9건
2026-03-23 10:40:16 [INFO]     2024.10 p12: +6건 (페이지 9건)
2026-03-23 10:40:18 [INFO]     HTML 크기: 399730 bytes
2026-03-23 10:40:18 [INFO]     OaLkxeV3 포함: False
2026-03-23 10:40:18 [INFO]     GOWcekJV4 포함: False
2026-03-23 10:40:18 [INFO]     카드 발견: 10개
2026-03-23 10:40:18 [INFO]     카드 파싱 성공: 10건
2026-03-23 10:40:18 [INFO]     2024.10 p13: +6건 (페이지 10건)
2026-03-23 10:40:19 [INFO]     HTML 크기: 408848 bytes
2026-03-23 10:40:19 [INFO]     OaLkxeV3 포함: False
2026-03-23 10:40:19 [INFO]     GOWcekJV4 포함: False
2026-03-23 10:40:19 [INFO]     카드 발견: 10개
2026-03-23 10:40:19 [INFO]     카드 파싱 성공: 9건
2026-03-23 10:40:19 [INFO]     2024.10 p14: +6건 (페이지 9건)
2026-03-23 10:40:21 [INFO]     HTML 크기: 391705 bytes
2026-03-23 10:40:21 [INFO]     OaLkxeV3 포함: False
2026-03-23 10:40:21 [INFO]     GOWcekJV4 포함: False
2026-03-23 10:40:21 [INFO]     카드 발견: 10개
2026-03-23 10:40:21 [INFO]     카드 파싱 성공: 9건
2026-03-23 10:40:21 [INFO]     2024.10 p15: +5건 (페이지 9건)
2026-03-23 10:40:22 [INFO]     HTML 크기: 388619 bytes
2026-03-23 10:40:22 [INFO]     OaLkxeV3 포함: False
2026-03-23 10:40:22 [INFO]     GOWcekJV4 포함: False
2026-03-23 10:40:22 [INFO]     카드 발견: 10개
2026-03-23 10:40:22 [INFO]     카드 파싱 성공: 10건
2026-03-23 10:40:22 [INFO]     2024.10 p16: +3건 (페이지 10건)
2026-03-23 10:40:24 [INFO]     HTML 크기: 383355 bytes
2026-03-23 10:40:24 [INFO]     OaLkxeV3 포함: False
2026-03-23 10:40:24 [INFO]     GOWcekJV4 포함: False
2026-03-23 10:40:24 [INFO]     카드 발견: 10개
2026-03-23 10:40:24 [INFO]     카드 파싱 성공: 8건
2026-03-23 10:40:24 [INFO]     2024.10 p17: +4건 (페이지 8건)
2026-03-23 10:40:26 [INFO]     HTML 크기: 377150 bytes
2026-03-23 10:40:26 [INFO]     OaLkxeV3 포함: False
2026-03-23 10:40:26 [INFO]     GOWcekJV4 포함: False
2026-03-23 10:40:26 [INFO]     카드 발견: 10개
2026-03-23 10:40:26 [INFO]     카드 파싱 성공: 9건
2026-03-23 10:40:26 [INFO]     2024.10 p18: +7건 (페이지 9건)
2026-03-23 10:40:28 [INFO]     HTML 크기: 393201 bytes
2026-03-23 10:40:28 [INFO]     OaLkxeV3 포함: False
2026-03-23 10:40:28 [INFO]     GOWcekJV4 포함: False
2026-03-23 10:40:28 [INFO]     카드 발견: 10개
2026-03-23 10:40:28 [INFO]     카드 파싱 성공: 9건
2026-03-23 10:40:28 [INFO]     2024.10 p19: +6건 (페이지 9건)
2026-03-23 10:40:29 [INFO]     HTML 크기: 369763 bytes
2026-03-23 10:40:29 [INFO]     OaLkxeV3 포함: False
2026-03-23 10:40:29 [INFO]     GOWcekJV4 포함: False
2026-03-23 10:40:29 [INFO]     카드 발견: 10개
2026-03-23 10:40:29 [INFO]     카드 파싱 성공: 9건
2026-03-23 10:40:29 [INFO]     2024.10 p20: +4건 (페이지 9건)
2026-03-23 10:40:31 [INFO]     HTML 크기: 347704 bytes
2026-03-23 10:40:31 [INFO]     OaLkxeV3 포함: False
2026-03-23 10:40:31 [INFO]     GOWcekJV4 포함: False
2026-03-23 10:40:31 [INFO]     카드 발견: 10개
2026-03-23 10:40:31 [INFO]     카드 파싱 성공: 9건
2026-03-23 10:40:31 [INFO]     2024.10 p21: +4건 (페이지 9건)
2026-03-23 10:40:32 [INFO]     HTML 크기: 426803 bytes
2026-03-23 10:40:32 [INFO]     OaLkxeV3 포함: False
2026-03-23 10:40:32 [INFO]     GOWcekJV4 포함: False
2026-03-23 10:40:32 [INFO]     카드 발견: 10개
2026-03-23 10:40:32 [INFO]     카드 파싱 성공: 5건
2026-03-23 10:40:32 [INFO]     2024.10 p22: +3건 (페이지 5건)
2026-03-23 10:40:34 [INFO]     HTML 크기: 408239 bytes
2026-03-23 10:40:34 [INFO]     OaLkxeV3 포함: False
2026-03-23 10:40:34 [INFO]     GOWcekJV4 포함: False
2026-03-23 10:40:34 [INFO]     카드 발견: 10개
2026-03-23 10:40:34 [INFO]     카드 파싱 성공: 7건
2026-03-23 10:40:34 [INFO]     2024.10 p23: +4건 (페이지 7건)
2026-03-23 10:40:36 [INFO]     HTML 크기: 386665 bytes
2026-03-23 10:40:36 [INFO]     OaLkxeV3 포함: False
2026-03-23 10:40:36 [INFO]     GOWcekJV4 포함: False
2026-03-23 10:40:36 [INFO]     카드 발견: 10개
2026-03-23 10:40:36 [INFO]     카드 파싱 성공: 5건
2026-03-23 10:40:36 [INFO]     2024.10 p24: +3건 (페이지 5건)
2026-03-23 10:40:38 [INFO]     HTML 크기: 378776 bytes
2026-03-23 10:40:38 [INFO]     OaLkxeV3 포함: False
2026-03-23 10:40:38 [INFO]     GOWcekJV4 포함: False
2026-03-23 10:40:38 [INFO]     카드 발견: 10개
2026-03-23 10:40:38 [INFO]     카드 파싱 성공: 7건
2026-03-23 10:40:38 [INFO]     2024.10 p25: +4건 (페이지 7건)
2026-03-23 10:40:40 [INFO]     HTML 크기: 372515 bytes
2026-03-23 10:40:40 [INFO]     OaLkxeV3 포함: False
2026-03-23 10:40:40 [INFO]     GOWcekJV4 포함: False
2026-03-23 10:40:40 [INFO]     카드 발견: 10개
2026-03-23 10:40:40 [INFO]     카드 파싱 성공: 7건
2026-03-23 10:40:40 [INFO]     2024.10 p26: +2건 (페이지 7건)
2026-03-23 10:40:42 [INFO]     HTML 크기: 399895 bytes
2026-03-23 10:40:42 [INFO]     OaLkxeV3 포함: False
2026-03-23 10:40:42 [INFO]     GOWcekJV4 포함: False
2026-03-23 10:40:42 [INFO]     카드 발견: 10개
2026-03-23 10:40:42 [INFO]     카드 파싱 성공: 8건
2026-03-23 10:40:42 [INFO]     2024.10 p27: +4건 (페이지 8건)
2026-03-23 10:40:43 [INFO]     HTML 크기: 386437 bytes
2026-03-23 10:40:43 [INFO]     OaLkxeV3 포함: False
2026-03-23 10:40:43 [INFO]     GOWcekJV4 포함: False
2026-03-23 10:40:43 [INFO]     카드 발견: 10개
2026-03-23 10:40:43 [INFO]     카드 파싱 성공: 5건
2026-03-23 10:40:43 [INFO]     2024.10 p28: +2건 (페이지 5건)
2026-03-23 10:40:45 [INFO]     HTML 크기: 368131 bytes
2026-03-23 10:40:45 [INFO]     OaLkxeV3 포함: False
2026-03-23 10:40:45 [INFO]     GOWcekJV4 포함: False
2026-03-23 10:40:45 [INFO]     카드 발견: 10개
2026-03-23 10:40:45 [INFO]     카드 파싱 성공: 3건
2026-03-23 10:40:45 [INFO]     2024.10 p29: +0건 (페이지 3건)
2026-03-23 10:40:46 [INFO]   2024.10 완료: +160건 (누적 4734개)
2026-03-23 10:40:47 [INFO]     HTML 크기: 435983 bytes
2026-03-23 10:40:47 [INFO]     OaLkxeV3 포함: False
2026-03-23 10:40:47 [INFO]     GOWcekJV4 포함: False
2026-03-23 10:40:47 [INFO]     카드 발견: 10개
2026-03-23 10:40:47 [INFO]     카드 파싱 성공: 10건
2026-03-23 10:40:47 [INFO]     2024.11 p1: +10건 (페이지 10건)
2026-03-23 10:40:55 [WARNING] [1/3] HTTP 오류: 403 Client Error: Forbidden for url: https://search.naver.com/search.naver?where=news&query=%EC%82%BC%EC%84%B1%EC%A0%84%EC%9E%90&pd=3&ds=2024.11.01&de=2024.11.30&start=10&sort=0
2026-03-23 10:40:58 [INFO]     HTML 크기: 343182 bytes
2026-03-23 10:40:58 [INFO]     OaLkxeV3 포함: False
2026-03-23 10:40:58 [INFO]     GOWcekJV4 포함: False
2026-03-23 10:40:58 [INFO]     카드 발견: 10개
2026-03-23 10:40:58 [INFO]     카드 파싱 성공: 10건
2026-03-23 10:40:58 [INFO]     2024.11 p2: +10건 (페이지 10건)
2026-03-23 10:41:00 [INFO]     HTML 크기: 329139 bytes
2026-03-23 10:41:00 [INFO]     OaLkxeV3 포함: False
2026-03-23 10:41:00 [INFO]     GOWcekJV4 포함: False
2026-03-23 10:41:00 [INFO]     카드 발견: 10개
2026-03-23 10:41:00 [INFO]     카드 파싱 성공: 10건
2026-03-23 10:41:00 [INFO]     2024.11 p3: +9건 (페이지 10건)
2026-03-23 10:41:07 [WARNING] [1/3] HTTP 오류: 403 Client Error: Forbidden for url: https://search.naver.com/search.naver?where=news&query=%EC%82%BC%EC%84%B1%EC%A0%84%EC%9E%90&pd=3&ds=2024.11.01&de=2024.11.30&start=30&sort=0
2026-03-23 10:41:10 [INFO]     HTML 크기: 327744 bytes
2026-03-23 10:41:10 [INFO]     OaLkxeV3 포함: False
2026-03-23 10:41:10 [INFO]     GOWcekJV4 포함: False
2026-03-23 10:41:10 [INFO]     카드 발견: 10개
2026-03-23 10:41:10 [INFO]     카드 파싱 성공: 10건
2026-03-23 10:41:10 [INFO]     2024.11 p4: +10건 (페이지 10건)
2026-03-23 10:41:12 [INFO]     HTML 크기: 338596 bytes
2026-03-23 10:41:12 [INFO]     OaLkxeV3 포함: False
2026-03-23 10:41:12 [INFO]     GOWcekJV4 포함: False
2026-03-23 10:41:12 [INFO]     카드 발견: 10개
2026-03-23 10:41:12 [INFO]     카드 파싱 성공: 9건
2026-03-23 10:41:12 [INFO]     2024.11 p5: +9건 (페이지 9건)
2026-03-23 10:41:20 [WARNING] [1/3] HTTP 오류: 403 Client Error: Forbidden for url: https://search.naver.com/search.naver?where=news&query=%EC%82%BC%EC%84%B1%EC%A0%84%EC%9E%90&pd=3&ds=2024.11.01&de=2024.11.30&start=50&sort=0
2026-03-23 10:41:23 [INFO]     HTML 크기: 309975 bytes
2026-03-23 10:41:23 [INFO]     OaLkxeV3 포함: False
2026-03-23 10:41:23 [INFO]     GOWcekJV4 포함: False
2026-03-23 10:41:23 [INFO]     카드 발견: 10개
2026-03-23 10:41:23 [INFO]     카드 파싱 성공: 8건
2026-03-23 10:41:23 [INFO]     2024.11 p6: +8건 (페이지 8건)
2026-03-23 10:41:25 [INFO]     HTML 크기: 308422 bytes
2026-03-23 10:41:25 [INFO]     OaLkxeV3 포함: False
2026-03-23 10:41:25 [INFO]     GOWcekJV4 포함: False
2026-03-23 10:41:25 [INFO]     카드 발견: 10개
2026-03-23 10:41:25 [INFO]     카드 파싱 성공: 6건
2026-03-23 10:41:25 [INFO]     2024.11 p7: +6건 (페이지 6건)
2026-03-23 10:41:32 [WARNING] [1/3] HTTP 오류: 403 Client Error: Forbidden for url: https://search.naver.com/search.naver?where=news&query=%EC%82%BC%EC%84%B1%EC%A0%84%EC%9E%90&pd=3&ds=2024.11.01&de=2024.11.30&start=70&sort=0
2026-03-23 10:41:36 [INFO]     HTML 크기: 308626 bytes
2026-03-23 10:41:36 [INFO]     OaLkxeV3 포함: False
2026-03-23 10:41:36 [INFO]     GOWcekJV4 포함: False
2026-03-23 10:41:36 [INFO]     카드 발견: 10개
2026-03-23 10:41:36 [INFO]     카드 파싱 성공: 5건
2026-03-23 10:41:36 [INFO]     2024.11 p8: +5건 (페이지 5건)
2026-03-23 10:41:38 [INFO]     HTML 크기: 307977 bytes
2026-03-23 10:41:38 [INFO]     OaLkxeV3 포함: False
2026-03-23 10:41:38 [INFO]     GOWcekJV4 포함: False
2026-03-23 10:41:38 [INFO]     카드 발견: 10개
2026-03-23 10:41:38 [INFO]     카드 파싱 성공: 5건
2026-03-23 10:41:38 [INFO]     2024.11 p9: +5건 (페이지 5건)
2026-03-23 10:41:45 [WARNING] [1/3] HTTP 오류: 403 Client Error: Forbidden for url: https://search.naver.com/search.naver?where=news&query=%EC%82%BC%EC%84%B1%EC%A0%84%EC%9E%90&pd=3&ds=2024.11.01&de=2024.11.30&start=90&sort=0
2026-03-23 10:41:49 [INFO]     HTML 크기: 304770 bytes
2026-03-23 10:41:49 [INFO]     OaLkxeV3 포함: False
2026-03-23 10:41:49 [INFO]     GOWcekJV4 포함: False
2026-03-23 10:41:49 [INFO]     카드 발견: 10개
2026-03-23 10:41:49 [INFO]     카드 파싱 성공: 3건
2026-03-23 10:41:49 [INFO]     2024.11 p10: +3건 (페이지 3건)
2026-03-23 10:41:50 [INFO]     HTML 크기: 414304 bytes
2026-03-23 10:41:50 [INFO]     OaLkxeV3 포함: False
2026-03-23 10:41:50 [INFO]     GOWcekJV4 포함: False
2026-03-23 10:41:50 [INFO]     카드 발견: 10개
2026-03-23 10:41:50 [INFO]     카드 파싱 성공: 9건
2026-03-23 10:41:50 [INFO]     2024.11 p11: +6건 (페이지 9건)
2026-03-23 10:41:57 [WARNING] [1/3] HTTP 오류: 403 Client Error: Forbidden for url: https://search.naver.com/search.naver?where=news&query=%EC%82%BC%EC%84%B1%EC%A0%84%EC%9E%90&pd=3&ds=2024.11.01&de=2024.11.30&start=110&sort=0
2026-03-23 10:42:01 [INFO]     HTML 크기: 420478 bytes
2026-03-23 10:42:01 [INFO]     OaLkxeV3 포함: False
2026-03-23 10:42:01 [INFO]     GOWcekJV4 포함: False
2026-03-23 10:42:01 [INFO]     카드 발견: 10개
2026-03-23 10:42:01 [INFO]     카드 파싱 성공: 7건
2026-03-23 10:42:01 [INFO]     2024.11 p12: +2건 (페이지 7건)
2026-03-23 10:42:03 [INFO]     HTML 크기: 403528 bytes
2026-03-23 10:42:03 [INFO]     OaLkxeV3 포함: False
2026-03-23 10:42:03 [INFO]     GOWcekJV4 포함: False
2026-03-23 10:42:03 [INFO]     카드 발견: 10개
2026-03-23 10:42:03 [INFO]     카드 파싱 성공: 5건
2026-03-23 10:42:03 [INFO]     2024.11 p13: +1건 (페이지 5건)
2026-03-23 10:42:10 [WARNING] [1/3] HTTP 오류: 403 Client Error: Forbidden for url: https://search.naver.com/search.naver?where=news&query=%EC%82%BC%EC%84%B1%EC%A0%84%EC%9E%90&pd=3&ds=2024.11.01&de=2024.11.30&start=130&sort=0
2026-03-23 10:42:13 [INFO]     HTML 크기: 393961 bytes
2026-03-23 10:42:13 [INFO]     OaLkxeV3 포함: False
2026-03-23 10:42:13 [INFO]     GOWcekJV4 포함: False
2026-03-23 10:42:13 [INFO]     카드 발견: 10개
2026-03-23 10:42:13 [INFO]     카드 파싱 성공: 6건
2026-03-23 10:42:13 [INFO]     2024.11 p14: +3건 (페이지 6건)
2026-03-23 10:42:15 [INFO]     HTML 크기: 388652 bytes
2026-03-23 10:42:15 [INFO]     OaLkxeV3 포함: False
2026-03-23 10:42:15 [INFO]     GOWcekJV4 포함: False
2026-03-23 10:42:15 [INFO]     카드 발견: 10개
2026-03-23 10:42:15 [INFO]     카드 파싱 성공: 8건
2026-03-23 10:42:15 [INFO]     2024.11 p15: +4건 (페이지 8건)
2026-03-23 10:42:22 [WARNING] [1/3] HTTP 오류: 403 Client Error: Forbidden for url: https://search.naver.com/search.naver?where=news&query=%EC%82%BC%EC%84%B1%EC%A0%84%EC%9E%90&pd=3&ds=2024.11.01&de=2024.11.30&start=150&sort=0
2026-03-23 10:42:25 [INFO]     HTML 크기: 398861 bytes
2026-03-23 10:42:25 [INFO]     OaLkxeV3 포함: False
2026-03-23 10:42:25 [INFO]     GOWcekJV4 포함: False
2026-03-23 10:42:25 [INFO]     카드 발견: 10개
2026-03-23 10:42:25 [INFO]     카드 파싱 성공: 8건
2026-03-23 10:42:25 [INFO]     2024.11 p16: +2건 (페이지 8건)
2026-03-23 10:42:27 [INFO]     HTML 크기: 389982 bytes
2026-03-23 10:42:27 [INFO]     OaLkxeV3 포함: False
2026-03-23 10:42:27 [INFO]     GOWcekJV4 포함: False
2026-03-23 10:42:27 [INFO]     카드 발견: 10개
2026-03-23 10:42:27 [INFO]     카드 파싱 성공: 6건
2026-03-23 10:42:27 [INFO]     2024.11 p17: +2건 (페이지 6건)
2026-03-23 10:42:36 [WARNING] [1/3] HTTP 오류: 403 Client Error: Forbidden for url: https://search.naver.com/search.naver?where=news&query=%EC%82%BC%EC%84%B1%EC%A0%84%EC%9E%90&pd=3&ds=2024.11.01&de=2024.11.30&start=170&sort=0
2026-03-23 10:42:39 [INFO]     HTML 크기: 381840 bytes
2026-03-23 10:42:39 [INFO]     OaLkxeV3 포함: False
2026-03-23 10:42:39 [INFO]     GOWcekJV4 포함: False
2026-03-23 10:42:39 [INFO]     카드 발견: 10개
2026-03-23 10:42:39 [INFO]     카드 파싱 성공: 5건
2026-03-23 10:42:39 [INFO]     2024.11 p18: +2건 (페이지 5건)
2026-03-23 10:42:41 [INFO]     HTML 크기: 388033 bytes
2026-03-23 10:42:41 [INFO]     OaLkxeV3 포함: False
2026-03-23 10:42:41 [INFO]     GOWcekJV4 포함: False
2026-03-23 10:42:41 [INFO]     카드 발견: 10개
2026-03-23 10:42:41 [INFO]     카드 파싱 성공: 7건
2026-03-23 10:42:41 [INFO]     2024.11 p19: +5건 (페이지 7건)
2026-03-23 10:42:48 [WARNING] [1/3] HTTP 오류: 403 Client Error: Forbidden for url: https://search.naver.com/search.naver?where=news&query=%EC%82%BC%EC%84%B1%EC%A0%84%EC%9E%90&pd=3&ds=2024.11.01&de=2024.11.30&start=190&sort=0
2026-03-23 10:42:51 [INFO]     HTML 크기: 416186 bytes
2026-03-23 10:42:51 [INFO]     OaLkxeV3 포함: False
2026-03-23 10:42:51 [INFO]     GOWcekJV4 포함: False
2026-03-23 10:42:51 [INFO]     카드 발견: 10개
2026-03-23 10:42:51 [INFO]     카드 파싱 성공: 4건
2026-03-23 10:42:51 [INFO]     2024.11 p20: +2건 (페이지 4건)
2026-03-23 10:42:53 [INFO]     HTML 크기: 399999 bytes
2026-03-23 10:42:53 [INFO]     OaLkxeV3 포함: False
2026-03-23 10:42:53 [INFO]     GOWcekJV4 포함: False
2026-03-23 10:42:53 [INFO]     카드 발견: 10개
2026-03-23 10:42:53 [INFO]     카드 파싱 성공: 5건
2026-03-23 10:42:53 [INFO]     2024.11 p21: +4건 (페이지 5건)
2026-03-23 10:43:01 [WARNING] [1/3] HTTP 오류: 403 Client Error: Forbidden for url: https://search.naver.com/search.naver?where=news&query=%EC%82%BC%EC%84%B1%EC%A0%84%EC%9E%90&pd=3&ds=2024.11.01&de=2024.11.30&start=210&sort=0
2026-03-23 10:43:04 [INFO]     HTML 크기: 398114 bytes
2026-03-23 10:43:04 [INFO]     OaLkxeV3 포함: False
2026-03-23 10:43:04 [INFO]     GOWcekJV4 포함: False
2026-03-23 10:43:04 [INFO]     카드 발견: 10개
2026-03-23 10:43:04 [INFO]     카드 파싱 성공: 7건
2026-03-23 10:43:04 [INFO]     2024.11 p22: +4건 (페이지 7건)
2026-03-23 10:43:06 [INFO]     HTML 크기: 394695 bytes
2026-03-23 10:43:06 [INFO]     OaLkxeV3 포함: False
2026-03-23 10:43:06 [INFO]     GOWcekJV4 포함: False
2026-03-23 10:43:06 [INFO]     카드 발견: 10개
2026-03-23 10:43:06 [INFO]     카드 파싱 성공: 7건
2026-03-23 10:43:06 [INFO]     2024.11 p23: +2건 (페이지 7건)
2026-03-23 10:43:14 [WARNING] [1/3] HTTP 오류: 403 Client Error: Forbidden for url: https://search.naver.com/search.naver?where=news&query=%EC%82%BC%EC%84%B1%EC%A0%84%EC%9E%90&pd=3&ds=2024.11.01&de=2024.11.30&start=230&sort=0
2026-03-23 10:43:17 [INFO]     HTML 크기: 372320 bytes
2026-03-23 10:43:17 [INFO]     OaLkxeV3 포함: False
2026-03-23 10:43:17 [INFO]     GOWcekJV4 포함: False
2026-03-23 10:43:17 [INFO]     카드 발견: 10개
2026-03-23 10:43:17 [INFO]     카드 파싱 성공: 8건
2026-03-23 10:43:17 [INFO]     2024.11 p24: +4건 (페이지 8건)
2026-03-23 10:43:19 [INFO]     HTML 크기: 377375 bytes
2026-03-23 10:43:19 [INFO]     OaLkxeV3 포함: False
2026-03-23 10:43:19 [INFO]     GOWcekJV4 포함: False
2026-03-23 10:43:19 [INFO]     카드 발견: 10개
2026-03-23 10:43:19 [INFO]     카드 파싱 성공: 6건
2026-03-23 10:43:19 [INFO]     2024.11 p25: +2건 (페이지 6건)
2026-03-23 10:43:26 [WARNING] [1/3] HTTP 오류: 403 Client Error: Forbidden for url: https://search.naver.com/search.naver?where=news&query=%EC%82%BC%EC%84%B1%EC%A0%84%EC%9E%90&pd=3&ds=2024.11.01&de=2024.11.30&start=250&sort=0
2026-03-23 10:43:29 [INFO]     HTML 크기: 392612 bytes
2026-03-23 10:43:29 [INFO]     OaLkxeV3 포함: False
2026-03-23 10:43:29 [INFO]     GOWcekJV4 포함: False
2026-03-23 10:43:29 [INFO]     카드 발견: 10개
2026-03-23 10:43:29 [INFO]     카드 파싱 성공: 6건
2026-03-23 10:43:29 [INFO]     2024.11 p26: +2건 (페이지 6건)
2026-03-23 10:43:31 [INFO]     HTML 크기: 410458 bytes
2026-03-23 10:43:31 [INFO]     OaLkxeV3 포함: False
2026-03-23 10:43:31 [INFO]     GOWcekJV4 포함: False
2026-03-23 10:43:31 [INFO]     카드 발견: 10개
2026-03-23 10:43:31 [INFO]     카드 파싱 성공: 4건
2026-03-23 10:43:31 [INFO]     2024.11 p27: +1건 (페이지 4건)
2026-03-23 10:43:38 [WARNING] [1/3] HTTP 오류: 403 Client Error: Forbidden for url: https://search.naver.com/search.naver?where=news&query=%EC%82%BC%EC%84%B1%EC%A0%84%EC%9E%90&pd=3&ds=2024.11.01&de=2024.11.30&start=270&sort=0
2026-03-23 10:43:42 [INFO]     HTML 크기: 393518 bytes
2026-03-23 10:43:42 [INFO]     OaLkxeV3 포함: False
2026-03-23 10:43:42 [INFO]     GOWcekJV4 포함: False
2026-03-23 10:43:42 [INFO]     카드 발견: 10개
2026-03-23 10:43:42 [INFO]     카드 파싱 성공: 6건
2026-03-23 10:43:42 [INFO]     2024.11 p28: +4건 (페이지 6건)
2026-03-23 10:43:43 [INFO]     HTML 크기: 410631 bytes
2026-03-23 10:43:43 [INFO]     OaLkxeV3 포함: False
2026-03-23 10:43:43 [INFO]     GOWcekJV4 포함: False
2026-03-23 10:43:43 [INFO]     카드 발견: 10개
2026-03-23 10:43:43 [INFO]     카드 파싱 성공: 6건
2026-03-23 10:43:43 [INFO]     2024.11 p29: +0건 (페이지 6건)
2026-03-23 10:43:45 [INFO]   2024.11 완료: +127건 (누적 4861개)
2026-03-23 10:43:51 [WARNING] [1/3] HTTP 오류: 403 Client Error: Forbidden for url: https://search.naver.com/search.naver?where=news&query=%EC%82%BC%EC%84%B1%EC%A0%84%EC%9E%90&pd=3&ds=2024.12.01&de=2024.12.31&start=0&sort=0
2026-03-23 10:43:54 [INFO]     HTML 크기: 407603 bytes
2026-03-23 10:43:54 [INFO]     OaLkxeV3 포함: False
2026-03-23 10:43:54 [INFO]     GOWcekJV4 포함: False
2026-03-23 10:43:54 [INFO]     카드 발견: 10개
2026-03-23 10:43:54 [INFO]     카드 파싱 성공: 9건
2026-03-23 10:43:54 [INFO]     2024.12 p1: +9건 (페이지 9건)
2026-03-23 10:43:56 [INFO]     HTML 크기: 343102 bytes
2026-03-23 10:43:56 [INFO]     OaLkxeV3 포함: False
2026-03-23 10:43:56 [INFO]     GOWcekJV4 포함: False
2026-03-23 10:43:56 [INFO]     카드 발견: 10개
2026-03-23 10:43:56 [INFO]     카드 파싱 성공: 8건
2026-03-23 10:43:56 [INFO]     2024.12 p2: +7건 (페이지 8건)
2026-03-23 10:44:03 [WARNING] [1/3] HTTP 오류: 403 Client Error: Forbidden for url: https://search.naver.com/search.naver?where=news&query=%EC%82%BC%EC%84%B1%EC%A0%84%EC%9E%90&pd=3&ds=2024.12.01&de=2024.12.31&start=20&sort=0
2026-03-23 10:44:07 [INFO]     HTML 크기: 305655 bytes
2026-03-23 10:44:07 [INFO]     OaLkxeV3 포함: False
2026-03-23 10:44:07 [INFO]     GOWcekJV4 포함: False
2026-03-23 10:44:07 [INFO]     카드 발견: 10개
2026-03-23 10:44:07 [INFO]     카드 파싱 성공: 2건
2026-03-23 10:44:07 [INFO]     2024.12 p3: +2건 (페이지 2건)
2026-03-23 10:44:08 [INFO]     HTML 크기: 308594 bytes
2026-03-23 10:44:08 [INFO]     OaLkxeV3 포함: False
2026-03-23 10:44:08 [INFO]     GOWcekJV4 포함: False
2026-03-23 10:44:08 [INFO]     카드 발견: 10개
2026-03-23 10:44:08 [INFO]     카드 파싱 성공: 4건
2026-03-23 10:44:08 [INFO]     2024.12 p4: +4건 (페이지 4건)
2026-03-23 10:44:16 [WARNING] [1/3] HTTP 오류: 403 Client Error: Forbidden for url: https://search.naver.com/search.naver?where=news&query=%EC%82%BC%EC%84%B1%EC%A0%84%EC%9E%90&pd=3&ds=2024.12.01&de=2024.12.31&start=40&sort=0
2026-03-23 10:44:19 [INFO]     HTML 크기: 305767 bytes
2026-03-23 10:44:19 [INFO]     OaLkxeV3 포함: False
2026-03-23 10:44:19 [INFO]     GOWcekJV4 포함: False
2026-03-23 10:44:19 [INFO]     카드 발견: 10개
2026-03-23 10:44:19 [INFO]     카드 파싱 성공: 2건
2026-03-23 10:44:19 [INFO]     2024.12 p5: +2건 (페이지 2건)
2026-03-23 10:44:21 [INFO]     HTML 크기: 304034 bytes
2026-03-23 10:44:21 [INFO]     OaLkxeV3 포함: False
2026-03-23 10:44:21 [INFO]     GOWcekJV4 포함: False
2026-03-23 10:44:21 [INFO]     카드 발견: 10개
2026-03-23 10:44:21 [INFO]     카드 파싱 0건 -> 링크 직접 수집 폴백
2026-03-23 10:44:21 [INFO]     CLS_NAVER_LINK 링크: 0개
2026-03-23 10:44:21 [INFO]     2024.12 p6: 0건 (연속 빈 1회)
2026-03-23 10:44:29 [WARNING] [1/3] HTTP 오류: 403 Client Error: Forbidden for url: https://search.naver.com/search.naver?where=news&query=%EC%82%BC%EC%84%B1%EC%A0%84%EC%9E%90&pd=3&ds=2024.12.01&de=2024.12.31&start=60&sort=0
2026-03-23 10:44:32 [INFO]     HTML 크기: 305733 bytes
2026-03-23 10:44:32 [INFO]     OaLkxeV3 포함: False
2026-03-23 10:44:32 [INFO]     GOWcekJV4 포함: False
2026-03-23 10:44:32 [INFO]     카드 발견: 10개
2026-03-23 10:44:32 [INFO]     카드 파싱 성공: 2건
2026-03-23 10:44:32 [INFO]     2024.12 p7: +2건 (페이지 2건)
2026-03-23 10:44:33 [INFO]     HTML 크기: 306924 bytes
2026-03-23 10:44:33 [INFO]     OaLkxeV3 포함: False
2026-03-23 10:44:33 [INFO]     GOWcekJV4 포함: False
2026-03-23 10:44:33 [INFO]     카드 발견: 10개
2026-03-23 10:44:33 [INFO]     카드 파싱 성공: 3건
2026-03-23 10:44:33 [INFO]     2024.12 p8: +3건 (페이지 3건)
2026-03-23 10:44:41 [WARNING] [1/3] HTTP 오류: 403 Client Error: Forbidden for url: https://search.naver.com/search.naver?where=news&query=%EC%82%BC%EC%84%B1%EC%A0%84%EC%9E%90&pd=3&ds=2024.12.01&de=2024.12.31&start=80&sort=0
2026-03-23 10:44:44 [INFO]     HTML 크기: 306570 bytes
2026-03-23 10:44:44 [INFO]     OaLkxeV3 포함: False
2026-03-23 10:44:44 [INFO]     GOWcekJV4 포함: False
2026-03-23 10:44:44 [INFO]     카드 발견: 10개
2026-03-23 10:44:44 [INFO]     카드 파싱 성공: 4건
2026-03-23 10:44:44 [INFO]     2024.12 p9: +4건 (페이지 4건)
2026-03-23 10:44:46 [INFO]     HTML 크기: 306260 bytes
2026-03-23 10:44:46 [INFO]     OaLkxeV3 포함: False
2026-03-23 10:44:46 [INFO]     GOWcekJV4 포함: False
2026-03-23 10:44:46 [INFO]     카드 발견: 10개
2026-03-23 10:44:46 [INFO]     카드 파싱 성공: 3건
2026-03-23 10:44:46 [INFO]     2024.12 p10: +3건 (페이지 3건)
2026-03-23 10:44:54 [WARNING] [1/3] HTTP 오류: 403 Client Error: Forbidden for url: https://search.naver.com/search.naver?where=news&query=%EC%82%BC%EC%84%B1%EC%A0%84%EC%9E%90&pd=3&ds=2024.12.01&de=2024.12.31&start=100&sort=0
2026-03-23 10:44:57 [INFO]     HTML 크기: 445375 bytes
2026-03-23 10:44:57 [INFO]     OaLkxeV3 포함: False
2026-03-23 10:44:57 [INFO]     GOWcekJV4 포함: False
2026-03-23 10:44:57 [INFO]     카드 발견: 10개
2026-03-23 10:44:57 [INFO]     카드 파싱 성공: 6건
2026-03-23 10:44:57 [INFO]     2024.12 p11: +6건 (페이지 6건)
2026-03-23 10:44:58 [INFO]     HTML 크기: 459963 bytes
2026-03-23 10:44:58 [INFO]     OaLkxeV3 포함: False
2026-03-23 10:44:58 [INFO]     GOWcekJV4 포함: False
2026-03-23 10:44:58 [INFO]     카드 발견: 10개
2026-03-23 10:44:58 [INFO]     카드 파싱 성공: 6건
2026-03-23 10:44:58 [INFO]     2024.12 p12: +0건 (페이지 6건)
2026-03-23 10:44:59 [INFO]   2024.12 완료: +42건 (누적 4903개)
2026-03-23 10:45:06 [WARNING] [1/3] HTTP 오류: 403 Client Error: Forbidden for url: https://search.naver.com/search.naver?where=news&query=%EC%82%BC%EC%84%B1%EC%A0%84%EC%9E%90&pd=3&ds=2025.01.01&de=2025.01.31&start=0&sort=0
2026-03-23 10:45:09 [INFO]     HTML 크기: 439686 bytes
2026-03-23 10:45:09 [INFO]     OaLkxeV3 포함: False
2026-03-23 10:45:09 [INFO]     GOWcekJV4 포함: False
2026-03-23 10:45:09 [INFO]     카드 발견: 10개
2026-03-23 10:45:09 [INFO]     카드 파싱 성공: 10건
2026-03-23 10:45:09 [INFO]     2025.01 p1: +10건 (페이지 10건)
2026-03-23 10:45:11 [INFO]     HTML 크기: 397645 bytes
2026-03-23 10:45:11 [INFO]     OaLkxeV3 포함: False
2026-03-23 10:45:11 [INFO]     GOWcekJV4 포함: False
2026-03-23 10:45:11 [INFO]     카드 발견: 10개
2026-03-23 10:45:11 [INFO]     카드 파싱 성공: 10건
2026-03-23 10:45:11 [INFO]     2025.01 p2: +10건 (페이지 10건)
2026-03-23 10:45:19 [WARNING] [1/3] HTTP 오류: 403 Client Error: Forbidden for url: https://search.naver.com/search.naver?where=news&query=%EC%82%BC%EC%84%B1%EC%A0%84%EC%9E%90&pd=3&ds=2025.01.01&de=2025.01.31&start=20&sort=0
2026-03-23 10:45:22 [INFO]     HTML 크기: 359046 bytes
2026-03-23 10:45:22 [INFO]     OaLkxeV3 포함: False
2026-03-23 10:45:22 [INFO]     GOWcekJV4 포함: False
2026-03-23 10:45:22 [INFO]     카드 발견: 10개
2026-03-23 10:45:22 [INFO]     카드 파싱 성공: 10건
2026-03-23 10:45:22 [INFO]     2025.01 p3: +10건 (페이지 10건)
2026-03-23 10:45:23 [INFO]     HTML 크기: 335090 bytes
2026-03-23 10:45:23 [INFO]     OaLkxeV3 포함: False
2026-03-23 10:45:23 [INFO]     GOWcekJV4 포함: False
2026-03-23 10:45:23 [INFO]     카드 발견: 10개
2026-03-23 10:45:23 [INFO]     카드 파싱 성공: 9건
2026-03-23 10:45:23 [INFO]     2025.01 p4: +9건 (페이지 9건)
2026-03-23 10:45:30 [WARNING] [1/3] HTTP 오류: 403 Client Error: Forbidden for url: https://search.naver.com/search.naver?where=news&query=%EC%82%BC%EC%84%B1%EC%A0%84%EC%9E%90&pd=3&ds=2025.01.01&de=2025.01.31&start=40&sort=0
2026-03-23 10:45:34 [INFO]     HTML 크기: 309523 bytes
2026-03-23 10:45:34 [INFO]     OaLkxeV3 포함: False
2026-03-23 10:45:34 [INFO]     GOWcekJV4 포함: False
2026-03-23 10:45:34 [INFO]     카드 발견: 10개
2026-03-23 10:45:34 [INFO]     카드 파싱 성공: 5건
2026-03-23 10:45:34 [INFO]     2025.01 p5: +5건 (페이지 5건)
2026-03-23 10:45:35 [INFO]     HTML 크기: 309875 bytes
2026-03-23 10:45:35 [INFO]     OaLkxeV3 포함: False
2026-03-23 10:45:35 [INFO]     GOWcekJV4 포함: False
2026-03-23 10:45:35 [INFO]     카드 발견: 10개
2026-03-23 10:45:35 [INFO]     카드 파싱 성공: 6건
2026-03-23 10:45:35 [INFO]     2025.01 p6: +6건 (페이지 6건)
2026-03-23 10:45:43 [WARNING] [1/3] HTTP 오류: 403 Client Error: Forbidden for url: https://search.naver.com/search.naver?where=news&query=%EC%82%BC%EC%84%B1%EC%A0%84%EC%9E%90&pd=3&ds=2025.01.01&de=2025.01.31&start=60&sort=0
2026-03-23 10:45:46 [INFO]     HTML 크기: 307343 bytes
2026-03-23 10:45:46 [INFO]     OaLkxeV3 포함: False
2026-03-23 10:45:46 [INFO]     GOWcekJV4 포함: False
2026-03-23 10:45:46 [INFO]     카드 발견: 10개
2026-03-23 10:45:46 [INFO]     카드 파싱 성공: 4건
2026-03-23 10:45:46 [INFO]     2025.01 p7: +4건 (페이지 4건)
2026-03-23 10:45:48 [INFO]     HTML 크기: 306374 bytes
2026-03-23 10:45:48 [INFO]     OaLkxeV3 포함: False
2026-03-23 10:45:48 [INFO]     GOWcekJV4 포함: False
2026-03-23 10:45:48 [INFO]     카드 발견: 10개
2026-03-23 10:45:48 [INFO]     카드 파싱 성공: 4건
2026-03-23 10:45:48 [INFO]     2025.01 p8: +4건 (페이지 4건)
2026-03-23 10:45:55 [WARNING] [1/3] HTTP 오류: 403 Client Error: Forbidden for url: https://search.naver.com/search.naver?where=news&query=%EC%82%BC%EC%84%B1%EC%A0%84%EC%9E%90&pd=3&ds=2025.01.01&de=2025.01.31&start=80&sort=0
2026-03-23 10:45:58 [INFO]     HTML 크기: 309522 bytes
2026-03-23 10:45:58 [INFO]     OaLkxeV3 포함: False
2026-03-23 10:45:58 [INFO]     GOWcekJV4 포함: False
2026-03-23 10:45:58 [INFO]     카드 발견: 10개
2026-03-23 10:45:58 [INFO]     카드 파싱 성공: 6건
2026-03-23 10:45:58 [INFO]     2025.01 p9: +6건 (페이지 6건)
2026-03-23 10:46:00 [INFO]     HTML 크기: 307734 bytes
2026-03-23 10:46:00 [INFO]     OaLkxeV3 포함: False
2026-03-23 10:46:00 [INFO]     GOWcekJV4 포함: False
2026-03-23 10:46:00 [INFO]     카드 발견: 10개
2026-03-23 10:46:00 [INFO]     카드 파싱 성공: 4건
2026-03-23 10:46:00 [INFO]     2025.01 p10: +4건 (페이지 4건)
2026-03-23 10:46:07 [WARNING] [1/3] HTTP 오류: 403 Client Error: Forbidden for url: https://search.naver.com/search.naver?where=news&query=%EC%82%BC%EC%84%B1%EC%A0%84%EC%9E%90&pd=3&ds=2025.01.01&de=2025.01.31&start=100&sort=0
2026-03-23 10:46:10 [INFO]     HTML 크기: 410840 bytes
2026-03-23 10:46:10 [INFO]     OaLkxeV3 포함: False
2026-03-23 10:46:10 [INFO]     GOWcekJV4 포함: False
2026-03-23 10:46:10 [INFO]     카드 발견: 10개
2026-03-23 10:46:10 [INFO]     카드 파싱 성공: 10건
2026-03-23 10:46:10 [INFO]     2025.01 p11: +8건 (페이지 10건)
2026-03-23 10:46:12 [INFO]     HTML 크기: 388969 bytes
2026-03-23 10:46:12 [INFO]     OaLkxeV3 포함: False
2026-03-23 10:46:12 [INFO]     GOWcekJV4 포함: False
2026-03-23 10:46:12 [INFO]     카드 발견: 10개
2026-03-23 10:46:12 [INFO]     카드 파싱 성공: 10건
2026-03-23 10:46:12 [INFO]     2025.01 p12: +6건 (페이지 10건)
2026-03-23 10:46:19 [WARNING] [1/3] HTTP 오류: 403 Client Error: Forbidden for url: https://search.naver.com/search.naver?where=news&query=%EC%82%BC%EC%84%B1%EC%A0%84%EC%9E%90&pd=3&ds=2025.01.01&de=2025.01.31&start=120&sort=0
2026-03-23 10:46:23 [INFO]     HTML 크기: 411854 bytes
2026-03-23 10:46:23 [INFO]     OaLkxeV3 포함: False
2026-03-23 10:46:23 [INFO]     GOWcekJV4 포함: False
2026-03-23 10:46:23 [INFO]     카드 발견: 10개
2026-03-23 10:46:23 [INFO]     카드 파싱 성공: 10건
2026-03-23 10:46:23 [INFO]     2025.01 p13: +7건 (페이지 10건)
2026-03-23 10:46:24 [INFO]     HTML 크기: 437390 bytes
2026-03-23 10:46:24 [INFO]     OaLkxeV3 포함: False
2026-03-23 10:46:24 [INFO]     GOWcekJV4 포함: False
2026-03-23 10:46:24 [INFO]     카드 발견: 10개
2026-03-23 10:46:24 [INFO]     카드 파싱 성공: 10건
2026-03-23 10:46:24 [INFO]     2025.01 p14: +8건 (페이지 10건)
2026-03-23 10:46:32 [WARNING] [1/3] HTTP 오류: 403 Client Error: Forbidden for url: https://search.naver.com/search.naver?where=news&query=%EC%82%BC%EC%84%B1%EC%A0%84%EC%9E%90&pd=3&ds=2025.01.01&de=2025.01.31&start=140&sort=0
2026-03-23 10:46:35 [INFO]     HTML 크기: 447767 bytes
2026-03-23 10:46:35 [INFO]     OaLkxeV3 포함: False
2026-03-23 10:46:35 [INFO]     GOWcekJV4 포함: False
2026-03-23 10:46:35 [INFO]     카드 발견: 10개
2026-03-23 10:46:35 [INFO]     카드 파싱 성공: 10건
2026-03-23 10:46:35 [INFO]     2025.01 p15: +5건 (페이지 10건)
2026-03-23 10:46:37 [INFO]     HTML 크기: 426014 bytes
2026-03-23 10:46:37 [INFO]     OaLkxeV3 포함: False
2026-03-23 10:46:37 [INFO]     GOWcekJV4 포함: False
2026-03-23 10:46:37 [INFO]     카드 발견: 10개
2026-03-23 10:46:37 [INFO]     카드 파싱 성공: 9건
2026-03-23 10:46:37 [INFO]     2025.01 p16: +7건 (페이지 9건)
2026-03-23 10:46:44 [WARNING] [1/3] HTTP 오류: 403 Client Error: Forbidden for url: https://search.naver.com/search.naver?where=news&query=%EC%82%BC%EC%84%B1%EC%A0%84%EC%9E%90&pd=3&ds=2025.01.01&de=2025.01.31&start=160&sort=0
2026-03-23 10:46:48 [INFO]     HTML 크기: 409201 bytes
2026-03-23 10:46:48 [INFO]     OaLkxeV3 포함: False
2026-03-23 10:46:48 [INFO]     GOWcekJV4 포함: False
2026-03-23 10:46:48 [INFO]     카드 발견: 10개
2026-03-23 10:46:48 [INFO]     카드 파싱 성공: 10건
2026-03-23 10:46:48 [INFO]     2025.01 p17: +8건 (페이지 10건)
2026-03-23 10:46:49 [INFO]     HTML 크기: 384278 bytes
2026-03-23 10:46:49 [INFO]     OaLkxeV3 포함: False
2026-03-23 10:46:49 [INFO]     GOWcekJV4 포함: False
2026-03-23 10:46:49 [INFO]     카드 발견: 10개
2026-03-23 10:46:49 [INFO]     카드 파싱 성공: 9건
2026-03-23 10:46:49 [INFO]     2025.01 p18: +6건 (페이지 9건)
2026-03-23 10:46:56 [WARNING] [1/3] HTTP 오류: 403 Client Error: Forbidden for url: https://search.naver.com/search.naver?where=news&query=%EC%82%BC%EC%84%B1%EC%A0%84%EC%9E%90&pd=3&ds=2025.01.01&de=2025.01.31&start=180&sort=0
2026-03-23 10:47:00 [INFO]     HTML 크기: 394797 bytes
2026-03-23 10:47:00 [INFO]     OaLkxeV3 포함: False
2026-03-23 10:47:00 [INFO]     GOWcekJV4 포함: False
2026-03-23 10:47:00 [INFO]     카드 발견: 10개
2026-03-23 10:47:00 [INFO]     카드 파싱 성공: 8건
2026-03-23 10:47:00 [INFO]     2025.01 p19: +6건 (페이지 8건)
2026-03-23 10:47:02 [INFO]     HTML 크기: 388146 bytes
2026-03-23 10:47:02 [INFO]     OaLkxeV3 포함: False
2026-03-23 10:47:02 [INFO]     GOWcekJV4 포함: False
2026-03-23 10:47:02 [INFO]     카드 발견: 10개
2026-03-23 10:47:02 [INFO]     카드 파싱 성공: 6건
2026-03-23 10:47:02 [INFO]     2025.01 p20: +4건 (페이지 6건)
2026-03-23 10:47:10 [WARNING] [1/3] HTTP 오류: 403 Client Error: Forbidden for url: https://search.naver.com/search.naver?where=news&query=%EC%82%BC%EC%84%B1%EC%A0%84%EC%9E%90&pd=3&ds=2025.01.01&de=2025.01.31&start=200&sort=0
2026-03-23 10:47:13 [INFO]     HTML 크기: 393271 bytes
2026-03-23 10:47:13 [INFO]     OaLkxeV3 포함: False
2026-03-23 10:47:13 [INFO]     GOWcekJV4 포함: False
2026-03-23 10:47:13 [INFO]     카드 발견: 10개
2026-03-23 10:47:13 [INFO]     카드 파싱 성공: 7건
2026-03-23 10:47:13 [INFO]     2025.01 p21: +6건 (페이지 7건)
2026-03-23 10:47:15 [INFO]     HTML 크기: 395941 bytes
2026-03-23 10:47:15 [INFO]     OaLkxeV3 포함: False
2026-03-23 10:47:15 [INFO]     GOWcekJV4 포함: False
2026-03-23 10:47:15 [INFO]     카드 발견: 10개
2026-03-23 10:47:15 [INFO]     카드 파싱 성공: 6건
2026-03-23 10:47:15 [INFO]     2025.01 p22: +4건 (페이지 6건)
2026-03-23 10:47:23 [WARNING] [1/3] HTTP 오류: 403 Client Error: Forbidden for url: https://search.naver.com/search.naver?where=news&query=%EC%82%BC%EC%84%B1%EC%A0%84%EC%9E%90&pd=3&ds=2025.01.01&de=2025.01.31&start=220&sort=0
2026-03-23 10:47:26 [INFO]     HTML 크기: 390557 bytes
2026-03-23 10:47:26 [INFO]     OaLkxeV3 포함: False
2026-03-23 10:47:26 [INFO]     GOWcekJV4 포함: False
2026-03-23 10:47:26 [INFO]     카드 발견: 10개
2026-03-23 10:47:26 [INFO]     카드 파싱 성공: 7건
2026-03-23 10:47:26 [INFO]     2025.01 p23: +3건 (페이지 7건)
2026-03-23 10:47:28 [INFO]     HTML 크기: 407824 bytes
2026-03-23 10:47:28 [INFO]     OaLkxeV3 포함: False
2026-03-23 10:47:28 [INFO]     GOWcekJV4 포함: False
2026-03-23 10:47:28 [INFO]     카드 발견: 10개
2026-03-23 10:47:28 [INFO]     카드 파싱 성공: 7건
2026-03-23 10:47:28 [INFO]     2025.01 p24: +4건 (페이지 7건)
2026-03-23 10:47:36 [WARNING] [1/3] HTTP 오류: 403 Client Error: Forbidden for url: https://search.naver.com/search.naver?where=news&query=%EC%82%BC%EC%84%B1%EC%A0%84%EC%9E%90&pd=3&ds=2025.01.01&de=2025.01.31&start=240&sort=0
2026-03-23 10:47:39 [INFO]     HTML 크기: 380902 bytes
2026-03-23 10:47:39 [INFO]     OaLkxeV3 포함: False
2026-03-23 10:47:39 [INFO]     GOWcekJV4 포함: False
2026-03-23 10:47:39 [INFO]     카드 발견: 10개
2026-03-23 10:47:39 [INFO]     카드 파싱 성공: 7건
2026-03-23 10:47:39 [INFO]     2025.01 p25: +2건 (페이지 7건)
2026-03-23 10:47:40 [INFO]     HTML 크기: 354993 bytes
2026-03-23 10:47:40 [INFO]     OaLkxeV3 포함: False
2026-03-23 10:47:40 [INFO]     GOWcekJV4 포함: False
2026-03-23 10:47:40 [INFO]     카드 발견: 10개
2026-03-23 10:47:40 [INFO]     카드 파싱 성공: 8건
2026-03-23 10:47:40 [INFO]     2025.01 p26: +3건 (페이지 8건)
2026-03-23 10:47:48 [WARNING] [1/3] HTTP 오류: 403 Client Error: Forbidden for url: https://search.naver.com/search.naver?where=news&query=%EC%82%BC%EC%84%B1%EC%A0%84%EC%9E%90&pd=3&ds=2025.01.01&de=2025.01.31&start=260&sort=0
2026-03-23 10:47:51 [INFO]     HTML 크기: 388808 bytes
2026-03-23 10:47:51 [INFO]     OaLkxeV3 포함: False
2026-03-23 10:47:51 [INFO]     GOWcekJV4 포함: False
2026-03-23 10:47:51 [INFO]     카드 발견: 10개
2026-03-23 10:47:51 [INFO]     카드 파싱 성공: 7건
2026-03-23 10:47:51 [INFO]     2025.01 p27: +7건 (페이지 7건)
2026-03-23 10:47:53 [INFO]     HTML 크기: 407820 bytes
2026-03-23 10:47:53 [INFO]     OaLkxeV3 포함: False
2026-03-23 10:47:53 [INFO]     GOWcekJV4 포함: False
2026-03-23 10:47:53 [INFO]     카드 발견: 10개
2026-03-23 10:47:53 [INFO]     카드 파싱 성공: 6건
2026-03-23 10:47:53 [INFO]     2025.01 p28: +3건 (페이지 6건)
2026-03-23 10:48:01 [WARNING] [1/3] HTTP 오류: 403 Client Error: Forbidden for url: https://search.naver.com/search.naver?where=news&query=%EC%82%BC%EC%84%B1%EC%A0%84%EC%9E%90&pd=3&ds=2025.01.01&de=2025.01.31&start=280&sort=0
2026-03-23 10:48:04 [INFO]     HTML 크기: 416121 bytes
2026-03-23 10:48:04 [INFO]     OaLkxeV3 포함: False
2026-03-23 10:48:04 [INFO]     GOWcekJV4 포함: False
2026-03-23 10:48:04 [INFO]     카드 발견: 10개
2026-03-23 10:48:04 [INFO]     카드 파싱 성공: 4건
2026-03-23 10:48:04 [INFO]     2025.01 p29: +1건 (페이지 4건)
2026-03-23 10:48:06 [INFO]     HTML 크기: 384619 bytes
2026-03-23 10:48:06 [INFO]     OaLkxeV3 포함: False
2026-03-23 10:48:06 [INFO]     GOWcekJV4 포함: False
2026-03-23 10:48:06 [INFO]     카드 발견: 10개
2026-03-23 10:48:06 [INFO]     카드 파싱 성공: 6건
2026-03-23 10:48:06 [INFO]     2025.01 p30: +4건 (페이지 6건)
2026-03-23 10:48:13 [WARNING] [1/3] HTTP 오류: 403 Client Error: Forbidden for url: https://search.naver.com/search.naver?where=news&query=%EC%82%BC%EC%84%B1%EC%A0%84%EC%9E%90&pd=3&ds=2025.01.01&de=2025.01.31&start=300&sort=0
2026-03-23 10:48:16 [INFO]     HTML 크기: 361733 bytes
2026-03-23 10:48:16 [INFO]     OaLkxeV3 포함: False
2026-03-23 10:48:16 [INFO]     GOWcekJV4 포함: False
2026-03-23 10:48:16 [INFO]     카드 발견: 10개
2026-03-23 10:48:16 [INFO]     카드 파싱 성공: 8건
2026-03-23 10:48:16 [INFO]     2025.01 p31: +7건 (페이지 8건)
2026-03-23 10:48:18 [INFO]     HTML 크기: 363402 bytes
2026-03-23 10:48:18 [INFO]     OaLkxeV3 포함: False
2026-03-23 10:48:18 [INFO]     GOWcekJV4 포함: False
2026-03-23 10:48:18 [INFO]     카드 발견: 10개
2026-03-23 10:48:18 [INFO]     카드 파싱 성공: 5건
2026-03-23 10:48:18 [INFO]     2025.01 p32: +2건 (페이지 5건)
2026-03-23 10:48:25 [WARNING] [1/3] HTTP 오류: 403 Client Error: Forbidden for url: https://search.naver.com/search.naver?where=news&query=%EC%82%BC%EC%84%B1%EC%A0%84%EC%9E%90&pd=3&ds=2025.01.01&de=2025.01.31&start=320&sort=0
2026-03-23 10:48:29 [INFO]     HTML 크기: 380335 bytes
2026-03-23 10:48:29 [INFO]     OaLkxeV3 포함: False
2026-03-23 10:48:29 [INFO]     GOWcekJV4 포함: False
2026-03-23 10:48:29 [INFO]     카드 발견: 10개
2026-03-23 10:48:29 [INFO]     카드 파싱 성공: 4건
2026-03-23 10:48:29 [INFO]     2025.01 p33: +2건 (페이지 4건)
2026-03-23 10:48:30 [INFO]     HTML 크기: 382547 bytes
2026-03-23 10:48:30 [INFO]     OaLkxeV3 포함: False
2026-03-23 10:48:30 [INFO]     GOWcekJV4 포함: False
2026-03-23 10:48:30 [INFO]     카드 발견: 10개
2026-03-23 10:48:30 [INFO]     카드 파싱 성공: 6건
2026-03-23 10:48:30 [INFO]     2025.01 p34: +3건 (페이지 6건)
2026-03-23 10:48:38 [WARNING] [1/3] HTTP 오류: 403 Client Error: Forbidden for url: https://search.naver.com/search.naver?where=news&query=%EC%82%BC%EC%84%B1%EC%A0%84%EC%9E%90&pd=3&ds=2025.01.01&de=2025.01.31&start=340&sort=0
2026-03-23 10:48:42 [INFO]     HTML 크기: 400676 bytes
2026-03-23 10:48:42 [INFO]     OaLkxeV3 포함: False
2026-03-23 10:48:42 [INFO]     GOWcekJV4 포함: False
2026-03-23 10:48:42 [INFO]     카드 발견: 10개
2026-03-23 10:48:42 [INFO]     카드 파싱 성공: 6건
2026-03-23 10:48:42 [INFO]     2025.01 p35: +5건 (페이지 6건)
2026-03-23 10:48:43 [INFO]     HTML 크기: 365013 bytes
2026-03-23 10:48:43 [INFO]     OaLkxeV3 포함: False
2026-03-23 10:48:43 [INFO]     GOWcekJV4 포함: False
2026-03-23 10:48:43 [INFO]     카드 발견: 10개
2026-03-23 10:48:43 [INFO]     카드 파싱 성공: 6건
2026-03-23 10:48:43 [INFO]     2025.01 p36: +0건 (페이지 6건)
2026-03-23 10:48:45 [INFO]   2025.01 완료: +189건 (누적 5092개)
2026-03-23 10:48:51 [WARNING] [1/3] HTTP 오류: 403 Client Error: Forbidden for url: https://search.naver.com/search.naver?where=news&query=%EC%82%BC%EC%84%B1%EC%A0%84%EC%9E%90&pd=3&ds=2025.02.01&de=2025.02.28&start=0&sort=0
2026-03-23 10:48:54 [INFO]     HTML 크기: 376510 bytes
2026-03-23 10:48:54 [INFO]     OaLkxeV3 포함: False
2026-03-23 10:48:54 [INFO]     GOWcekJV4 포함: False
2026-03-23 10:48:54 [INFO]     카드 발견: 10개
2026-03-23 10:48:54 [INFO]     카드 파싱 성공: 10건
2026-03-23 10:48:54 [INFO]     2025.02 p1: +10건 (페이지 10건)
2026-03-23 10:48:56 [INFO]     HTML 크기: 344539 bytes
2026-03-23 10:48:56 [INFO]     OaLkxeV3 포함: False
2026-03-23 10:48:56 [INFO]     GOWcekJV4 포함: False
2026-03-23 10:48:56 [INFO]     카드 발견: 10개
2026-03-23 10:48:56 [INFO]     카드 파싱 성공: 10건
2026-03-23 10:48:56 [INFO]     2025.02 p2: +7건 (페이지 10건)
2026-03-23 10:49:04 [WARNING] [1/3] HTTP 오류: 403 Client Error: Forbidden for url: https://search.naver.com/search.naver?where=news&query=%EC%82%BC%EC%84%B1%EC%A0%84%EC%9E%90&pd=3&ds=2025.02.01&de=2025.02.28&start=20&sort=0
2026-03-23 10:49:07 [INFO]     HTML 크기: 363567 bytes
2026-03-23 10:49:07 [INFO]     OaLkxeV3 포함: False
2026-03-23 10:49:07 [INFO]     GOWcekJV4 포함: False
2026-03-23 10:49:07 [INFO]     카드 발견: 10개
2026-03-23 10:49:07 [INFO]     카드 파싱 성공: 8건
2026-03-23 10:49:07 [INFO]     2025.02 p3: +8건 (페이지 8건)
2026-03-23 10:49:09 [INFO]     HTML 크기: 323925 bytes
2026-03-23 10:49:09 [INFO]     OaLkxeV3 포함: False
2026-03-23 10:49:09 [INFO]     GOWcekJV4 포함: False
2026-03-23 10:49:09 [INFO]     카드 발견: 10개
2026-03-23 10:49:09 [INFO]     카드 파싱 성공: 8건
2026-03-23 10:49:09 [INFO]     2025.02 p4: +8건 (페이지 8건)
2026-03-23 10:49:16 [WARNING] [1/3] HTTP 오류: 403 Client Error: Forbidden for url: https://search.naver.com/search.naver?where=news&query=%EC%82%BC%EC%84%B1%EC%A0%84%EC%9E%90&pd=3&ds=2025.02.01&de=2025.02.28&start=40&sort=0
2026-03-23 10:49:19 [INFO]     HTML 크기: 306795 bytes
2026-03-23 10:49:19 [INFO]     OaLkxeV3 포함: False
2026-03-23 10:49:19 [INFO]     GOWcekJV4 포함: False
2026-03-23 10:49:19 [INFO]     카드 발견: 10개
2026-03-23 10:49:19 [INFO]     카드 파싱 성공: 3건
2026-03-23 10:49:19 [INFO]     2025.02 p5: +3건 (페이지 3건)
2026-03-23 10:49:21 [INFO]     HTML 크기: 308410 bytes
2026-03-23 10:49:21 [INFO]     OaLkxeV3 포함: False
2026-03-23 10:49:21 [INFO]     GOWcekJV4 포함: False
2026-03-23 10:49:21 [INFO]     카드 발견: 10개
2026-03-23 10:49:21 [INFO]     카드 파싱 성공: 5건
2026-03-23 10:49:21 [INFO]     2025.02 p6: +5건 (페이지 5건)
2026-03-23 10:49:28 [WARNING] [1/3] HTTP 오류: 403 Client Error: Forbidden for url: https://search.naver.com/search.naver?where=news&query=%EC%82%BC%EC%84%B1%EC%A0%84%EC%9E%90&pd=3&ds=2025.02.01&de=2025.02.28&start=60&sort=0
2026-03-23 10:49:32 [INFO]     HTML 크기: 307246 bytes
2026-03-23 10:49:32 [INFO]     OaLkxeV3 포함: False
2026-03-23 10:49:32 [INFO]     GOWcekJV4 포함: False
2026-03-23 10:49:32 [INFO]     카드 발견: 10개
2026-03-23 10:49:32 [INFO]     카드 파싱 성공: 3건
2026-03-23 10:49:32 [INFO]     2025.02 p7: +3건 (페이지 3건)
2026-03-23 10:49:33 [INFO]     HTML 크기: 306300 bytes
2026-03-23 10:49:33 [INFO]     OaLkxeV3 포함: False
2026-03-23 10:49:33 [INFO]     GOWcekJV4 포함: False
2026-03-23 10:49:33 [INFO]     카드 발견: 10개
2026-03-23 10:49:33 [INFO]     카드 파싱 성공: 3건
2026-03-23 10:49:33 [INFO]     2025.02 p8: +3건 (페이지 3건)
2026-03-23 10:49:40 [WARNING] [1/3] HTTP 오류: 403 Client Error: Forbidden for url: https://search.naver.com/search.naver?where=news&query=%EC%82%BC%EC%84%B1%EC%A0%84%EC%9E%90&pd=3&ds=2025.02.01&de=2025.02.28&start=80&sort=0
2026-03-23 10:49:43 [INFO]     HTML 크기: 306049 bytes
2026-03-23 10:49:43 [INFO]     OaLkxeV3 포함: False
2026-03-23 10:49:43 [INFO]     GOWcekJV4 포함: False
2026-03-23 10:49:43 [INFO]     카드 발견: 10개
2026-03-23 10:49:43 [INFO]     카드 파싱 성공: 5건
2026-03-23 10:49:43 [INFO]     2025.02 p9: +5건 (페이지 5건)
2026-03-23 10:49:45 [INFO]     HTML 크기: 304917 bytes
2026-03-23 10:49:45 [INFO]     OaLkxeV3 포함: False
2026-03-23 10:49:45 [INFO]     GOWcekJV4 포함: False
2026-03-23 10:49:45 [INFO]     카드 발견: 10개
2026-03-23 10:49:45 [INFO]     카드 파싱 성공: 1건
2026-03-23 10:49:45 [INFO]     2025.02 p10: +1건 (페이지 1건)
2026-03-23 10:49:53 [WARNING] [1/3] HTTP 오류: 403 Client Error: Forbidden for url: https://search.naver.com/search.naver?where=news&query=%EC%82%BC%EC%84%B1%EC%A0%84%EC%9E%90&pd=3&ds=2025.02.01&de=2025.02.28&start=100&sort=0
2026-03-23 10:49:56 [INFO]     HTML 크기: 421042 bytes
2026-03-23 10:49:56 [INFO]     OaLkxeV3 포함: False
2026-03-23 10:49:56 [INFO]     GOWcekJV4 포함: False
2026-03-23 10:49:56 [INFO]     카드 발견: 10개
2026-03-23 10:49:56 [INFO]     카드 파싱 성공: 8건
2026-03-23 10:49:56 [INFO]     2025.02 p11: +5건 (페이지 8건)
2026-03-23 10:49:58 [INFO]     HTML 크기: 405151 bytes
2026-03-23 10:49:58 [INFO]     OaLkxeV3 포함: False
2026-03-23 10:49:58 [INFO]     GOWcekJV4 포함: False
2026-03-23 10:49:58 [INFO]     카드 발견: 10개
2026-03-23 10:49:58 [INFO]     카드 파싱 성공: 7건
2026-03-23 10:49:58 [INFO]     2025.02 p12: +3건 (페이지 7건)
2026-03-23 10:50:05 [WARNING] [1/3] HTTP 오류: 403 Client Error: Forbidden for url: https://search.naver.com/search.naver?where=news&query=%EC%82%BC%EC%84%B1%EC%A0%84%EC%9E%90&pd=3&ds=2025.02.01&de=2025.02.28&start=120&sort=0
2026-03-23 10:50:08 [INFO]     HTML 크기: 401973 bytes
2026-03-23 10:50:08 [INFO]     OaLkxeV3 포함: False
2026-03-23 10:50:08 [INFO]     GOWcekJV4 포함: False
2026-03-23 10:50:08 [INFO]     카드 발견: 10개
2026-03-23 10:50:08 [INFO]     카드 파싱 성공: 6건
2026-03-23 10:50:08 [INFO]     2025.02 p13: +2건 (페이지 6건)
2026-03-23 10:50:10 [INFO]     HTML 크기: 407604 bytes
2026-03-23 10:50:10 [INFO]     OaLkxeV3 포함: False
2026-03-23 10:50:10 [INFO]     GOWcekJV4 포함: False
2026-03-23 10:50:10 [INFO]     카드 발견: 10개
2026-03-23 10:50:10 [INFO]     카드 파싱 성공: 7건
2026-03-23 10:50:10 [INFO]     2025.02 p14: +5건 (페이지 7건)
2026-03-23 10:50:18 [WARNING] [1/3] HTTP 오류: 403 Client Error: Forbidden for url: https://search.naver.com/search.naver?where=news&query=%EC%82%BC%EC%84%B1%EC%A0%84%EC%9E%90&pd=3&ds=2025.02.01&de=2025.02.28&start=140&sort=0
2026-03-23 10:50:22 [INFO]     HTML 크기: 401524 bytes
2026-03-23 10:50:22 [INFO]     OaLkxeV3 포함: False
2026-03-23 10:50:22 [INFO]     GOWcekJV4 포함: False
2026-03-23 10:50:22 [INFO]     카드 발견: 10개
2026-03-23 10:50:22 [INFO]     카드 파싱 성공: 7건
2026-03-23 10:50:22 [INFO]     2025.02 p15: +4건 (페이지 7건)
2026-03-23 10:50:23 [INFO]     HTML 크기: 407098 bytes
2026-03-23 10:50:23 [INFO]     OaLkxeV3 포함: False
2026-03-23 10:50:23 [INFO]     GOWcekJV4 포함: False
2026-03-23 10:50:23 [INFO]     카드 발견: 10개
2026-03-23 10:50:23 [INFO]     카드 파싱 성공: 8건
2026-03-23 10:50:23 [INFO]     2025.02 p16: +2건 (페이지 8건)
2026-03-23 10:50:31 [WARNING] [1/3] HTTP 오류: 403 Client Error: Forbidden for url: https://search.naver.com/search.naver?where=news&query=%EC%82%BC%EC%84%B1%EC%A0%84%EC%9E%90&pd=3&ds=2025.02.01&de=2025.02.28&start=160&sort=0
2026-03-23 10:50:35 [INFO]     HTML 크기: 388876 bytes
2026-03-23 10:50:35 [INFO]     OaLkxeV3 포함: False
2026-03-23 10:50:35 [INFO]     GOWcekJV4 포함: False
2026-03-23 10:50:35 [INFO]     카드 발견: 10개
2026-03-23 10:50:35 [INFO]     카드 파싱 성공: 9건
2026-03-23 10:50:35 [INFO]     2025.02 p17: +3건 (페이지 9건)
2026-03-23 10:50:37 [INFO]     HTML 크기: 399148 bytes
2026-03-23 10:50:37 [INFO]     OaLkxeV3 포함: False
2026-03-23 10:50:37 [INFO]     GOWcekJV4 포함: False
2026-03-23 10:50:37 [INFO]     카드 발견: 10개
2026-03-23 10:50:37 [INFO]     카드 파싱 성공: 7건
2026-03-23 10:50:37 [INFO]     2025.02 p18: +5건 (페이지 7건)
2026-03-23 10:50:44 [WARNING] [1/3] HTTP 오류: 403 Client Error: Forbidden for url: https://search.naver.com/search.naver?where=news&query=%EC%82%BC%EC%84%B1%EC%A0%84%EC%9E%90&pd=3&ds=2025.02.01&de=2025.02.28&start=180&sort=0
2026-03-23 10:50:48 [INFO]     HTML 크기: 376930 bytes
2026-03-23 10:50:48 [INFO]     OaLkxeV3 포함: False
2026-03-23 10:50:48 [INFO]     GOWcekJV4 포함: False
2026-03-23 10:50:48 [INFO]     카드 발견: 10개
2026-03-23 10:50:48 [INFO]     카드 파싱 성공: 6건
2026-03-23 10:50:48 [INFO]     2025.02 p19: +3건 (페이지 6건)
2026-03-23 10:50:50 [INFO]     HTML 크기: 374976 bytes
2026-03-23 10:50:50 [INFO]     OaLkxeV3 포함: False
2026-03-23 10:50:50 [INFO]     GOWcekJV4 포함: False
2026-03-23 10:50:50 [INFO]     카드 발견: 10개
2026-03-23 10:50:50 [INFO]     카드 파싱 성공: 5건
2026-03-23 10:50:50 [INFO]     2025.02 p20: +3건 (페이지 5건)
2026-03-23 10:50:57 [WARNING] [1/3] HTTP 오류: 403 Client Error: Forbidden for url: https://search.naver.com/search.naver?where=news&query=%EC%82%BC%EC%84%B1%EC%A0%84%EC%9E%90&pd=3&ds=2025.02.01&de=2025.02.28&start=200&sort=0
2026-03-23 10:51:01 [INFO]     HTML 크기: 418209 bytes
2026-03-23 10:51:01 [INFO]     OaLkxeV3 포함: False
2026-03-23 10:51:01 [INFO]     GOWcekJV4 포함: False
2026-03-23 10:51:01 [INFO]     카드 발견: 10개
2026-03-23 10:51:01 [INFO]     카드 파싱 성공: 7건
2026-03-23 10:51:01 [INFO]     2025.02 p21: +2건 (페이지 7건)
2026-03-23 10:51:02 [INFO]     HTML 크기: 436631 bytes
2026-03-23 10:51:02 [INFO]     OaLkxeV3 포함: False
2026-03-23 10:51:02 [INFO]     GOWcekJV4 포함: False
2026-03-23 10:51:02 [INFO]     카드 발견: 10개
2026-03-23 10:51:02 [INFO]     카드 파싱 성공: 6건
2026-03-23 10:51:02 [INFO]     2025.02 p22: +2건 (페이지 6건)
2026-03-23 10:51:10 [WARNING] [1/3] HTTP 오류: 403 Client Error: Forbidden for url: https://search.naver.com/search.naver?where=news&query=%EC%82%BC%EC%84%B1%EC%A0%84%EC%9E%90&pd=3&ds=2025.02.01&de=2025.02.28&start=220&sort=0
2026-03-23 10:51:13 [INFO]     HTML 크기: 417795 bytes
2026-03-23 10:51:13 [INFO]     OaLkxeV3 포함: False
2026-03-23 10:51:13 [INFO]     GOWcekJV4 포함: False
2026-03-23 10:51:13 [INFO]     카드 발견: 10개
2026-03-23 10:51:13 [INFO]     카드 파싱 성공: 6건
2026-03-23 10:51:13 [INFO]     2025.02 p23: +2건 (페이지 6건)
2026-03-23 10:51:15 [INFO]     HTML 크기: 391027 bytes
2026-03-23 10:51:15 [INFO]     OaLkxeV3 포함: False
2026-03-23 10:51:15 [INFO]     GOWcekJV4 포함: False
2026-03-23 10:51:15 [INFO]     카드 발견: 10개
2026-03-23 10:51:15 [INFO]     카드 파싱 성공: 4건
2026-03-23 10:51:15 [INFO]     2025.02 p24: +3건 (페이지 4건)
2026-03-23 10:51:22 [WARNING] [1/3] HTTP 오류: 403 Client Error: Forbidden for url: https://search.naver.com/search.naver?where=news&query=%EC%82%BC%EC%84%B1%EC%A0%84%EC%9E%90&pd=3&ds=2025.02.01&de=2025.02.28&start=240&sort=0
2026-03-23 10:51:25 [INFO]     HTML 크기: 411498 bytes
2026-03-23 10:51:25 [INFO]     OaLkxeV3 포함: False
2026-03-23 10:51:25 [INFO]     GOWcekJV4 포함: False
2026-03-23 10:51:25 [INFO]     카드 발견: 10개
2026-03-23 10:51:25 [INFO]     카드 파싱 성공: 5건
2026-03-23 10:51:25 [INFO]     2025.02 p25: +2건 (페이지 5건)
2026-03-23 10:51:27 [INFO]     HTML 크기: 415696 bytes
2026-03-23 10:51:27 [INFO]     OaLkxeV3 포함: False
2026-03-23 10:51:27 [INFO]     GOWcekJV4 포함: False
2026-03-23 10:51:27 [INFO]     카드 발견: 10개
2026-03-23 10:51:27 [INFO]     카드 파싱 성공: 8건
2026-03-23 10:51:27 [INFO]     2025.02 p26: +4건 (페이지 8건)
2026-03-23 10:51:35 [WARNING] [1/3] HTTP 오류: 403 Client Error: Forbidden for url: https://search.naver.com/search.naver?where=news&query=%EC%82%BC%EC%84%B1%EC%A0%84%EC%9E%90&pd=3&ds=2025.02.01&de=2025.02.28&start=260&sort=0
2026-03-23 10:51:38 [INFO]     HTML 크기: 421088 bytes
2026-03-23 10:51:38 [INFO]     OaLkxeV3 포함: False
2026-03-23 10:51:38 [INFO]     GOWcekJV4 포함: False
2026-03-23 10:51:38 [INFO]     카드 발견: 10개
2026-03-23 10:51:38 [INFO]     카드 파싱 성공: 5건
2026-03-23 10:51:38 [INFO]     2025.02 p27: +3건 (페이지 5건)
2026-03-23 10:51:40 [INFO]     HTML 크기: 364666 bytes
2026-03-23 10:51:40 [INFO]     OaLkxeV3 포함: False
2026-03-23 10:51:40 [INFO]     GOWcekJV4 포함: False
2026-03-23 10:51:40 [INFO]     카드 발견: 10개
2026-03-23 10:51:40 [INFO]     카드 파싱 성공: 9건
2026-03-23 10:51:40 [INFO]     2025.02 p28: +7건 (페이지 9건)
2026-03-23 10:51:48 [WARNING] [1/3] HTTP 오류: 403 Client Error: Forbidden for url: https://search.naver.com/search.naver?where=news&query=%EC%82%BC%EC%84%B1%EC%A0%84%EC%9E%90&pd=3&ds=2025.02.01&de=2025.02.28&start=280&sort=0
2026-03-23 10:51:51 [INFO]     HTML 크기: 403335 bytes
2026-03-23 10:51:51 [INFO]     OaLkxeV3 포함: False
2026-03-23 10:51:51 [INFO]     GOWcekJV4 포함: False
2026-03-23 10:51:51 [INFO]     카드 발견: 10개
2026-03-23 10:51:51 [INFO]     카드 파싱 성공: 6건
2026-03-23 10:51:51 [INFO]     2025.02 p29: +1건 (페이지 6건)
2026-03-23 10:51:53 [INFO]     HTML 크기: 387873 bytes
2026-03-23 10:51:53 [INFO]     OaLkxeV3 포함: False
2026-03-23 10:51:53 [INFO]     GOWcekJV4 포함: False
2026-03-23 10:51:53 [INFO]     카드 발견: 10개
2026-03-23 10:51:53 [INFO]     카드 파싱 성공: 7건
2026-03-23 10:51:53 [INFO]     2025.02 p30: +5건 (페이지 7건)
2026-03-23 10:52:01 [WARNING] [1/3] HTTP 오류: 403 Client Error: Forbidden for url: https://search.naver.com/search.naver?where=news&query=%EC%82%BC%EC%84%B1%EC%A0%84%EC%9E%90&pd=3&ds=2025.02.01&de=2025.02.28&start=300&sort=0
2026-03-23 10:52:04 [INFO]     HTML 크기: 396894 bytes
2026-03-23 10:52:04 [INFO]     OaLkxeV3 포함: False
2026-03-23 10:52:04 [INFO]     GOWcekJV4 포함: False
2026-03-23 10:52:04 [INFO]     카드 발견: 10개
2026-03-23 10:52:04 [INFO]     카드 파싱 성공: 7건
2026-03-23 10:52:04 [INFO]     2025.02 p31: +5건 (페이지 7건)
2026-03-23 10:52:06 [INFO]     HTML 크기: 408577 bytes
2026-03-23 10:52:06 [INFO]     OaLkxeV3 포함: False
2026-03-23 10:52:06 [INFO]     GOWcekJV4 포함: False
2026-03-23 10:52:06 [INFO]     카드 발견: 10개
2026-03-23 10:52:06 [INFO]     카드 파싱 성공: 5건
2026-03-23 10:52:06 [INFO]     2025.02 p32: +2건 (페이지 5건)
2026-03-23 10:52:14 [WARNING] [1/3] HTTP 오류: 403 Client Error: Forbidden for url: https://search.naver.com/search.naver?where=news&query=%EC%82%BC%EC%84%B1%EC%A0%84%EC%9E%90&pd=3&ds=2025.02.01&de=2025.02.28&start=320&sort=0
2026-03-23 10:52:17 [INFO]     HTML 크기: 430294 bytes
2026-03-23 10:52:17 [INFO]     OaLkxeV3 포함: False
2026-03-23 10:52:17 [INFO]     GOWcekJV4 포함: False
2026-03-23 10:52:17 [INFO]     카드 발견: 10개
2026-03-23 10:52:17 [INFO]     카드 파싱 성공: 5건
2026-03-23 10:52:17 [INFO]     2025.02 p33: +1건 (페이지 5건)
2026-03-23 10:52:18 [INFO]     HTML 크기: 391521 bytes
2026-03-23 10:52:18 [INFO]     OaLkxeV3 포함: False
2026-03-23 10:52:18 [INFO]     GOWcekJV4 포함: False
2026-03-23 10:52:18 [INFO]     카드 발견: 10개
2026-03-23 10:52:18 [INFO]     카드 파싱 성공: 5건
2026-03-23 10:52:18 [INFO]     2025.02 p34: +2건 (페이지 5건)
2026-03-23 10:52:26 [WARNING] [1/3] HTTP 오류: 403 Client Error: Forbidden for url: https://search.naver.com/search.naver?where=news&query=%EC%82%BC%EC%84%B1%EC%A0%84%EC%9E%90&pd=3&ds=2025.02.01&de=2025.02.28&start=340&sort=0
2026-03-23 10:52:30 [INFO]     HTML 크기: 393752 bytes
2026-03-23 10:52:30 [INFO]     OaLkxeV3 포함: False
2026-03-23 10:52:30 [INFO]     GOWcekJV4 포함: False
2026-03-23 10:52:30 [INFO]     카드 발견: 10개
2026-03-23 10:52:30 [INFO]     카드 파싱 성공: 8건
2026-03-23 10:52:30 [INFO]     2025.02 p35: +5건 (페이지 8건)
2026-03-23 10:52:32 [INFO]     HTML 크기: 393773 bytes
2026-03-23 10:52:32 [INFO]     OaLkxeV3 포함: False
2026-03-23 10:52:32 [INFO]     GOWcekJV4 포함: False
2026-03-23 10:52:32 [INFO]     카드 발견: 10개
2026-03-23 10:52:32 [INFO]     카드 파싱 성공: 6건
2026-03-23 10:52:32 [INFO]     2025.02 p36: +0건 (페이지 6건)
2026-03-23 10:52:33 [INFO]   2025.02 완료: +134건 (누적 5226개)
2026-03-23 10:52:39 [WARNING] [1/3] HTTP 오류: 403 Client Error: Forbidden for url: https://search.naver.com/search.naver?where=news&query=%EC%82%BC%EC%84%B1%EC%A0%84%EC%9E%90&pd=3&ds=2025.03.01&de=2025.03.31&start=0&sort=0
2026-03-23 10:52:42 [INFO]     HTML 크기: 364487 bytes
2026-03-23 10:52:42 [INFO]     OaLkxeV3 포함: False
2026-03-23 10:52:42 [INFO]     GOWcekJV4 포함: False
2026-03-23 10:52:42 [INFO]     카드 발견: 10개
2026-03-23 10:52:42 [INFO]     카드 파싱 성공: 10건
2026-03-23 10:52:42 [INFO]     2025.03 p1: +10건 (페이지 10건)
2026-03-23 10:52:44 [INFO]     HTML 크기: 352486 bytes
2026-03-23 10:52:44 [INFO]     OaLkxeV3 포함: False
2026-03-23 10:52:44 [INFO]     GOWcekJV4 포함: False
2026-03-23 10:52:44 [INFO]     카드 발견: 10개
2026-03-23 10:52:44 [INFO]     카드 파싱 성공: 10건
2026-03-23 10:52:44 [INFO]     2025.03 p2: +5건 (페이지 10건)
2026-03-23 10:52:52 [WARNING] [1/3] HTTP 오류: 403 Client Error: Forbidden for url: https://search.naver.com/search.naver?where=news&query=%EC%82%BC%EC%84%B1%EC%A0%84%EC%9E%90&pd=3&ds=2025.03.01&de=2025.03.31&start=20&sort=0
2026-03-23 10:52:56 [INFO]     HTML 크기: 318002 bytes
2026-03-23 10:52:56 [INFO]     OaLkxeV3 포함: False
2026-03-23 10:52:56 [INFO]     GOWcekJV4 포함: False
2026-03-23 10:52:56 [INFO]     카드 발견: 10개
2026-03-23 10:52:56 [INFO]     카드 파싱 성공: 10건
2026-03-23 10:52:56 [INFO]     2025.03 p3: +9건 (페이지 10건)
2026-03-23 10:52:57 [INFO]     HTML 크기: 307079 bytes
2026-03-23 10:52:57 [INFO]     OaLkxeV3 포함: False
2026-03-23 10:52:57 [INFO]     GOWcekJV4 포함: False
2026-03-23 10:52:57 [INFO]     카드 발견: 10개
2026-03-23 10:52:57 [INFO]     카드 파싱 성공: 5건
2026-03-23 10:52:57 [INFO]     2025.03 p4: +5건 (페이지 5건)
2026-03-23 10:53:05 [WARNING] [1/3] HTTP 오류: 403 Client Error: Forbidden for url: https://search.naver.com/search.naver?where=news&query=%EC%82%BC%EC%84%B1%EC%A0%84%EC%9E%90&pd=3&ds=2025.03.01&de=2025.03.31&start=40&sort=0
2026-03-23 10:53:08 [INFO]     HTML 크기: 306685 bytes
2026-03-23 10:53:08 [INFO]     OaLkxeV3 포함: False
2026-03-23 10:53:08 [INFO]     GOWcekJV4 포함: False
2026-03-23 10:53:08 [INFO]     카드 발견: 10개
2026-03-23 10:53:08 [INFO]     카드 파싱 성공: 6건
2026-03-23 10:53:08 [INFO]     2025.03 p5: +6건 (페이지 6건)
2026-03-23 10:53:10 [INFO]     HTML 크기: 304112 bytes
2026-03-23 10:53:10 [INFO]     OaLkxeV3 포함: False
2026-03-23 10:53:10 [INFO]     GOWcekJV4 포함: False
2026-03-23 10:53:10 [INFO]     카드 발견: 10개
2026-03-23 10:53:10 [INFO]     카드 파싱 성공: 1건
2026-03-23 10:53:10 [INFO]     2025.03 p6: +1건 (페이지 1건)
2026-03-23 10:53:17 [WARNING] [1/3] HTTP 오류: 403 Client Error: Forbidden for url: https://search.naver.com/search.naver?where=news&query=%EC%82%BC%EC%84%B1%EC%A0%84%EC%9E%90&pd=3&ds=2025.03.01&de=2025.03.31&start=60&sort=0
2026-03-23 10:53:21 [INFO]     HTML 크기: 305696 bytes
2026-03-23 10:53:21 [INFO]     OaLkxeV3 포함: False
2026-03-23 10:53:21 [INFO]     GOWcekJV4 포함: False
2026-03-23 10:53:21 [INFO]     카드 발견: 10개
2026-03-23 10:53:21 [INFO]     카드 파싱 성공: 2건
2026-03-23 10:53:21 [INFO]     2025.03 p7: +2건 (페이지 2건)
2026-03-23 10:53:22 [INFO]     HTML 크기: 306153 bytes
2026-03-23 10:53:22 [INFO]     OaLkxeV3 포함: False
2026-03-23 10:53:22 [INFO]     GOWcekJV4 포함: False
2026-03-23 10:53:22 [INFO]     카드 발견: 10개
2026-03-23 10:53:22 [INFO]     카드 파싱 성공: 3건
2026-03-23 10:53:22 [INFO]     2025.03 p8: +3건 (페이지 3건)
2026-03-23 10:53:30 [WARNING] [1/3] HTTP 오류: 403 Client Error: Forbidden for url: https://search.naver.com/search.naver?where=news&query=%EC%82%BC%EC%84%B1%EC%A0%84%EC%9E%90&pd=3&ds=2025.03.01&de=2025.03.31&start=80&sort=0
2026-03-23 10:53:33 [INFO]     HTML 크기: 304414 bytes
2026-03-23 10:53:33 [INFO]     OaLkxeV3 포함: False
2026-03-23 10:53:33 [INFO]     GOWcekJV4 포함: False
2026-03-23 10:53:33 [INFO]     카드 발견: 10개
2026-03-23 10:53:33 [INFO]     카드 파싱 성공: 2건
2026-03-23 10:53:33 [INFO]     2025.03 p9: +2건 (페이지 2건)
2026-03-23 10:53:35 [INFO]     HTML 크기: 306253 bytes
2026-03-23 10:53:35 [INFO]     OaLkxeV3 포함: False
2026-03-23 10:53:35 [INFO]     GOWcekJV4 포함: False
2026-03-23 10:53:35 [INFO]     카드 발견: 10개
2026-03-23 10:53:35 [INFO]     카드 파싱 성공: 2건
2026-03-23 10:53:35 [INFO]     2025.03 p10: +2건 (페이지 2건)
2026-03-23 10:53:42 [WARNING] [1/3] HTTP 오류: 403 Client Error: Forbidden for url: https://search.naver.com/search.naver?where=news&query=%EC%82%BC%EC%84%B1%EC%A0%84%EC%9E%90&pd=3&ds=2025.03.01&de=2025.03.31&start=100&sort=0
2026-03-23 10:53:45 [INFO]     HTML 크기: 415083 bytes
2026-03-23 10:53:45 [INFO]     OaLkxeV3 포함: False
2026-03-23 10:53:45 [INFO]     GOWcekJV4 포함: False
2026-03-23 10:53:45 [INFO]     카드 발견: 10개
2026-03-23 10:53:45 [INFO]     카드 파싱 성공: 6건
2026-03-23 10:53:45 [INFO]     2025.03 p11: +5건 (페이지 6건)
2026-03-23 10:53:47 [INFO]     HTML 크기: 403138 bytes
2026-03-23 10:53:47 [INFO]     OaLkxeV3 포함: False
2026-03-23 10:53:47 [INFO]     GOWcekJV4 포함: False
2026-03-23 10:53:47 [INFO]     카드 발견: 10개
2026-03-23 10:53:47 [INFO]     카드 파싱 성공: 6건
2026-03-23 10:53:47 [INFO]     2025.03 p12: +2건 (페이지 6건)
2026-03-23 10:53:54 [WARNING] [1/3] HTTP 오류: 403 Client Error: Forbidden for url: https://search.naver.com/search.naver?where=news&query=%EC%82%BC%EC%84%B1%EC%A0%84%EC%9E%90&pd=3&ds=2025.03.01&de=2025.03.31&start=120&sort=0
2026-03-23 10:53:57 [INFO]     HTML 크기: 407344 bytes
2026-03-23 10:53:57 [INFO]     OaLkxeV3 포함: False
2026-03-23 10:53:57 [INFO]     GOWcekJV4 포함: False
2026-03-23 10:53:57 [INFO]     카드 발견: 10개
2026-03-23 10:53:57 [INFO]     카드 파싱 성공: 6건
2026-03-23 10:53:57 [INFO]     2025.03 p13: +0건 (페이지 6건)
2026-03-23 10:53:59 [INFO]   2025.03 완료: +52건 (누적 5278개)
2026-03-23 10:53:59 [INFO]     HTML 크기: 401103 bytes
2026-03-23 10:53:59 [INFO]     OaLkxeV3 포함: False
2026-03-23 10:53:59 [INFO]     GOWcekJV4 포함: False
2026-03-23 10:53:59 [INFO]     카드 발견: 10개
2026-03-23 10:53:59 [INFO]     카드 파싱 성공: 10건
2026-03-23 10:53:59 [INFO]     2025.04 p1: +10건 (페이지 10건)
2026-03-23 10:54:07 [WARNING] [1/3] HTTP 오류: 403 Client Error: Forbidden for url: https://search.naver.com/search.naver?where=news&query=%EC%82%BC%EC%84%B1%EC%A0%84%EC%9E%90&pd=3&ds=2025.04.01&de=2025.04.30&start=10&sort=0
2026-03-23 10:54:10 [INFO]     HTML 크기: 372765 bytes
2026-03-23 10:54:10 [INFO]     OaLkxeV3 포함: False
2026-03-23 10:54:10 [INFO]     GOWcekJV4 포함: False
2026-03-23 10:54:10 [INFO]     카드 발견: 10개
2026-03-23 10:54:10 [INFO]     카드 파싱 성공: 10건
2026-03-23 10:54:10 [INFO]     2025.04 p2: +7건 (페이지 10건)
2026-03-23 10:54:12 [INFO]     HTML 크기: 357444 bytes
2026-03-23 10:54:12 [INFO]     OaLkxeV3 포함: False
2026-03-23 10:54:12 [INFO]     GOWcekJV4 포함: False
2026-03-23 10:54:12 [INFO]     카드 발견: 10개
2026-03-23 10:54:12 [INFO]     카드 파싱 성공: 9건
2026-03-23 10:54:12 [INFO]     2025.04 p3: +9건 (페이지 9건)
2026-03-23 10:54:20 [WARNING] [1/3] HTTP 오류: 403 Client Error: Forbidden for url: https://search.naver.com/search.naver?where=news&query=%EC%82%BC%EC%84%B1%EC%A0%84%EC%9E%90&pd=3&ds=2025.04.01&de=2025.04.30&start=30&sort=0
2026-03-23 10:54:23 [INFO]     HTML 크기: 324791 bytes
2026-03-23 10:54:23 [INFO]     OaLkxeV3 포함: False
2026-03-23 10:54:23 [INFO]     GOWcekJV4 포함: False
2026-03-23 10:54:23 [INFO]     카드 발견: 10개
2026-03-23 10:54:23 [INFO]     카드 파싱 성공: 10건
2026-03-23 10:54:23 [INFO]     2025.04 p4: +10건 (페이지 10건)
2026-03-23 10:54:25 [INFO]     HTML 크기: 309897 bytes
2026-03-23 10:54:25 [INFO]     OaLkxeV3 포함: False
2026-03-23 10:54:25 [INFO]     GOWcekJV4 포함: False
2026-03-23 10:54:25 [INFO]     카드 발견: 10개
2026-03-23 10:54:25 [INFO]     카드 파싱 성공: 8건
2026-03-23 10:54:25 [INFO]     2025.04 p5: +8건 (페이지 8건)
2026-03-23 10:54:33 [WARNING] [1/3] HTTP 오류: 403 Client Error: Forbidden for url: https://search.naver.com/search.naver?where=news&query=%EC%82%BC%EC%84%B1%EC%A0%84%EC%9E%90&pd=3&ds=2025.04.01&de=2025.04.30&start=50&sort=0
2026-03-23 10:54:36 [INFO]     HTML 크기: 306263 bytes
2026-03-23 10:54:36 [INFO]     OaLkxeV3 포함: False
2026-03-23 10:54:36 [INFO]     GOWcekJV4 포함: False
2026-03-23 10:54:36 [INFO]     카드 발견: 10개
2026-03-23 10:54:36 [INFO]     카드 파싱 성공: 3건
2026-03-23 10:54:36 [INFO]     2025.04 p6: +3건 (페이지 3건)
2026-03-23 10:54:37 [INFO]     HTML 크기: 309187 bytes
2026-03-23 10:54:37 [INFO]     OaLkxeV3 포함: False
2026-03-23 10:54:37 [INFO]     GOWcekJV4 포함: False
2026-03-23 10:54:37 [INFO]     카드 발견: 10개
2026-03-23 10:54:37 [INFO]     카드 파싱 성공: 6건
2026-03-23 10:54:37 [INFO]     2025.04 p7: +6건 (페이지 6건)
2026-03-23 10:54:45 [WARNING] [1/3] HTTP 오류: 403 Client Error: Forbidden for url: https://search.naver.com/search.naver?where=news&query=%EC%82%BC%EC%84%B1%EC%A0%84%EC%9E%90&pd=3&ds=2025.04.01&de=2025.04.30&start=70&sort=0
2026-03-23 10:54:48 [INFO]     HTML 크기: 309313 bytes
2026-03-23 10:54:48 [INFO]     OaLkxeV3 포함: False
2026-03-23 10:54:48 [INFO]     GOWcekJV4 포함: False
2026-03-23 10:54:48 [INFO]     카드 발견: 10개
2026-03-23 10:54:48 [INFO]     카드 파싱 성공: 9건
2026-03-23 10:54:48 [INFO]     2025.04 p8: +9건 (페이지 9건)
2026-03-23 10:54:50 [INFO]     HTML 크기: 305647 bytes
2026-03-23 10:54:50 [INFO]     OaLkxeV3 포함: False
2026-03-23 10:54:50 [INFO]     GOWcekJV4 포함: False
2026-03-23 10:54:50 [INFO]     카드 발견: 10개
2026-03-23 10:54:50 [INFO]     카드 파싱 성공: 1건
2026-03-23 10:54:50 [INFO]     2025.04 p9: +1건 (페이지 1건)
2026-03-23 10:54:57 [WARNING] [1/3] HTTP 오류: 403 Client Error: Forbidden for url: https://search.naver.com/search.naver?where=news&query=%EC%82%BC%EC%84%B1%EC%A0%84%EC%9E%90&pd=3&ds=2025.04.01&de=2025.04.30&start=90&sort=0
2026-03-23 10:55:01 [INFO]     HTML 크기: 305683 bytes
2026-03-23 10:55:01 [INFO]     OaLkxeV3 포함: False
2026-03-23 10:55:01 [INFO]     GOWcekJV4 포함: False
2026-03-23 10:55:01 [INFO]     카드 발견: 10개
2026-03-23 10:55:01 [INFO]     카드 파싱 성공: 1건
2026-03-23 10:55:01 [INFO]     2025.04 p10: +1건 (페이지 1건)
2026-03-23 10:55:03 [INFO]     HTML 크기: 407492 bytes
2026-03-23 10:55:03 [INFO]     OaLkxeV3 포함: False
2026-03-23 10:55:03 [INFO]     GOWcekJV4 포함: False
2026-03-23 10:55:03 [INFO]     카드 발견: 10개
2026-03-23 10:55:03 [INFO]     카드 파싱 성공: 10건
2026-03-23 10:55:03 [INFO]     2025.04 p11: +8건 (페이지 10건)
2026-03-23 10:55:10 [WARNING] [1/3] HTTP 오류: 403 Client Error: Forbidden for url: https://search.naver.com/search.naver?where=news&query=%EC%82%BC%EC%84%B1%EC%A0%84%EC%9E%90&pd=3&ds=2025.04.01&de=2025.04.30&start=110&sort=0
2026-03-23 10:55:14 [INFO]     HTML 크기: 423602 bytes
2026-03-23 10:55:14 [INFO]     OaLkxeV3 포함: False
2026-03-23 10:55:14 [INFO]     GOWcekJV4 포함: False
2026-03-23 10:55:14 [INFO]     카드 발견: 10개
2026-03-23 10:55:14 [INFO]     카드 파싱 성공: 9건
2026-03-23 10:55:14 [INFO]     2025.04 p12: +5건 (페이지 9건)
2026-03-23 10:55:15 [INFO]     HTML 크기: 407752 bytes
2026-03-23 10:55:15 [INFO]     OaLkxeV3 포함: False
2026-03-23 10:55:15 [INFO]     GOWcekJV4 포함: False
2026-03-23 10:55:15 [INFO]     카드 발견: 10개
2026-03-23 10:55:15 [INFO]     카드 파싱 성공: 9건
2026-03-23 10:55:15 [INFO]     2025.04 p13: +6건 (페이지 9건)
2026-03-23 10:55:23 [WARNING] [1/3] HTTP 오류: 403 Client Error: Forbidden for url: https://search.naver.com/search.naver?where=news&query=%EC%82%BC%EC%84%B1%EC%A0%84%EC%9E%90&pd=3&ds=2025.04.01&de=2025.04.30&start=130&sort=0
2026-03-23 10:55:26 [INFO]     HTML 크기: 410184 bytes
2026-03-23 10:55:26 [INFO]     OaLkxeV3 포함: False
2026-03-23 10:55:26 [INFO]     GOWcekJV4 포함: False
2026-03-23 10:55:26 [INFO]     카드 발견: 10개
2026-03-23 10:55:26 [INFO]     카드 파싱 성공: 8건
2026-03-23 10:55:26 [INFO]     2025.04 p14: +5건 (페이지 8건)
2026-03-23 10:55:28 [INFO]     HTML 크기: 382660 bytes
2026-03-23 10:55:28 [INFO]     OaLkxeV3 포함: False
2026-03-23 10:55:28 [INFO]     GOWcekJV4 포함: False
2026-03-23 10:55:28 [INFO]     카드 발견: 10개
2026-03-23 10:55:28 [INFO]     카드 파싱 성공: 9건
2026-03-23 10:55:28 [INFO]     2025.04 p15: +5건 (페이지 9건)
2026-03-23 10:55:36 [WARNING] [1/3] HTTP 오류: 403 Client Error: Forbidden for url: https://search.naver.com/search.naver?where=news&query=%EC%82%BC%EC%84%B1%EC%A0%84%EC%9E%90&pd=3&ds=2025.04.01&de=2025.04.30&start=150&sort=0
2026-03-23 10:55:39 [INFO]     HTML 크기: 398155 bytes
2026-03-23 10:55:39 [INFO]     OaLkxeV3 포함: False
2026-03-23 10:55:39 [INFO]     GOWcekJV4 포함: False
2026-03-23 10:55:39 [INFO]     카드 발견: 10개
2026-03-23 10:55:39 [INFO]     카드 파싱 성공: 9건
2026-03-23 10:55:39 [INFO]     2025.04 p16: +6건 (페이지 9건)
2026-03-23 10:55:40 [INFO]     HTML 크기: 388310 bytes
2026-03-23 10:55:40 [INFO]     OaLkxeV3 포함: False
2026-03-23 10:55:40 [INFO]     GOWcekJV4 포함: False
2026-03-23 10:55:40 [INFO]     카드 발견: 10개
2026-03-23 10:55:40 [INFO]     카드 파싱 성공: 7건
2026-03-23 10:55:40 [INFO]     2025.04 p17: +2건 (페이지 7건)
2026-03-23 10:55:48 [WARNING] [1/3] HTTP 오류: 403 Client Error: Forbidden for url: https://search.naver.com/search.naver?where=news&query=%EC%82%BC%EC%84%B1%EC%A0%84%EC%9E%90&pd=3&ds=2025.04.01&de=2025.04.30&start=170&sort=0
2026-03-23 10:55:51 [INFO]     HTML 크기: 405385 bytes
2026-03-23 10:55:51 [INFO]     OaLkxeV3 포함: False
2026-03-23 10:55:51 [INFO]     GOWcekJV4 포함: False
2026-03-23 10:55:51 [INFO]     카드 발견: 10개
2026-03-23 10:55:51 [INFO]     카드 파싱 성공: 6건
2026-03-23 10:55:51 [INFO]     2025.04 p18: +3건 (페이지 6건)
2026-03-23 10:55:53 [INFO]     HTML 크기: 402480 bytes
2026-03-23 10:55:53 [INFO]     OaLkxeV3 포함: False
2026-03-23 10:55:53 [INFO]     GOWcekJV4 포함: False
2026-03-23 10:55:53 [INFO]     카드 발견: 10개
2026-03-23 10:55:53 [INFO]     카드 파싱 성공: 4건
2026-03-23 10:55:53 [INFO]     2025.04 p19: +1건 (페이지 4건)
2026-03-23 10:56:01 [WARNING] [1/3] HTTP 오류: 403 Client Error: Forbidden for url: https://search.naver.com/search.naver?where=news&query=%EC%82%BC%EC%84%B1%EC%A0%84%EC%9E%90&pd=3&ds=2025.04.01&de=2025.04.30&start=190&sort=0
2026-03-23 10:56:04 [INFO]     HTML 크기: 416262 bytes
2026-03-23 10:56:04 [INFO]     OaLkxeV3 포함: False
2026-03-23 10:56:04 [INFO]     GOWcekJV4 포함: False
2026-03-23 10:56:04 [INFO]     카드 발견: 10개
2026-03-23 10:56:04 [INFO]     카드 파싱 성공: 5건
2026-03-23 10:56:04 [INFO]     2025.04 p20: +1건 (페이지 5건)
2026-03-23 10:56:06 [INFO]     HTML 크기: 407641 bytes
2026-03-23 10:56:06 [INFO]     OaLkxeV3 포함: False
2026-03-23 10:56:06 [INFO]     GOWcekJV4 포함: False
2026-03-23 10:56:06 [INFO]     카드 발견: 10개
2026-03-23 10:56:06 [INFO]     카드 파싱 성공: 6건
2026-03-23 10:56:06 [INFO]     2025.04 p21: +2건 (페이지 6건)
2026-03-23 10:56:14 [WARNING] [1/3] HTTP 오류: 403 Client Error: Forbidden for url: https://search.naver.com/search.naver?where=news&query=%EC%82%BC%EC%84%B1%EC%A0%84%EC%9E%90&pd=3&ds=2025.04.01&de=2025.04.30&start=210&sort=0
2026-03-23 10:56:18 [INFO]     HTML 크기: 397988 bytes
2026-03-23 10:56:18 [INFO]     OaLkxeV3 포함: False
2026-03-23 10:56:18 [INFO]     GOWcekJV4 포함: False
2026-03-23 10:56:18 [INFO]     카드 발견: 10개
2026-03-23 10:56:18 [INFO]     카드 파싱 성공: 4건
2026-03-23 10:56:18 [INFO]     2025.04 p22: +1건 (페이지 4건)
2026-03-23 10:56:19 [INFO]     HTML 크기: 419263 bytes
2026-03-23 10:56:19 [INFO]     OaLkxeV3 포함: False
2026-03-23 10:56:19 [INFO]     GOWcekJV4 포함: False
2026-03-23 10:56:19 [INFO]     카드 발견: 10개
2026-03-23 10:56:19 [INFO]     카드 파싱 성공: 4건
2026-03-23 10:56:19 [INFO]     2025.04 p23: +4건 (페이지 4건)
2026-03-23 10:56:28 [WARNING] [1/3] HTTP 오류: 403 Client Error: Forbidden for url: https://search.naver.com/search.naver?where=news&query=%EC%82%BC%EC%84%B1%EC%A0%84%EC%9E%90&pd=3&ds=2025.04.01&de=2025.04.30&start=230&sort=0
2026-03-23 10:56:31 [INFO]     HTML 크기: 407356 bytes
2026-03-23 10:56:31 [INFO]     OaLkxeV3 포함: False
2026-03-23 10:56:31 [INFO]     GOWcekJV4 포함: False
2026-03-23 10:56:31 [INFO]     카드 발견: 10개
2026-03-23 10:56:31 [INFO]     카드 파싱 성공: 7건
2026-03-23 10:56:31 [INFO]     2025.04 p24: +2건 (페이지 7건)
2026-03-23 10:56:33 [INFO]     HTML 크기: 406588 bytes
2026-03-23 10:56:33 [INFO]     OaLkxeV3 포함: False
2026-03-23 10:56:33 [INFO]     GOWcekJV4 포함: False
2026-03-23 10:56:33 [INFO]     카드 발견: 10개
2026-03-23 10:56:33 [INFO]     카드 파싱 성공: 4건
2026-03-23 10:56:33 [INFO]     2025.04 p25: +0건 (페이지 4건)
2026-03-23 10:56:34 [INFO]   2025.04 완료: +115건 (누적 5393개)
2026-03-23 10:56:40 [WARNING] [1/3] HTTP 오류: 403 Client Error: Forbidden for url: https://search.naver.com/search.naver?where=news&query=%EC%82%BC%EC%84%B1%EC%A0%84%EC%9E%90&pd=3&ds=2025.05.01&de=2025.05.31&start=0&sort=0
2026-03-23 10:56:44 [INFO]     HTML 크기: 337736 bytes
2026-03-23 10:56:44 [INFO]     OaLkxeV3 포함: False
2026-03-23 10:56:44 [INFO]     GOWcekJV4 포함: False
2026-03-23 10:56:44 [INFO]     카드 발견: 10개
2026-03-23 10:56:44 [INFO]     카드 파싱 성공: 9건
2026-03-23 10:56:44 [INFO]     2025.05 p1: +9건 (페이지 9건)
2026-03-23 10:56:46 [INFO]     HTML 크기: 356487 bytes
2026-03-23 10:56:46 [INFO]     OaLkxeV3 포함: False
2026-03-23 10:56:46 [INFO]     GOWcekJV4 포함: False
2026-03-23 10:56:46 [INFO]     카드 발견: 10개
2026-03-23 10:56:46 [INFO]     카드 파싱 성공: 8건
2026-03-23 10:56:46 [INFO]     2025.05 p2: +7건 (페이지 8건)
2026-03-23 10:56:53 [WARNING] [1/3] HTTP 오류: 403 Client Error: Forbidden for url: https://search.naver.com/search.naver?where=news&query=%EC%82%BC%EC%84%B1%EC%A0%84%EC%9E%90&pd=3&ds=2025.05.01&de=2025.05.31&start=20&sort=0
2026-03-23 10:56:56 [INFO]     HTML 크기: 374071 bytes
2026-03-23 10:56:56 [INFO]     OaLkxeV3 포함: False
2026-03-23 10:56:56 [INFO]     GOWcekJV4 포함: False
2026-03-23 10:56:56 [INFO]     카드 발견: 10개
2026-03-23 10:56:56 [INFO]     카드 파싱 성공: 8건
2026-03-23 10:56:56 [INFO]     2025.05 p3: +8건 (페이지 8건)
2026-03-23 10:56:58 [INFO]     HTML 크기: 360480 bytes
2026-03-23 10:56:58 [INFO]     OaLkxeV3 포함: False
2026-03-23 10:56:58 [INFO]     GOWcekJV4 포함: False
2026-03-23 10:56:58 [INFO]     카드 발견: 10개
2026-03-23 10:56:58 [INFO]     카드 파싱 성공: 10건
2026-03-23 10:56:58 [INFO]     2025.05 p4: +10건 (페이지 10건)
2026-03-23 10:57:05 [WARNING] [1/3] HTTP 오류: 403 Client Error: Forbidden for url: https://search.naver.com/search.naver?where=news&query=%EC%82%BC%EC%84%B1%EC%A0%84%EC%9E%90&pd=3&ds=2025.05.01&de=2025.05.31&start=40&sort=0
2026-03-23 10:57:09 [INFO]     HTML 크기: 371518 bytes
2026-03-23 10:57:09 [INFO]     OaLkxeV3 포함: False
2026-03-23 10:57:09 [INFO]     GOWcekJV4 포함: False
2026-03-23 10:57:09 [INFO]     카드 발견: 10개
2026-03-23 10:57:09 [INFO]     카드 파싱 성공: 9건
2026-03-23 10:57:09 [INFO]     2025.05 p5: +9건 (페이지 9건)
2026-03-23 10:57:11 [INFO]     HTML 크기: 330185 bytes
2026-03-23 10:57:11 [INFO]     OaLkxeV3 포함: False
2026-03-23 10:57:11 [INFO]     GOWcekJV4 포함: False
2026-03-23 10:57:11 [INFO]     카드 발견: 10개
2026-03-23 10:57:11 [INFO]     카드 파싱 성공: 6건
2026-03-23 10:57:11 [INFO]     2025.05 p6: +6건 (페이지 6건)
2026-03-23 10:57:18 [WARNING] [1/3] HTTP 오류: 403 Client Error: Forbidden for url: https://search.naver.com/search.naver?where=news&query=%EC%82%BC%EC%84%B1%EC%A0%84%EC%9E%90&pd=3&ds=2025.05.01&de=2025.05.31&start=60&sort=0
2026-03-23 10:57:22 [INFO]     HTML 크기: 342734 bytes
2026-03-23 10:57:22 [INFO]     OaLkxeV3 포함: False
2026-03-23 10:57:22 [INFO]     GOWcekJV4 포함: False
2026-03-23 10:57:22 [INFO]     카드 발견: 10개
2026-03-23 10:57:22 [INFO]     카드 파싱 성공: 8건
2026-03-23 10:57:22 [INFO]     2025.05 p7: +8건 (페이지 8건)
2026-03-23 10:57:24 [INFO]     HTML 크기: 314802 bytes
2026-03-23 10:57:24 [INFO]     OaLkxeV3 포함: False
2026-03-23 10:57:24 [INFO]     GOWcekJV4 포함: False
2026-03-23 10:57:24 [INFO]     카드 발견: 10개
2026-03-23 10:57:24 [INFO]     카드 파싱 성공: 5건
2026-03-23 10:57:24 [INFO]     2025.05 p8: +5건 (페이지 5건)
2026-03-23 10:57:32 [WARNING] [1/3] HTTP 오류: 403 Client Error: Forbidden for url: https://search.naver.com/search.naver?where=news&query=%EC%82%BC%EC%84%B1%EC%A0%84%EC%9E%90&pd=3&ds=2025.05.01&de=2025.05.31&start=80&sort=0
2026-03-23 10:57:35 [INFO]     HTML 크기: 333790 bytes
2026-03-23 10:57:35 [INFO]     OaLkxeV3 포함: False
2026-03-23 10:57:35 [INFO]     GOWcekJV4 포함: False
2026-03-23 10:57:35 [INFO]     카드 발견: 10개
2026-03-23 10:57:35 [INFO]     카드 파싱 성공: 8건
2026-03-23 10:57:35 [INFO]     2025.05 p9: +8건 (페이지 8건)
2026-03-23 10:57:36 [INFO]     HTML 크기: 309735 bytes
2026-03-23 10:57:36 [INFO]     OaLkxeV3 포함: False
2026-03-23 10:57:36 [INFO]     GOWcekJV4 포함: False
2026-03-23 10:57:36 [INFO]     카드 발견: 10개
2026-03-23 10:57:36 [INFO]     카드 파싱 성공: 6건
2026-03-23 10:57:36 [INFO]     2025.05 p10: +6건 (페이지 6건)
2026-03-23 10:57:44 [WARNING] [1/3] HTTP 오류: 403 Client Error: Forbidden for url: https://search.naver.com/search.naver?where=news&query=%EC%82%BC%EC%84%B1%EC%A0%84%EC%9E%90&pd=3&ds=2025.05.01&de=2025.05.31&start=100&sort=0
2026-03-23 10:57:47 [INFO]     HTML 크기: 416918 bytes
2026-03-23 10:57:47 [INFO]     OaLkxeV3 포함: False
2026-03-23 10:57:47 [INFO]     GOWcekJV4 포함: False
2026-03-23 10:57:47 [INFO]     카드 발견: 10개
2026-03-23 10:57:47 [INFO]     카드 파싱 성공: 8건
2026-03-23 10:57:47 [INFO]     2025.05 p11: +6건 (페이지 8건)
2026-03-23 10:57:49 [INFO]     HTML 크기: 396166 bytes
2026-03-23 10:57:49 [INFO]     OaLkxeV3 포함: False
2026-03-23 10:57:49 [INFO]     GOWcekJV4 포함: False
2026-03-23 10:57:49 [INFO]     카드 발견: 10개
2026-03-23 10:57:49 [INFO]     카드 파싱 성공: 7건
2026-03-23 10:57:49 [INFO]     2025.05 p12: +4건 (페이지 7건)
2026-03-23 10:57:51 [INFO]     HTML 크기: 356502 bytes
2026-03-23 10:57:51 [INFO]     OaLkxeV3 포함: False
2026-03-23 10:57:51 [INFO]     GOWcekJV4 포함: False
2026-03-23 10:57:51 [INFO]     카드 발견: 10개
2026-03-23 10:57:51 [INFO]     카드 파싱 성공: 7건
2026-03-23 10:57:51 [INFO]     2025.05 p13: +3건 (페이지 7건)
2026-03-23 10:57:58 [WARNING] [1/3] HTTP 오류: 403 Client Error: Forbidden for url: https://search.naver.com/search.naver?where=news&query=%EC%82%BC%EC%84%B1%EC%A0%84%EC%9E%90&pd=3&ds=2025.05.01&de=2025.05.31&start=130&sort=0
2026-03-23 10:58:01 [INFO]     HTML 크기: 431046 bytes
2026-03-23 10:58:01 [INFO]     OaLkxeV3 포함: False
2026-03-23 10:58:01 [INFO]     GOWcekJV4 포함: False
2026-03-23 10:58:01 [INFO]     카드 발견: 10개
2026-03-23 10:58:01 [INFO]     카드 파싱 성공: 10건
2026-03-23 10:58:01 [INFO]     2025.05 p14: +7건 (페이지 10건)
2026-03-23 10:58:03 [INFO]     HTML 크기: 382963 bytes
2026-03-23 10:58:03 [INFO]     OaLkxeV3 포함: False
2026-03-23 10:58:03 [INFO]     GOWcekJV4 포함: False
2026-03-23 10:58:03 [INFO]     카드 발견: 10개
2026-03-23 10:58:03 [INFO]     카드 파싱 성공: 8건
2026-03-23 10:58:03 [INFO]     2025.05 p15: +3건 (페이지 8건)
2026-03-23 10:58:11 [WARNING] [1/3] HTTP 오류: 403 Client Error: Forbidden for url: https://search.naver.com/search.naver?where=news&query=%EC%82%BC%EC%84%B1%EC%A0%84%EC%9E%90&pd=3&ds=2025.05.01&de=2025.05.31&start=150&sort=0
2026-03-23 10:58:14 [INFO]     HTML 크기: 390497 bytes
2026-03-23 10:58:14 [INFO]     OaLkxeV3 포함: False
2026-03-23 10:58:14 [INFO]     GOWcekJV4 포함: False
2026-03-23 10:58:14 [INFO]     카드 발견: 10개
2026-03-23 10:58:14 [INFO]     카드 파싱 성공: 7건
2026-03-23 10:58:14 [INFO]     2025.05 p16: +4건 (페이지 7건)
2026-03-23 10:58:15 [INFO]     HTML 크기: 366090 bytes
2026-03-23 10:58:15 [INFO]     OaLkxeV3 포함: False
2026-03-23 10:58:15 [INFO]     GOWcekJV4 포함: False
2026-03-23 10:58:15 [INFO]     카드 발견: 10개
2026-03-23 10:58:15 [INFO]     카드 파싱 성공: 8건
2026-03-23 10:58:15 [INFO]     2025.05 p17: +5건 (페이지 8건)
2026-03-23 10:58:23 [WARNING] [1/3] HTTP 오류: 403 Client Error: Forbidden for url: https://search.naver.com/search.naver?where=news&query=%EC%82%BC%EC%84%B1%EC%A0%84%EC%9E%90&pd=3&ds=2025.05.01&de=2025.05.31&start=170&sort=0
2026-03-23 10:58:26 [INFO]     HTML 크기: 410453 bytes
2026-03-23 10:58:26 [INFO]     OaLkxeV3 포함: False
2026-03-23 10:58:26 [INFO]     GOWcekJV4 포함: False
2026-03-23 10:58:26 [INFO]     카드 발견: 10개
2026-03-23 10:58:26 [INFO]     카드 파싱 성공: 5건
2026-03-23 10:58:26 [INFO]     2025.05 p18: +2건 (페이지 5건)
2026-03-23 10:58:28 [INFO]     HTML 크기: 385653 bytes
2026-03-23 10:58:28 [INFO]     OaLkxeV3 포함: False
2026-03-23 10:58:28 [INFO]     GOWcekJV4 포함: False
2026-03-23 10:58:28 [INFO]     카드 발견: 10개
2026-03-23 10:58:28 [INFO]     카드 파싱 성공: 6건
2026-03-23 10:58:28 [INFO]     2025.05 p19: +2건 (페이지 6건)
2026-03-23 10:58:36 [WARNING] [1/3] HTTP 오류: 403 Client Error: Forbidden for url: https://search.naver.com/search.naver?where=news&query=%EC%82%BC%EC%84%B1%EC%A0%84%EC%9E%90&pd=3&ds=2025.05.01&de=2025.05.31&start=190&sort=0
2026-03-23 10:58:39 [INFO]     HTML 크기: 399575 bytes
2026-03-23 10:58:39 [INFO]     OaLkxeV3 포함: False
2026-03-23 10:58:39 [INFO]     GOWcekJV4 포함: False
2026-03-23 10:58:39 [INFO]     카드 발견: 10개
2026-03-23 10:58:39 [INFO]     카드 파싱 성공: 6건
2026-03-23 10:58:39 [INFO]     2025.05 p20: +3건 (페이지 6건)
2026-03-23 10:58:41 [INFO]     HTML 크기: 395649 bytes
2026-03-23 10:58:41 [INFO]     OaLkxeV3 포함: False
2026-03-23 10:58:41 [INFO]     GOWcekJV4 포함: False
2026-03-23 10:58:41 [INFO]     카드 발견: 10개
2026-03-23 10:58:41 [INFO]     카드 파싱 성공: 8건
2026-03-23 10:58:41 [INFO]     2025.05 p21: +4건 (페이지 8건)
2026-03-23 10:58:49 [WARNING] [1/3] HTTP 오류: 403 Client Error: Forbidden for url: https://search.naver.com/search.naver?where=news&query=%EC%82%BC%EC%84%B1%EC%A0%84%EC%9E%90&pd=3&ds=2025.05.01&de=2025.05.31&start=210&sort=0
2026-03-23 10:58:52 [INFO]     HTML 크기: 379595 bytes
2026-03-23 10:58:52 [INFO]     OaLkxeV3 포함: False
2026-03-23 10:58:52 [INFO]     GOWcekJV4 포함: False
2026-03-23 10:58:52 [INFO]     카드 발견: 10개
2026-03-23 10:58:52 [INFO]     카드 파싱 성공: 4건
2026-03-23 10:58:52 [INFO]     2025.05 p22: +0건 (페이지 4건)
2026-03-23 10:58:53 [INFO]   2025.05 완료: +119건 (누적 5512개)
2026-03-23 10:58:54 [INFO]     HTML 크기: 353858 bytes
2026-03-23 10:58:54 [INFO]     OaLkxeV3 포함: False
2026-03-23 10:58:54 [INFO]     GOWcekJV4 포함: False
2026-03-23 10:58:54 [INFO]     카드 발견: 10개
2026-03-23 10:58:54 [INFO]     카드 파싱 성공: 8건
2026-03-23 10:58:54 [INFO]     2025.06 p1: +8건 (페이지 8건)
2026-03-23 10:59:01 [WARNING] [1/3] HTTP 오류: 403 Client Error: Forbidden for url: https://search.naver.com/search.naver?where=news&query=%EC%82%BC%EC%84%B1%EC%A0%84%EC%9E%90&pd=3&ds=2025.06.01&de=2025.06.30&start=10&sort=0
2026-03-23 10:59:05 [INFO]     HTML 크기: 344923 bytes
2026-03-23 10:59:05 [INFO]     OaLkxeV3 포함: False
2026-03-23 10:59:05 [INFO]     GOWcekJV4 포함: False
2026-03-23 10:59:05 [INFO]     카드 발견: 10개
2026-03-23 10:59:05 [INFO]     카드 파싱 성공: 8건
2026-03-23 10:59:05 [INFO]     2025.06 p2: +5건 (페이지 8건)
2026-03-23 10:59:06 [INFO]     HTML 크기: 336984 bytes
2026-03-23 10:59:06 [INFO]     OaLkxeV3 포함: False
2026-03-23 10:59:06 [INFO]     GOWcekJV4 포함: False
2026-03-23 10:59:06 [INFO]     카드 발견: 10개
2026-03-23 10:59:06 [INFO]     카드 파싱 성공: 7건
2026-03-23 10:59:06 [INFO]     2025.06 p3: +7건 (페이지 7건)
2026-03-23 10:59:14 [WARNING] [1/3] HTTP 오류: 403 Client Error: Forbidden for url: https://search.naver.com/search.naver?where=news&query=%EC%82%BC%EC%84%B1%EC%A0%84%EC%9E%90&pd=3&ds=2025.06.01&de=2025.06.30&start=30&sort=0
2026-03-23 10:59:17 [INFO]     HTML 크기: 320627 bytes
2026-03-23 10:59:17 [INFO]     OaLkxeV3 포함: False
2026-03-23 10:59:17 [INFO]     GOWcekJV4 포함: False
2026-03-23 10:59:17 [INFO]     카드 발견: 10개
2026-03-23 10:59:17 [INFO]     카드 파싱 성공: 8건
2026-03-23 10:59:17 [INFO]     2025.06 p4: +8건 (페이지 8건)
2026-03-23 10:59:19 [INFO]     HTML 크기: 320182 bytes
2026-03-23 10:59:19 [INFO]     OaLkxeV3 포함: False
2026-03-23 10:59:19 [INFO]     GOWcekJV4 포함: False
2026-03-23 10:59:19 [INFO]     카드 발견: 10개
2026-03-23 10:59:19 [INFO]     카드 파싱 성공: 8건
2026-03-23 10:59:19 [INFO]     2025.06 p5: +8건 (페이지 8건)
2026-03-23 10:59:26 [WARNING] [1/3] HTTP 오류: 403 Client Error: Forbidden for url: https://search.naver.com/search.naver?where=news&query=%EC%82%BC%EC%84%B1%EC%A0%84%EC%9E%90&pd=3&ds=2025.06.01&de=2025.06.30&start=50&sort=0
2026-03-23 10:59:30 [INFO]     HTML 크기: 347157 bytes
2026-03-23 10:59:30 [INFO]     OaLkxeV3 포함: False
2026-03-23 10:59:30 [INFO]     GOWcekJV4 포함: False
2026-03-23 10:59:30 [INFO]     카드 발견: 10개
2026-03-23 10:59:30 [INFO]     카드 파싱 성공: 7건
2026-03-23 10:59:30 [INFO]     2025.06 p6: +7건 (페이지 7건)
2026-03-23 10:59:31 [INFO]     HTML 크기: 352996 bytes
2026-03-23 10:59:31 [INFO]     OaLkxeV3 포함: False
2026-03-23 10:59:31 [INFO]     GOWcekJV4 포함: False
2026-03-23 10:59:31 [INFO]     카드 발견: 10개
2026-03-23 10:59:31 [INFO]     카드 파싱 성공: 6건
2026-03-23 10:59:31 [INFO]     2025.06 p7: +6건 (페이지 6건)
2026-03-23 10:59:39 [WARNING] [1/3] HTTP 오류: 403 Client Error: Forbidden for url: https://search.naver.com/search.naver?where=news&query=%EC%82%BC%EC%84%B1%EC%A0%84%EC%9E%90&pd=3&ds=2025.06.01&de=2025.06.30&start=70&sort=0
2026-03-23 10:59:42 [INFO]     HTML 크기: 354761 bytes
2026-03-23 10:59:42 [INFO]     OaLkxeV3 포함: False
2026-03-23 10:59:42 [INFO]     GOWcekJV4 포함: False
2026-03-23 10:59:42 [INFO]     카드 발견: 10개
2026-03-23 10:59:42 [INFO]     카드 파싱 성공: 5건
2026-03-23 10:59:42 [INFO]     2025.06 p8: +5건 (페이지 5건)
2026-03-23 10:59:44 [INFO]     HTML 크기: 329706 bytes
2026-03-23 10:59:44 [INFO]     OaLkxeV3 포함: False
2026-03-23 10:59:44 [INFO]     GOWcekJV4 포함: False
2026-03-23 10:59:44 [INFO]     카드 발견: 10개
2026-03-23 10:59:44 [INFO]     카드 파싱 성공: 6건
2026-03-23 10:59:44 [INFO]     2025.06 p9: +6건 (페이지 6건)
2026-03-23 10:59:52 [WARNING] [1/3] HTTP 오류: 403 Client Error: Forbidden for url: https://search.naver.com/search.naver?where=news&query=%EC%82%BC%EC%84%B1%EC%A0%84%EC%9E%90&pd=3&ds=2025.06.01&de=2025.06.30&start=90&sort=0
2026-03-23 10:59:55 [INFO]     HTML 크기: 314732 bytes
2026-03-23 10:59:55 [INFO]     OaLkxeV3 포함: False
2026-03-23 10:59:55 [INFO]     GOWcekJV4 포함: False
2026-03-23 10:59:55 [INFO]     카드 발견: 10개
2026-03-23 10:59:55 [INFO]     카드 파싱 성공: 6건
2026-03-23 10:59:55 [INFO]     2025.06 p10: +6건 (페이지 6건)
2026-03-23 10:59:57 [INFO]     HTML 크기: 392404 bytes
2026-03-23 10:59:57 [INFO]     OaLkxeV3 포함: False
2026-03-23 10:59:57 [INFO]     GOWcekJV4 포함: False
2026-03-23 10:59:57 [INFO]     카드 발견: 10개
2026-03-23 10:59:57 [INFO]     카드 파싱 성공: 6건
2026-03-23 10:59:57 [INFO]     2025.06 p11: +3건 (페이지 6건)
2026-03-23 11:00:05 [WARNING] [1/3] HTTP 오류: 403 Client Error: Forbidden for url: https://search.naver.com/search.naver?where=news&query=%EC%82%BC%EC%84%B1%EC%A0%84%EC%9E%90&pd=3&ds=2025.06.01&de=2025.06.30&start=110&sort=0
2026-03-23 11:00:08 [INFO]     HTML 크기: 393908 bytes
2026-03-23 11:00:08 [INFO]     OaLkxeV3 포함: False
2026-03-23 11:00:08 [INFO]     GOWcekJV4 포함: False
2026-03-23 11:00:08 [INFO]     카드 발견: 10개
2026-03-23 11:00:08 [INFO]     카드 파싱 성공: 7건
2026-03-23 11:00:08 [INFO]     2025.06 p12: +0건 (페이지 7건)
2026-03-23 11:00:09 [INFO]   2025.06 완료: +69건 (누적 5581개)
2026-03-23 11:00:10 [INFO]     HTML 크기: 361280 bytes
2026-03-23 11:00:10 [INFO]     OaLkxeV3 포함: False
2026-03-23 11:00:10 [INFO]     GOWcekJV4 포함: False
2026-03-23 11:00:10 [INFO]     카드 발견: 10개
2026-03-23 11:00:10 [INFO]     카드 파싱 성공: 10건
2026-03-23 11:00:10 [INFO]     2025.07 p1: +10건 (페이지 10건)
2026-03-23 11:00:17 [WARNING] [1/3] HTTP 오류: 403 Client Error: Forbidden for url: https://search.naver.com/search.naver?where=news&query=%EC%82%BC%EC%84%B1%EC%A0%84%EC%9E%90&pd=3&ds=2025.07.01&de=2025.07.31&start=10&sort=0
2026-03-23 11:00:20 [INFO]     HTML 크기: 415301 bytes
2026-03-23 11:00:20 [INFO]     OaLkxeV3 포함: False
2026-03-23 11:00:20 [INFO]     GOWcekJV4 포함: False
2026-03-23 11:00:20 [INFO]     카드 발견: 10개
2026-03-23 11:00:20 [INFO]     카드 파싱 성공: 10건
2026-03-23 11:00:20 [INFO]     2025.07 p2: +7건 (페이지 10건)
2026-03-23 11:00:22 [INFO]     HTML 크기: 363255 bytes
2026-03-23 11:00:22 [INFO]     OaLkxeV3 포함: False
2026-03-23 11:00:22 [INFO]     GOWcekJV4 포함: False
2026-03-23 11:00:22 [INFO]     카드 발견: 10개
2026-03-23 11:00:22 [INFO]     카드 파싱 성공: 10건
2026-03-23 11:00:22 [INFO]     2025.07 p3: +10건 (페이지 10건)
2026-03-23 11:00:29 [WARNING] [1/3] HTTP 오류: 403 Client Error: Forbidden for url: https://search.naver.com/search.naver?where=news&query=%EC%82%BC%EC%84%B1%EC%A0%84%EC%9E%90&pd=3&ds=2025.07.01&de=2025.07.31&start=30&sort=0
2026-03-23 11:00:33 [INFO]     HTML 크기: 363109 bytes
2026-03-23 11:00:33 [INFO]     OaLkxeV3 포함: False
2026-03-23 11:00:33 [INFO]     GOWcekJV4 포함: False
2026-03-23 11:00:33 [INFO]     카드 발견: 10개
2026-03-23 11:00:33 [INFO]     카드 파싱 성공: 10건
2026-03-23 11:00:33 [INFO]     2025.07 p4: +10건 (페이지 10건)
2026-03-23 11:00:35 [INFO]     HTML 크기: 314723 bytes
2026-03-23 11:00:35 [INFO]     OaLkxeV3 포함: False
2026-03-23 11:00:35 [INFO]     GOWcekJV4 포함: False
2026-03-23 11:00:35 [INFO]     카드 발견: 10개
2026-03-23 11:00:35 [INFO]     카드 파싱 성공: 9건
2026-03-23 11:00:35 [INFO]     2025.07 p5: +9건 (페이지 9건)
2026-03-23 11:00:43 [WARNING] [1/3] HTTP 오류: 403 Client Error: Forbidden for url: https://search.naver.com/search.naver?where=news&query=%EC%82%BC%EC%84%B1%EC%A0%84%EC%9E%90&pd=3&ds=2025.07.01&de=2025.07.31&start=50&sort=0
2026-03-23 11:00:46 [INFO]     HTML 크기: 322277 bytes
2026-03-23 11:00:46 [INFO]     OaLkxeV3 포함: False
2026-03-23 11:00:46 [INFO]     GOWcekJV4 포함: False
2026-03-23 11:00:46 [INFO]     카드 발견: 10개
2026-03-23 11:00:46 [INFO]     카드 파싱 성공: 10건
2026-03-23 11:00:46 [INFO]     2025.07 p6: +10건 (페이지 10건)
2026-03-23 11:00:48 [INFO]     HTML 크기: 317035 bytes
2026-03-23 11:00:48 [INFO]     OaLkxeV3 포함: False
2026-03-23 11:00:48 [INFO]     GOWcekJV4 포함: False
2026-03-23 11:00:48 [INFO]     카드 발견: 10개
2026-03-23 11:00:48 [INFO]     카드 파싱 성공: 10건
2026-03-23 11:00:48 [INFO]     2025.07 p7: +10건 (페이지 10건)
2026-03-23 11:00:56 [WARNING] [1/3] HTTP 오류: 403 Client Error: Forbidden for url: https://search.naver.com/search.naver?where=news&query=%EC%82%BC%EC%84%B1%EC%A0%84%EC%9E%90&pd=3&ds=2025.07.01&de=2025.07.31&start=70&sort=0
2026-03-23 11:00:59 [INFO]     HTML 크기: 310679 bytes
2026-03-23 11:00:59 [INFO]     OaLkxeV3 포함: False
2026-03-23 11:00:59 [INFO]     GOWcekJV4 포함: False
2026-03-23 11:00:59 [INFO]     카드 발견: 10개
2026-03-23 11:00:59 [INFO]     카드 파싱 성공: 9건
2026-03-23 11:00:59 [INFO]     2025.07 p8: +9건 (페이지 9건)
2026-03-23 11:01:01 [INFO]     HTML 크기: 328752 bytes
2026-03-23 11:01:01 [INFO]     OaLkxeV3 포함: False
2026-03-23 11:01:01 [INFO]     GOWcekJV4 포함: False
2026-03-23 11:01:01 [INFO]     카드 발견: 10개
2026-03-23 11:01:01 [INFO]     카드 파싱 성공: 9건
2026-03-23 11:01:01 [INFO]     2025.07 p9: +9건 (페이지 9건)
2026-03-23 11:01:09 [WARNING] [1/3] HTTP 오류: 403 Client Error: Forbidden for url: https://search.naver.com/search.naver?where=news&query=%EC%82%BC%EC%84%B1%EC%A0%84%EC%9E%90&pd=3&ds=2025.07.01&de=2025.07.31&start=90&sort=0
2026-03-23 11:01:12 [INFO]     HTML 크기: 310502 bytes
2026-03-23 11:01:12 [INFO]     OaLkxeV3 포함: False
2026-03-23 11:01:12 [INFO]     GOWcekJV4 포함: False
2026-03-23 11:01:12 [INFO]     카드 발견: 10개
2026-03-23 11:01:12 [INFO]     카드 파싱 성공: 8건
2026-03-23 11:01:12 [INFO]     2025.07 p10: +8건 (페이지 8건)
2026-03-23 11:01:14 [INFO]     HTML 크기: 386147 bytes
2026-03-23 11:01:14 [INFO]     OaLkxeV3 포함: False
2026-03-23 11:01:14 [INFO]     GOWcekJV4 포함: False
2026-03-23 11:01:14 [INFO]     카드 발견: 10개
2026-03-23 11:01:14 [INFO]     카드 파싱 성공: 9건
2026-03-23 11:01:14 [INFO]     2025.07 p11: +7건 (페이지 9건)
2026-03-23 11:01:21 [WARNING] [1/3] HTTP 오류: 403 Client Error: Forbidden for url: https://search.naver.com/search.naver?where=news&query=%EC%82%BC%EC%84%B1%EC%A0%84%EC%9E%90&pd=3&ds=2025.07.01&de=2025.07.31&start=110&sort=0
2026-03-23 11:01:24 [INFO]     HTML 크기: 361208 bytes
2026-03-23 11:01:24 [INFO]     OaLkxeV3 포함: False
2026-03-23 11:01:24 [INFO]     GOWcekJV4 포함: False
2026-03-23 11:01:24 [INFO]     카드 발견: 10개
2026-03-23 11:01:24 [INFO]     카드 파싱 성공: 8건
2026-03-23 11:01:24 [INFO]     2025.07 p12: +5건 (페이지 8건)
2026-03-23 11:01:26 [INFO]     HTML 크기: 405440 bytes
2026-03-23 11:01:26 [INFO]     OaLkxeV3 포함: False
2026-03-23 11:01:26 [INFO]     GOWcekJV4 포함: False
2026-03-23 11:01:26 [INFO]     카드 발견: 10개
2026-03-23 11:01:26 [INFO]     카드 파싱 성공: 9건
2026-03-23 11:01:26 [INFO]     2025.07 p13: +8건 (페이지 9건)
2026-03-23 11:01:33 [WARNING] [1/3] HTTP 오류: 403 Client Error: Forbidden for url: https://search.naver.com/search.naver?where=news&query=%EC%82%BC%EC%84%B1%EC%A0%84%EC%9E%90&pd=3&ds=2025.07.01&de=2025.07.31&start=130&sort=0
2026-03-23 11:01:37 [INFO]     HTML 크기: 420925 bytes
2026-03-23 11:01:37 [INFO]     OaLkxeV3 포함: False
2026-03-23 11:01:37 [INFO]     GOWcekJV4 포함: False
2026-03-23 11:01:37 [INFO]     카드 발견: 10개
2026-03-23 11:01:37 [INFO]     카드 파싱 성공: 8건
2026-03-23 11:01:37 [INFO]     2025.07 p14: +3건 (페이지 8건)
2026-03-23 11:01:39 [INFO]     HTML 크기: 381516 bytes
2026-03-23 11:01:39 [INFO]     OaLkxeV3 포함: False
2026-03-23 11:01:39 [INFO]     GOWcekJV4 포함: False
2026-03-23 11:01:39 [INFO]     카드 발견: 10개
2026-03-23 11:01:39 [INFO]     카드 파싱 성공: 8건
2026-03-23 11:01:39 [INFO]     2025.07 p15: +5건 (페이지 8건)
2026-03-23 11:01:46 [WARNING] [1/3] HTTP 오류: 403 Client Error: Forbidden for url: https://search.naver.com/search.naver?where=news&query=%EC%82%BC%EC%84%B1%EC%A0%84%EC%9E%90&pd=3&ds=2025.07.01&de=2025.07.31&start=150&sort=0
2026-03-23 11:01:49 [INFO]     HTML 크기: 376388 bytes
2026-03-23 11:01:49 [INFO]     OaLkxeV3 포함: False
2026-03-23 11:01:49 [INFO]     GOWcekJV4 포함: False
2026-03-23 11:01:49 [INFO]     카드 발견: 10개
2026-03-23 11:01:49 [INFO]     카드 파싱 성공: 9건
2026-03-23 11:01:49 [INFO]     2025.07 p16: +3건 (페이지 9건)
2026-03-23 11:01:51 [INFO]     HTML 크기: 399563 bytes
2026-03-23 11:01:51 [INFO]     OaLkxeV3 포함: False
2026-03-23 11:01:51 [INFO]     GOWcekJV4 포함: False
2026-03-23 11:01:51 [INFO]     카드 발견: 10개
2026-03-23 11:01:51 [INFO]     카드 파싱 성공: 8건
2026-03-23 11:01:51 [INFO]     2025.07 p17: +5건 (페이지 8건)
2026-03-23 11:01:59 [WARNING] [1/3] HTTP 오류: 403 Client Error: Forbidden for url: https://search.naver.com/search.naver?where=news&query=%EC%82%BC%EC%84%B1%EC%A0%84%EC%9E%90&pd=3&ds=2025.07.01&de=2025.07.31&start=170&sort=0
2026-03-23 11:02:02 [INFO]     HTML 크기: 371960 bytes
2026-03-23 11:02:02 [INFO]     OaLkxeV3 포함: False
2026-03-23 11:02:02 [INFO]     GOWcekJV4 포함: False
2026-03-23 11:02:02 [INFO]     카드 발견: 10개
2026-03-23 11:02:02 [INFO]     카드 파싱 성공: 8건
2026-03-23 11:02:02 [INFO]     2025.07 p18: +6건 (페이지 8건)
2026-03-23 11:02:03 [INFO]     HTML 크기: 384158 bytes
2026-03-23 11:02:03 [INFO]     OaLkxeV3 포함: False
2026-03-23 11:02:03 [INFO]     GOWcekJV4 포함: False
2026-03-23 11:02:03 [INFO]     카드 발견: 10개
2026-03-23 11:02:03 [INFO]     카드 파싱 성공: 7건
2026-03-23 11:02:03 [INFO]     2025.07 p19: +5건 (페이지 7건)
2026-03-23 11:02:11 [WARNING] [1/3] HTTP 오류: 403 Client Error: Forbidden for url: https://search.naver.com/search.naver?where=news&query=%EC%82%BC%EC%84%B1%EC%A0%84%EC%9E%90&pd=3&ds=2025.07.01&de=2025.07.31&start=190&sort=0
2026-03-23 11:02:14 [INFO]     HTML 크기: 376850 bytes
2026-03-23 11:02:14 [INFO]     OaLkxeV3 포함: False
2026-03-23 11:02:14 [INFO]     GOWcekJV4 포함: False
2026-03-23 11:02:14 [INFO]     카드 발견: 10개
2026-03-23 11:02:14 [INFO]     카드 파싱 성공: 7건
2026-03-23 11:02:14 [INFO]     2025.07 p20: +4건 (페이지 7건)
2026-03-23 11:02:16 [INFO]     HTML 크기: 375010 bytes
2026-03-23 11:02:16 [INFO]     OaLkxeV3 포함: False
2026-03-23 11:02:16 [INFO]     GOWcekJV4 포함: False
2026-03-23 11:02:16 [INFO]     카드 발견: 10개
2026-03-23 11:02:16 [INFO]     카드 파싱 성공: 6건
2026-03-23 11:02:16 [INFO]     2025.07 p21: +1건 (페이지 6건)
2026-03-23 11:02:24 [WARNING] [1/3] HTTP 오류: 403 Client Error: Forbidden for url: https://search.naver.com/search.naver?where=news&query=%EC%82%BC%EC%84%B1%EC%A0%84%EC%9E%90&pd=3&ds=2025.07.01&de=2025.07.31&start=210&sort=0
2026-03-23 11:02:27 [INFO]     HTML 크기: 374894 bytes
2026-03-23 11:02:27 [INFO]     OaLkxeV3 포함: False
2026-03-23 11:02:27 [INFO]     GOWcekJV4 포함: False
2026-03-23 11:02:27 [INFO]     카드 발견: 10개
2026-03-23 11:02:27 [INFO]     카드 파싱 성공: 6건
2026-03-23 11:02:27 [INFO]     2025.07 p22: +3건 (페이지 6건)
2026-03-23 11:02:29 [INFO]     HTML 크기: 371544 bytes
2026-03-23 11:02:29 [INFO]     OaLkxeV3 포함: False
2026-03-23 11:02:29 [INFO]     GOWcekJV4 포함: False
2026-03-23 11:02:29 [INFO]     카드 발견: 10개
2026-03-23 11:02:29 [INFO]     카드 파싱 성공: 5건
2026-03-23 11:02:29 [INFO]     2025.07 p23: +2건 (페이지 5건)
2026-03-23 11:02:36 [WARNING] [1/3] HTTP 오류: 403 Client Error: Forbidden for url: https://search.naver.com/search.naver?where=news&query=%EC%82%BC%EC%84%B1%EC%A0%84%EC%9E%90&pd=3&ds=2025.07.01&de=2025.07.31&start=230&sort=0
2026-03-23 11:02:39 [INFO]     HTML 크기: 375287 bytes
2026-03-23 11:02:39 [INFO]     OaLkxeV3 포함: False
2026-03-23 11:02:39 [INFO]     GOWcekJV4 포함: False
2026-03-23 11:02:39 [INFO]     카드 발견: 10개
2026-03-23 11:02:39 [INFO]     카드 파싱 성공: 6건
2026-03-23 11:02:39 [INFO]     2025.07 p24: +1건 (페이지 6건)
2026-03-23 11:02:41 [INFO]     HTML 크기: 373375 bytes
2026-03-23 11:02:41 [INFO]     OaLkxeV3 포함: False
2026-03-23 11:02:41 [INFO]     GOWcekJV4 포함: False
2026-03-23 11:02:41 [INFO]     카드 발견: 10개
2026-03-23 11:02:41 [INFO]     카드 파싱 성공: 7건
2026-03-23 11:02:41 [INFO]     2025.07 p25: +2건 (페이지 7건)
2026-03-23 11:02:48 [WARNING] [1/3] HTTP 오류: 403 Client Error: Forbidden for url: https://search.naver.com/search.naver?where=news&query=%EC%82%BC%EC%84%B1%EC%A0%84%EC%9E%90&pd=3&ds=2025.07.01&de=2025.07.31&start=250&sort=0
2026-03-23 11:02:52 [INFO]     HTML 크기: 384731 bytes
2026-03-23 11:02:52 [INFO]     OaLkxeV3 포함: False
2026-03-23 11:02:52 [INFO]     GOWcekJV4 포함: False
2026-03-23 11:02:52 [INFO]     카드 발견: 10개
2026-03-23 11:02:52 [INFO]     카드 파싱 성공: 7건
2026-03-23 11:02:52 [INFO]     2025.07 p26: +5건 (페이지 7건)
2026-03-23 11:02:53 [INFO]     HTML 크기: 378971 bytes
2026-03-23 11:02:53 [INFO]     OaLkxeV3 포함: False
2026-03-23 11:02:53 [INFO]     GOWcekJV4 포함: False
2026-03-23 11:02:53 [INFO]     카드 발견: 10개
2026-03-23 11:02:53 [INFO]     카드 파싱 성공: 6건
2026-03-23 11:02:53 [INFO]     2025.07 p27: +2건 (페이지 6건)
2026-03-23 11:03:00 [WARNING] [1/3] HTTP 오류: 403 Client Error: Forbidden for url: https://search.naver.com/search.naver?where=news&query=%EC%82%BC%EC%84%B1%EC%A0%84%EC%9E%90&pd=3&ds=2025.07.01&de=2025.07.31&start=270&sort=0
2026-03-23 11:03:04 [INFO]     HTML 크기: 368586 bytes
2026-03-23 11:03:04 [INFO]     OaLkxeV3 포함: False
2026-03-23 11:03:04 [INFO]     GOWcekJV4 포함: False
2026-03-23 11:03:04 [INFO]     카드 발견: 10개
2026-03-23 11:03:04 [INFO]     카드 파싱 성공: 6건
2026-03-23 11:03:04 [INFO]     2025.07 p28: +0건 (페이지 6건)
2026-03-23 11:03:05 [INFO]   2025.07 완료: +159건 (누적 5740개)
2026-03-23 11:03:05 [INFO]     HTML 크기: 396807 bytes
2026-03-23 11:03:05 [INFO]     OaLkxeV3 포함: False
2026-03-23 11:03:05 [INFO]     GOWcekJV4 포함: False
2026-03-23 11:03:05 [INFO]     카드 발견: 10개
2026-03-23 11:03:05 [INFO]     카드 파싱 성공: 9건
2026-03-23 11:03:05 [INFO]     2025.08 p1: +9건 (페이지 9건)
2026-03-23 11:03:13 [WARNING] [1/3] HTTP 오류: 403 Client Error: Forbidden for url: https://search.naver.com/search.naver?where=news&query=%EC%82%BC%EC%84%B1%EC%A0%84%EC%9E%90&pd=3&ds=2025.08.01&de=2025.08.31&start=10&sort=0
2026-03-23 11:03:17 [INFO]     HTML 크기: 378528 bytes
2026-03-23 11:03:17 [INFO]     OaLkxeV3 포함: False
2026-03-23 11:03:17 [INFO]     GOWcekJV4 포함: False
2026-03-23 11:03:17 [INFO]     카드 발견: 10개
2026-03-23 11:03:17 [INFO]     카드 파싱 성공: 10건
2026-03-23 11:03:17 [INFO]     2025.08 p2: +10건 (페이지 10건)
2026-03-23 11:03:19 [INFO]     HTML 크기: 345963 bytes
2026-03-23 11:03:19 [INFO]     OaLkxeV3 포함: False
2026-03-23 11:03:19 [INFO]     GOWcekJV4 포함: False
2026-03-23 11:03:19 [INFO]     카드 발견: 10개
2026-03-23 11:03:19 [INFO]     카드 파싱 성공: 8건
2026-03-23 11:03:19 [INFO]     2025.08 p3: +8건 (페이지 8건)
2026-03-23 11:03:26 [WARNING] [1/3] HTTP 오류: 403 Client Error: Forbidden for url: https://search.naver.com/search.naver?where=news&query=%EC%82%BC%EC%84%B1%EC%A0%84%EC%9E%90&pd=3&ds=2025.08.01&de=2025.08.31&start=30&sort=0
2026-03-23 11:03:29 [INFO]     HTML 크기: 369112 bytes
2026-03-23 11:03:29 [INFO]     OaLkxeV3 포함: False
2026-03-23 11:03:29 [INFO]     GOWcekJV4 포함: False
2026-03-23 11:03:29 [INFO]     카드 발견: 10개
2026-03-23 11:03:29 [INFO]     카드 파싱 성공: 8건
2026-03-23 11:03:29 [INFO]     2025.08 p4: +8건 (페이지 8건)
2026-03-23 11:03:31 [INFO]     HTML 크기: 338167 bytes
2026-03-23 11:03:31 [INFO]     OaLkxeV3 포함: False
2026-03-23 11:03:31 [INFO]     GOWcekJV4 포함: False
2026-03-23 11:03:31 [INFO]     카드 발견: 10개
2026-03-23 11:03:31 [INFO]     카드 파싱 성공: 10건
2026-03-23 11:03:31 [INFO]     2025.08 p5: +10건 (페이지 10건)
2026-03-23 11:03:39 [WARNING] [1/3] HTTP 오류: 403 Client Error: Forbidden for url: https://search.naver.com/search.naver?where=news&query=%EC%82%BC%EC%84%B1%EC%A0%84%EC%9E%90&pd=3&ds=2025.08.01&de=2025.08.31&start=50&sort=0
2026-03-23 11:03:42 [INFO]     HTML 크기: 334251 bytes
2026-03-23 11:03:42 [INFO]     OaLkxeV3 포함: False
2026-03-23 11:03:42 [INFO]     GOWcekJV4 포함: False
2026-03-23 11:03:42 [INFO]     카드 발견: 10개
2026-03-23 11:03:42 [INFO]     카드 파싱 성공: 7건
2026-03-23 11:03:42 [INFO]     2025.08 p6: +7건 (페이지 7건)
2026-03-23 11:03:44 [INFO]     HTML 크기: 331817 bytes
2026-03-23 11:03:44 [INFO]     OaLkxeV3 포함: False
2026-03-23 11:03:44 [INFO]     GOWcekJV4 포함: False
2026-03-23 11:03:44 [INFO]     카드 발견: 10개
2026-03-23 11:03:44 [INFO]     카드 파싱 성공: 9건
2026-03-23 11:03:44 [INFO]     2025.08 p7: +9건 (페이지 9건)
2026-03-23 11:03:51 [WARNING] [1/3] HTTP 오류: 403 Client Error: Forbidden for url: https://search.naver.com/search.naver?where=news&query=%EC%82%BC%EC%84%B1%EC%A0%84%EC%9E%90&pd=3&ds=2025.08.01&de=2025.08.31&start=70&sort=0
2026-03-23 11:03:54 [INFO]     HTML 크기: 320000 bytes
2026-03-23 11:03:54 [INFO]     OaLkxeV3 포함: False
2026-03-23 11:03:54 [INFO]     GOWcekJV4 포함: False
2026-03-23 11:03:54 [INFO]     카드 발견: 10개
2026-03-23 11:03:54 [INFO]     카드 파싱 성공: 6건
2026-03-23 11:03:54 [INFO]     2025.08 p8: +6건 (페이지 6건)
2026-03-23 11:03:56 [INFO]     HTML 크기: 309981 bytes
2026-03-23 11:03:56 [INFO]     OaLkxeV3 포함: False
2026-03-23 11:03:56 [INFO]     GOWcekJV4 포함: False
2026-03-23 11:03:56 [INFO]     카드 발견: 10개
2026-03-23 11:03:56 [INFO]     카드 파싱 성공: 6건
2026-03-23 11:03:56 [INFO]     2025.08 p9: +6건 (페이지 6건)
2026-03-23 11:04:04 [WARNING] [1/3] HTTP 오류: 403 Client Error: Forbidden for url: https://search.naver.com/search.naver?where=news&query=%EC%82%BC%EC%84%B1%EC%A0%84%EC%9E%90&pd=3&ds=2025.08.01&de=2025.08.31&start=90&sort=0
2026-03-23 11:04:07 [INFO]     HTML 크기: 308454 bytes
2026-03-23 11:04:07 [INFO]     OaLkxeV3 포함: False
2026-03-23 11:04:07 [INFO]     GOWcekJV4 포함: False
2026-03-23 11:04:07 [INFO]     카드 발견: 10개
2026-03-23 11:04:07 [INFO]     카드 파싱 성공: 5건
2026-03-23 11:04:07 [INFO]     2025.08 p10: +5건 (페이지 5건)
2026-03-23 11:04:09 [INFO]     HTML 크기: 430300 bytes
2026-03-23 11:04:09 [INFO]     OaLkxeV3 포함: False
2026-03-23 11:04:09 [INFO]     GOWcekJV4 포함: False
2026-03-23 11:04:09 [INFO]     카드 발견: 10개
2026-03-23 11:04:09 [INFO]     카드 파싱 성공: 7건
2026-03-23 11:04:09 [INFO]     2025.08 p11: +3건 (페이지 7건)
2026-03-23 11:04:17 [WARNING] [1/3] HTTP 오류: 403 Client Error: Forbidden for url: https://search.naver.com/search.naver?where=news&query=%EC%82%BC%EC%84%B1%EC%A0%84%EC%9E%90&pd=3&ds=2025.08.01&de=2025.08.31&start=110&sort=0
2026-03-23 11:04:20 [INFO]     HTML 크기: 381592 bytes
2026-03-23 11:04:20 [INFO]     OaLkxeV3 포함: False
2026-03-23 11:04:20 [INFO]     GOWcekJV4 포함: False
2026-03-23 11:04:20 [INFO]     카드 발견: 10개
2026-03-23 11:04:20 [INFO]     카드 파싱 성공: 7건
2026-03-23 11:04:20 [INFO]     2025.08 p12: +3건 (페이지 7건)
2026-03-23 11:04:22 [INFO]     HTML 크기: 388063 bytes
2026-03-23 11:04:22 [INFO]     OaLkxeV3 포함: False
2026-03-23 11:04:22 [INFO]     GOWcekJV4 포함: False
2026-03-23 11:04:22 [INFO]     카드 발견: 10개
2026-03-23 11:04:22 [INFO]     카드 파싱 성공: 7건
2026-03-23 11:04:22 [INFO]     2025.08 p13: +3건 (페이지 7건)
2026-03-23 11:04:30 [WARNING] [1/3] HTTP 오류: 403 Client Error: Forbidden for url: https://search.naver.com/search.naver?where=news&query=%EC%82%BC%EC%84%B1%EC%A0%84%EC%9E%90&pd=3&ds=2025.08.01&de=2025.08.31&start=130&sort=0
2026-03-23 11:04:33 [INFO]     HTML 크기: 393040 bytes
2026-03-23 11:04:33 [INFO]     OaLkxeV3 포함: False
2026-03-23 11:04:33 [INFO]     GOWcekJV4 포함: False
2026-03-23 11:04:33 [INFO]     카드 발견: 10개
2026-03-23 11:04:33 [INFO]     카드 파싱 성공: 10건
2026-03-23 11:04:33 [INFO]     2025.08 p14: +4건 (페이지 10건)
2026-03-23 11:04:35 [INFO]     HTML 크기: 388114 bytes
2026-03-23 11:04:35 [INFO]     OaLkxeV3 포함: False
2026-03-23 11:04:35 [INFO]     GOWcekJV4 포함: False
2026-03-23 11:04:35 [INFO]     카드 발견: 10개
2026-03-23 11:04:35 [INFO]     카드 파싱 성공: 7건
2026-03-23 11:04:35 [INFO]     2025.08 p15: +3건 (페이지 7건)
2026-03-23 11:04:42 [WARNING] [1/3] HTTP 오류: 403 Client Error: Forbidden for url: https://search.naver.com/search.naver?where=news&query=%EC%82%BC%EC%84%B1%EC%A0%84%EC%9E%90&pd=3&ds=2025.08.01&de=2025.08.31&start=150&sort=0
2026-03-23 11:04:45 [INFO]     HTML 크기: 429650 bytes
2026-03-23 11:04:45 [INFO]     OaLkxeV3 포함: False
2026-03-23 11:04:45 [INFO]     GOWcekJV4 포함: False
2026-03-23 11:04:45 [INFO]     카드 발견: 10개
2026-03-23 11:04:45 [INFO]     카드 파싱 성공: 5건
2026-03-23 11:04:45 [INFO]     2025.08 p16: +4건 (페이지 5건)
2026-03-23 11:04:47 [INFO]     HTML 크기: 410099 bytes
2026-03-23 11:04:47 [INFO]     OaLkxeV3 포함: False
2026-03-23 11:04:47 [INFO]     GOWcekJV4 포함: False
2026-03-23 11:04:47 [INFO]     카드 발견: 10개
2026-03-23 11:04:47 [INFO]     카드 파싱 성공: 5건
2026-03-23 11:04:47 [INFO]     2025.08 p17: +3건 (페이지 5건)
2026-03-23 11:04:54 [WARNING] [1/3] HTTP 오류: 403 Client Error: Forbidden for url: https://search.naver.com/search.naver?where=news&query=%EC%82%BC%EC%84%B1%EC%A0%84%EC%9E%90&pd=3&ds=2025.08.01&de=2025.08.31&start=170&sort=0
2026-03-23 11:04:57 [INFO]     HTML 크기: 388828 bytes
2026-03-23 11:04:57 [INFO]     OaLkxeV3 포함: False
2026-03-23 11:04:57 [INFO]     GOWcekJV4 포함: False
2026-03-23 11:04:57 [INFO]     카드 발견: 10개
2026-03-23 11:04:57 [INFO]     카드 파싱 성공: 8건
2026-03-23 11:04:57 [INFO]     2025.08 p18: +2건 (페이지 8건)
2026-03-23 11:04:59 [INFO]     HTML 크기: 406993 bytes
2026-03-23 11:04:59 [INFO]     OaLkxeV3 포함: False
2026-03-23 11:04:59 [INFO]     GOWcekJV4 포함: False
2026-03-23 11:04:59 [INFO]     카드 발견: 10개
2026-03-23 11:04:59 [INFO]     카드 파싱 성공: 6건
2026-03-23 11:04:59 [INFO]     2025.08 p19: +5건 (페이지 6건)
2026-03-23 11:05:07 [WARNING] [1/3] HTTP 오류: 403 Client Error: Forbidden for url: https://search.naver.com/search.naver?where=news&query=%EC%82%BC%EC%84%B1%EC%A0%84%EC%9E%90&pd=3&ds=2025.08.01&de=2025.08.31&start=190&sort=0
2026-03-23 11:05:10 [INFO]     HTML 크기: 414794 bytes
2026-03-23 11:05:10 [INFO]     OaLkxeV3 포함: False
2026-03-23 11:05:10 [INFO]     GOWcekJV4 포함: False
2026-03-23 11:05:10 [INFO]     카드 발견: 10개
2026-03-23 11:05:10 [INFO]     카드 파싱 성공: 5건
2026-03-23 11:05:10 [INFO]     2025.08 p20: +4건 (페이지 5건)
2026-03-23 11:05:12 [INFO]     HTML 크기: 375667 bytes
2026-03-23 11:05:12 [INFO]     OaLkxeV3 포함: False
2026-03-23 11:05:12 [INFO]     GOWcekJV4 포함: False
2026-03-23 11:05:12 [INFO]     카드 발견: 10개
2026-03-23 11:05:12 [INFO]     카드 파싱 성공: 5건
2026-03-23 11:05:12 [INFO]     2025.08 p21: +2건 (페이지 5건)
2026-03-23 11:05:19 [WARNING] [1/3] HTTP 오류: 403 Client Error: Forbidden for url: https://search.naver.com/search.naver?where=news&query=%EC%82%BC%EC%84%B1%EC%A0%84%EC%9E%90&pd=3&ds=2025.08.01&de=2025.08.31&start=210&sort=0
2026-03-23 11:05:22 [INFO]     HTML 크기: 418320 bytes
2026-03-23 11:05:22 [INFO]     OaLkxeV3 포함: False
2026-03-23 11:05:22 [INFO]     GOWcekJV4 포함: False
2026-03-23 11:05:22 [INFO]     카드 발견: 10개
2026-03-23 11:05:22 [INFO]     카드 파싱 성공: 6건
2026-03-23 11:05:22 [INFO]     2025.08 p22: +4건 (페이지 6건)
2026-03-23 11:05:24 [INFO]     HTML 크기: 387438 bytes
2026-03-23 11:05:24 [INFO]     OaLkxeV3 포함: False
2026-03-23 11:05:24 [INFO]     GOWcekJV4 포함: False
2026-03-23 11:05:24 [INFO]     카드 발견: 10개
2026-03-23 11:05:24 [INFO]     카드 파싱 성공: 8건
2026-03-23 11:05:24 [INFO]     2025.08 p23: +1건 (페이지 8건)
2026-03-23 11:05:31 [WARNING] [1/3] HTTP 오류: 403 Client Error: Forbidden for url: https://search.naver.com/search.naver?where=news&query=%EC%82%BC%EC%84%B1%EC%A0%84%EC%9E%90&pd=3&ds=2025.08.01&de=2025.08.31&start=230&sort=0
2026-03-23 11:05:35 [INFO]     HTML 크기: 392048 bytes
2026-03-23 11:05:35 [INFO]     OaLkxeV3 포함: False
2026-03-23 11:05:35 [INFO]     GOWcekJV4 포함: False
2026-03-23 11:05:35 [INFO]     카드 발견: 10개
2026-03-23 11:05:35 [INFO]     카드 파싱 성공: 6건
2026-03-23 11:05:35 [INFO]     2025.08 p24: +1건 (페이지 6건)
2026-03-23 11:05:36 [INFO]     HTML 크기: 393373 bytes
2026-03-23 11:05:36 [INFO]     OaLkxeV3 포함: False
2026-03-23 11:05:36 [INFO]     GOWcekJV4 포함: False
2026-03-23 11:05:36 [INFO]     카드 발견: 10개
2026-03-23 11:05:36 [INFO]     카드 파싱 성공: 4건
2026-03-23 11:05:36 [INFO]     2025.08 p25: +2건 (페이지 4건)
2026-03-23 11:05:44 [WARNING] [1/3] HTTP 오류: 403 Client Error: Forbidden for url: https://search.naver.com/search.naver?where=news&query=%EC%82%BC%EC%84%B1%EC%A0%84%EC%9E%90&pd=3&ds=2025.08.01&de=2025.08.31&start=250&sort=0
2026-03-23 11:05:47 [INFO]     HTML 크기: 383447 bytes
2026-03-23 11:05:47 [INFO]     OaLkxeV3 포함: False
2026-03-23 11:05:47 [INFO]     GOWcekJV4 포함: False
2026-03-23 11:05:47 [INFO]     카드 발견: 10개
2026-03-23 11:05:47 [INFO]     카드 파싱 성공: 6건
2026-03-23 11:05:47 [INFO]     2025.08 p26: +1건 (페이지 6건)
2026-03-23 11:05:49 [INFO]     HTML 크기: 391889 bytes
2026-03-23 11:05:49 [INFO]     OaLkxeV3 포함: False
2026-03-23 11:05:49 [INFO]     GOWcekJV4 포함: False
2026-03-23 11:05:49 [INFO]     카드 발견: 10개
2026-03-23 11:05:49 [INFO]     카드 파싱 성공: 5건
2026-03-23 11:05:49 [INFO]     2025.08 p27: +2건 (페이지 5건)
2026-03-23 11:05:56 [WARNING] [1/3] HTTP 오류: 403 Client Error: Forbidden for url: https://search.naver.com/search.naver?where=news&query=%EC%82%BC%EC%84%B1%EC%A0%84%EC%9E%90&pd=3&ds=2025.08.01&de=2025.08.31&start=270&sort=0
2026-03-23 11:05:59 [INFO]     HTML 크기: 418186 bytes
2026-03-23 11:05:59 [INFO]     OaLkxeV3 포함: False
2026-03-23 11:05:59 [INFO]     GOWcekJV4 포함: False
2026-03-23 11:05:59 [INFO]     카드 발견: 10개
2026-03-23 11:05:59 [INFO]     카드 파싱 성공: 6건
2026-03-23 11:05:59 [INFO]     2025.08 p28: +4건 (페이지 6건)
2026-03-23 11:06:01 [INFO]     HTML 크기: 397126 bytes
2026-03-23 11:06:01 [INFO]     OaLkxeV3 포함: False
2026-03-23 11:06:01 [INFO]     GOWcekJV4 포함: False
2026-03-23 11:06:01 [INFO]     카드 발견: 10개
2026-03-23 11:06:01 [INFO]     카드 파싱 성공: 7건
2026-03-23 11:06:01 [INFO]     2025.08 p29: +2건 (페이지 7건)
2026-03-23 11:06:09 [WARNING] [1/3] HTTP 오류: 403 Client Error: Forbidden for url: https://search.naver.com/search.naver?where=news&query=%EC%82%BC%EC%84%B1%EC%A0%84%EC%9E%90&pd=3&ds=2025.08.01&de=2025.08.31&start=290&sort=0
2026-03-23 11:06:13 [INFO]     HTML 크기: 409540 bytes
2026-03-23 11:06:13 [INFO]     OaLkxeV3 포함: False
2026-03-23 11:06:13 [INFO]     GOWcekJV4 포함: False
2026-03-23 11:06:13 [INFO]     카드 발견: 10개
2026-03-23 11:06:13 [INFO]     카드 파싱 성공: 5건
2026-03-23 11:06:13 [INFO]     2025.08 p30: +2건 (페이지 5건)
2026-03-23 11:06:14 [INFO]     HTML 크기: 392051 bytes
2026-03-23 11:06:14 [INFO]     OaLkxeV3 포함: False
2026-03-23 11:06:14 [INFO]     GOWcekJV4 포함: False
2026-03-23 11:06:14 [INFO]     카드 발견: 10개
2026-03-23 11:06:14 [INFO]     카드 파싱 성공: 6건
2026-03-23 11:06:14 [INFO]     2025.08 p31: +4건 (페이지 6건)
2026-03-23 11:06:22 [WARNING] [1/3] HTTP 오류: 403 Client Error: Forbidden for url: https://search.naver.com/search.naver?where=news&query=%EC%82%BC%EC%84%B1%EC%A0%84%EC%9E%90&pd=3&ds=2025.08.01&de=2025.08.31&start=310&sort=0
2026-03-23 11:06:26 [INFO]     HTML 크기: 410042 bytes
2026-03-23 11:06:26 [INFO]     OaLkxeV3 포함: False
2026-03-23 11:06:26 [INFO]     GOWcekJV4 포함: False
2026-03-23 11:06:26 [INFO]     카드 발견: 10개
2026-03-23 11:06:26 [INFO]     카드 파싱 성공: 7건
2026-03-23 11:06:26 [INFO]     2025.08 p32: +4건 (페이지 7건)
2026-03-23 11:06:27 [INFO]     HTML 크기: 392676 bytes
2026-03-23 11:06:27 [INFO]     OaLkxeV3 포함: False
2026-03-23 11:06:27 [INFO]     GOWcekJV4 포함: False
2026-03-23 11:06:27 [INFO]     카드 발견: 10개
2026-03-23 11:06:27 [INFO]     카드 파싱 성공: 7건
2026-03-23 11:06:27 [INFO]     2025.08 p33: +1건 (페이지 7건)
2026-03-23 11:06:35 [WARNING] [1/3] HTTP 오류: 403 Client Error: Forbidden for url: https://search.naver.com/search.naver?where=news&query=%EC%82%BC%EC%84%B1%EC%A0%84%EC%9E%90&pd=3&ds=2025.08.01&de=2025.08.31&start=330&sort=0
2026-03-23 11:06:39 [INFO]     HTML 크기: 397115 bytes
2026-03-23 11:06:39 [INFO]     OaLkxeV3 포함: False
2026-03-23 11:06:39 [INFO]     GOWcekJV4 포함: False
2026-03-23 11:06:39 [INFO]     카드 발견: 10개
2026-03-23 11:06:39 [INFO]     카드 파싱 성공: 9건
2026-03-23 11:06:39 [INFO]     2025.08 p34: +5건 (페이지 9건)
2026-03-23 11:06:40 [INFO]     HTML 크기: 401306 bytes
2026-03-23 11:06:40 [INFO]     OaLkxeV3 포함: False
2026-03-23 11:06:40 [INFO]     GOWcekJV4 포함: False
2026-03-23 11:06:40 [INFO]     카드 발견: 10개
2026-03-23 11:06:40 [INFO]     카드 파싱 성공: 6건
2026-03-23 11:06:40 [INFO]     2025.08 p35: +3건 (페이지 6건)
2026-03-23 11:06:47 [WARNING] [1/3] HTTP 오류: 403 Client Error: Forbidden for url: https://search.naver.com/search.naver?where=news&query=%EC%82%BC%EC%84%B1%EC%A0%84%EC%9E%90&pd=3&ds=2025.08.01&de=2025.08.31&start=350&sort=0
2026-03-23 11:06:51 [INFO]     HTML 크기: 400111 bytes
2026-03-23 11:06:51 [INFO]     OaLkxeV3 포함: False
2026-03-23 11:06:51 [INFO]     GOWcekJV4 포함: False
2026-03-23 11:06:51 [INFO]     카드 발견: 10개
2026-03-23 11:06:51 [INFO]     카드 파싱 성공: 7건
2026-03-23 11:06:51 [INFO]     2025.08 p36: +1건 (페이지 7건)
2026-03-23 11:06:52 [INFO]     HTML 크기: 379806 bytes
2026-03-23 11:06:52 [INFO]     OaLkxeV3 포함: False
2026-03-23 11:06:52 [INFO]     GOWcekJV4 포함: False
2026-03-23 11:06:52 [INFO]     카드 발견: 10개
2026-03-23 11:06:52 [INFO]     카드 파싱 성공: 6건
2026-03-23 11:06:52 [INFO]     2025.08 p37: +5건 (페이지 6건)
2026-03-23 11:07:00 [WARNING] [1/3] HTTP 오류: 403 Client Error: Forbidden for url: https://search.naver.com/search.naver?where=news&query=%EC%82%BC%EC%84%B1%EC%A0%84%EC%9E%90&pd=3&ds=2025.08.01&de=2025.08.31&start=370&sort=0
2026-03-23 11:07:03 [INFO]     HTML 크기: 412758 bytes
2026-03-23 11:07:03 [INFO]     OaLkxeV3 포함: False
2026-03-23 11:07:03 [INFO]     GOWcekJV4 포함: False
2026-03-23 11:07:03 [INFO]     카드 발견: 10개
2026-03-23 11:07:03 [INFO]     카드 파싱 성공: 6건
2026-03-23 11:07:03 [INFO]     2025.08 p38: +3건 (페이지 6건)
2026-03-23 11:07:05 [INFO]     HTML 크기: 398276 bytes
2026-03-23 11:07:05 [INFO]     OaLkxeV3 포함: False
2026-03-23 11:07:05 [INFO]     GOWcekJV4 포함: False
2026-03-23 11:07:05 [INFO]     카드 발견: 10개
2026-03-23 11:07:05 [INFO]     카드 파싱 성공: 4건
2026-03-23 11:07:05 [INFO]     2025.08 p39: +1건 (페이지 4건)
2026-03-23 11:07:12 [WARNING] [1/3] HTTP 오류: 403 Client Error: Forbidden for url: https://search.naver.com/search.naver?where=news&query=%EC%82%BC%EC%84%B1%EC%A0%84%EC%9E%90&pd=3&ds=2025.08.01&de=2025.08.31&start=390&sort=0
2026-03-23 11:07:16 [INFO]     HTML 크기: 384347 bytes
2026-03-23 11:07:16 [INFO]     OaLkxeV3 포함: False
2026-03-23 11:07:16 [INFO]     GOWcekJV4 포함: False
2026-03-23 11:07:16 [INFO]     카드 발견: 10개
2026-03-23 11:07:16 [INFO]     카드 파싱 성공: 6건
2026-03-23 11:07:16 [INFO]     2025.08 p40: +1건 (페이지 6건)
2026-03-23 11:07:17 [INFO]   2025.08 완료: +161건 (누적 5901개)
2026-03-23 11:07:17 [INFO]     HTML 크기: 426751 bytes
2026-03-23 11:07:17 [INFO]     OaLkxeV3 포함: False
2026-03-23 11:07:17 [INFO]     GOWcekJV4 포함: False
2026-03-23 11:07:17 [INFO]     카드 발견: 10개
2026-03-23 11:07:17 [INFO]     카드 파싱 성공: 8건
2026-03-23 11:07:17 [INFO]     2025.09 p1: +8건 (페이지 8건)
2026-03-23 11:07:25 [WARNING] [1/3] HTTP 오류: 403 Client Error: Forbidden for url: https://search.naver.com/search.naver?where=news&query=%EC%82%BC%EC%84%B1%EC%A0%84%EC%9E%90&pd=3&ds=2025.09.01&de=2025.09.30&start=10&sort=0
2026-03-23 11:07:29 [INFO]     HTML 크기: 336931 bytes
2026-03-23 11:07:29 [INFO]     OaLkxeV3 포함: False
2026-03-23 11:07:29 [INFO]     GOWcekJV4 포함: False
2026-03-23 11:07:29 [INFO]     카드 발견: 10개
2026-03-23 11:07:29 [INFO]     카드 파싱 성공: 6건
2026-03-23 11:07:29 [INFO]     2025.09 p2: +6건 (페이지 6건)
2026-03-23 11:07:30 [INFO]     HTML 크기: 307590 bytes
2026-03-23 11:07:30 [INFO]     OaLkxeV3 포함: False
2026-03-23 11:07:30 [INFO]     GOWcekJV4 포함: False
2026-03-23 11:07:30 [INFO]     카드 발견: 10개
2026-03-23 11:07:30 [INFO]     카드 파싱 성공: 5건
2026-03-23 11:07:30 [INFO]     2025.09 p3: +5건 (페이지 5건)
2026-03-23 11:07:37 [WARNING] [1/3] HTTP 오류: 403 Client Error: Forbidden for url: https://search.naver.com/search.naver?where=news&query=%EC%82%BC%EC%84%B1%EC%A0%84%EC%9E%90&pd=3&ds=2025.09.01&de=2025.09.30&start=30&sort=0
2026-03-23 11:07:41 [INFO]     HTML 크기: 305865 bytes
2026-03-23 11:07:41 [INFO]     OaLkxeV3 포함: False
2026-03-23 11:07:41 [INFO]     GOWcekJV4 포함: False
2026-03-23 11:07:41 [INFO]     카드 발견: 10개
2026-03-23 11:07:41 [INFO]     카드 파싱 성공: 2건
2026-03-23 11:07:41 [INFO]     2025.09 p4: +2건 (페이지 2건)
2026-03-23 11:07:42 [INFO]     HTML 크기: 305739 bytes
2026-03-23 11:07:42 [INFO]     OaLkxeV3 포함: False
2026-03-23 11:07:42 [INFO]     GOWcekJV4 포함: False
2026-03-23 11:07:42 [INFO]     카드 발견: 10개
2026-03-23 11:07:42 [INFO]     카드 파싱 성공: 1건
2026-03-23 11:07:42 [INFO]     2025.09 p5: +1건 (페이지 1건)
2026-03-23 11:07:50 [WARNING] [1/3] HTTP 오류: 403 Client Error: Forbidden for url: https://search.naver.com/search.naver?where=news&query=%EC%82%BC%EC%84%B1%EC%A0%84%EC%9E%90&pd=3&ds=2025.09.01&de=2025.09.30&start=50&sort=0
2026-03-23 11:07:53 [INFO]     HTML 크기: 304892 bytes
2026-03-23 11:07:53 [INFO]     OaLkxeV3 포함: False
2026-03-23 11:07:53 [INFO]     GOWcekJV4 포함: False
2026-03-23 11:07:53 [INFO]     카드 발견: 10개
2026-03-23 11:07:53 [INFO]     카드 파싱 성공: 1건
2026-03-23 11:07:53 [INFO]     2025.09 p6: +1건 (페이지 1건)
2026-03-23 11:07:55 [INFO]     HTML 크기: 306074 bytes
2026-03-23 11:07:55 [INFO]     OaLkxeV3 포함: False
2026-03-23 11:07:55 [INFO]     GOWcekJV4 포함: False
2026-03-23 11:07:55 [INFO]     카드 발견: 10개
2026-03-23 11:07:55 [INFO]     카드 파싱 성공: 3건
2026-03-23 11:07:55 [INFO]     2025.09 p7: +3건 (페이지 3건)
2026-03-23 11:08:02 [WARNING] [1/3] HTTP 오류: 403 Client Error: Forbidden for url: https://search.naver.com/search.naver?where=news&query=%EC%82%BC%EC%84%B1%EC%A0%84%EC%9E%90&pd=3&ds=2025.09.01&de=2025.09.30&start=70&sort=0
2026-03-23 11:08:05 [INFO]     HTML 크기: 305417 bytes
2026-03-23 11:08:05 [INFO]     OaLkxeV3 포함: False
2026-03-23 11:08:05 [INFO]     GOWcekJV4 포함: False
2026-03-23 11:08:05 [INFO]     카드 발견: 10개
2026-03-23 11:08:05 [INFO]     카드 파싱 성공: 1건
2026-03-23 11:08:05 [INFO]     2025.09 p8: +1건 (페이지 1건)
2026-03-23 11:08:07 [INFO]     HTML 크기: 306386 bytes
2026-03-23 11:08:07 [INFO]     OaLkxeV3 포함: False
2026-03-23 11:08:07 [INFO]     GOWcekJV4 포함: False
2026-03-23 11:08:07 [INFO]     카드 발견: 10개
2026-03-23 11:08:07 [INFO]     카드 파싱 성공: 3건
2026-03-23 11:08:07 [INFO]     2025.09 p9: +3건 (페이지 3건)
2026-03-23 11:08:14 [WARNING] [1/3] HTTP 오류: 403 Client Error: Forbidden for url: https://search.naver.com/search.naver?where=news&query=%EC%82%BC%EC%84%B1%EC%A0%84%EC%9E%90&pd=3&ds=2025.09.01&de=2025.09.30&start=90&sort=0
2026-03-23 11:08:17 [INFO]     HTML 크기: 304579 bytes
2026-03-23 11:08:17 [INFO]     OaLkxeV3 포함: False
2026-03-23 11:08:17 [INFO]     GOWcekJV4 포함: False
2026-03-23 11:08:17 [INFO]     카드 발견: 10개
2026-03-23 11:08:17 [INFO]     카드 파싱 성공: 2건
2026-03-23 11:08:17 [INFO]     2025.09 p10: +2건 (페이지 2건)
2026-03-23 11:08:19 [INFO]     HTML 크기: 422656 bytes
2026-03-23 11:08:19 [INFO]     OaLkxeV3 포함: False
2026-03-23 11:08:19 [INFO]     GOWcekJV4 포함: False
2026-03-23 11:08:19 [INFO]     카드 발견: 10개
2026-03-23 11:08:19 [INFO]     카드 파싱 성공: 7건
2026-03-23 11:08:19 [INFO]     2025.09 p11: +5건 (페이지 7건)
2026-03-23 11:08:26 [WARNING] [1/3] HTTP 오류: 403 Client Error: Forbidden for url: https://search.naver.com/search.naver?where=news&query=%EC%82%BC%EC%84%B1%EC%A0%84%EC%9E%90&pd=3&ds=2025.09.01&de=2025.09.30&start=110&sort=0
2026-03-23 11:08:29 [INFO]     HTML 크기: 424828 bytes
2026-03-23 11:08:29 [INFO]     OaLkxeV3 포함: False
2026-03-23 11:08:29 [INFO]     GOWcekJV4 포함: False
2026-03-23 11:08:29 [INFO]     카드 발견: 10개
2026-03-23 11:08:29 [INFO]     카드 파싱 성공: 8건
2026-03-23 11:08:29 [INFO]     2025.09 p12: +3건 (페이지 8건)
2026-03-23 11:08:31 [INFO]     HTML 크기: 439675 bytes
2026-03-23 11:08:31 [INFO]     OaLkxeV3 포함: False
2026-03-23 11:08:31 [INFO]     GOWcekJV4 포함: False
2026-03-23 11:08:31 [INFO]     카드 발견: 10개
2026-03-23 11:08:31 [INFO]     카드 파싱 성공: 10건
2026-03-23 11:08:31 [INFO]     2025.09 p13: +4건 (페이지 10건)
2026-03-23 11:08:39 [WARNING] [1/3] HTTP 오류: 403 Client Error: Forbidden for url: https://search.naver.com/search.naver?where=news&query=%EC%82%BC%EC%84%B1%EC%A0%84%EC%9E%90&pd=3&ds=2025.09.01&de=2025.09.30&start=130&sort=0
2026-03-23 11:08:42 [INFO]     HTML 크기: 436548 bytes
2026-03-23 11:08:42 [INFO]     OaLkxeV3 포함: False
2026-03-23 11:08:42 [INFO]     GOWcekJV4 포함: False
2026-03-23 11:08:42 [INFO]     카드 발견: 10개
2026-03-23 11:08:42 [INFO]     카드 파싱 성공: 8건
2026-03-23 11:08:42 [INFO]     2025.09 p14: +2건 (페이지 8건)
2026-03-23 11:08:43 [INFO]     HTML 크기: 412929 bytes
2026-03-23 11:08:43 [INFO]     OaLkxeV3 포함: False
2026-03-23 11:08:43 [INFO]     GOWcekJV4 포함: False
2026-03-23 11:08:43 [INFO]     카드 발견: 10개
2026-03-23 11:08:43 [INFO]     카드 파싱 성공: 7건
2026-03-23 11:08:43 [INFO]     2025.09 p15: +1건 (페이지 7건)
2026-03-23 11:08:51 [WARNING] [1/3] HTTP 오류: 403 Client Error: Forbidden for url: https://search.naver.com/search.naver?where=news&query=%EC%82%BC%EC%84%B1%EC%A0%84%EC%9E%90&pd=3&ds=2025.09.01&de=2025.09.30&start=150&sort=0
2026-03-23 11:08:54 [INFO]     HTML 크기: 407849 bytes
2026-03-23 11:08:54 [INFO]     OaLkxeV3 포함: False
2026-03-23 11:08:54 [INFO]     GOWcekJV4 포함: False
2026-03-23 11:08:54 [INFO]     카드 발견: 10개
2026-03-23 11:08:54 [INFO]     카드 파싱 성공: 4건
2026-03-23 11:08:54 [INFO]     2025.09 p16: +3건 (페이지 4건)
2026-03-23 11:08:56 [INFO]     HTML 크기: 418015 bytes
2026-03-23 11:08:56 [INFO]     OaLkxeV3 포함: False
2026-03-23 11:08:56 [INFO]     GOWcekJV4 포함: False
2026-03-23 11:08:56 [INFO]     카드 발견: 10개
2026-03-23 11:08:56 [INFO]     카드 파싱 성공: 6건
2026-03-23 11:08:56 [INFO]     2025.09 p17: +4건 (페이지 6건)
2026-03-23 11:09:03 [WARNING] [1/3] HTTP 오류: 403 Client Error: Forbidden for url: https://search.naver.com/search.naver?where=news&query=%EC%82%BC%EC%84%B1%EC%A0%84%EC%9E%90&pd=3&ds=2025.09.01&de=2025.09.30&start=170&sort=0
2026-03-23 11:09:06 [INFO]     HTML 크기: 416877 bytes
2026-03-23 11:09:06 [INFO]     OaLkxeV3 포함: False
2026-03-23 11:09:06 [INFO]     GOWcekJV4 포함: False
2026-03-23 11:09:06 [INFO]     카드 발견: 10개
2026-03-23 11:09:06 [INFO]     카드 파싱 성공: 6건
2026-03-23 11:09:06 [INFO]     2025.09 p18: +3건 (페이지 6건)
2026-03-23 11:09:08 [INFO]     HTML 크기: 400602 bytes
2026-03-23 11:09:08 [INFO]     OaLkxeV3 포함: False
2026-03-23 11:09:08 [INFO]     GOWcekJV4 포함: False
2026-03-23 11:09:08 [INFO]     카드 발견: 10개
2026-03-23 11:09:08 [INFO]     카드 파싱 성공: 3건
2026-03-23 11:09:08 [INFO]     2025.09 p19: +1건 (페이지 3건)
2026-03-23 11:09:15 [WARNING] [1/3] HTTP 오류: 403 Client Error: Forbidden for url: https://search.naver.com/search.naver?where=news&query=%EC%82%BC%EC%84%B1%EC%A0%84%EC%9E%90&pd=3&ds=2025.09.01&de=2025.09.30&start=190&sort=0
2026-03-23 11:09:19 [INFO]     HTML 크기: 413152 bytes
2026-03-23 11:09:19 [INFO]     OaLkxeV3 포함: False
2026-03-23 11:09:19 [INFO]     GOWcekJV4 포함: False
2026-03-23 11:09:19 [INFO]     카드 발견: 10개
2026-03-23 11:09:19 [INFO]     카드 파싱 성공: 3건
2026-03-23 11:09:19 [INFO]     2025.09 p20: +1건 (페이지 3건)
2026-03-23 11:09:20 [INFO]     HTML 크기: 417512 bytes
2026-03-23 11:09:20 [INFO]     OaLkxeV3 포함: False
2026-03-23 11:09:20 [INFO]     GOWcekJV4 포함: False
2026-03-23 11:09:20 [INFO]     카드 발견: 10개
2026-03-23 11:09:20 [INFO]     카드 파싱 성공: 5건
2026-03-23 11:09:20 [INFO]     2025.09 p21: +3건 (페이지 5건)
2026-03-23 11:09:28 [WARNING] [1/3] HTTP 오류: 403 Client Error: Forbidden for url: https://search.naver.com/search.naver?where=news&query=%EC%82%BC%EC%84%B1%EC%A0%84%EC%9E%90&pd=3&ds=2025.09.01&de=2025.09.30&start=210&sort=0
2026-03-23 11:09:31 [INFO]     HTML 크기: 428598 bytes
2026-03-23 11:09:31 [INFO]     OaLkxeV3 포함: False
2026-03-23 11:09:31 [INFO]     GOWcekJV4 포함: False
2026-03-23 11:09:31 [INFO]     카드 발견: 10개
2026-03-23 11:09:31 [INFO]     카드 파싱 성공: 4건
2026-03-23 11:09:31 [INFO]     2025.09 p22: +0건 (페이지 4건)
2026-03-23 11:09:33 [INFO]   2025.09 완료: +62건 (누적 5963개)
2026-03-23 11:09:33 [INFO]     HTML 크기: 409282 bytes
2026-03-23 11:09:33 [INFO]     OaLkxeV3 포함: False
2026-03-23 11:09:33 [INFO]     GOWcekJV4 포함: False
2026-03-23 11:09:33 [INFO]     카드 발견: 10개
2026-03-23 11:09:33 [INFO]     카드 파싱 성공: 10건
2026-03-23 11:09:33 [INFO]     2025.10 p1: +10건 (페이지 10건)
2026-03-23 11:09:41 [WARNING] [1/3] HTTP 오류: 403 Client Error: Forbidden for url: https://search.naver.com/search.naver?where=news&query=%EC%82%BC%EC%84%B1%EC%A0%84%EC%9E%90&pd=3&ds=2025.10.01&de=2025.10.31&start=10&sort=0
2026-03-23 11:09:44 [INFO]     HTML 크기: 390883 bytes
2026-03-23 11:09:44 [INFO]     OaLkxeV3 포함: False
2026-03-23 11:09:44 [INFO]     GOWcekJV4 포함: False
2026-03-23 11:09:44 [INFO]     카드 발견: 10개
2026-03-23 11:09:44 [INFO]     카드 파싱 성공: 10건
2026-03-23 11:09:44 [INFO]     2025.10 p2: +9건 (페이지 10건)
2026-03-23 11:09:46 [INFO]     HTML 크기: 377823 bytes
2026-03-23 11:09:46 [INFO]     OaLkxeV3 포함: False
2026-03-23 11:09:46 [INFO]     GOWcekJV4 포함: False
2026-03-23 11:09:46 [INFO]     카드 발견: 10개
2026-03-23 11:09:46 [INFO]     카드 파싱 성공: 10건
2026-03-23 11:09:46 [INFO]     2025.10 p3: +10건 (페이지 10건)
2026-03-23 11:09:54 [WARNING] [1/3] HTTP 오류: 403 Client Error: Forbidden for url: https://search.naver.com/search.naver?where=news&query=%EC%82%BC%EC%84%B1%EC%A0%84%EC%9E%90&pd=3&ds=2025.10.01&de=2025.10.31&start=30&sort=0
2026-03-23 11:09:57 [INFO]     HTML 크기: 352569 bytes
2026-03-23 11:09:57 [INFO]     OaLkxeV3 포함: False
2026-03-23 11:09:57 [INFO]     GOWcekJV4 포함: False
2026-03-23 11:09:57 [INFO]     카드 발견: 10개
2026-03-23 11:09:57 [INFO]     카드 파싱 성공: 10건
2026-03-23 11:09:57 [INFO]     2025.10 p4: +10건 (페이지 10건)
2026-03-23 11:09:59 [INFO]     HTML 크기: 344992 bytes
2026-03-23 11:09:59 [INFO]     OaLkxeV3 포함: False
2026-03-23 11:09:59 [INFO]     GOWcekJV4 포함: False
2026-03-23 11:09:59 [INFO]     카드 발견: 10개
2026-03-23 11:09:59 [INFO]     카드 파싱 성공: 10건
2026-03-23 11:09:59 [INFO]     2025.10 p5: +10건 (페이지 10건)
2026-03-23 11:10:07 [WARNING] [1/3] HTTP 오류: 403 Client Error: Forbidden for url: https://search.naver.com/search.naver?where=news&query=%EC%82%BC%EC%84%B1%EC%A0%84%EC%9E%90&pd=3&ds=2025.10.01&de=2025.10.31&start=50&sort=0
2026-03-23 11:10:10 [INFO]     HTML 크기: 315842 bytes
2026-03-23 11:10:10 [INFO]     OaLkxeV3 포함: False
2026-03-23 11:10:10 [INFO]     GOWcekJV4 포함: False
2026-03-23 11:10:10 [INFO]     카드 발견: 10개
2026-03-23 11:10:10 [INFO]     카드 파싱 성공: 10건
2026-03-23 11:10:10 [INFO]     2025.10 p6: +10건 (페이지 10건)
2026-03-23 11:10:11 [INFO]     HTML 크기: 314109 bytes
2026-03-23 11:10:11 [INFO]     OaLkxeV3 포함: False
2026-03-23 11:10:11 [INFO]     GOWcekJV4 포함: False
2026-03-23 11:10:11 [INFO]     카드 발견: 10개
2026-03-23 11:10:11 [INFO]     카드 파싱 성공: 8건
2026-03-23 11:10:11 [INFO]     2025.10 p7: +8건 (페이지 8건)
2026-03-23 11:10:19 [WARNING] [1/3] HTTP 오류: 403 Client Error: Forbidden for url: https://search.naver.com/search.naver?where=news&query=%EC%82%BC%EC%84%B1%EC%A0%84%EC%9E%90&pd=3&ds=2025.10.01&de=2025.10.31&start=70&sort=0
2026-03-23 11:10:22 [INFO]     HTML 크기: 307402 bytes
2026-03-23 11:10:22 [INFO]     OaLkxeV3 포함: False
2026-03-23 11:10:22 [INFO]     GOWcekJV4 포함: False
2026-03-23 11:10:22 [INFO]     카드 발견: 10개
2026-03-23 11:10:22 [INFO]     카드 파싱 성공: 5건
2026-03-23 11:10:22 [INFO]     2025.10 p8: +5건 (페이지 5건)
2026-03-23 11:10:24 [INFO]     HTML 크기: 308491 bytes
2026-03-23 11:10:24 [INFO]     OaLkxeV3 포함: False
2026-03-23 11:10:24 [INFO]     GOWcekJV4 포함: False
2026-03-23 11:10:24 [INFO]     카드 발견: 10개
2026-03-23 11:10:24 [INFO]     카드 파싱 성공: 5건
2026-03-23 11:10:24 [INFO]     2025.10 p9: +5건 (페이지 5건)
2026-03-23 11:10:32 [WARNING] [1/3] HTTP 오류: 403 Client Error: Forbidden for url: https://search.naver.com/search.naver?where=news&query=%EC%82%BC%EC%84%B1%EC%A0%84%EC%9E%90&pd=3&ds=2025.10.01&de=2025.10.31&start=90&sort=0
2026-03-23 11:10:35 [INFO]     HTML 크기: 307521 bytes
2026-03-23 11:10:35 [INFO]     OaLkxeV3 포함: False
2026-03-23 11:10:35 [INFO]     GOWcekJV4 포함: False
2026-03-23 11:10:35 [INFO]     카드 발견: 10개
2026-03-23 11:10:35 [INFO]     카드 파싱 성공: 4건
2026-03-23 11:10:35 [INFO]     2025.10 p10: +4건 (페이지 4건)
2026-03-23 11:10:36 [INFO]     HTML 크기: 391913 bytes
2026-03-23 11:10:36 [INFO]     OaLkxeV3 포함: False
2026-03-23 11:10:36 [INFO]     GOWcekJV4 포함: False
2026-03-23 11:10:36 [INFO]     카드 발견: 10개
2026-03-23 11:10:36 [INFO]     카드 파싱 성공: 10건
2026-03-23 11:10:36 [INFO]     2025.10 p11: +7건 (페이지 10건)
2026-03-23 11:10:44 [WARNING] [1/3] HTTP 오류: 403 Client Error: Forbidden for url: https://search.naver.com/search.naver?where=news&query=%EC%82%BC%EC%84%B1%EC%A0%84%EC%9E%90&pd=3&ds=2025.10.01&de=2025.10.31&start=110&sort=0
2026-03-23 11:10:47 [INFO]     HTML 크기: 412146 bytes
2026-03-23 11:10:47 [INFO]     OaLkxeV3 포함: False
2026-03-23 11:10:47 [INFO]     GOWcekJV4 포함: False
2026-03-23 11:10:47 [INFO]     카드 발견: 10개
2026-03-23 11:10:47 [INFO]     카드 파싱 성공: 10건
2026-03-23 11:10:47 [INFO]     2025.10 p12: +5건 (페이지 10건)
2026-03-23 11:10:49 [INFO]     HTML 크기: 414209 bytes
2026-03-23 11:10:49 [INFO]     OaLkxeV3 포함: False
2026-03-23 11:10:49 [INFO]     GOWcekJV4 포함: False
2026-03-23 11:10:49 [INFO]     카드 발견: 10개
2026-03-23 11:10:49 [INFO]     카드 파싱 성공: 9건
2026-03-23 11:10:49 [INFO]     2025.10 p13: +7건 (페이지 9건)
2026-03-23 11:10:56 [WARNING] [1/3] HTTP 오류: 403 Client Error: Forbidden for url: https://search.naver.com/search.naver?where=news&query=%EC%82%BC%EC%84%B1%EC%A0%84%EC%9E%90&pd=3&ds=2025.10.01&de=2025.10.31&start=130&sort=0
2026-03-23 11:10:59 [INFO]     HTML 크기: 388585 bytes
2026-03-23 11:10:59 [INFO]     OaLkxeV3 포함: False
2026-03-23 11:10:59 [INFO]     GOWcekJV4 포함: False
2026-03-23 11:10:59 [INFO]     카드 발견: 10개
2026-03-23 11:10:59 [INFO]     카드 파싱 성공: 10건
2026-03-23 11:10:59 [INFO]     2025.10 p14: +7건 (페이지 10건)
2026-03-23 11:11:01 [INFO]     HTML 크기: 397642 bytes
2026-03-23 11:11:01 [INFO]     OaLkxeV3 포함: False
2026-03-23 11:11:01 [INFO]     GOWcekJV4 포함: False
2026-03-23 11:11:01 [INFO]     카드 발견: 10개
2026-03-23 11:11:01 [INFO]     카드 파싱 성공: 9건
2026-03-23 11:11:01 [INFO]     2025.10 p15: +6건 (페이지 9건)
2026-03-23 11:11:09 [WARNING] [1/3] HTTP 오류: 403 Client Error: Forbidden for url: https://search.naver.com/search.naver?where=news&query=%EC%82%BC%EC%84%B1%EC%A0%84%EC%9E%90&pd=3&ds=2025.10.01&de=2025.10.31&start=150&sort=0
2026-03-23 11:11:12 [INFO]     HTML 크기: 408952 bytes
2026-03-23 11:11:12 [INFO]     OaLkxeV3 포함: False
2026-03-23 11:11:12 [INFO]     GOWcekJV4 포함: False
2026-03-23 11:11:12 [INFO]     카드 발견: 10개
2026-03-23 11:11:12 [INFO]     카드 파싱 성공: 9건
2026-03-23 11:11:12 [INFO]     2025.10 p16: +5건 (페이지 9건)
2026-03-23 11:11:14 [INFO]     HTML 크기: 406260 bytes
2026-03-23 11:11:14 [INFO]     OaLkxeV3 포함: False
2026-03-23 11:11:14 [INFO]     GOWcekJV4 포함: False
2026-03-23 11:11:14 [INFO]     카드 발견: 10개
2026-03-23 11:11:14 [INFO]     카드 파싱 성공: 7건
2026-03-23 11:11:14 [INFO]     2025.10 p17: +2건 (페이지 7건)
2026-03-23 11:11:21 [WARNING] [1/3] HTTP 오류: 403 Client Error: Forbidden for url: https://search.naver.com/search.naver?where=news&query=%EC%82%BC%EC%84%B1%EC%A0%84%EC%9E%90&pd=3&ds=2025.10.01&de=2025.10.31&start=170&sort=0
2026-03-23 11:11:25 [INFO]     HTML 크기: 392169 bytes
2026-03-23 11:11:25 [INFO]     OaLkxeV3 포함: False
2026-03-23 11:11:25 [INFO]     GOWcekJV4 포함: False
2026-03-23 11:11:25 [INFO]     카드 발견: 10개
2026-03-23 11:11:25 [INFO]     카드 파싱 성공: 6건
2026-03-23 11:11:25 [INFO]     2025.10 p18: +3건 (페이지 6건)
2026-03-23 11:11:26 [INFO]     HTML 크기: 394864 bytes
2026-03-23 11:11:26 [INFO]     OaLkxeV3 포함: False
2026-03-23 11:11:26 [INFO]     GOWcekJV4 포함: False
2026-03-23 11:11:26 [INFO]     카드 발견: 10개
2026-03-23 11:11:26 [INFO]     카드 파싱 성공: 7건
2026-03-23 11:11:26 [INFO]     2025.10 p19: +6건 (페이지 7건)
2026-03-23 11:11:34 [WARNING] [1/3] HTTP 오류: 403 Client Error: Forbidden for url: https://search.naver.com/search.naver?where=news&query=%EC%82%BC%EC%84%B1%EC%A0%84%EC%9E%90&pd=3&ds=2025.10.01&de=2025.10.31&start=190&sort=0
2026-03-23 11:11:37 [INFO]     HTML 크기: 395951 bytes
2026-03-23 11:11:37 [INFO]     OaLkxeV3 포함: False
2026-03-23 11:11:37 [INFO]     GOWcekJV4 포함: False
2026-03-23 11:11:37 [INFO]     카드 발견: 10개
2026-03-23 11:11:37 [INFO]     카드 파싱 성공: 7건
2026-03-23 11:11:37 [INFO]     2025.10 p20: +2건 (페이지 7건)
2026-03-23 11:11:39 [INFO]     HTML 크기: 389151 bytes
2026-03-23 11:11:39 [INFO]     OaLkxeV3 포함: False
2026-03-23 11:11:39 [INFO]     GOWcekJV4 포함: False
2026-03-23 11:11:39 [INFO]     카드 발견: 10개
2026-03-23 11:11:39 [INFO]     카드 파싱 성공: 8건
2026-03-23 11:11:39 [INFO]     2025.10 p21: +6건 (페이지 8건)
2026-03-23 11:11:41 [INFO]     HTML 크기: 392352 bytes
2026-03-23 11:11:41 [INFO]     OaLkxeV3 포함: False
2026-03-23 11:11:41 [INFO]     GOWcekJV4 포함: False
2026-03-23 11:11:41 [INFO]     카드 발견: 10개
2026-03-23 11:11:41 [INFO]     카드 파싱 성공: 8건
2026-03-23 11:11:41 [INFO]     2025.10 p22: +4건 (페이지 8건)
2026-03-23 11:11:48 [WARNING] [1/3] HTTP 오류: 403 Client Error: Forbidden for url: https://search.naver.com/search.naver?where=news&query=%EC%82%BC%EC%84%B1%EC%A0%84%EC%9E%90&pd=3&ds=2025.10.01&de=2025.10.31&start=220&sort=0
2026-03-23 11:11:51 [INFO]     HTML 크기: 365383 bytes
2026-03-23 11:11:51 [INFO]     OaLkxeV3 포함: False
2026-03-23 11:11:51 [INFO]     GOWcekJV4 포함: False
2026-03-23 11:11:51 [INFO]     카드 발견: 10개
2026-03-23 11:11:51 [INFO]     카드 파싱 성공: 8건
2026-03-23 11:11:51 [INFO]     2025.10 p23: +4건 (페이지 8건)
2026-03-23 11:11:53 [INFO]     HTML 크기: 366651 bytes
2026-03-23 11:11:53 [INFO]     OaLkxeV3 포함: False
2026-03-23 11:11:53 [INFO]     GOWcekJV4 포함: False
2026-03-23 11:11:53 [INFO]     카드 발견: 10개
2026-03-23 11:11:53 [INFO]     카드 파싱 성공: 10건
2026-03-23 11:11:53 [INFO]     2025.10 p24: +4건 (페이지 10건)
2026-03-23 11:12:00 [WARNING] [1/3] HTTP 오류: 403 Client Error: Forbidden for url: https://search.naver.com/search.naver?where=news&query=%EC%82%BC%EC%84%B1%EC%A0%84%EC%9E%90&pd=3&ds=2025.10.01&de=2025.10.31&start=240&sort=0
2026-03-23 11:12:03 [INFO]     HTML 크기: 390312 bytes
2026-03-23 11:12:03 [INFO]     OaLkxeV3 포함: False
2026-03-23 11:12:03 [INFO]     GOWcekJV4 포함: False
2026-03-23 11:12:03 [INFO]     카드 발견: 10개
2026-03-23 11:12:03 [INFO]     카드 파싱 성공: 7건
2026-03-23 11:12:03 [INFO]     2025.10 p25: +3건 (페이지 7건)
2026-03-23 11:12:05 [INFO]     HTML 크기: 401870 bytes
2026-03-23 11:12:05 [INFO]     OaLkxeV3 포함: False
2026-03-23 11:12:05 [INFO]     GOWcekJV4 포함: False
2026-03-23 11:12:05 [INFO]     카드 발견: 10개
2026-03-23 11:12:05 [INFO]     카드 파싱 성공: 7건
2026-03-23 11:12:05 [INFO]     2025.10 p26: +5건 (페이지 7건)
2026-03-23 11:12:13 [WARNING] [1/3] HTTP 오류: 403 Client Error: Forbidden for url: https://search.naver.com/search.naver?where=news&query=%EC%82%BC%EC%84%B1%EC%A0%84%EC%9E%90&pd=3&ds=2025.10.01&de=2025.10.31&start=260&sort=0
2026-03-23 11:12:16 [INFO]     HTML 크기: 392314 bytes
2026-03-23 11:12:16 [INFO]     OaLkxeV3 포함: False
2026-03-23 11:12:16 [INFO]     GOWcekJV4 포함: False
2026-03-23 11:12:16 [INFO]     카드 발견: 10개
2026-03-23 11:12:16 [INFO]     카드 파싱 성공: 7건
2026-03-23 11:12:16 [INFO]     2025.10 p27: +4건 (페이지 7건)
2026-03-23 11:12:18 [INFO]     HTML 크기: 397921 bytes
2026-03-23 11:12:18 [INFO]     OaLkxeV3 포함: False
2026-03-23 11:12:18 [INFO]     GOWcekJV4 포함: False
2026-03-23 11:12:18 [INFO]     카드 발견: 10개
2026-03-23 11:12:18 [INFO]     카드 파싱 성공: 5건
2026-03-23 11:12:18 [INFO]     2025.10 p28: +2건 (페이지 5건)
2026-03-23 11:12:26 [WARNING] [1/3] HTTP 오류: 403 Client Error: Forbidden for url: https://search.naver.com/search.naver?where=news&query=%EC%82%BC%EC%84%B1%EC%A0%84%EC%9E%90&pd=3&ds=2025.10.01&de=2025.10.31&start=280&sort=0
2026-03-23 11:12:29 [INFO]     HTML 크기: 381168 bytes
2026-03-23 11:12:29 [INFO]     OaLkxeV3 포함: False
2026-03-23 11:12:29 [INFO]     GOWcekJV4 포함: False
2026-03-23 11:12:29 [INFO]     카드 발견: 10개
2026-03-23 11:12:29 [INFO]     카드 파싱 성공: 7건
2026-03-23 11:12:29 [INFO]     2025.10 p29: +3건 (페이지 7건)
2026-03-23 11:12:30 [INFO]     HTML 크기: 378894 bytes
2026-03-23 11:12:30 [INFO]     OaLkxeV3 포함: False
2026-03-23 11:12:30 [INFO]     GOWcekJV4 포함: False
2026-03-23 11:12:30 [INFO]     카드 발견: 10개
2026-03-23 11:12:30 [INFO]     카드 파싱 성공: 7건
2026-03-23 11:12:30 [INFO]     2025.10 p30: +3건 (페이지 7건)
2026-03-23 11:12:38 [WARNING] [1/3] HTTP 오류: 403 Client Error: Forbidden for url: https://search.naver.com/search.naver?where=news&query=%EC%82%BC%EC%84%B1%EC%A0%84%EC%9E%90&pd=3&ds=2025.10.01&de=2025.10.31&start=300&sort=0
2026-03-23 11:12:41 [INFO]     HTML 크기: 373518 bytes
2026-03-23 11:12:41 [INFO]     OaLkxeV3 포함: False
2026-03-23 11:12:41 [INFO]     GOWcekJV4 포함: False
2026-03-23 11:12:41 [INFO]     카드 발견: 10개
2026-03-23 11:12:41 [INFO]     카드 파싱 성공: 7건
2026-03-23 11:12:41 [INFO]     2025.10 p31: +4건 (페이지 7건)
2026-03-23 11:12:43 [INFO]     HTML 크기: 361666 bytes
2026-03-23 11:12:43 [INFO]     OaLkxeV3 포함: False
2026-03-23 11:12:43 [INFO]     GOWcekJV4 포함: False
2026-03-23 11:12:43 [INFO]     카드 발견: 10개
2026-03-23 11:12:43 [INFO]     카드 파싱 성공: 8건
2026-03-23 11:12:43 [INFO]     2025.10 p32: +2건 (페이지 8건)
2026-03-23 11:12:51 [WARNING] [1/3] HTTP 오류: 403 Client Error: Forbidden for url: https://search.naver.com/search.naver?where=news&query=%EC%82%BC%EC%84%B1%EC%A0%84%EC%9E%90&pd=3&ds=2025.10.01&de=2025.10.31&start=320&sort=0
2026-03-23 11:12:54 [INFO]     HTML 크기: 399904 bytes
2026-03-23 11:12:54 [INFO]     OaLkxeV3 포함: False
2026-03-23 11:12:54 [INFO]     GOWcekJV4 포함: False
2026-03-23 11:12:54 [INFO]     카드 발견: 10개
2026-03-23 11:12:54 [INFO]     카드 파싱 성공: 6건
2026-03-23 11:12:54 [INFO]     2025.10 p33: +3건 (페이지 6건)
2026-03-23 11:12:56 [INFO]     HTML 크기: 371422 bytes
2026-03-23 11:12:56 [INFO]     OaLkxeV3 포함: False
2026-03-23 11:12:56 [INFO]     GOWcekJV4 포함: False
2026-03-23 11:12:56 [INFO]     카드 발견: 10개
2026-03-23 11:12:56 [INFO]     카드 파싱 성공: 5건
2026-03-23 11:12:56 [INFO]     2025.10 p34: +2건 (페이지 5건)
2026-03-23 11:13:04 [WARNING] [1/3] HTTP 오류: 403 Client Error: Forbidden for url: https://search.naver.com/search.naver?where=news&query=%EC%82%BC%EC%84%B1%EC%A0%84%EC%9E%90&pd=3&ds=2025.10.01&de=2025.10.31&start=340&sort=0
2026-03-23 11:13:07 [INFO]     HTML 크기: 397003 bytes
2026-03-23 11:13:07 [INFO]     OaLkxeV3 포함: False
2026-03-23 11:13:07 [INFO]     GOWcekJV4 포함: False
2026-03-23 11:13:07 [INFO]     카드 발견: 10개
2026-03-23 11:13:07 [INFO]     카드 파싱 성공: 7건
2026-03-23 11:13:07 [INFO]     2025.10 p35: +4건 (페이지 7건)
2026-03-23 11:13:08 [INFO]     HTML 크기: 375045 bytes
2026-03-23 11:13:08 [INFO]     OaLkxeV3 포함: False
2026-03-23 11:13:08 [INFO]     GOWcekJV4 포함: False
2026-03-23 11:13:08 [INFO]     카드 발견: 10개
2026-03-23 11:13:08 [INFO]     카드 파싱 성공: 4건
2026-03-23 11:13:08 [INFO]     2025.10 p36: +0건 (페이지 4건)
2026-03-23 11:13:10 [INFO]   2025.10 완료: +184건 (누적 6147개)
2026-03-23 11:13:16 [WARNING] [1/3] HTTP 오류: 403 Client Error: Forbidden for url: https://search.naver.com/search.naver?where=news&query=%EC%82%BC%EC%84%B1%EC%A0%84%EC%9E%90&pd=3&ds=2025.11.01&de=2025.11.30&start=0&sort=0
2026-03-23 11:13:20 [INFO]     HTML 크기: 372228 bytes
2026-03-23 11:13:20 [INFO]     OaLkxeV3 포함: False
2026-03-23 11:13:20 [INFO]     GOWcekJV4 포함: False
2026-03-23 11:13:20 [INFO]     카드 발견: 10개
2026-03-23 11:13:20 [INFO]     카드 파싱 성공: 10건
2026-03-23 11:13:20 [INFO]     2025.11 p1: +10건 (페이지 10건)
2026-03-23 11:13:21 [INFO]     HTML 크기: 393915 bytes
2026-03-23 11:13:21 [INFO]     OaLkxeV3 포함: False
2026-03-23 11:13:21 [INFO]     GOWcekJV4 포함: False
2026-03-23 11:13:21 [INFO]     카드 발견: 10개
2026-03-23 11:13:21 [INFO]     카드 파싱 성공: 10건
2026-03-23 11:13:21 [INFO]     2025.11 p2: +10건 (페이지 10건)
2026-03-23 11:13:28 [WARNING] [1/3] HTTP 오류: 403 Client Error: Forbidden for url: https://search.naver.com/search.naver?where=news&query=%EC%82%BC%EC%84%B1%EC%A0%84%EC%9E%90&pd=3&ds=2025.11.01&de=2025.11.30&start=20&sort=0
2026-03-23 11:13:32 [INFO]     HTML 크기: 362033 bytes
2026-03-23 11:13:32 [INFO]     OaLkxeV3 포함: False
2026-03-23 11:13:32 [INFO]     GOWcekJV4 포함: False
2026-03-23 11:13:32 [INFO]     카드 발견: 10개
2026-03-23 11:13:32 [INFO]     카드 파싱 성공: 10건
2026-03-23 11:13:32 [INFO]     2025.11 p3: +10건 (페이지 10건)
2026-03-23 11:13:33 [INFO]     HTML 크기: 401450 bytes
2026-03-23 11:13:33 [INFO]     OaLkxeV3 포함: False
2026-03-23 11:13:33 [INFO]     GOWcekJV4 포함: False
2026-03-23 11:13:33 [INFO]     카드 발견: 10개
2026-03-23 11:13:33 [INFO]     카드 파싱 성공: 9건
2026-03-23 11:13:33 [INFO]     2025.11 p4: +9건 (페이지 9건)
2026-03-23 11:13:41 [WARNING] [1/3] HTTP 오류: 403 Client Error: Forbidden for url: https://search.naver.com/search.naver?where=news&query=%EC%82%BC%EC%84%B1%EC%A0%84%EC%9E%90&pd=3&ds=2025.11.01&de=2025.11.30&start=40&sort=0
2026-03-23 11:13:44 [INFO]     HTML 크기: 312685 bytes
2026-03-23 11:13:44 [INFO]     OaLkxeV3 포함: False
2026-03-23 11:13:44 [INFO]     GOWcekJV4 포함: False
2026-03-23 11:13:44 [INFO]     카드 발견: 10개
2026-03-23 11:13:44 [INFO]     카드 파싱 성공: 8건
2026-03-23 11:13:44 [INFO]     2025.11 p5: +8건 (페이지 8건)
2026-03-23 11:13:46 [INFO]     HTML 크기: 345421 bytes
2026-03-23 11:13:46 [INFO]     OaLkxeV3 포함: False
2026-03-23 11:13:46 [INFO]     GOWcekJV4 포함: False
2026-03-23 11:13:46 [INFO]     카드 발견: 10개
2026-03-23 11:13:46 [INFO]     카드 파싱 성공: 10건
2026-03-23 11:13:46 [INFO]     2025.11 p6: +10건 (페이지 10건)
2026-03-23 11:13:54 [WARNING] [1/3] HTTP 오류: 403 Client Error: Forbidden for url: https://search.naver.com/search.naver?where=news&query=%EC%82%BC%EC%84%B1%EC%A0%84%EC%9E%90&pd=3&ds=2025.11.01&de=2025.11.30&start=60&sort=0
2026-03-23 11:13:57 [INFO]     HTML 크기: 328442 bytes
2026-03-23 11:13:57 [INFO]     OaLkxeV3 포함: False
2026-03-23 11:13:57 [INFO]     GOWcekJV4 포함: False
2026-03-23 11:13:57 [INFO]     카드 발견: 10개
2026-03-23 11:13:57 [INFO]     카드 파싱 성공: 9건
2026-03-23 11:13:57 [INFO]     2025.11 p7: +9건 (페이지 9건)
2026-03-23 11:13:59 [INFO]     HTML 크기: 330039 bytes
2026-03-23 11:13:59 [INFO]     OaLkxeV3 포함: False
2026-03-23 11:13:59 [INFO]     GOWcekJV4 포함: False
2026-03-23 11:13:59 [INFO]     카드 발견: 10개
2026-03-23 11:13:59 [INFO]     카드 파싱 성공: 9건
2026-03-23 11:13:59 [INFO]     2025.11 p8: +9건 (페이지 9건)
2026-03-23 11:14:06 [WARNING] [1/3] HTTP 오류: 403 Client Error: Forbidden for url: https://search.naver.com/search.naver?where=news&query=%EC%82%BC%EC%84%B1%EC%A0%84%EC%9E%90&pd=3&ds=2025.11.01&de=2025.11.30&start=80&sort=0
2026-03-23 11:14:09 [INFO]     HTML 크기: 309649 bytes
2026-03-23 11:14:09 [INFO]     OaLkxeV3 포함: False
2026-03-23 11:14:09 [INFO]     GOWcekJV4 포함: False
2026-03-23 11:14:09 [INFO]     카드 발견: 10개
2026-03-23 11:14:09 [INFO]     카드 파싱 성공: 7건
2026-03-23 11:14:09 [INFO]     2025.11 p9: +7건 (페이지 7건)
2026-03-23 11:14:11 [INFO]     HTML 크기: 313191 bytes
2026-03-23 11:14:11 [INFO]     OaLkxeV3 포함: False
2026-03-23 11:14:11 [INFO]     GOWcekJV4 포함: False
2026-03-23 11:14:11 [INFO]     카드 발견: 10개
2026-03-23 11:14:11 [INFO]     카드 파싱 성공: 7건
2026-03-23 11:14:11 [INFO]     2025.11 p10: +7건 (페이지 7건)
2026-03-23 11:14:18 [WARNING] [1/3] HTTP 오류: 403 Client Error: Forbidden for url: https://search.naver.com/search.naver?where=news&query=%EC%82%BC%EC%84%B1%EC%A0%84%EC%9E%90&pd=3&ds=2025.11.01&de=2025.11.30&start=100&sort=0
2026-03-23 11:14:21 [INFO]     HTML 크기: 416790 bytes
2026-03-23 11:14:21 [INFO]     OaLkxeV3 포함: False
2026-03-23 11:14:21 [INFO]     GOWcekJV4 포함: False
2026-03-23 11:14:21 [INFO]     카드 발견: 10개
2026-03-23 11:14:21 [INFO]     카드 파싱 성공: 8건
2026-03-23 11:14:21 [INFO]     2025.11 p11: +6건 (페이지 8건)
2026-03-23 11:14:23 [INFO]     HTML 크기: 393213 bytes
2026-03-23 11:14:23 [INFO]     OaLkxeV3 포함: False
2026-03-23 11:14:23 [INFO]     GOWcekJV4 포함: False
2026-03-23 11:14:23 [INFO]     카드 발견: 10개
2026-03-23 11:14:23 [INFO]     카드 파싱 성공: 8건
2026-03-23 11:14:23 [INFO]     2025.11 p12: +3건 (페이지 8건)
2026-03-23 11:14:31 [WARNING] [1/3] HTTP 오류: 403 Client Error: Forbidden for url: https://search.naver.com/search.naver?where=news&query=%EC%82%BC%EC%84%B1%EC%A0%84%EC%9E%90&pd=3&ds=2025.11.01&de=2025.11.30&start=120&sort=0
2026-03-23 11:14:34 [INFO]     HTML 크기: 384973 bytes
2026-03-23 11:14:34 [INFO]     OaLkxeV3 포함: False
2026-03-23 11:14:34 [INFO]     GOWcekJV4 포함: False
2026-03-23 11:14:34 [INFO]     카드 발견: 10개
2026-03-23 11:14:34 [INFO]     카드 파싱 성공: 9건
2026-03-23 11:14:34 [INFO]     2025.11 p13: +6건 (페이지 9건)
2026-03-23 11:14:36 [INFO]     HTML 크기: 393656 bytes
2026-03-23 11:14:36 [INFO]     OaLkxeV3 포함: False
2026-03-23 11:14:36 [INFO]     GOWcekJV4 포함: False
2026-03-23 11:14:36 [INFO]     카드 발견: 10개
2026-03-23 11:14:36 [INFO]     카드 파싱 성공: 7건
2026-03-23 11:14:36 [INFO]     2025.11 p14: +6건 (페이지 7건)
2026-03-23 11:14:43 [WARNING] [1/3] HTTP 오류: 403 Client Error: Forbidden for url: https://search.naver.com/search.naver?where=news&query=%EC%82%BC%EC%84%B1%EC%A0%84%EC%9E%90&pd=3&ds=2025.11.01&de=2025.11.30&start=140&sort=0
2026-03-23 11:14:47 [INFO]     HTML 크기: 377678 bytes
2026-03-23 11:14:47 [INFO]     OaLkxeV3 포함: False
2026-03-23 11:14:47 [INFO]     GOWcekJV4 포함: False
2026-03-23 11:14:47 [INFO]     카드 발견: 10개
2026-03-23 11:14:47 [INFO]     카드 파싱 성공: 8건
2026-03-23 11:14:47 [INFO]     2025.11 p15: +3건 (페이지 8건)
2026-03-23 11:14:48 [INFO]     HTML 크기: 377007 bytes
2026-03-23 11:14:48 [INFO]     OaLkxeV3 포함: False
2026-03-23 11:14:48 [INFO]     GOWcekJV4 포함: False
2026-03-23 11:14:48 [INFO]     카드 발견: 10개
2026-03-23 11:14:48 [INFO]     카드 파싱 성공: 9건
2026-03-23 11:14:48 [INFO]     2025.11 p16: +6건 (페이지 9건)
2026-03-23 11:14:56 [WARNING] [1/3] HTTP 오류: 403 Client Error: Forbidden for url: https://search.naver.com/search.naver?where=news&query=%EC%82%BC%EC%84%B1%EC%A0%84%EC%9E%90&pd=3&ds=2025.11.01&de=2025.11.30&start=160&sort=0
2026-03-23 11:14:59 [INFO]     HTML 크기: 394525 bytes
2026-03-23 11:14:59 [INFO]     OaLkxeV3 포함: False
2026-03-23 11:14:59 [INFO]     GOWcekJV4 포함: False
2026-03-23 11:14:59 [INFO]     카드 발견: 10개
2026-03-23 11:14:59 [INFO]     카드 파싱 성공: 9건
2026-03-23 11:14:59 [INFO]     2025.11 p17: +5건 (페이지 9건)
2026-03-23 11:15:01 [INFO]     HTML 크기: 414136 bytes
2026-03-23 11:15:01 [INFO]     OaLkxeV3 포함: False
2026-03-23 11:15:01 [INFO]     GOWcekJV4 포함: False
2026-03-23 11:15:01 [INFO]     카드 발견: 10개
2026-03-23 11:15:01 [INFO]     카드 파싱 성공: 9건
2026-03-23 11:15:01 [INFO]     2025.11 p18: +5건 (페이지 9건)
2026-03-23 11:15:09 [WARNING] [1/3] HTTP 오류: 403 Client Error: Forbidden for url: https://search.naver.com/search.naver?where=news&query=%EC%82%BC%EC%84%B1%EC%A0%84%EC%9E%90&pd=3&ds=2025.11.01&de=2025.11.30&start=180&sort=0
2026-03-23 11:15:13 [INFO]     HTML 크기: 414945 bytes
2026-03-23 11:15:13 [INFO]     OaLkxeV3 포함: False
2026-03-23 11:15:13 [INFO]     GOWcekJV4 포함: False
2026-03-23 11:15:13 [INFO]     카드 발견: 10개
2026-03-23 11:15:13 [INFO]     카드 파싱 성공: 10건
2026-03-23 11:15:13 [INFO]     2025.11 p19: +3건 (페이지 10건)
2026-03-23 11:15:14 [INFO]     HTML 크기: 412608 bytes
2026-03-23 11:15:14 [INFO]     OaLkxeV3 포함: False
2026-03-23 11:15:14 [INFO]     GOWcekJV4 포함: False
2026-03-23 11:15:14 [INFO]     카드 발견: 10개
2026-03-23 11:15:14 [INFO]     카드 파싱 성공: 10건
2026-03-23 11:15:14 [INFO]     2025.11 p20: +7건 (페이지 10건)
2026-03-23 11:15:22 [WARNING] [1/3] HTTP 오류: 403 Client Error: Forbidden for url: https://search.naver.com/search.naver?where=news&query=%EC%82%BC%EC%84%B1%EC%A0%84%EC%9E%90&pd=3&ds=2025.11.01&de=2025.11.30&start=200&sort=0
2026-03-23 11:15:25 [INFO]     HTML 크기: 391534 bytes
2026-03-23 11:15:25 [INFO]     OaLkxeV3 포함: False
2026-03-23 11:15:25 [INFO]     GOWcekJV4 포함: False
2026-03-23 11:15:25 [INFO]     카드 발견: 10개
2026-03-23 11:15:25 [INFO]     카드 파싱 성공: 10건
2026-03-23 11:15:25 [INFO]     2025.11 p21: +5건 (페이지 10건)
2026-03-23 11:15:27 [INFO]     HTML 크기: 380537 bytes
2026-03-23 11:15:27 [INFO]     OaLkxeV3 포함: False
2026-03-23 11:15:27 [INFO]     GOWcekJV4 포함: False
2026-03-23 11:15:27 [INFO]     카드 발견: 10개
2026-03-23 11:15:27 [INFO]     카드 파싱 성공: 9건
2026-03-23 11:15:27 [INFO]     2025.11 p22: +5건 (페이지 9건)
2026-03-23 11:15:34 [WARNING] [1/3] HTTP 오류: 403 Client Error: Forbidden for url: https://search.naver.com/search.naver?where=news&query=%EC%82%BC%EC%84%B1%EC%A0%84%EC%9E%90&pd=3&ds=2025.11.01&de=2025.11.30&start=220&sort=0
2026-03-23 11:15:38 [INFO]     HTML 크기: 394499 bytes
2026-03-23 11:15:38 [INFO]     OaLkxeV3 포함: False
2026-03-23 11:15:38 [INFO]     GOWcekJV4 포함: False
2026-03-23 11:15:38 [INFO]     카드 발견: 10개
2026-03-23 11:15:38 [INFO]     카드 파싱 성공: 8건
2026-03-23 11:15:38 [INFO]     2025.11 p23: +5건 (페이지 8건)
2026-03-23 11:15:39 [INFO]     HTML 크기: 378531 bytes
2026-03-23 11:15:39 [INFO]     OaLkxeV3 포함: False
2026-03-23 11:15:39 [INFO]     GOWcekJV4 포함: False
2026-03-23 11:15:39 [INFO]     카드 발견: 10개
2026-03-23 11:15:39 [INFO]     카드 파싱 성공: 7건
2026-03-23 11:15:39 [INFO]     2025.11 p24: +5건 (페이지 7건)
2026-03-23 11:15:47 [WARNING] [1/3] HTTP 오류: 403 Client Error: Forbidden for url: https://search.naver.com/search.naver?where=news&query=%EC%82%BC%EC%84%B1%EC%A0%84%EC%9E%90&pd=3&ds=2025.11.01&de=2025.11.30&start=240&sort=0
2026-03-23 11:15:50 [INFO]     HTML 크기: 359070 bytes
2026-03-23 11:15:50 [INFO]     OaLkxeV3 포함: False
2026-03-23 11:15:50 [INFO]     GOWcekJV4 포함: False
2026-03-23 11:15:50 [INFO]     카드 발견: 10개
2026-03-23 11:15:50 [INFO]     카드 파싱 성공: 10건
2026-03-23 11:15:50 [INFO]     2025.11 p25: +8건 (페이지 10건)
2026-03-23 11:15:52 [INFO]     HTML 크기: 385779 bytes
2026-03-23 11:15:52 [INFO]     OaLkxeV3 포함: False
2026-03-23 11:15:52 [INFO]     GOWcekJV4 포함: False
2026-03-23 11:15:52 [INFO]     카드 발견: 10개
2026-03-23 11:15:52 [INFO]     카드 파싱 성공: 10건
2026-03-23 11:15:52 [INFO]     2025.11 p26: +4건 (페이지 10건)
2026-03-23 11:16:00 [WARNING] [1/3] HTTP 오류: 403 Client Error: Forbidden for url: https://search.naver.com/search.naver?where=news&query=%EC%82%BC%EC%84%B1%EC%A0%84%EC%9E%90&pd=3&ds=2025.11.01&de=2025.11.30&start=260&sort=0
2026-03-23 11:16:03 [INFO]     HTML 크기: 388123 bytes
2026-03-23 11:16:03 [INFO]     OaLkxeV3 포함: False
2026-03-23 11:16:03 [INFO]     GOWcekJV4 포함: False
2026-03-23 11:16:03 [INFO]     카드 발견: 10개
2026-03-23 11:16:03 [INFO]     카드 파싱 성공: 8건
2026-03-23 11:16:03 [INFO]     2025.11 p27: +4건 (페이지 8건)
2026-03-23 11:16:05 [INFO]     HTML 크기: 391362 bytes
2026-03-23 11:16:05 [INFO]     OaLkxeV3 포함: False
2026-03-23 11:16:05 [INFO]     GOWcekJV4 포함: False
2026-03-23 11:16:05 [INFO]     카드 발견: 10개
2026-03-23 11:16:05 [INFO]     카드 파싱 성공: 8건
2026-03-23 11:16:05 [INFO]     2025.11 p28: +6건 (페이지 8건)
2026-03-23 11:16:13 [WARNING] [1/3] HTTP 오류: 403 Client Error: Forbidden for url: https://search.naver.com/search.naver?where=news&query=%EC%82%BC%EC%84%B1%EC%A0%84%EC%9E%90&pd=3&ds=2025.11.01&de=2025.11.30&start=280&sort=0
2026-03-23 11:16:16 [INFO]     HTML 크기: 341342 bytes
2026-03-23 11:16:16 [INFO]     OaLkxeV3 포함: False
2026-03-23 11:16:16 [INFO]     GOWcekJV4 포함: False
2026-03-23 11:16:16 [INFO]     카드 발견: 10개
2026-03-23 11:16:16 [INFO]     카드 파싱 성공: 5건
2026-03-23 11:16:16 [INFO]     2025.11 p29: +1건 (페이지 5건)
2026-03-23 11:16:18 [INFO]     HTML 크기: 349377 bytes
2026-03-23 11:16:18 [INFO]     OaLkxeV3 포함: False
2026-03-23 11:16:18 [INFO]     GOWcekJV4 포함: False
2026-03-23 11:16:18 [INFO]     카드 발견: 10개
2026-03-23 11:16:18 [INFO]     카드 파싱 성공: 9건
2026-03-23 11:16:18 [INFO]     2025.11 p30: +4건 (페이지 9건)
2026-03-23 11:16:25 [WARNING] [1/3] HTTP 오류: 403 Client Error: Forbidden for url: https://search.naver.com/search.naver?where=news&query=%EC%82%BC%EC%84%B1%EC%A0%84%EC%9E%90&pd=3&ds=2025.11.01&de=2025.11.30&start=300&sort=0
2026-03-23 11:16:28 [INFO]     HTML 크기: 379939 bytes
2026-03-23 11:16:28 [INFO]     OaLkxeV3 포함: False
2026-03-23 11:16:28 [INFO]     GOWcekJV4 포함: False
2026-03-23 11:16:28 [INFO]     카드 발견: 10개
2026-03-23 11:16:28 [INFO]     카드 파싱 성공: 7건
2026-03-23 11:16:28 [INFO]     2025.11 p31: +6건 (페이지 7건)
2026-03-23 11:16:30 [INFO]     HTML 크기: 367127 bytes
2026-03-23 11:16:30 [INFO]     OaLkxeV3 포함: False
2026-03-23 11:16:30 [INFO]     GOWcekJV4 포함: False
2026-03-23 11:16:30 [INFO]     카드 발견: 10개
2026-03-23 11:16:30 [INFO]     카드 파싱 성공: 9건
2026-03-23 11:16:30 [INFO]     2025.11 p32: +8건 (페이지 9건)
2026-03-23 11:16:37 [WARNING] [1/3] HTTP 오류: 403 Client Error: Forbidden for url: https://search.naver.com/search.naver?where=news&query=%EC%82%BC%EC%84%B1%EC%A0%84%EC%9E%90&pd=3&ds=2025.11.01&de=2025.11.30&start=320&sort=0
2026-03-23 11:16:40 [INFO]     HTML 크기: 339686 bytes
2026-03-23 11:16:40 [INFO]     OaLkxeV3 포함: False
2026-03-23 11:16:40 [INFO]     GOWcekJV4 포함: False
2026-03-23 11:16:40 [INFO]     카드 발견: 10개
2026-03-23 11:16:40 [INFO]     카드 파싱 성공: 7건
2026-03-23 11:16:40 [INFO]     2025.11 p33: +4건 (페이지 7건)
2026-03-23 11:16:41 [INFO]     HTML 크기: 388565 bytes
2026-03-23 11:16:41 [INFO]     OaLkxeV3 포함: False
2026-03-23 11:16:41 [INFO]     GOWcekJV4 포함: False
2026-03-23 11:16:41 [INFO]     카드 발견: 10개
2026-03-23 11:16:41 [INFO]     카드 파싱 성공: 8건
2026-03-23 11:16:41 [INFO]     2025.11 p34: +5건 (페이지 8건)
2026-03-23 11:16:49 [WARNING] [1/3] HTTP 오류: 403 Client Error: Forbidden for url: https://search.naver.com/search.naver?where=news&query=%EC%82%BC%EC%84%B1%EC%A0%84%EC%9E%90&pd=3&ds=2025.11.01&de=2025.11.30&start=340&sort=0
2026-03-23 11:16:52 [INFO]     HTML 크기: 373667 bytes
2026-03-23 11:16:52 [INFO]     OaLkxeV3 포함: False
2026-03-23 11:16:52 [INFO]     GOWcekJV4 포함: False
2026-03-23 11:16:52 [INFO]     카드 발견: 10개
2026-03-23 11:16:52 [INFO]     카드 파싱 성공: 7건
2026-03-23 11:16:52 [INFO]     2025.11 p35: +3건 (페이지 7건)
2026-03-23 11:16:54 [INFO]     HTML 크기: 372411 bytes
2026-03-23 11:16:54 [INFO]     OaLkxeV3 포함: False
2026-03-23 11:16:54 [INFO]     GOWcekJV4 포함: False
2026-03-23 11:16:54 [INFO]     카드 발견: 10개
2026-03-23 11:16:54 [INFO]     카드 파싱 성공: 7건
2026-03-23 11:16:54 [INFO]     2025.11 p36: +4건 (페이지 7건)
2026-03-23 11:17:02 [WARNING] [1/3] HTTP 오류: 403 Client Error: Forbidden for url: https://search.naver.com/search.naver?where=news&query=%EC%82%BC%EC%84%B1%EC%A0%84%EC%9E%90&pd=3&ds=2025.11.01&de=2025.11.30&start=360&sort=0
2026-03-23 11:17:06 [INFO]     HTML 크기: 366014 bytes
2026-03-23 11:17:06 [INFO]     OaLkxeV3 포함: False
2026-03-23 11:17:06 [INFO]     GOWcekJV4 포함: False
2026-03-23 11:17:06 [INFO]     카드 발견: 10개
2026-03-23 11:17:06 [INFO]     카드 파싱 성공: 6건
2026-03-23 11:17:06 [INFO]     2025.11 p37: +5건 (페이지 6건)
2026-03-23 11:17:08 [INFO]     HTML 크기: 372107 bytes
2026-03-23 11:17:08 [INFO]     OaLkxeV3 포함: False
2026-03-23 11:17:08 [INFO]     GOWcekJV4 포함: False
2026-03-23 11:17:08 [INFO]     카드 발견: 10개
2026-03-23 11:17:08 [INFO]     카드 파싱 성공: 6건
2026-03-23 11:17:08 [INFO]     2025.11 p38: +5건 (페이지 6건)
2026-03-23 11:17:15 [WARNING] [1/3] HTTP 오류: 403 Client Error: Forbidden for url: https://search.naver.com/search.naver?where=news&query=%EC%82%BC%EC%84%B1%EC%A0%84%EC%9E%90&pd=3&ds=2025.11.01&de=2025.11.30&start=380&sort=0
2026-03-23 11:17:18 [INFO]     HTML 크기: 370397 bytes
2026-03-23 11:17:18 [INFO]     OaLkxeV3 포함: False
2026-03-23 11:17:18 [INFO]     GOWcekJV4 포함: False
2026-03-23 11:17:18 [INFO]     카드 발견: 10개
2026-03-23 11:17:18 [INFO]     카드 파싱 성공: 6건
2026-03-23 11:17:18 [INFO]     2025.11 p39: +5건 (페이지 6건)
2026-03-23 11:17:20 [INFO]     HTML 크기: 357346 bytes
2026-03-23 11:17:20 [INFO]     OaLkxeV3 포함: False
2026-03-23 11:17:20 [INFO]     GOWcekJV4 포함: False
2026-03-23 11:17:20 [INFO]     카드 발견: 10개
2026-03-23 11:17:20 [INFO]     카드 파싱 성공: 7건
2026-03-23 11:17:20 [INFO]     2025.11 p40: +7건 (페이지 7건)
2026-03-23 11:17:21 [INFO]   2025.11 완료: +238건 (누적 6385개)
2026-03-23 11:17:22 [INFO]     HTML 크기: 366757 bytes
2026-03-23 11:17:22 [INFO]     OaLkxeV3 포함: False
2026-03-23 11:17:22 [INFO]     GOWcekJV4 포함: False
2026-03-23 11:17:22 [INFO]     카드 발견: 10개
2026-03-23 11:17:22 [INFO]     카드 파싱 성공: 10건
2026-03-23 11:17:22 [INFO]     2025.12 p1: +10건 (페이지 10건)
2026-03-23 11:17:30 [WARNING] [1/3] HTTP 오류: 403 Client Error: Forbidden for url: https://search.naver.com/search.naver?where=news&query=%EC%82%BC%EC%84%B1%EC%A0%84%EC%9E%90&pd=3&ds=2025.12.01&de=2025.12.31&start=10&sort=0
2026-03-23 11:17:33 [INFO]     HTML 크기: 402191 bytes
2026-03-23 11:17:33 [INFO]     OaLkxeV3 포함: False
2026-03-23 11:17:33 [INFO]     GOWcekJV4 포함: False
2026-03-23 11:17:33 [INFO]     카드 발견: 10개
2026-03-23 11:17:33 [INFO]     카드 파싱 성공: 10건
2026-03-23 11:17:33 [INFO]     2025.12 p2: +8건 (페이지 10건)
2026-03-23 11:17:35 [INFO]     HTML 크기: 363532 bytes
2026-03-23 11:17:35 [INFO]     OaLkxeV3 포함: False
2026-03-23 11:17:35 [INFO]     GOWcekJV4 포함: False
2026-03-23 11:17:35 [INFO]     카드 발견: 10개
2026-03-23 11:17:35 [INFO]     카드 파싱 성공: 10건
2026-03-23 11:17:35 [INFO]     2025.12 p3: +10건 (페이지 10건)
2026-03-23 11:17:42 [WARNING] [1/3] HTTP 오류: 403 Client Error: Forbidden for url: https://search.naver.com/search.naver?where=news&query=%EC%82%BC%EC%84%B1%EC%A0%84%EC%9E%90&pd=3&ds=2025.12.01&de=2025.12.31&start=30&sort=0
2026-03-23 11:17:46 [INFO]     HTML 크기: 323609 bytes
2026-03-23 11:17:46 [INFO]     OaLkxeV3 포함: False
2026-03-23 11:17:46 [INFO]     GOWcekJV4 포함: False
2026-03-23 11:17:46 [INFO]     카드 발견: 10개
2026-03-23 11:17:46 [INFO]     카드 파싱 성공: 9건
2026-03-23 11:17:46 [INFO]     2025.12 p4: +9건 (페이지 9건)
2026-03-23 11:17:47 [INFO]     HTML 크기: 345557 bytes
2026-03-23 11:17:47 [INFO]     OaLkxeV3 포함: False
2026-03-23 11:17:47 [INFO]     GOWcekJV4 포함: False
2026-03-23 11:17:47 [INFO]     카드 발견: 10개
2026-03-23 11:17:47 [INFO]     카드 파싱 성공: 9건
2026-03-23 11:17:47 [INFO]     2025.12 p5: +9건 (페이지 9건)
2026-03-23 11:17:55 [WARNING] [1/3] HTTP 오류: 403 Client Error: Forbidden for url: https://search.naver.com/search.naver?where=news&query=%EC%82%BC%EC%84%B1%EC%A0%84%EC%9E%90&pd=3&ds=2025.12.01&de=2025.12.31&start=50&sort=0
2026-03-23 11:17:58 [INFO]     HTML 크기: 333416 bytes
2026-03-23 11:17:58 [INFO]     OaLkxeV3 포함: False
2026-03-23 11:17:58 [INFO]     GOWcekJV4 포함: False
2026-03-23 11:17:58 [INFO]     카드 발견: 10개
2026-03-23 11:17:58 [INFO]     카드 파싱 성공: 10건
2026-03-23 11:17:58 [INFO]     2025.12 p6: +10건 (페이지 10건)
2026-03-23 11:18:00 [INFO]     HTML 크기: 314496 bytes
2026-03-23 11:18:00 [INFO]     OaLkxeV3 포함: False
2026-03-23 11:18:00 [INFO]     GOWcekJV4 포함: False
2026-03-23 11:18:00 [INFO]     카드 발견: 10개
2026-03-23 11:18:00 [INFO]     카드 파싱 성공: 7건
2026-03-23 11:18:00 [INFO]     2025.12 p7: +7건 (페이지 7건)
2026-03-23 11:18:07 [WARNING] [1/3] HTTP 오류: 403 Client Error: Forbidden for url: https://search.naver.com/search.naver?where=news&query=%EC%82%BC%EC%84%B1%EC%A0%84%EC%9E%90&pd=3&ds=2025.12.01&de=2025.12.31&start=70&sort=0
2026-03-23 11:18:10 [INFO]     HTML 크기: 315401 bytes
2026-03-23 11:18:10 [INFO]     OaLkxeV3 포함: False
2026-03-23 11:18:10 [INFO]     GOWcekJV4 포함: False
2026-03-23 11:18:10 [INFO]     카드 발견: 10개
2026-03-23 11:18:10 [INFO]     카드 파싱 성공: 6건
2026-03-23 11:18:10 [INFO]     2025.12 p8: +6건 (페이지 6건)
2026-03-23 11:18:12 [INFO]     HTML 크기: 317507 bytes
2026-03-23 11:18:12 [INFO]     OaLkxeV3 포함: False
2026-03-23 11:18:12 [INFO]     GOWcekJV4 포함: False
2026-03-23 11:18:12 [INFO]     카드 발견: 10개
2026-03-23 11:18:12 [INFO]     카드 파싱 성공: 8건
2026-03-23 11:18:12 [INFO]     2025.12 p9: +8건 (페이지 8건)
2026-03-23 11:18:20 [WARNING] [1/3] HTTP 오류: 403 Client Error: Forbidden for url: https://search.naver.com/search.naver?where=news&query=%EC%82%BC%EC%84%B1%EC%A0%84%EC%9E%90&pd=3&ds=2025.12.01&de=2025.12.31&start=90&sort=0
2026-03-23 11:18:23 [INFO]     HTML 크기: 322289 bytes
2026-03-23 11:18:23 [INFO]     OaLkxeV3 포함: False
2026-03-23 11:18:23 [INFO]     GOWcekJV4 포함: False
2026-03-23 11:18:23 [INFO]     카드 발견: 10개
2026-03-23 11:18:23 [INFO]     카드 파싱 성공: 7건
2026-03-23 11:18:23 [INFO]     2025.12 p10: +7건 (페이지 7건)
2026-03-23 11:18:25 [INFO]     HTML 크기: 379172 bytes
2026-03-23 11:18:25 [INFO]     OaLkxeV3 포함: False
2026-03-23 11:18:25 [INFO]     GOWcekJV4 포함: False
2026-03-23 11:18:25 [INFO]     카드 발견: 10개
2026-03-23 11:18:25 [INFO]     카드 파싱 성공: 7건
2026-03-23 11:18:25 [INFO]     2025.12 p11: +5건 (페이지 7건)
2026-03-23 11:18:32 [WARNING] [1/3] HTTP 오류: 403 Client Error: Forbidden for url: https://search.naver.com/search.naver?where=news&query=%EC%82%BC%EC%84%B1%EC%A0%84%EC%9E%90&pd=3&ds=2025.12.01&de=2025.12.31&start=110&sort=0
2026-03-23 11:18:36 [INFO]     HTML 크기: 361454 bytes
2026-03-23 11:18:36 [INFO]     OaLkxeV3 포함: False
2026-03-23 11:18:36 [INFO]     GOWcekJV4 포함: False
2026-03-23 11:18:36 [INFO]     카드 발견: 10개
2026-03-23 11:18:36 [INFO]     카드 파싱 성공: 9건
2026-03-23 11:18:36 [INFO]     2025.12 p12: +3건 (페이지 9건)
2026-03-23 11:18:37 [INFO]     HTML 크기: 380986 bytes
2026-03-23 11:18:37 [INFO]     OaLkxeV3 포함: False
2026-03-23 11:18:37 [INFO]     GOWcekJV4 포함: False
2026-03-23 11:18:37 [INFO]     카드 발견: 10개
2026-03-23 11:18:37 [INFO]     카드 파싱 성공: 7건
2026-03-23 11:18:37 [INFO]     2025.12 p13: +3건 (페이지 7건)
2026-03-23 11:18:45 [WARNING] [1/3] HTTP 오류: 403 Client Error: Forbidden for url: https://search.naver.com/search.naver?where=news&query=%EC%82%BC%EC%84%B1%EC%A0%84%EC%9E%90&pd=3&ds=2025.12.01&de=2025.12.31&start=130&sort=0
2026-03-23 11:18:48 [INFO]     HTML 크기: 391320 bytes
2026-03-23 11:18:48 [INFO]     OaLkxeV3 포함: False
2026-03-23 11:18:48 [INFO]     GOWcekJV4 포함: False
2026-03-23 11:18:48 [INFO]     카드 발견: 10개
2026-03-23 11:18:48 [INFO]     카드 파싱 성공: 8건
2026-03-23 11:18:48 [INFO]     2025.12 p14: +4건 (페이지 8건)
2026-03-23 11:18:50 [INFO]     HTML 크기: 410596 bytes
2026-03-23 11:18:50 [INFO]     OaLkxeV3 포함: False
2026-03-23 11:18:50 [INFO]     GOWcekJV4 포함: False
2026-03-23 11:18:50 [INFO]     카드 발견: 10개
2026-03-23 11:18:50 [INFO]     카드 파싱 성공: 8건
2026-03-23 11:18:50 [INFO]     2025.12 p15: +4건 (페이지 8건)
2026-03-23 11:18:58 [WARNING] [1/3] HTTP 오류: 403 Client Error: Forbidden for url: https://search.naver.com/search.naver?where=news&query=%EC%82%BC%EC%84%B1%EC%A0%84%EC%9E%90&pd=3&ds=2025.12.01&de=2025.12.31&start=150&sort=0
2026-03-23 11:19:01 [INFO]     HTML 크기: 389525 bytes
2026-03-23 11:19:01 [INFO]     OaLkxeV3 포함: False
2026-03-23 11:19:01 [INFO]     GOWcekJV4 포함: False
2026-03-23 11:19:01 [INFO]     카드 발견: 10개
2026-03-23 11:19:01 [INFO]     카드 파싱 성공: 7건
2026-03-23 11:19:01 [INFO]     2025.12 p16: +2건 (페이지 7건)
2026-03-23 11:19:03 [INFO]     HTML 크기: 380860 bytes
2026-03-23 11:19:03 [INFO]     OaLkxeV3 포함: False
2026-03-23 11:19:03 [INFO]     GOWcekJV4 포함: False
2026-03-23 11:19:03 [INFO]     카드 발견: 10개
2026-03-23 11:19:03 [INFO]     카드 파싱 성공: 8건
2026-03-23 11:19:03 [INFO]     2025.12 p17: +3건 (페이지 8건)
2026-03-23 11:19:10 [WARNING] [1/3] HTTP 오류: 403 Client Error: Forbidden for url: https://search.naver.com/search.naver?where=news&query=%EC%82%BC%EC%84%B1%EC%A0%84%EC%9E%90&pd=3&ds=2025.12.01&de=2025.12.31&start=170&sort=0
2026-03-23 11:19:13 [INFO]     HTML 크기: 378753 bytes
2026-03-23 11:19:13 [INFO]     OaLkxeV3 포함: False
2026-03-23 11:19:13 [INFO]     GOWcekJV4 포함: False
2026-03-23 11:19:13 [INFO]     카드 발견: 10개
2026-03-23 11:19:13 [INFO]     카드 파싱 성공: 6건
2026-03-23 11:19:13 [INFO]     2025.12 p18: +1건 (페이지 6건)
2026-03-23 11:19:15 [INFO]     HTML 크기: 413528 bytes
2026-03-23 11:19:15 [INFO]     OaLkxeV3 포함: False
2026-03-23 11:19:15 [INFO]     GOWcekJV4 포함: False
2026-03-23 11:19:15 [INFO]     카드 발견: 10개
2026-03-23 11:19:15 [INFO]     카드 파싱 성공: 6건
2026-03-23 11:19:15 [INFO]     2025.12 p19: +3건 (페이지 6건)
2026-03-23 11:19:22 [WARNING] [1/3] HTTP 오류: 403 Client Error: Forbidden for url: https://search.naver.com/search.naver?where=news&query=%EC%82%BC%EC%84%B1%EC%A0%84%EC%9E%90&pd=3&ds=2025.12.01&de=2025.12.31&start=190&sort=0
2026-03-23 11:19:26 [INFO]     HTML 크기: 416673 bytes
2026-03-23 11:19:26 [INFO]     OaLkxeV3 포함: False
2026-03-23 11:19:26 [INFO]     GOWcekJV4 포함: False
2026-03-23 11:19:26 [INFO]     카드 발견: 10개
2026-03-23 11:19:26 [INFO]     카드 파싱 성공: 4건
2026-03-23 11:19:26 [INFO]     2025.12 p20: +1건 (페이지 4건)
2026-03-23 11:19:27 [INFO]     HTML 크기: 380875 bytes
2026-03-23 11:19:27 [INFO]     OaLkxeV3 포함: False
2026-03-23 11:19:27 [INFO]     GOWcekJV4 포함: False
2026-03-23 11:19:27 [INFO]     카드 발견: 10개
2026-03-23 11:19:27 [INFO]     카드 파싱 성공: 6건
2026-03-23 11:19:27 [INFO]     2025.12 p21: +2건 (페이지 6건)
2026-03-23 11:19:34 [WARNING] [1/3] HTTP 오류: 403 Client Error: Forbidden for url: https://search.naver.com/search.naver?where=news&query=%EC%82%BC%EC%84%B1%EC%A0%84%EC%9E%90&pd=3&ds=2025.12.01&de=2025.12.31&start=210&sort=0
2026-03-23 11:19:37 [INFO]     HTML 크기: 396565 bytes
2026-03-23 11:19:37 [INFO]     OaLkxeV3 포함: False
2026-03-23 11:19:37 [INFO]     GOWcekJV4 포함: False
2026-03-23 11:19:37 [INFO]     카드 발견: 10개
2026-03-23 11:19:37 [INFO]     카드 파싱 성공: 5건
2026-03-23 11:19:37 [INFO]     2025.12 p22: +1건 (페이지 5건)
2026-03-23 11:19:39 [INFO]     HTML 크기: 384882 bytes
2026-03-23 11:19:39 [INFO]     OaLkxeV3 포함: False
2026-03-23 11:19:39 [INFO]     GOWcekJV4 포함: False
2026-03-23 11:19:39 [INFO]     카드 발견: 10개
2026-03-23 11:19:39 [INFO]     카드 파싱 성공: 4건
2026-03-23 11:19:39 [INFO]     2025.12 p23: +1건 (페이지 4건)
2026-03-23 11:19:47 [WARNING] [1/3] HTTP 오류: 403 Client Error: Forbidden for url: https://search.naver.com/search.naver?where=news&query=%EC%82%BC%EC%84%B1%EC%A0%84%EC%9E%90&pd=3&ds=2025.12.01&de=2025.12.31&start=230&sort=0
2026-03-23 11:19:50 [INFO]     HTML 크기: 388588 bytes
2026-03-23 11:19:50 [INFO]     OaLkxeV3 포함: False
2026-03-23 11:19:50 [INFO]     GOWcekJV4 포함: False
2026-03-23 11:19:50 [INFO]     카드 발견: 10개
2026-03-23 11:19:50 [INFO]     카드 파싱 성공: 3건
2026-03-23 11:19:50 [INFO]     2025.12 p24: +1건 (페이지 3건)
2026-03-23 11:19:52 [INFO]     HTML 크기: 377861 bytes
2026-03-23 11:19:52 [INFO]     OaLkxeV3 포함: False
2026-03-23 11:19:52 [INFO]     GOWcekJV4 포함: False
2026-03-23 11:19:52 [INFO]     카드 발견: 10개
2026-03-23 11:19:52 [INFO]     카드 파싱 성공: 1건
2026-03-23 11:19:52 [INFO]     2025.12 p25: +0건 (페이지 1건)
2026-03-23 11:19:53 [INFO]   2025.12 완료: +118건 (누적 6503개)
2026-03-23 11:19:53 [INFO] [Phase 1] 완료 - 후보 URL: 6503개
2026-03-23 11:19:53 [INFO] 
[Phase 2] 본문 스크래핑 (후보 6503건, 목표 추가 7000건)
2026-03-23 11:25:24 [INFO] 체크포인트 저장: 200건
2026-03-23 11:30:58 [INFO] 체크포인트 저장: 400건
2026-03-23 11:36:33 [INFO] 체크포인트 저장: 600건
2026-03-23 11:42:15 [INFO] 체크포인트 저장: 800건
2026-03-23 11:48:06 [INFO] 체크포인트 저장: 1000건
2026-03-23 11:54:07 [INFO] 체크포인트 저장: 1200건
2026-03-23 12:00:37 [INFO] 체크포인트 저장: 1400건
2026-03-23 12:07:00 [INFO] 체크포인트 저장: 1600건
2026-03-23 12:13:25 [INFO] 체크포인트 저장: 1800건
2026-03-23 12:20:05 [INFO] 체크포인트 저장: 2000건
2026-03-23 12:26:51 [INFO] 체크포인트 저장: 2200건
2026-03-23 12:33:15 [INFO] 체크포인트 저장: 2400건
2026-03-23 12:39:39 [INFO] 체크포인트 저장: 2600건
2026-03-23 12:46:20 [INFO] 체크포인트 저장: 2800건
2026-03-23 12:52:57 [INFO] 체크포인트 저장: 3000건
2026-03-23 12:59:32 [INFO] 체크포인트 저장: 3200건
2026-03-23 13:06:07 [INFO] 체크포인트 저장: 3400건
2026-03-23 13:12:52 [INFO] 체크포인트 저장: 3600건
2026-03-23 13:19:32 [INFO] 체크포인트 저장: 3800건
2026-03-23 13:26:00 [INFO] 체크포인트 저장: 4000건
2026-03-23 13:32:30 [INFO] 체크포인트 저장: 4200건
2026-03-23 13:38:51 [INFO] 체크포인트 저장: 4400건
2026-03-23 13:45:18 [INFO] 체크포인트 저장: 4600건
2026-03-23 13:51:45 [INFO] 체크포인트 저장: 4800건
2026-03-23 13:58:26 [INFO] 체크포인트 저장: 5000건
2026-03-23 14:04:49 [INFO] 체크포인트 저장: 5200건
2026-03-23 14:11:23 [INFO] 체크포인트 저장: 5400건
2026-03-23 14:17:53 [INFO] 체크포인트 저장: 5600건
2026-03-23 14:24:11 [INFO] 체크포인트 저장: 5800건
2026-03-23 14:30:42 [INFO] 체크포인트 저장: 6000건
2026-03-23 14:37:05 [INFO] 체크포인트 저장: 6200건
2026-03-23 14:43:34 [INFO] 체크포인트 저장: 6400건
2026-03-23 14:43:35 [INFO] [Phase 2] 완료 - 최종: 6400건
2026-03-23 14:43:36 [INFO] 저장 완료: C:\Users\wf\Downloads\졸작\naver_samsung_news_raw.csv
2026-03-23 14:43:36 [INFO] ============================================================
2026-03-23 14:43:36 [INFO] 완료 | 6400건 | 271분 15초
2026-03-23 14:43:36 [INFO] ============================================================
